customer_id,first_name,last_name,phone,email,city,registration_date
1,Mila,Prins,+31600000001,mila.prins1@example.com,Breda,2023-12-07
2,Lucas,Meijer,+31600000002,lucas.meijer2@example.com,Tilburg,2021-04-06
3,Milan,Jansen,+31600000003,milan.jansen3@example.com,Utrecht,2020-08-26
4,Nina,Jansen,+31600000004,nina.jansen4@example.com,Rotterdam,2020-11-16
5,Anna,Vos,+31600000005,anna.vos5@example.com,Tilburg,2023-04-25
6,Sophia,Peters,+31600000006,sophia.peters6@example.com,Groningen,2020-05-30
7,Emma,Vos,+31600000007,emma.vos7@example.com,Nijmegen,2020-11-21
8,Lucas,Prins,+31600000008,lucas.prins8@example.com,Rotterdam,2023-04-20
9,Lucas,Bos,+31600000009,lucas.bos9@example.com,Groningen,2020-08-08
10,Milan,De Vries,+31600000010,milan.de vries10@example.com,Groningen,2022-03-01
11,Lucas,Schouten,+31600000011,lucas.schouten11@example.com,Almere,2021-01-25
12,Finn,Smit,+31600000012,finn.smit12@example.com,Eindhoven,2024-03-10
13,Levi,De Vries,+31600000013,levi.de vries13@example.com,Amsterdam,2023-10-11
14,Mila,De Vries,+31600000014,mila.de vries14@example.com,Groningen,2022-01-26
15,Sara,Dekker,+31600000015,sara.dekker15@example.com,Nijmegen,2024-06-30
16,Eva,Smit,+31600000016,eva.smit16@example.com,Utrecht,2022-09-17
17,Julia,Hendriks,+31600000017,julia.hendriks17@example.com,Nijmegen,2024-08-05
18,Noah,Bos,+31600000018,noah.bos18@example.com,The Hague,2020-01-20
19,Levi,Jansen,+31600000019,levi.jansen19@example.com,Nijmegen,2024-03-23
20,Lotte,Kok,+31600000020,lotte.kok20@example.com,Breda,2021-07-30
21,Olivia,Jacobs,+31600000021,olivia.jacobs21@example.com,Utrecht,2022-04-08
22,Lucas,Hendriks,+31600000022,lucas.hendriks22@example.com,Groningen,2020-08-18
23,Levi,Willems,+31600000023,levi.willems23@example.com,Amsterdam,2022-06-06
24,Noah,Willems,+31600000024,noah.willems24@example.com,Almere,2020-09-07
25,Ethan,Meijer,+31600000025,ethan.meijer25@example.com,Amsterdam,2023-06-23
26,Milan,Bakker,+31600000026,milan.bakker26@example.com,Eindhoven,2020-06-01
27,Liam,Kuiper,+31600000027,liam.kuiper27@example.com,Eindhoven,2020-12-31
28,Anna,De Boer,+31600000028,anna.de boer28@example.com,Amsterdam,2021-07-26
29,Sara,Bos,+31600000029,sara.bos29@example.com,Rotterdam,2022-11-15
30,Lotte,Peters,+31600000030,lotte.peters30@example.com,Breda,2024-06-21
31,Sara,Bakker,+31600000031,sara.bakker31@example.com,Eindhoven,2022-10-02
32,Milan,Van Dijk,+31600000032,milan.van dijk32@example.com,Tilburg,2021-09-10
33,Eva,Dekker,+31600000033,eva.dekker33@example.com,Rotterdam,2021-10-12
34,Daan,Smit,+31600000034,daan.smit34@example.com,The Hague,2023-09-08
35,Ethan,Bakker,+31600000035,ethan.bakker35@example.com,Almere,2022-03-21
36,Olivia,Dekker,+31600000036,olivia.dekker36@example.com,Rotterdam,2021-07-15
37,Nina,Smit,+31600000037,nina.smit37@example.com,Eindhoven,2024-03-07
38,Eva,Prins,+31600000038,eva.prins38@example.com,Groningen,2021-05-12
39,Noah,Mulder,+31600000039,noah.mulder39@example.com,Breda,2022-09-25
40,Oliver,Prins,+31600000040,oliver.prins40@example.com,Eindhoven,2024-11-04
41,Mila,Smit,+31600000041,mila.smit41@example.com,Almere,2021-05-27
42,Ethan,Mulder,+31600000042,ethan.mulder42@example.com,Nijmegen,2022-01-19
43,Anna,Visser,+31600000043,anna.visser43@example.com,Groningen,2021-10-28
44,Sara,Smit,+31600000044,sara.smit44@example.com,Amsterdam,2020-06-10
45,Sophia,Van Dijk,+31600000045,sophia.van dijk45@example.com,Tilburg,2023-03-23
46,Anna,Dekker,+31600000046,anna.dekker46@example.com,Utrecht,2021-03-27
47,Mason,Smit,+31600000047,mason.smit47@example.com,Amsterdam,2021-11-14
48,Milan,Jansen,+31600000048,milan.jansen48@example.com,Breda,2023-11-28
49,Finn,Willems,+31600000049,finn.willems49@example.com,The Hague,2020-12-07
50,Finn,Kok,+31600000050,finn.kok50@example.com,Amsterdam,2020-06-07
51,Lucas,Visser,+31600000051,lucas.visser51@example.com,Tilburg,2022-12-28
52,Anna,De Vries,+31600000052,anna.de vries52@example.com,Eindhoven,2022-04-04
53,Ethan,Bos,+31600000053,ethan.bos53@example.com,The Hague,2023-10-22
54,Lotte,Bakker,+31600000054,lotte.bakker54@example.com,Groningen,2023-01-14
55,Nina,Peters,+31600000055,nina.peters55@example.com,Nijmegen,2024-08-01
56,Milan,Jansen,+31600000056,milan.jansen56@example.com,Amsterdam,2024-06-17
57,Finn,Visser,+31600000057,finn.visser57@example.com,Utrecht,2020-02-02
58,Mason,Bakker,+31600000058,mason.bakker58@example.com,The Hague,2023-02-25
59,Lucas,Meijer,+31600000059,lucas.meijer59@example.com,Tilburg,2023-11-30
60,Daan,Van Dijk,+31600000060,daan.van dijk60@example.com,Groningen,2021-05-23
61,Nina,Bos,+31600000061,nina.bos61@example.com,The Hague,2021-09-05
62,Daan,Van Dijk,+31600000062,daan.van dijk62@example.com,The Hague,2023-09-13
63,Mason,Schouten,+31600000063,mason.schouten63@example.com,The Hague,2021-08-05
64,Julia,Schouten,+31600000064,julia.schouten64@example.com,Almere,2021-08-02
65,Milan,Jacobs,+31600000065,milan.jacobs65@example.com,Almere,2022-10-13
66,Sophia,Schouten,+31600000066,sophia.schouten66@example.com,Almere,2020-08-17
67,Daan,Jacobs,+31600000067,daan.jacobs67@example.com,Utrecht,2021-05-30
68,Levi,Schouten,+31600000068,levi.schouten68@example.com,The Hague,2021-12-07
69,Noah,Hendriks,+31600000069,noah.hendriks69@example.com,Utrecht,2022-05-19
70,Mila,Vos,+31600000070,mila.vos70@example.com,Amsterdam,2021-07-13
71,Eva,Kuiper,+31600000071,eva.kuiper71@example.com,Rotterdam,2020-01-10
72,Levi,Kok,+31600000072,levi.kok72@example.com,Eindhoven,2020-02-09
73,Mason,De Boer,+31600000073,mason.de boer73@example.com,Groningen,2023-09-10
74,Emma,Dekker,+31600000074,emma.dekker74@example.com,Almere,2020-01-12
75,Nina,Jacobs,+31600000075,nina.jacobs75@example.com,Amsterdam,2021-08-21
76,Mason,Mulder,+31600000076,mason.mulder76@example.com,Nijmegen,2021-11-28
77,Liam,Hendriks,+31600000077,liam.hendriks77@example.com,The Hague,2020-05-02
78,Sara,De Vries,+31600000078,sara.de vries78@example.com,Rotterdam,2021-09-26
79,Sophia,Visser,+31600000079,sophia.visser79@example.com,The Hague,2022-06-21
80,Daan,De Vries,+31600000080,daan.de vries80@example.com,Utrecht,2022-12-23
81,Liam,Hendriks,+31600000081,liam.hendriks81@example.com,Rotterdam,2024-06-21
82,Noah,De Vries,+31600000082,noah.de vries82@example.com,Amsterdam,2023-02-04
83,Eva,Peters,+31600000083,eva.peters83@example.com,Almere,2020-08-17
84,Eva,Peters,+31600000084,eva.peters84@example.com,Almere,2021-04-13
85,Eva,Schouten,+31600000085,eva.schouten85@example.com,Amsterdam,2020-04-01
86,Liam,Van Dijk,+31600000086,liam.van dijk86@example.com,Amsterdam,2024-08-23
87,Eva,Bakker,+31600000087,eva.bakker87@example.com,Rotterdam,2024-06-19
88,Lotte,Mulder,+31600000088,lotte.mulder88@example.com,Nijmegen,2023-03-29
89,Eva,Kuiper,+31600000089,eva.kuiper89@example.com,Breda,2023-11-19
90,Noah,Van Dijk,+31600000090,noah.van dijk90@example.com,Almere,2024-08-21
91,Nina,Prins,+31600000091,nina.prins91@example.com,Utrecht,2020-06-06
92,Eva,Van Dijk,+31600000092,eva.van dijk92@example.com,Rotterdam,2023-08-18
93,Anna,Smit,+31600000093,anna.smit93@example.com,Utrecht,2020-07-14
94,Daan,Bos,+31600000094,daan.bos94@example.com,Eindhoven,2021-04-20
95,Eva,Peters,+31600000095,eva.peters95@example.com,Rotterdam,2023-06-21
96,Anna,Van Dijk,+31600000096,anna.van dijk96@example.com,Breda,2020-02-24
97,Emma,De Boer,+31600000097,emma.de boer97@example.com,Tilburg,2020-01-29
98,Julia,Van Dijk,+31600000098,julia.van dijk98@example.com,The Hague,2020-01-29
99,Sophia,Mulder,+31600000099,sophia.mulder99@example.com,Utrecht,2021-01-29
100,Nina,Peters,+31600000100,nina.peters100@example.com,Tilburg,2021-11-17
101,Mila,Peters,+31600000101,mila.peters101@example.com,Amsterdam,2022-03-11
102,Emma,Dekker,+31600000102,emma.dekker102@example.com,Breda,2023-01-05
103,Daan,Jacobs,+31600000103,daan.jacobs103@example.com,Groningen,2020-11-21
104,Noah,Schouten,+31600000104,noah.schouten104@example.com,Almere,2024-01-01
105,Lotte,Visser,+31600000105,lotte.visser105@example.com,Eindhoven,2021-09-19
106,Levi,Vos,+31600000106,levi.vos106@example.com,Nijmegen,2023-05-11
107,Anna,De Boer,+31600000107,anna.de boer107@example.com,Almere,2020-01-26
108,Lotte,Bakker,+31600000108,lotte.bakker108@example.com,Utrecht,2022-09-30
109,Milan,Mulder,+31600000109,milan.mulder109@example.com,Breda,2024-12-03
110,Levi,Peters,+31600000110,levi.peters110@example.com,The Hague,2021-07-16
111,Liam,Jansen,+31600000111,liam.jansen111@example.com,Breda,2020-06-25
112,Mila,Schouten,+31600000112,mila.schouten112@example.com,Breda,2024-05-13
113,Lotte,Mulder,+31600000113,lotte.mulder113@example.com,Nijmegen,2024-09-17
114,Levi,Kok,+31600000114,levi.kok114@example.com,Utrecht,2022-09-20
115,Milan,Jacobs,+31600000115,milan.jacobs115@example.com,Groningen,2020-10-22
116,Sophia,Vos,+31600000116,sophia.vos116@example.com,Breda,2023-06-17
117,Sophia,Hendriks,+31600000117,sophia.hendriks117@example.com,Breda,2020-03-25
118,Olivia,Bos,+31600000118,olivia.bos118@example.com,Rotterdam,2020-04-03
119,Oliver,Kok,+31600000119,oliver.kok119@example.com,Groningen,2022-12-03
120,Liam,Van Dijk,+31600000120,liam.van dijk120@example.com,Breda,2023-07-24
121,Sara,Hendriks,+31600000121,sara.hendriks121@example.com,The Hague,2020-01-24
122,Mason,Bos,+31600000122,mason.bos122@example.com,Almere,2024-02-03
123,Mila,De Vries,+31600000123,mila.de vries123@example.com,Eindhoven,2023-01-23
124,Oliver,Jansen,+31600000124,oliver.jansen124@example.com,Groningen,2022-03-10
125,Daan,Jansen,+31600000125,daan.jansen125@example.com,The Hague,2020-07-28
126,Julia,Bos,+31600000126,julia.bos126@example.com,Utrecht,2021-09-21
127,Liam,De Vries,+31600000127,liam.de vries127@example.com,The Hague,2021-12-19
128,Mila,Kuiper,+31600000128,mila.kuiper128@example.com,Eindhoven,2022-06-04
129,Anna,Bakker,+31600000129,anna.bakker129@example.com,Eindhoven,2020-02-01
130,Mila,De Boer,+31600000130,mila.de boer130@example.com,Rotterdam,2023-07-22
131,Julia,Van Dijk,+31600000131,julia.van dijk131@example.com,Almere,2024-05-05
132,Anna,Mulder,+31600000132,anna.mulder132@example.com,Utrecht,2021-10-11
133,Olivia,Van Dijk,+31600000133,olivia.van dijk133@example.com,Amsterdam,2020-11-08
134,Emma,Prins,+31600000134,emma.prins134@example.com,Almere,2021-08-24
135,Anna,Van Dijk,+31600000135,anna.van dijk135@example.com,Amsterdam,2023-03-27
136,Levi,Willems,+31600000136,levi.willems136@example.com,Tilburg,2021-08-06
137,Liam,Prins,+31600000137,liam.prins137@example.com,Tilburg,2020-07-22
138,Emma,Meijer,+31600000138,emma.meijer138@example.com,Nijmegen,2022-07-17
139,Lucas,Vos,+31600000139,lucas.vos139@example.com,Rotterdam,2022-11-19
140,Noah,Smit,+31600000140,noah.smit140@example.com,Nijmegen,2020-06-09
141,Noah,Bakker,+31600000141,noah.bakker141@example.com,Amsterdam,2021-01-07
142,Ethan,Smit,+31600000142,ethan.smit142@example.com,Eindhoven,2023-07-13
143,Liam,Van Dijk,+31600000143,liam.van dijk143@example.com,Groningen,2020-04-26
144,Finn,Prins,+31600000144,finn.prins144@example.com,Nijmegen,2020-03-04
145,Eva,Mulder,+31600000145,eva.mulder145@example.com,Tilburg,2020-02-05
146,Noah,Meijer,+31600000146,noah.meijer146@example.com,Rotterdam,2022-07-22
147,Olivia,Dekker,+31600000147,olivia.dekker147@example.com,Breda,2024-02-05
148,Finn,Hendriks,+31600000148,finn.hendriks148@example.com,Groningen,2020-09-23
149,Oliver,Schouten,+31600000149,oliver.schouten149@example.com,Amsterdam,2020-04-08
150,Sophia,Mulder,+31600000150,sophia.mulder150@example.com,Eindhoven,2023-11-10
151,Olivia,Kuiper,+31600000151,olivia.kuiper151@example.com,Groningen,2023-10-29
152,Julia,Kok,+31600000152,julia.kok152@example.com,Eindhoven,2020-02-21
153,Julia,Smit,+31600000153,julia.smit153@example.com,Groningen,2023-04-22
154,Mason,Peters,+31600000154,mason.peters154@example.com,The Hague,2021-11-22
155,Daan,De Vries,+31600000155,daan.de vries155@example.com,Utrecht,2020-07-12
156,Eva,Jansen,+31600000156,eva.jansen156@example.com,Tilburg,2021-08-21
157,Nina,Kuiper,+31600000157,nina.kuiper157@example.com,Tilburg,2020-03-19
158,Sophia,Smit,+31600000158,sophia.smit158@example.com,Rotterdam,2024-07-19
159,Julia,Mulder,+31600000159,julia.mulder159@example.com,Amsterdam,2023-02-21
160,Oliver,Meijer,+31600000160,oliver.meijer160@example.com,Utrecht,2022-02-02
161,Oliver,Willems,+31600000161,oliver.willems161@example.com,Amsterdam,2021-06-25
162,Noah,Kuiper,+31600000162,noah.kuiper162@example.com,Rotterdam,2023-05-20
163,Olivia,Bos,+31600000163,olivia.bos163@example.com,Utrecht,2020-10-21
164,Ethan,Vos,+31600000164,ethan.vos164@example.com,Tilburg,2023-06-29
165,Oliver,Meijer,+31600000165,oliver.meijer165@example.com,Rotterdam,2024-02-03
166,Daan,Vos,+31600000166,daan.vos166@example.com,Rotterdam,2024-07-17
167,Levi,Smit,+31600000167,levi.smit167@example.com,Rotterdam,2022-12-09
168,Mila,De Vries,+31600000168,mila.de vries168@example.com,Tilburg,2020-08-01
169,Milan,Mulder,+31600000169,milan.mulder169@example.com,Nijmegen,2020-03-15
170,Levi,De Vries,+31600000170,levi.de vries170@example.com,Eindhoven,2022-03-26
171,Nina,Hendriks,+31600000171,nina.hendriks171@example.com,Utrecht,2021-04-30
172,Mason,Peters,+31600000172,mason.peters172@example.com,Nijmegen,2024-04-29
173,Noah,Bos,+31600000173,noah.bos173@example.com,The Hague,2022-04-28
174,Levi,Schouten,+31600000174,levi.schouten174@example.com,Amsterdam,2023-06-15
175,Emma,Smit,+31600000175,emma.smit175@example.com,Rotterdam,2024-08-18
176,Levi,De Vries,+31600000176,levi.de vries176@example.com,Breda,2020-01-23
177,Milan,Jacobs,+31600000177,milan.jacobs177@example.com,Groningen,2020-01-08
178,Mila,Kuiper,+31600000178,mila.kuiper178@example.com,Tilburg,2023-03-21
179,Mila,Kuiper,+31600000179,mila.kuiper179@example.com,Breda,2023-06-10
180,Lotte,Van Dijk,+31600000180,lotte.van dijk180@example.com,Groningen,2023-07-21
181,Nina,Prins,+31600000181,nina.prins181@example.com,Tilburg,2020-03-12
182,Mila,De Vries,+31600000182,mila.de vries182@example.com,Tilburg,2022-07-13
183,Sara,Kuiper,+31600000183,sara.kuiper183@example.com,Tilburg,2022-06-10
184,Mila,Mulder,+31600000184,mila.mulder184@example.com,Tilburg,2024-01-08
185,Mason,Schouten,+31600000185,mason.schouten185@example.com,Rotterdam,2024-08-20
186,Finn,Smit,+31600000186,finn.smit186@example.com,The Hague,2020-10-20
187,Anna,Prins,+31600000187,anna.prins187@example.com,Almere,2024-03-19
188,Oliver,Schouten,+31600000188,oliver.schouten188@example.com,Amsterdam,2023-06-29
189,Anna,Prins,+31600000189,anna.prins189@example.com,Eindhoven,2023-02-28
190,Sara,Van Dijk,+31600000190,sara.van dijk190@example.com,Amsterdam,2022-01-06
191,Anna,De Boer,+31600000191,anna.de boer191@example.com,Rotterdam,2023-07-23
192,Noah,Meijer,+31600000192,noah.meijer192@example.com,Nijmegen,2022-01-26
193,Sophia,Meijer,+31600000193,sophia.meijer193@example.com,Groningen,2021-01-08
194,Sara,Hendriks,+31600000194,sara.hendriks194@example.com,Rotterdam,2020-02-17
195,Oliver,Meijer,+31600000195,oliver.meijer195@example.com,Eindhoven,2022-02-16
196,Lotte,Kok,+31600000196,lotte.kok196@example.com,Tilburg,2024-08-14
197,Milan,De Boer,+31600000197,milan.de boer197@example.com,Utrecht,2020-08-14
198,Olivia,Peters,+31600000198,olivia.peters198@example.com,Tilburg,2022-05-08
199,Olivia,Visser,+31600000199,olivia.visser199@example.com,Almere,2022-08-27
200,Lotte,Smit,+31600000200,lotte.smit200@example.com,Almere,2022-11-02
201,Mason,De Boer,+31600000201,mason.de boer201@example.com,Breda,2023-05-05
202,Anna,Peters,+31600000202,anna.peters202@example.com,Rotterdam,2022-08-31
203,Liam,Mulder,+31600000203,liam.mulder203@example.com,Tilburg,2021-09-12
204,Noah,Dekker,+31600000204,noah.dekker204@example.com,Nijmegen,2024-03-07
205,Anna,De Boer,+31600000205,anna.de boer205@example.com,Groningen,2022-08-14
206,Lotte,Peters,+31600000206,lotte.peters206@example.com,The Hague,2023-10-28
207,Finn,Kuiper,+31600000207,finn.kuiper207@example.com,Groningen,2021-03-09
208,Ethan,Dekker,+31600000208,ethan.dekker208@example.com,Tilburg,2020-05-06
209,Milan,Bos,+31600000209,milan.bos209@example.com,The Hague,2022-04-25
210,Mila,Kok,+31600000210,mila.kok210@example.com,Amsterdam,2020-06-20
211,Julia,Bakker,+31600000211,julia.bakker211@example.com,Groningen,2021-12-04
212,Anna,Kok,+31600000212,anna.kok212@example.com,Amsterdam,2020-12-20
213,Levi,Bos,+31600000213,levi.bos213@example.com,Utrecht,2020-12-23
214,Oliver,Willems,+31600000214,oliver.willems214@example.com,Eindhoven,2023-10-03
215,Levi,Kok,+31600000215,levi.kok215@example.com,Tilburg,2024-11-20
216,Mason,Peters,+31600000216,mason.peters216@example.com,Amsterdam,2023-11-16
217,Nina,De Vries,+31600000217,nina.de vries217@example.com,Amsterdam,2021-02-18
218,Sara,Kok,+31600000218,sara.kok218@example.com,The Hague,2023-05-31
219,Sara,Kok,+31600000219,sara.kok219@example.com,Groningen,2024-07-12
220,Ethan,Hendriks,+31600000220,ethan.hendriks220@example.com,Nijmegen,2023-04-09
221,Finn,Jansen,+31600000221,finn.jansen221@example.com,Groningen,2020-01-28
222,Emma,Smit,+31600000222,emma.smit222@example.com,Eindhoven,2020-05-16
223,Eva,Prins,+31600000223,eva.prins223@example.com,Eindhoven,2024-10-29
224,Liam,Visser,+31600000224,liam.visser224@example.com,Tilburg,2021-11-15
225,Liam,Kok,+31600000225,liam.kok225@example.com,Eindhoven,2020-10-14
226,Mila,Willems,+31600000226,mila.willems226@example.com,Amsterdam,2022-09-20
227,Sara,Prins,+31600000227,sara.prins227@example.com,The Hague,2022-01-20
228,Emma,De Boer,+31600000228,emma.de boer228@example.com,Almere,2023-03-23
229,Oliver,Kok,+31600000229,oliver.kok229@example.com,Utrecht,2023-05-05
230,Milan,Vos,+31600000230,milan.vos230@example.com,Almere,2020-12-28
231,Sophia,Van Dijk,+31600000231,sophia.van dijk231@example.com,Eindhoven,2020-12-24
232,Levi,Bos,+31600000232,levi.bos232@example.com,Amsterdam,2022-10-08
233,Liam,Dekker,+31600000233,liam.dekker233@example.com,Nijmegen,2022-04-01
234,Oliver,Jacobs,+31600000234,oliver.jacobs234@example.com,Groningen,2021-10-24
235,Nina,Meijer,+31600000235,nina.meijer235@example.com,Nijmegen,2023-09-19
236,Anna,Van Dijk,+31600000236,anna.van dijk236@example.com,Eindhoven,2024-04-26
237,Mason,Vos,+31600000237,mason.vos237@example.com,Almere,2024-03-06
238,Lucas,Peters,+31600000238,lucas.peters238@example.com,Amsterdam,2023-08-01
239,Oliver,De Boer,+31600000239,oliver.de boer239@example.com,The Hague,2022-02-02
240,Liam,Jacobs,+31600000240,liam.jacobs240@example.com,Breda,2022-04-19
241,Lotte,Smit,+31600000241,lotte.smit241@example.com,Amsterdam,2021-02-23
242,Julia,Visser,+31600000242,julia.visser242@example.com,Rotterdam,2023-02-23
243,Nina,Schouten,+31600000243,nina.schouten243@example.com,Eindhoven,2023-08-14
244,Oliver,Bakker,+31600000244,oliver.bakker244@example.com,The Hague,2023-05-08
245,Emma,Jacobs,+31600000245,emma.jacobs245@example.com,Amsterdam,2023-02-03
246,Lotte,Jansen,+31600000246,lotte.jansen246@example.com,Utrecht,2022-08-08
247,Oliver,Smit,+31600000247,oliver.smit247@example.com,The Hague,2021-05-07
248,Mason,Jacobs,+31600000248,mason.jacobs248@example.com,Eindhoven,2024-03-18
249,Sara,Smit,+31600000249,sara.smit249@example.com,Nijmegen,2021-12-22
250,Sophia,Willems,+31600000250,sophia.willems250@example.com,Groningen,2020-01-17
251,Lucas,Willems,+31600000251,lucas.willems251@example.com,Eindhoven,2022-08-01
252,Emma,Kok,+31600000252,emma.kok252@example.com,Amsterdam,2023-11-30
253,Olivia,Prins,+31600000253,olivia.prins253@example.com,The Hague,2024-05-06
254,Anna,Bos,+31600000254,anna.bos254@example.com,Rotterdam,2024-06-14
255,Lucas,De Boer,+31600000255,lucas.de boer255@example.com,Nijmegen,2023-04-25
256,Sara,Prins,+31600000256,sara.prins256@example.com,Almere,2023-12-13
257,Mila,Vos,+31600000257,mila.vos257@example.com,Rotterdam,2021-07-13
258,Oliver,De Vries,+31600000258,oliver.de vries258@example.com,Tilburg,2024-01-21
259,Finn,Kuiper,+31600000259,finn.kuiper259@example.com,Amsterdam,2023-10-25
260,Oliver,Hendriks,+31600000260,oliver.hendriks260@example.com,Utrecht,2021-11-01
261,Noah,Vos,+31600000261,noah.vos261@example.com,Almere,2023-08-06
262,Anna,De Vries,+31600000262,anna.de vries262@example.com,Amsterdam,2021-05-28
263,Mason,Willems,+31600000263,mason.willems263@example.com,Amsterdam,2021-10-12
264,Noah,Bos,+31600000264,noah.bos264@example.com,Amsterdam,2022-11-12
265,Daan,Vos,+31600000265,daan.vos265@example.com,Groningen,2024-02-25
266,Mason,Kuiper,+31600000266,mason.kuiper266@example.com,Utrecht,2023-10-12
267,Lucas,Visser,+31600000267,lucas.visser267@example.com,Amsterdam,2022-02-02
268,Sara,Bakker,+31600000268,sara.bakker268@example.com,Eindhoven,2024-10-29
269,Nina,Van Dijk,+31600000269,nina.van dijk269@example.com,Amsterdam,2023-10-15
270,Nina,Dekker,+31600000270,nina.dekker270@example.com,Tilburg,2020-12-08
271,Oliver,Vos,+31600000271,oliver.vos271@example.com,The Hague,2020-02-27
272,Emma,Willems,+31600000272,emma.willems272@example.com,Almere,2021-08-03
273,Julia,De Vries,+31600000273,julia.de vries273@example.com,Breda,2022-03-27
274,Lucas,Bakker,+31600000274,lucas.bakker274@example.com,Rotterdam,2022-04-24
275,Sophia,Kok,+31600000275,sophia.kok275@example.com,Nijmegen,2021-02-13
276,Olivia,De Boer,+31600000276,olivia.de boer276@example.com,Rotterdam,2024-07-04
277,Anna,Prins,+31600000277,anna.prins277@example.com,Nijmegen,2024-10-18
278,Levi,Hendriks,+31600000278,levi.hendriks278@example.com,Breda,2021-05-06
279,Oliver,Dekker,+31600000279,oliver.dekker279@example.com,Almere,2021-01-25
280,Anna,De Boer,+31600000280,anna.de boer280@example.com,Nijmegen,2023-11-02
281,Julia,Bakker,+31600000281,julia.bakker281@example.com,Eindhoven,2023-01-06
282,Emma,Willems,+31600000282,emma.willems282@example.com,Amsterdam,2024-03-18
283,Liam,Bos,+31600000283,liam.bos283@example.com,Groningen,2023-03-19
284,Anna,De Boer,+31600000284,anna.de boer284@example.com,Amsterdam,2020-02-15
285,Sara,Schouten,+31600000285,sara.schouten285@example.com,Eindhoven,2024-02-02
286,Olivia,Kuiper,+31600000286,olivia.kuiper286@example.com,Utrecht,2024-04-26
287,Milan,Meijer,+31600000287,milan.meijer287@example.com,Nijmegen,2022-04-11
288,Lotte,Visser,+31600000288,lotte.visser288@example.com,Rotterdam,2023-05-27
289,Oliver,De Boer,+31600000289,oliver.de boer289@example.com,Tilburg,2020-10-26
290,Anna,Meijer,+31600000290,anna.meijer290@example.com,Amsterdam,2021-01-14
291,Sara,Prins,+31600000291,sara.prins291@example.com,Nijmegen,2023-10-22
292,Olivia,Peters,+31600000292,olivia.peters292@example.com,Rotterdam,2021-09-18
293,Milan,Peters,+31600000293,milan.peters293@example.com,Utrecht,2020-04-24
294,Nina,Vos,+31600000294,nina.vos294@example.com,Rotterdam,2020-01-25
295,Liam,Bakker,+31600000295,liam.bakker295@example.com,Rotterdam,2023-03-02
296,Finn,De Boer,+31600000296,finn.de boer296@example.com,The Hague,2021-05-21
297,Mason,Dekker,+31600000297,mason.dekker297@example.com,Nijmegen,2020-10-03
298,Emma,Mulder,+31600000298,emma.mulder298@example.com,Eindhoven,2023-07-10
299,Milan,Visser,+31600000299,milan.visser299@example.com,Utrecht,2023-04-01
300,Oliver,Bakker,+31600000300,oliver.bakker300@example.com,Almere,2021-09-09
301,Liam,Peters,+31600000301,liam.peters301@example.com,Breda,2023-09-14
302,Anna,Peters,+31600000302,anna.peters302@example.com,Amsterdam,2023-02-17
303,Sara,Smit,+31600000303,sara.smit303@example.com,Eindhoven,2022-01-04
304,Milan,Bos,+31600000304,milan.bos304@example.com,Breda,2024-11-23
305,Mason,Smit,+31600000305,mason.smit305@example.com,Tilburg,2021-12-21
306,Emma,Dekker,+31600000306,emma.dekker306@example.com,Nijmegen,2021-10-18
307,Noah,Jacobs,+31600000307,noah.jacobs307@example.com,Almere,2020-01-07
308,Sara,Peters,+31600000308,sara.peters308@example.com,Breda,2021-02-20
309,Daan,Peters,+31600000309,daan.peters309@example.com,Breda,2024-03-19
310,Nina,Willems,+31600000310,nina.willems310@example.com,Nijmegen,2022-07-08
311,Daan,Kuiper,+31600000311,daan.kuiper311@example.com,Breda,2024-09-09
312,Lotte,Hendriks,+31600000312,lotte.hendriks312@example.com,Utrecht,2021-01-26
313,Lucas,Willems,+31600000313,lucas.willems313@example.com,Breda,2023-11-26
314,Julia,Willems,+31600000314,julia.willems314@example.com,Almere,2023-07-29
315,Anna,Jansen,+31600000315,anna.jansen315@example.com,Utrecht,2023-05-14
316,Finn,Visser,+31600000316,finn.visser316@example.com,Almere,2023-04-04
317,Daan,Prins,+31600000317,daan.prins317@example.com,Tilburg,2024-03-09
318,Milan,De Vries,+31600000318,milan.de vries318@example.com,Breda,2023-11-05
319,Noah,Kok,+31600000319,noah.kok319@example.com,Eindhoven,2020-05-23
320,Mason,De Vries,+31600000320,mason.de vries320@example.com,Eindhoven,2024-06-12
321,Milan,Kuiper,+31600000321,milan.kuiper321@example.com,Almere,2022-06-09
322,Lucas,Meijer,+31600000322,lucas.meijer322@example.com,Eindhoven,2023-04-08
323,Olivia,Willems,+31600000323,olivia.willems323@example.com,Eindhoven,2021-01-15
324,Oliver,Vos,+31600000324,oliver.vos324@example.com,Tilburg,2022-08-13
325,Ethan,Mulder,+31600000325,ethan.mulder325@example.com,Utrecht,2023-01-21
326,Nina,Jacobs,+31600000326,nina.jacobs326@example.com,The Hague,2024-03-12
327,Noah,Hendriks,+31600000327,noah.hendriks327@example.com,Nijmegen,2023-02-26
328,Olivia,Smit,+31600000328,olivia.smit328@example.com,Tilburg,2023-04-20
329,Lucas,Smit,+31600000329,lucas.smit329@example.com,Rotterdam,2021-11-20
330,Liam,De Vries,+31600000330,liam.de vries330@example.com,The Hague,2022-06-15
331,Daan,Hendriks,+31600000331,daan.hendriks331@example.com,Groningen,2023-12-27
332,Anna,Van Dijk,+31600000332,anna.van dijk332@example.com,Amsterdam,2022-01-31
333,Julia,Jacobs,+31600000333,julia.jacobs333@example.com,Eindhoven,2021-12-31
334,Levi,Van Dijk,+31600000334,levi.van dijk334@example.com,Amsterdam,2022-05-13
335,Olivia,Bakker,+31600000335,olivia.bakker335@example.com,Utrecht,2024-08-27
336,Emma,Vos,+31600000336,emma.vos336@example.com,Amsterdam,2020-01-07
337,Daan,Bos,+31600000337,daan.bos337@example.com,Breda,2021-10-02
338,Anna,De Boer,+31600000338,anna.de boer338@example.com,Rotterdam,2020-05-05
339,Sara,Visser,+31600000339,sara.visser339@example.com,Groningen,2022-03-25
340,Ethan,Mulder,+31600000340,ethan.mulder340@example.com,Amsterdam,2021-08-07
341,Eva,Peters,+31600000341,eva.peters341@example.com,Amsterdam,2022-05-14
342,Emma,Kuiper,+31600000342,emma.kuiper342@example.com,Utrecht,2021-07-05
343,Nina,Dekker,+31600000343,nina.dekker343@example.com,Almere,2020-12-30
344,Mason,Meijer,+31600000344,mason.meijer344@example.com,Almere,2024-04-24
345,Levi,Kuiper,+31600000345,levi.kuiper345@example.com,The Hague,2023-07-22
346,Mila,Jacobs,+31600000346,mila.jacobs346@example.com,The Hague,2024-07-27
347,Levi,Bos,+31600000347,levi.bos347@example.com,Utrecht,2022-10-22
348,Sara,Kuiper,+31600000348,sara.kuiper348@example.com,Nijmegen,2021-10-16
349,Julia,Mulder,+31600000349,julia.mulder349@example.com,Nijmegen,2023-10-31
350,Noah,Vos,+31600000350,noah.vos350@example.com,Groningen,2023-02-27
351,Sophia,Mulder,+31600000351,sophia.mulder351@example.com,Breda,2021-11-02
352,Liam,Peters,+31600000352,liam.peters352@example.com,Rotterdam,2021-01-15
353,Lucas,Peters,+31600000353,lucas.peters353@example.com,Utrecht,2022-12-13
354,Olivia,Willems,+31600000354,olivia.willems354@example.com,Breda,2021-02-10
355,Eva,Schouten,+31600000355,eva.schouten355@example.com,Eindhoven,2024-10-10
356,Julia,Vos,+31600000356,julia.vos356@example.com,Amsterdam,2024-02-28
357,Lucas,Smit,+31600000357,lucas.smit357@example.com,Rotterdam,2022-12-11
358,Julia,Kuiper,+31600000358,julia.kuiper358@example.com,Groningen,2024-09-27
359,Olivia,Willems,+31600000359,olivia.willems359@example.com,Tilburg,2024-03-31
360,Milan,Vos,+31600000360,milan.vos360@example.com,Breda,2022-03-27
361,Milan,Jansen,+31600000361,milan.jansen361@example.com,Groningen,2024-11-07
362,Liam,Hendriks,+31600000362,liam.hendriks362@example.com,Rotterdam,2021-06-27
363,Emma,De Boer,+31600000363,emma.de boer363@example.com,Breda,2024-07-03
364,Anna,Willems,+31600000364,anna.willems364@example.com,Rotterdam,2023-01-17
365,Eva,Dekker,+31600000365,eva.dekker365@example.com,The Hague,2021-10-16
366,Oliver,Peters,+31600000366,oliver.peters366@example.com,Nijmegen,2021-12-30
367,Lucas,Jacobs,+31600000367,lucas.jacobs367@example.com,Almere,2024-09-05
368,Noah,Kuiper,+31600000368,noah.kuiper368@example.com,Tilburg,2022-08-13
369,Emma,Schouten,+31600000369,emma.schouten369@example.com,Rotterdam,2023-10-28
370,Levi,Hendriks,+31600000370,levi.hendriks370@example.com,Eindhoven,2021-12-08
371,Sara,Meijer,+31600000371,sara.meijer371@example.com,Breda,2021-05-29
372,Milan,Jacobs,+31600000372,milan.jacobs372@example.com,The Hague,2024-03-16
373,Liam,Van Dijk,+31600000373,liam.van dijk373@example.com,The Hague,2023-06-07
374,Finn,Hendriks,+31600000374,finn.hendriks374@example.com,Groningen,2021-01-12
375,Sophia,Kok,+31600000375,sophia.kok375@example.com,Eindhoven,2021-01-22
376,Mila,Hendriks,+31600000376,mila.hendriks376@example.com,Utrecht,2020-12-18
377,Mason,De Vries,+31600000377,mason.de vries377@example.com,Tilburg,2024-01-08
378,Nina,Willems,+31600000378,nina.willems378@example.com,Breda,2022-06-15
379,Sara,Vos,+31600000379,sara.vos379@example.com,Tilburg,2023-09-03
380,Noah,Jansen,+31600000380,noah.jansen380@example.com,Nijmegen,2020-11-04
381,Finn,Kok,+31600000381,finn.kok381@example.com,Eindhoven,2024-04-18
382,Sara,Mulder,+31600000382,sara.mulder382@example.com,Amsterdam,2023-01-13
383,Finn,Visser,+31600000383,finn.visser383@example.com,The Hague,2020-08-22
384,Sophia,Hendriks,+31600000384,sophia.hendriks384@example.com,The Hague,2020-01-31
385,Sara,Schouten,+31600000385,sara.schouten385@example.com,Rotterdam,2024-06-25
386,Daan,Prins,+31600000386,daan.prins386@example.com,Utrecht,2020-08-31
387,Liam,Mulder,+31600000387,liam.mulder387@example.com,Utrecht,2020-08-16
388,Levi,Prins,+31600000388,levi.prins388@example.com,Eindhoven,2022-04-25
389,Oliver,Jacobs,+31600000389,oliver.jacobs389@example.com,Tilburg,2023-02-09
390,Mila,Meijer,+31600000390,mila.meijer390@example.com,Utrecht,2020-04-26
391,Sara,Peters,+31600000391,sara.peters391@example.com,Rotterdam,2020-06-01
392,Lotte,Prins,+31600000392,lotte.prins392@example.com,Tilburg,2022-04-02
393,Nina,De Boer,+31600000393,nina.de boer393@example.com,Eindhoven,2022-04-06
394,Anna,Jansen,+31600000394,anna.jansen394@example.com,Breda,2022-02-24
395,Levi,Meijer,+31600000395,levi.meijer395@example.com,Almere,2024-07-24
396,Sophia,Kok,+31600000396,sophia.kok396@example.com,Eindhoven,2022-05-05
397,Levi,Meijer,+31600000397,levi.meijer397@example.com,Breda,2020-02-08
398,Nina,Kuiper,+31600000398,nina.kuiper398@example.com,Tilburg,2021-03-25
399,Daan,Schouten,+31600000399,daan.schouten399@example.com,Groningen,2024-07-13
400,Lucas,Bos,+31600000400,lucas.bos400@example.com,Tilburg,2020-02-11
401,Daan,Willems,+31600000401,daan.willems401@example.com,Rotterdam,2024-10-26
402,Finn,Willems,+31600000402,finn.willems402@example.com,Groningen,2021-01-15
403,Nina,Van Dijk,+31600000403,nina.van dijk403@example.com,Breda,2023-11-08
404,Olivia,Mulder,+31600000404,olivia.mulder404@example.com,Rotterdam,2020-04-01
405,Mila,Vos,+31600000405,mila.vos405@example.com,Tilburg,2024-05-01
406,Sara,Vos,+31600000406,sara.vos406@example.com,Nijmegen,2024-04-17
407,Liam,Kok,+31600000407,liam.kok407@example.com,Amsterdam,2020-08-08
408,Sara,De Vries,+31600000408,sara.de vries408@example.com,Amsterdam,2024-07-01
409,Lucas,Jacobs,+31600000409,lucas.jacobs409@example.com,Amsterdam,2022-08-09
410,Noah,Mulder,+31600000410,noah.mulder410@example.com,Utrecht,2020-12-27
411,Ethan,Prins,+31600000411,ethan.prins411@example.com,Utrecht,2022-03-30
412,Olivia,Schouten,+31600000412,olivia.schouten412@example.com,Nijmegen,2024-11-08
413,Lucas,Vos,+31600000413,lucas.vos413@example.com,Groningen,2024-04-11
414,Milan,Willems,+31600000414,milan.willems414@example.com,Groningen,2021-02-28
415,Finn,Mulder,+31600000415,finn.mulder415@example.com,Tilburg,2024-05-21
416,Anna,Visser,+31600000416,anna.visser416@example.com,Nijmegen,2022-08-27
417,Oliver,Vos,+31600000417,oliver.vos417@example.com,Amsterdam,2023-02-15
418,Nina,Kuiper,+31600000418,nina.kuiper418@example.com,The Hague,2021-02-15
419,Noah,Vos,+31600000419,noah.vos419@example.com,Groningen,2021-08-04
420,Anna,Dekker,+31600000420,anna.dekker420@example.com,Nijmegen,2021-12-05
421,Milan,Jansen,+31600000421,milan.jansen421@example.com,Breda,2024-10-18
422,Nina,De Vries,+31600000422,nina.de vries422@example.com,Breda,2021-12-02
423,Noah,Mulder,+31600000423,noah.mulder423@example.com,Almere,2022-12-05
424,Sara,De Vries,+31600000424,sara.de vries424@example.com,Groningen,2024-11-11
425,Julia,Willems,+31600000425,julia.willems425@example.com,Almere,2021-06-02
426,Oliver,Mulder,+31600000426,oliver.mulder426@example.com,Almere,2020-07-05
427,Nina,Jansen,+31600000427,nina.jansen427@example.com,The Hague,2024-10-24
428,Julia,Jansen,+31600000428,julia.jansen428@example.com,Utrecht,2024-06-10
429,Noah,Vos,+31600000429,noah.vos429@example.com,Tilburg,2022-04-30
430,Liam,Bos,+31600000430,liam.bos430@example.com,Utrecht,2023-12-14
431,Julia,Meijer,+31600000431,julia.meijer431@example.com,Tilburg,2023-09-26
432,Julia,Meijer,+31600000432,julia.meijer432@example.com,Eindhoven,2022-05-04
433,Ethan,Van Dijk,+31600000433,ethan.van dijk433@example.com,The Hague,2020-12-04
434,Finn,De Vries,+31600000434,finn.de vries434@example.com,Amsterdam,2023-06-21
435,Emma,Van Dijk,+31600000435,emma.van dijk435@example.com,Amsterdam,2021-08-01
436,Julia,Dekker,+31600000436,julia.dekker436@example.com,Utrecht,2020-05-31
437,Lucas,Dekker,+31600000437,lucas.dekker437@example.com,The Hague,2023-11-30
438,Noah,Schouten,+31600000438,noah.schouten438@example.com,Rotterdam,2024-02-09
439,Daan,Visser,+31600000439,daan.visser439@example.com,Eindhoven,2024-04-20
440,Daan,Mulder,+31600000440,daan.mulder440@example.com,Breda,2022-02-06
441,Sara,Visser,+31600000441,sara.visser441@example.com,Amsterdam,2022-07-21
442,Sophia,Schouten,+31600000442,sophia.schouten442@example.com,Rotterdam,2024-09-28
443,Ethan,De Vries,+31600000443,ethan.de vries443@example.com,Utrecht,2024-10-06
444,Eva,Meijer,+31600000444,eva.meijer444@example.com,Utrecht,2021-04-19
445,Noah,Meijer,+31600000445,noah.meijer445@example.com,Nijmegen,2021-01-11
446,Mason,Schouten,+31600000446,mason.schouten446@example.com,Rotterdam,2021-06-24
447,Sophia,Kuiper,+31600000447,sophia.kuiper447@example.com,Breda,2023-12-31
448,Lucas,Jansen,+31600000448,lucas.jansen448@example.com,Nijmegen,2023-10-26
449,Anna,De Vries,+31600000449,anna.de vries449@example.com,Utrecht,2021-02-04
450,Lucas,Hendriks,+31600000450,lucas.hendriks450@example.com,Amsterdam,2021-05-04
451,Milan,Jacobs,+31600000451,milan.jacobs451@example.com,Rotterdam,2022-12-10
452,Mason,Bakker,+31600000452,mason.bakker452@example.com,Almere,2021-05-29
453,Julia,Meijer,+31600000453,julia.meijer453@example.com,Amsterdam,2022-12-18
454,Julia,Meijer,+31600000454,julia.meijer454@example.com,Utrecht,2022-06-19
455,Milan,De Vries,+31600000455,milan.de vries455@example.com,Rotterdam,2023-06-29
456,Mason,Vos,+31600000456,mason.vos456@example.com,Tilburg,2023-06-28
457,Levi,Prins,+31600000457,levi.prins457@example.com,Breda,2022-09-11
458,Finn,De Boer,+31600000458,finn.de boer458@example.com,The Hague,2020-08-29
459,Liam,Prins,+31600000459,liam.prins459@example.com,The Hague,2022-01-16
460,Noah,Visser,+31600000460,noah.visser460@example.com,Groningen,2022-10-20
461,Nina,De Boer,+31600000461,nina.de boer461@example.com,Groningen,2024-01-17
462,Anna,Prins,+31600000462,anna.prins462@example.com,Almere,2021-08-14
463,Mason,Bos,+31600000463,mason.bos463@example.com,Groningen,2020-09-19
464,Nina,Bos,+31600000464,nina.bos464@example.com,The Hague,2020-08-02
465,Nina,Kuiper,+31600000465,nina.kuiper465@example.com,Almere,2020-11-26
466,Liam,Jansen,+31600000466,liam.jansen466@example.com,Almere,2023-10-18
467,Emma,Jansen,+31600000467,emma.jansen467@example.com,Groningen,2021-01-29
468,Eva,Mulder,+31600000468,eva.mulder468@example.com,Rotterdam,2020-05-19
469,Mason,Prins,+31600000469,mason.prins469@example.com,Groningen,2024-11-19
470,Sara,Schouten,+31600000470,sara.schouten470@example.com,The Hague,2021-04-11
471,Daan,De Boer,+31600000471,daan.de boer471@example.com,The Hague,2024-10-12
472,Eva,Kuiper,+31600000472,eva.kuiper472@example.com,Nijmegen,2020-11-17
473,Mila,De Vries,+31600000473,mila.de vries473@example.com,Utrecht,2022-07-10
474,Lotte,Dekker,+31600000474,lotte.dekker474@example.com,Eindhoven,2023-02-20
475,Daan,Smit,+31600000475,daan.smit475@example.com,Nijmegen,2024-02-06
476,Sara,Van Dijk,+31600000476,sara.van dijk476@example.com,Amsterdam,2021-06-04
477,Sara,Smit,+31600000477,sara.smit477@example.com,Utrecht,2023-03-27
478,Mason,Hendriks,+31600000478,mason.hendriks478@example.com,Nijmegen,2024-01-26
479,Sophia,Meijer,+31600000479,sophia.meijer479@example.com,Almere,2023-10-18
480,Julia,Bos,+31600000480,julia.bos480@example.com,Tilburg,2020-03-14
481,Finn,Bakker,+31600000481,finn.bakker481@example.com,Utrecht,2020-12-06
482,Mila,Hendriks,+31600000482,mila.hendriks482@example.com,Almere,2020-10-20
483,Mila,Peters,+31600000483,mila.peters483@example.com,Utrecht,2023-12-08
484,Noah,Meijer,+31600000484,noah.meijer484@example.com,Amsterdam,2021-05-14
485,Julia,Vos,+31600000485,julia.vos485@example.com,Breda,2023-12-04
486,Sophia,Bos,+31600000486,sophia.bos486@example.com,Tilburg,2022-04-14
487,Finn,Dekker,+31600000487,finn.dekker487@example.com,Nijmegen,2022-02-10
488,Lotte,Jacobs,+31600000488,lotte.jacobs488@example.com,Rotterdam,2021-09-08
489,Eva,Bos,+31600000489,eva.bos489@example.com,Rotterdam,2022-01-15
490,Olivia,Prins,+31600000490,olivia.prins490@example.com,Nijmegen,2020-06-07
491,Levi,Jacobs,+31600000491,levi.jacobs491@example.com,Nijmegen,2020-08-25
492,Nina,De Boer,+31600000492,nina.de boer492@example.com,Almere,2021-12-04
493,Lotte,Dekker,+31600000493,lotte.dekker493@example.com,Breda,2020-01-03
494,Lucas,Bos,+31600000494,lucas.bos494@example.com,Breda,2024-07-24
495,Eva,Vos,+31600000495,eva.vos495@example.com,Eindhoven,2020-05-08
496,Levi,Dekker,+31600000496,levi.dekker496@example.com,Groningen,2021-01-10
497,Lucas,Mulder,+31600000497,lucas.mulder497@example.com,The Hague,2023-10-08
498,Noah,Willems,+31600000498,noah.willems498@example.com,Groningen,2023-10-09
499,Mila,Prins,+31600000499,mila.prins499@example.com,Groningen,2023-10-30
500,Finn,Jacobs,+31600000500,finn.jacobs500@example.com,Tilburg,2021-05-17
501,Daan,Bos,+31600000501,daan.bos501@example.com,Nijmegen,2020-12-30
502,Noah,Meijer,+31600000502,noah.meijer502@example.com,Groningen,2024-12-05
503,Liam,Kok,+31600000503,liam.kok503@example.com,Rotterdam,2021-12-20
504,Levi,De Boer,+31600000504,levi.de boer504@example.com,Almere,2023-04-27
505,Emma,Jacobs,+31600000505,emma.jacobs505@example.com,The Hague,2022-05-04
506,Finn,Dekker,+31600000506,finn.dekker506@example.com,Eindhoven,2022-09-06
507,Lotte,Bos,+31600000507,lotte.bos507@example.com,Nijmegen,2023-10-03
508,Liam,Jansen,+31600000508,liam.jansen508@example.com,Amsterdam,2022-06-19
509,Sara,Visser,+31600000509,sara.visser509@example.com,Amsterdam,2023-08-03
510,Sophia,Hendriks,+31600000510,sophia.hendriks510@example.com,Eindhoven,2020-09-22
511,Milan,Peters,+31600000511,milan.peters511@example.com,Almere,2020-08-07
512,Oliver,Dekker,+31600000512,oliver.dekker512@example.com,Breda,2022-10-21
513,Julia,Bakker,+31600000513,julia.bakker513@example.com,Groningen,2021-07-05
514,Eva,Dekker,+31600000514,eva.dekker514@example.com,Nijmegen,2022-05-04
515,Lucas,Dekker,+31600000515,lucas.dekker515@example.com,Breda,2020-08-25
516,Nina,Meijer,+31600000516,nina.meijer516@example.com,Nijmegen,2020-09-07
517,Lucas,Bakker,+31600000517,lucas.bakker517@example.com,Utrecht,2020-10-15
518,Levi,Vos,+31600000518,levi.vos518@example.com,The Hague,2023-01-12
519,Milan,Van Dijk,+31600000519,milan.van dijk519@example.com,Rotterdam,2023-01-02
520,Emma,Bakker,+31600000520,emma.bakker520@example.com,Amsterdam,2020-01-01
521,Nina,Kok,+31600000521,nina.kok521@example.com,Nijmegen,2022-11-07
522,Eva,Peters,+31600000522,eva.peters522@example.com,Rotterdam,2023-03-26
523,Daan,Willems,+31600000523,daan.willems523@example.com,Almere,2023-09-10
524,Nina,Schouten,+31600000524,nina.schouten524@example.com,Eindhoven,2023-03-17
525,Julia,Kok,+31600000525,julia.kok525@example.com,Groningen,2021-03-02
526,Levi,Willems,+31600000526,levi.willems526@example.com,Amsterdam,2023-03-13
527,Olivia,Peters,+31600000527,olivia.peters527@example.com,Eindhoven,2024-04-01
528,Mila,Bakker,+31600000528,mila.bakker528@example.com,Eindhoven,2020-10-25
529,Liam,Vos,+31600000529,liam.vos529@example.com,Breda,2021-10-18
530,Oliver,Kok,+31600000530,oliver.kok530@example.com,Utrecht,2023-03-29
531,Emma,Jansen,+31600000531,emma.jansen531@example.com,Nijmegen,2024-07-20
532,Olivia,Vos,+31600000532,olivia.vos532@example.com,Tilburg,2021-10-14
533,Milan,Hendriks,+31600000533,milan.hendriks533@example.com,Rotterdam,2020-07-03
534,Emma,Mulder,+31600000534,emma.mulder534@example.com,Breda,2024-09-15
535,Eva,Van Dijk,+31600000535,eva.van dijk535@example.com,The Hague,2023-04-09
536,Oliver,Willems,+31600000536,oliver.willems536@example.com,Eindhoven,2024-08-18
537,Emma,Hendriks,+31600000537,emma.hendriks537@example.com,Tilburg,2022-10-29
538,Noah,Mulder,+31600000538,noah.mulder538@example.com,Amsterdam,2024-03-25
539,Milan,Visser,+31600000539,milan.visser539@example.com,Nijmegen,2022-09-02
540,Noah,Jacobs,+31600000540,noah.jacobs540@example.com,Rotterdam,2024-04-26
541,Mason,Vos,+31600000541,mason.vos541@example.com,Amsterdam,2024-11-16
542,Finn,Jansen,+31600000542,finn.jansen542@example.com,Tilburg,2022-08-12
543,Mila,Kuiper,+31600000543,mila.kuiper543@example.com,Nijmegen,2022-06-09
544,Liam,Mulder,+31600000544,liam.mulder544@example.com,Eindhoven,2020-10-13
545,Lucas,Jansen,+31600000545,lucas.jansen545@example.com,Eindhoven,2024-09-21
546,Lucas,Smit,+31600000546,lucas.smit546@example.com,Breda,2021-12-14
547,Lotte,Peters,+31600000547,lotte.peters547@example.com,Breda,2022-09-25
548,Noah,Peters,+31600000548,noah.peters548@example.com,Breda,2024-01-09
549,Noah,Hendriks,+31600000549,noah.hendriks549@example.com,Rotterdam,2022-10-10
550,Mila,Vos,+31600000550,mila.vos550@example.com,Nijmegen,2023-11-18
551,Ethan,De Boer,+31600000551,ethan.de boer551@example.com,The Hague,2021-08-12
552,Milan,Bakker,+31600000552,milan.bakker552@example.com,Groningen,2024-11-25
553,Daan,Schouten,+31600000553,daan.schouten553@example.com,Amsterdam,2020-12-06
554,Finn,Visser,+31600000554,finn.visser554@example.com,Almere,2023-06-26
555,Milan,Vos,+31600000555,milan.vos555@example.com,Rotterdam,2020-02-04
556,Lucas,Visser,+31600000556,lucas.visser556@example.com,Eindhoven,2021-05-04
557,Ethan,Willems,+31600000557,ethan.willems557@example.com,The Hague,2022-06-25
558,Finn,Bos,+31600000558,finn.bos558@example.com,Almere,2024-01-23
559,Sara,Jacobs,+31600000559,sara.jacobs559@example.com,Amsterdam,2020-01-04
560,Daan,Schouten,+31600000560,daan.schouten560@example.com,Tilburg,2023-09-16
561,Mila,Jansen,+31600000561,mila.jansen561@example.com,Groningen,2020-08-06
562,Mila,Hendriks,+31600000562,mila.hendriks562@example.com,Almere,2023-06-03
563,Sophia,Schouten,+31600000563,sophia.schouten563@example.com,Almere,2023-07-11
564,Levi,Kuiper,+31600000564,levi.kuiper564@example.com,Almere,2024-03-05
565,Mason,Willems,+31600000565,mason.willems565@example.com,Amsterdam,2020-08-24
566,Anna,Vos,+31600000566,anna.vos566@example.com,Breda,2023-12-11
567,Julia,Kuiper,+31600000567,julia.kuiper567@example.com,Eindhoven,2021-06-26
568,Olivia,Prins,+31600000568,olivia.prins568@example.com,Eindhoven,2023-07-28
569,Eva,De Boer,+31600000569,eva.de boer569@example.com,Amsterdam,2024-09-19
570,Milan,Schouten,+31600000570,milan.schouten570@example.com,Groningen,2024-09-21
571,Ethan,Hendriks,+31600000571,ethan.hendriks571@example.com,The Hague,2021-07-22
572,Oliver,Van Dijk,+31600000572,oliver.van dijk572@example.com,Eindhoven,2022-06-04
573,Eva,Hendriks,+31600000573,eva.hendriks573@example.com,Nijmegen,2023-01-07
574,Julia,Peters,+31600000574,julia.peters574@example.com,Amsterdam,2022-03-08
575,Mason,Peters,+31600000575,mason.peters575@example.com,Breda,2022-01-10
576,Emma,Dekker,+31600000576,emma.dekker576@example.com,Eindhoven,2020-05-28
577,Liam,Prins,+31600000577,liam.prins577@example.com,Tilburg,2021-11-13
578,Ethan,Jacobs,+31600000578,ethan.jacobs578@example.com,Eindhoven,2022-03-21
579,Sara,Bakker,+31600000579,sara.bakker579@example.com,Tilburg,2022-10-11
580,Finn,De Boer,+31600000580,finn.de boer580@example.com,Groningen,2024-02-18
581,Emma,Schouten,+31600000581,emma.schouten581@example.com,Eindhoven,2021-02-04
582,Finn,Jansen,+31600000582,finn.jansen582@example.com,Groningen,2020-04-28
583,Anna,Schouten,+31600000583,anna.schouten583@example.com,Breda,2023-02-09
584,Lotte,Willems,+31600000584,lotte.willems584@example.com,Eindhoven,2023-02-07
585,Sophia,Mulder,+31600000585,sophia.mulder585@example.com,Rotterdam,2021-10-11
586,Olivia,Visser,+31600000586,olivia.visser586@example.com,Nijmegen,2023-09-25
587,Liam,Kok,+31600000587,liam.kok587@example.com,Breda,2020-11-12
588,Sara,Schouten,+31600000588,sara.schouten588@example.com,Amsterdam,2024-07-04
589,Ethan,Peters,+31600000589,ethan.peters589@example.com,The Hague,2024-01-22
590,Nina,Van Dijk,+31600000590,nina.van dijk590@example.com,Rotterdam,2021-04-12
591,Mila,Kok,+31600000591,mila.kok591@example.com,Utrecht,2023-07-12
592,Olivia,Kok,+31600000592,olivia.kok592@example.com,Utrecht,2021-09-07
593,Eva,Mulder,+31600000593,eva.mulder593@example.com,Tilburg,2024-09-30
594,Ethan,De Vries,+31600000594,ethan.de vries594@example.com,Tilburg,2024-07-25
595,Oliver,Willems,+31600000595,oliver.willems595@example.com,Almere,2024-05-15
596,Ethan,Van Dijk,+31600000596,ethan.van dijk596@example.com,Utrecht,2021-07-25
597,Nina,Dekker,+31600000597,nina.dekker597@example.com,Amsterdam,2022-11-21
598,Milan,De Vries,+31600000598,milan.de vries598@example.com,Tilburg,2023-02-22
599,Finn,Prins,+31600000599,finn.prins599@example.com,Amsterdam,2024-06-18
600,Sophia,Prins,+31600000600,sophia.prins600@example.com,Amsterdam,2023-08-18
601,Mila,Meijer,+31600000601,mila.meijer601@example.com,Utrecht,2024-03-31
602,Sophia,Peters,+31600000602,sophia.peters602@example.com,Utrecht,2020-12-23
603,Eva,Bakker,+31600000603,eva.bakker603@example.com,The Hague,2023-11-06
604,Mason,Bakker,+31600000604,mason.bakker604@example.com,Tilburg,2023-02-05
605,Emma,Vos,+31600000605,emma.vos605@example.com,Breda,2023-03-11
606,Finn,Willems,+31600000606,finn.willems606@example.com,Utrecht,2020-08-06
607,Anna,Smit,+31600000607,anna.smit607@example.com,The Hague,2022-11-26
608,Sara,Kok,+31600000608,sara.kok608@example.com,Groningen,2024-09-26
609,Mason,Jansen,+31600000609,mason.jansen609@example.com,The Hague,2024-02-09
610,Anna,Bakker,+31600000610,anna.bakker610@example.com,Breda,2021-12-18
611,Mila,Hendriks,+31600000611,mila.hendriks611@example.com,Almere,2023-09-17
612,Daan,De Boer,+31600000612,daan.de boer612@example.com,The Hague,2022-07-11
613,Levi,Willems,+31600000613,levi.willems613@example.com,Breda,2023-01-30
614,Eva,Kuiper,+31600000614,eva.kuiper614@example.com,Eindhoven,2020-10-20
615,Mason,Visser,+31600000615,mason.visser615@example.com,Almere,2020-06-05
616,Eva,Mulder,+31600000616,eva.mulder616@example.com,Rotterdam,2020-06-18
617,Nina,Mulder,+31600000617,nina.mulder617@example.com,Eindhoven,2024-09-12
618,Milan,Hendriks,+31600000618,milan.hendriks618@example.com,Amsterdam,2021-02-12
619,Sophia,Schouten,+31600000619,sophia.schouten619@example.com,Eindhoven,2020-04-26
620,Eva,Prins,+31600000620,eva.prins620@example.com,Rotterdam,2023-03-27
621,Anna,Kuiper,+31600000621,anna.kuiper621@example.com,Eindhoven,2020-08-06
622,Mason,Jacobs,+31600000622,mason.jacobs622@example.com,Eindhoven,2020-08-03
623,Mason,Visser,+31600000623,mason.visser623@example.com,Nijmegen,2022-08-17
624,Liam,Vos,+31600000624,liam.vos624@example.com,The Hague,2020-11-24
625,Lucas,Kok,+31600000625,lucas.kok625@example.com,The Hague,2023-07-10
626,Anna,De Boer,+31600000626,anna.de boer626@example.com,Breda,2020-09-04
627,Sara,Visser,+31600000627,sara.visser627@example.com,Breda,2020-09-25
628,Levi,Jacobs,+31600000628,levi.jacobs628@example.com,Nijmegen,2020-03-14
629,Sophia,Dekker,+31600000629,sophia.dekker629@example.com,Breda,2022-10-14
630,Olivia,Smit,+31600000630,olivia.smit630@example.com,The Hague,2022-06-21
631,Oliver,Mulder,+31600000631,oliver.mulder631@example.com,Amsterdam,2023-09-18
632,Julia,Bakker,+31600000632,julia.bakker632@example.com,Tilburg,2020-07-17
633,Lotte,Dekker,+31600000633,lotte.dekker633@example.com,The Hague,2023-02-28
634,Anna,Vos,+31600000634,anna.vos634@example.com,Breda,2022-07-20
635,Liam,Dekker,+31600000635,liam.dekker635@example.com,Almere,2021-08-20
636,Anna,Meijer,+31600000636,anna.meijer636@example.com,The Hague,2023-06-30
637,Emma,Peters,+31600000637,emma.peters637@example.com,Rotterdam,2024-09-17
638,Oliver,Bakker,+31600000638,oliver.bakker638@example.com,Groningen,2024-05-26
639,Ethan,De Boer,+31600000639,ethan.de boer639@example.com,Nijmegen,2021-04-15
640,Ethan,Dekker,+31600000640,ethan.dekker640@example.com,Almere,2022-01-18
641,Mason,De Vries,+31600000641,mason.de vries641@example.com,Breda,2023-02-13
642,Mason,De Vries,+31600000642,mason.de vries642@example.com,Breda,2021-07-24
643,Olivia,Van Dijk,+31600000643,olivia.van dijk643@example.com,Rotterdam,2021-02-13
644,Mason,Vos,+31600000644,mason.vos644@example.com,Rotterdam,2024-05-06
645,Milan,Prins,+31600000645,milan.prins645@example.com,Tilburg,2022-02-23
646,Nina,Smit,+31600000646,nina.smit646@example.com,Breda,2024-06-01
647,Levi,Vos,+31600000647,levi.vos647@example.com,Amsterdam,2023-07-27
648,Sophia,De Vries,+31600000648,sophia.de vries648@example.com,Almere,2021-07-09
649,Sophia,Kok,+31600000649,sophia.kok649@example.com,Rotterdam,2021-07-15
650,Mila,Jansen,+31600000650,mila.jansen650@example.com,Rotterdam,2022-04-04
651,Anna,Mulder,+31600000651,anna.mulder651@example.com,Almere,2021-02-14
652,Nina,Mulder,+31600000652,nina.mulder652@example.com,Rotterdam,2021-05-18
653,Milan,Meijer,+31600000653,milan.meijer653@example.com,The Hague,2024-06-22
654,Anna,De Boer,+31600000654,anna.de boer654@example.com,Groningen,2024-02-04
655,Liam,Jansen,+31600000655,liam.jansen655@example.com,Eindhoven,2021-04-30
656,Mila,Meijer,+31600000656,mila.meijer656@example.com,The Hague,2022-04-01
657,Julia,Visser,+31600000657,julia.visser657@example.com,Amsterdam,2020-01-26
658,Daan,Van Dijk,+31600000658,daan.van dijk658@example.com,Tilburg,2023-04-23
659,Finn,Bos,+31600000659,finn.bos659@example.com,Rotterdam,2020-12-02
660,Ethan,Visser,+31600000660,ethan.visser660@example.com,Rotterdam,2021-11-26
661,Daan,Meijer,+31600000661,daan.meijer661@example.com,Groningen,2022-12-14
662,Mason,Visser,+31600000662,mason.visser662@example.com,Rotterdam,2020-10-31
663,Finn,Peters,+31600000663,finn.peters663@example.com,Utrecht,2024-02-29
664,Milan,Smit,+31600000664,milan.smit664@example.com,Amsterdam,2024-02-04
665,Liam,De Vries,+31600000665,liam.de vries665@example.com,The Hague,2022-09-09
666,Mila,De Vries,+31600000666,mila.de vries666@example.com,Amsterdam,2023-07-27
667,Emma,Schouten,+31600000667,emma.schouten667@example.com,Tilburg,2023-11-25
668,Eva,Jansen,+31600000668,eva.jansen668@example.com,Amsterdam,2021-08-20
669,Olivia,Kuiper,+31600000669,olivia.kuiper669@example.com,Tilburg,2024-02-25
670,Levi,Dekker,+31600000670,levi.dekker670@example.com,The Hague,2023-02-05
671,Lucas,Visser,+31600000671,lucas.visser671@example.com,Rotterdam,2023-01-14
672,Olivia,Van Dijk,+31600000672,olivia.van dijk672@example.com,The Hague,2022-03-04
673,Emma,Willems,+31600000673,emma.willems673@example.com,Groningen,2024-06-11
674,Noah,Visser,+31600000674,noah.visser674@example.com,Amsterdam,2021-07-20
675,Milan,De Vries,+31600000675,milan.de vries675@example.com,Utrecht,2020-07-14
676,Emma,Dekker,+31600000676,emma.dekker676@example.com,Breda,2022-06-08
677,Lucas,Jansen,+31600000677,lucas.jansen677@example.com,Nijmegen,2021-07-14
678,Daan,Willems,+31600000678,daan.willems678@example.com,Utrecht,2023-05-01
679,Lucas,Bos,+31600000679,lucas.bos679@example.com,Amsterdam,2023-07-01
680,Mason,Smit,+31600000680,mason.smit680@example.com,Breda,2022-03-24
681,Lotte,Smit,+31600000681,lotte.smit681@example.com,Groningen,2020-03-19
682,Sophia,Smit,+31600000682,sophia.smit682@example.com,Almere,2020-12-22
683,Finn,Van Dijk,+31600000683,finn.van dijk683@example.com,Tilburg,2020-11-21
684,Ethan,Jacobs,+31600000684,ethan.jacobs684@example.com,Tilburg,2023-10-31
685,Mila,Vos,+31600000685,mila.vos685@example.com,Eindhoven,2020-02-27
686,Mila,Bakker,+31600000686,mila.bakker686@example.com,Nijmegen,2024-11-08
687,Mason,Van Dijk,+31600000687,mason.van dijk687@example.com,Rotterdam,2020-03-08
688,Julia,Dekker,+31600000688,julia.dekker688@example.com,Breda,2024-10-14
689,Emma,Meijer,+31600000689,emma.meijer689@example.com,Rotterdam,2023-12-28
690,Noah,Bos,+31600000690,noah.bos690@example.com,Breda,2023-01-26
691,Lucas,Willems,+31600000691,lucas.willems691@example.com,Rotterdam,2021-12-03
692,Eva,Peters,+31600000692,eva.peters692@example.com,Amsterdam,2023-04-25
693,Sophia,Kuiper,+31600000693,sophia.kuiper693@example.com,Rotterdam,2021-05-05
694,Mason,Prins,+31600000694,mason.prins694@example.com,Tilburg,2020-12-18
695,Ethan,Schouten,+31600000695,ethan.schouten695@example.com,Rotterdam,2023-09-17
696,Finn,De Boer,+31600000696,finn.de boer696@example.com,Utrecht,2020-11-20
697,Anna,Mulder,+31600000697,anna.mulder697@example.com,Groningen,2023-07-18
698,Lotte,Vos,+31600000698,lotte.vos698@example.com,Nijmegen,2021-04-17
699,Emma,Meijer,+31600000699,emma.meijer699@example.com,Amsterdam,2023-07-12
700,Lucas,Bos,+31600000700,lucas.bos700@example.com,Almere,2021-06-19
701,Nina,Kok,+31600000701,nina.kok701@example.com,Breda,2023-10-17
702,Sara,Van Dijk,+31600000702,sara.van dijk702@example.com,Nijmegen,2024-07-10
703,Sara,Peters,+31600000703,sara.peters703@example.com,Utrecht,2020-12-10
704,Mila,Kok,+31600000704,mila.kok704@example.com,Utrecht,2024-04-23
705,Sophia,Prins,+31600000705,sophia.prins705@example.com,Groningen,2020-10-01
706,Milan,Prins,+31600000706,milan.prins706@example.com,Rotterdam,2024-12-02
707,Lotte,Bos,+31600000707,lotte.bos707@example.com,Groningen,2022-04-13
708,Sophia,Kok,+31600000708,sophia.kok708@example.com,Breda,2023-10-14
709,Oliver,Hendriks,+31600000709,oliver.hendriks709@example.com,Rotterdam,2021-04-20
710,Emma,Dekker,+31600000710,emma.dekker710@example.com,Eindhoven,2024-02-14
711,Levi,Hendriks,+31600000711,levi.hendriks711@example.com,Groningen,2022-11-30
712,Oliver,Schouten,+31600000712,oliver.schouten712@example.com,Rotterdam,2023-10-06
713,Finn,Bos,+31600000713,finn.bos713@example.com,Tilburg,2024-08-16
714,Julia,Smit,+31600000714,julia.smit714@example.com,Breda,2020-09-27
715,Ethan,De Vries,+31600000715,ethan.de vries715@example.com,Tilburg,2021-01-24
716,Noah,De Vries,+31600000716,noah.de vries716@example.com,Almere,2023-10-04
717,Olivia,Smit,+31600000717,olivia.smit717@example.com,Nijmegen,2023-09-24
718,Sophia,Hendriks,+31600000718,sophia.hendriks718@example.com,The Hague,2021-04-02
719,Daan,Hendriks,+31600000719,daan.hendriks719@example.com,Utrecht,2021-02-27
720,Finn,Jansen,+31600000720,finn.jansen720@example.com,Utrecht,2022-01-27
721,Daan,Kok,+31600000721,daan.kok721@example.com,Rotterdam,2021-12-10
722,Levi,Jansen,+31600000722,levi.jansen722@example.com,Rotterdam,2023-01-05
723,Noah,Smit,+31600000723,noah.smit723@example.com,The Hague,2024-07-01
724,Sara,Smit,+31600000724,sara.smit724@example.com,Almere,2024-06-04
725,Levi,Jansen,+31600000725,levi.jansen725@example.com,Utrecht,2024-05-19
726,Anna,De Vries,+31600000726,anna.de vries726@example.com,Groningen,2021-10-28
727,Liam,Schouten,+31600000727,liam.schouten727@example.com,Rotterdam,2022-08-20
728,Milan,Mulder,+31600000728,milan.mulder728@example.com,Almere,2020-08-09
729,Olivia,Van Dijk,+31600000729,olivia.van dijk729@example.com,Utrecht,2023-09-08
730,Liam,Bakker,+31600000730,liam.bakker730@example.com,Breda,2022-08-12
731,Levi,Jansen,+31600000731,levi.jansen731@example.com,Rotterdam,2023-03-11
732,Finn,Smit,+31600000732,finn.smit732@example.com,Groningen,2023-05-18
733,Noah,Hendriks,+31600000733,noah.hendriks733@example.com,Amsterdam,2024-05-06
734,Daan,Mulder,+31600000734,daan.mulder734@example.com,Breda,2022-07-24
735,Ethan,Van Dijk,+31600000735,ethan.van dijk735@example.com,Groningen,2022-10-23
736,Julia,Mulder,+31600000736,julia.mulder736@example.com,The Hague,2020-09-01
737,Noah,Kuiper,+31600000737,noah.kuiper737@example.com,Utrecht,2024-04-24
738,Oliver,Visser,+31600000738,oliver.visser738@example.com,Nijmegen,2020-11-01
739,Noah,Peters,+31600000739,noah.peters739@example.com,Breda,2024-11-26
740,Lotte,Smit,+31600000740,lotte.smit740@example.com,Groningen,2021-01-22
741,Nina,Jacobs,+31600000741,nina.jacobs741@example.com,Breda,2021-09-06
742,Eva,Kok,+31600000742,eva.kok742@example.com,Utrecht,2021-08-17
743,Levi,Meijer,+31600000743,levi.meijer743@example.com,Eindhoven,2020-06-18
744,Mila,Dekker,+31600000744,mila.dekker744@example.com,Amsterdam,2020-06-06
745,Liam,Visser,+31600000745,liam.visser745@example.com,Amsterdam,2024-04-02
746,Anna,Kok,+31600000746,anna.kok746@example.com,The Hague,2020-04-23
747,Finn,Mulder,+31600000747,finn.mulder747@example.com,Utrecht,2024-02-10
748,Eva,Bakker,+31600000748,eva.bakker748@example.com,Eindhoven,2021-09-26
749,Daan,Kok,+31600000749,daan.kok749@example.com,Almere,2024-06-08
750,Sara,De Boer,+31600000750,sara.de boer750@example.com,Breda,2021-01-02
751,Liam,Hendriks,+31600000751,liam.hendriks751@example.com,Almere,2022-08-24
752,Ethan,Hendriks,+31600000752,ethan.hendriks752@example.com,The Hague,2020-05-20
753,Sara,Kuiper,+31600000753,sara.kuiper753@example.com,The Hague,2024-10-25
754,Lotte,Visser,+31600000754,lotte.visser754@example.com,Rotterdam,2021-08-06
755,Mila,Kok,+31600000755,mila.kok755@example.com,Rotterdam,2020-03-15
756,Emma,Visser,+31600000756,emma.visser756@example.com,Almere,2022-12-16
757,Finn,Mulder,+31600000757,finn.mulder757@example.com,Rotterdam,2020-04-19
758,Oliver,Willems,+31600000758,oliver.willems758@example.com,Groningen,2024-09-06
759,Olivia,Visser,+31600000759,olivia.visser759@example.com,Tilburg,2021-07-04
760,Lotte,Kuiper,+31600000760,lotte.kuiper760@example.com,Rotterdam,2022-04-22
761,Eva,De Boer,+31600000761,eva.de boer761@example.com,Rotterdam,2021-11-18
762,Daan,Jansen,+31600000762,daan.jansen762@example.com,Utrecht,2023-01-03
763,Eva,Peters,+31600000763,eva.peters763@example.com,Utrecht,2020-10-10
764,Mason,Schouten,+31600000764,mason.schouten764@example.com,Breda,2024-07-22
765,Julia,Willems,+31600000765,julia.willems765@example.com,Rotterdam,2021-12-01
766,Julia,Jansen,+31600000766,julia.jansen766@example.com,Utrecht,2020-10-24
767,Milan,Vos,+31600000767,milan.vos767@example.com,Nijmegen,2022-03-21
768,Emma,Dekker,+31600000768,emma.dekker768@example.com,Breda,2020-09-02
769,Oliver,Visser,+31600000769,oliver.visser769@example.com,Breda,2020-02-03
770,Eva,Schouten,+31600000770,eva.schouten770@example.com,Tilburg,2020-10-05
771,Lucas,Peters,+31600000771,lucas.peters771@example.com,Eindhoven,2022-11-24
772,Emma,Willems,+31600000772,emma.willems772@example.com,Tilburg,2022-10-07
773,Noah,Jansen,+31600000773,noah.jansen773@example.com,Rotterdam,2023-07-20
774,Milan,Meijer,+31600000774,milan.meijer774@example.com,Groningen,2021-04-17
775,Anna,Jansen,+31600000775,anna.jansen775@example.com,The Hague,2024-11-05
776,Lucas,Kok,+31600000776,lucas.kok776@example.com,The Hague,2020-04-14
777,Milan,Mulder,+31600000777,milan.mulder777@example.com,Amsterdam,2020-11-24
778,Mason,Vos,+31600000778,mason.vos778@example.com,Almere,2023-05-03
779,Olivia,Jansen,+31600000779,olivia.jansen779@example.com,Almere,2021-06-26
780,Emma,Van Dijk,+31600000780,emma.van dijk780@example.com,Utrecht,2023-01-30
781,Daan,Mulder,+31600000781,daan.mulder781@example.com,Breda,2023-12-08
782,Sophia,Mulder,+31600000782,sophia.mulder782@example.com,Amsterdam,2022-11-20
783,Lucas,Meijer,+31600000783,lucas.meijer783@example.com,Rotterdam,2024-07-11
784,Lotte,Visser,+31600000784,lotte.visser784@example.com,The Hague,2020-06-11
785,Sophia,Jansen,+31600000785,sophia.jansen785@example.com,Utrecht,2021-06-16
786,Mason,Bakker,+31600000786,mason.bakker786@example.com,Amsterdam,2024-11-06
787,Lucas,De Boer,+31600000787,lucas.de boer787@example.com,Eindhoven,2022-11-22
788,Oliver,Jacobs,+31600000788,oliver.jacobs788@example.com,Utrecht,2020-01-21
789,Lotte,Dekker,+31600000789,lotte.dekker789@example.com,Amsterdam,2021-01-06
790,Eva,Smit,+31600000790,eva.smit790@example.com,Tilburg,2022-01-18
791,Nina,Kuiper,+31600000791,nina.kuiper791@example.com,Nijmegen,2020-12-26
792,Liam,De Boer,+31600000792,liam.de boer792@example.com,Eindhoven,2023-10-18
793,Ethan,Visser,+31600000793,ethan.visser793@example.com,Tilburg,2020-06-06
794,Levi,Hendriks,+31600000794,levi.hendriks794@example.com,Nijmegen,2024-02-16
795,Noah,Kok,+31600000795,noah.kok795@example.com,Groningen,2022-10-11
796,Milan,Mulder,+31600000796,milan.mulder796@example.com,Groningen,2024-06-07
797,Sophia,Dekker,+31600000797,sophia.dekker797@example.com,Amsterdam,2020-02-25
798,Finn,De Vries,+31600000798,finn.de vries798@example.com,Nijmegen,2023-04-29
799,Noah,Kok,+31600000799,noah.kok799@example.com,Eindhoven,2022-10-29
800,Julia,Kuiper,+31600000800,julia.kuiper800@example.com,Rotterdam,2020-01-27
801,Mila,Visser,+31600000801,mila.visser801@example.com,Groningen,2023-08-01
802,Eva,Peters,+31600000802,eva.peters802@example.com,Eindhoven,2023-07-11
803,Milan,Schouten,+31600000803,milan.schouten803@example.com,Almere,2021-03-30
804,Nina,Kuiper,+31600000804,nina.kuiper804@example.com,Breda,2021-05-23
805,Noah,De Boer,+31600000805,noah.de boer805@example.com,Utrecht,2020-03-09
806,Sophia,De Boer,+31600000806,sophia.de boer806@example.com,Rotterdam,2024-10-18
807,Oliver,Jansen,+31600000807,oliver.jansen807@example.com,Rotterdam,2020-07-14
808,Lucas,Meijer,+31600000808,lucas.meijer808@example.com,Nijmegen,2024-01-17
809,Olivia,Hendriks,+31600000809,olivia.hendriks809@example.com,Nijmegen,2021-05-01
810,Lucas,Hendriks,+31600000810,lucas.hendriks810@example.com,Amsterdam,2022-01-19
811,Nina,Peters,+31600000811,nina.peters811@example.com,Rotterdam,2023-05-19
812,Noah,Vos,+31600000812,noah.vos812@example.com,Eindhoven,2024-07-24
813,Noah,De Vries,+31600000813,noah.de vries813@example.com,Almere,2022-11-29
814,Nina,Meijer,+31600000814,nina.meijer814@example.com,Utrecht,2020-10-30
815,Sophia,Kuiper,+31600000815,sophia.kuiper815@example.com,Amsterdam,2022-04-11
816,Daan,Prins,+31600000816,daan.prins816@example.com,Groningen,2020-09-04
817,Daan,Van Dijk,+31600000817,daan.van dijk817@example.com,Tilburg,2020-06-15
818,Mason,Prins,+31600000818,mason.prins818@example.com,Almere,2021-08-17
819,Lotte,Meijer,+31600000819,lotte.meijer819@example.com,Almere,2024-10-07
820,Ethan,Bos,+31600000820,ethan.bos820@example.com,Eindhoven,2021-02-23
821,Sara,Bos,+31600000821,sara.bos821@example.com,The Hague,2021-07-28
822,Nina,Jacobs,+31600000822,nina.jacobs822@example.com,Eindhoven,2021-07-02
823,Lotte,Jansen,+31600000823,lotte.jansen823@example.com,Nijmegen,2021-06-27
824,Anna,Vos,+31600000824,anna.vos824@example.com,Nijmegen,2020-01-11
825,Lotte,Schouten,+31600000825,lotte.schouten825@example.com,Nijmegen,2022-10-14
826,Levi,De Vries,+31600000826,levi.de vries826@example.com,Utrecht,2020-08-13
827,Julia,De Boer,+31600000827,julia.de boer827@example.com,Almere,2020-07-16
828,Milan,Visser,+31600000828,milan.visser828@example.com,Amsterdam,2022-06-23
829,Sophia,Visser,+31600000829,sophia.visser829@example.com,Amsterdam,2023-03-16
830,Liam,Prins,+31600000830,liam.prins830@example.com,Breda,2022-05-02
831,Anna,Meijer,+31600000831,anna.meijer831@example.com,Rotterdam,2023-10-21
832,Daan,Kok,+31600000832,daan.kok832@example.com,Nijmegen,2020-04-01
833,Ethan,Willems,+31600000833,ethan.willems833@example.com,Breda,2020-11-22
834,Sara,Prins,+31600000834,sara.prins834@example.com,Rotterdam,2020-01-17
835,Noah,Vos,+31600000835,noah.vos835@example.com,Utrecht,2023-04-03
836,Ethan,Visser,+31600000836,ethan.visser836@example.com,Nijmegen,2020-04-09
837,Finn,Van Dijk,+31600000837,finn.van dijk837@example.com,Amsterdam,2022-08-09
838,Liam,Dekker,+31600000838,liam.dekker838@example.com,Almere,2023-09-11
839,Levi,Jansen,+31600000839,levi.jansen839@example.com,Almere,2024-03-16
840,Oliver,Kok,+31600000840,oliver.kok840@example.com,Rotterdam,2022-05-31
841,Nina,Hendriks,+31600000841,nina.hendriks841@example.com,Groningen,2022-02-21
842,Nina,Schouten,+31600000842,nina.schouten842@example.com,Tilburg,2020-05-28
843,Julia,Visser,+31600000843,julia.visser843@example.com,The Hague,2020-09-16
844,Sara,Hendriks,+31600000844,sara.hendriks844@example.com,Almere,2022-06-20
845,Lucas,Vos,+31600000845,lucas.vos845@example.com,The Hague,2021-12-19
846,Nina,Mulder,+31600000846,nina.mulder846@example.com,Rotterdam,2024-05-30
847,Milan,Van Dijk,+31600000847,milan.van dijk847@example.com,Breda,2023-02-12
848,Lotte,Mulder,+31600000848,lotte.mulder848@example.com,Utrecht,2022-03-13
849,Sophia,Prins,+31600000849,sophia.prins849@example.com,The Hague,2024-05-31
850,Nina,Jacobs,+31600000850,nina.jacobs850@example.com,Rotterdam,2021-02-04
851,Mason,Dekker,+31600000851,mason.dekker851@example.com,Tilburg,2021-06-26
852,Olivia,Schouten,+31600000852,olivia.schouten852@example.com,Almere,2023-11-06
853,Oliver,Meijer,+31600000853,oliver.meijer853@example.com,Nijmegen,2023-12-04
854,Anna,Prins,+31600000854,anna.prins854@example.com,Utrecht,2020-05-13
855,Levi,Vos,+31600000855,levi.vos855@example.com,Breda,2020-10-01
856,Olivia,Visser,+31600000856,olivia.visser856@example.com,Rotterdam,2022-06-18
857,Lotte,De Vries,+31600000857,lotte.de vries857@example.com,Eindhoven,2020-11-20
858,Lucas,Hendriks,+31600000858,lucas.hendriks858@example.com,Eindhoven,2023-01-13
859,Daan,Dekker,+31600000859,daan.dekker859@example.com,Breda,2021-09-04
860,Mason,Peters,+31600000860,mason.peters860@example.com,Almere,2020-08-04
861,Sara,Peters,+31600000861,sara.peters861@example.com,Utrecht,2024-03-04
862,Sara,Prins,+31600000862,sara.prins862@example.com,The Hague,2022-08-21
863,Mila,Kuiper,+31600000863,mila.kuiper863@example.com,Rotterdam,2023-05-09
864,Noah,Prins,+31600000864,noah.prins864@example.com,Almere,2020-09-18
865,Liam,Jacobs,+31600000865,liam.jacobs865@example.com,Breda,2023-12-21
866,Sara,Jansen,+31600000866,sara.jansen866@example.com,Utrecht,2020-11-14
867,Noah,Schouten,+31600000867,noah.schouten867@example.com,Nijmegen,2023-08-21
868,Finn,Jacobs,+31600000868,finn.jacobs868@example.com,The Hague,2021-01-02
869,Sophia,Kok,+31600000869,sophia.kok869@example.com,Utrecht,2020-05-15
870,Oliver,Dekker,+31600000870,oliver.dekker870@example.com,Rotterdam,2022-07-24
871,Mason,Kok,+31600000871,mason.kok871@example.com,Almere,2020-10-22
872,Mila,Kuiper,+31600000872,mila.kuiper872@example.com,Eindhoven,2022-05-25
873,Finn,Van Dijk,+31600000873,finn.van dijk873@example.com,Tilburg,2023-11-17
874,Mason,Van Dijk,+31600000874,mason.van dijk874@example.com,Rotterdam,2020-02-04
875,Liam,De Boer,+31600000875,liam.de boer875@example.com,Nijmegen,2023-02-06
876,Nina,Jacobs,+31600000876,nina.jacobs876@example.com,Nijmegen,2021-11-18
877,Lucas,Dekker,+31600000877,lucas.dekker877@example.com,Utrecht,2022-08-24
878,Liam,Bakker,+31600000878,liam.bakker878@example.com,Rotterdam,2020-05-20
879,Emma,Bos,+31600000879,emma.bos879@example.com,Eindhoven,2020-12-16
880,Finn,Jacobs,+31600000880,finn.jacobs880@example.com,Eindhoven,2021-08-08
881,Julia,Jacobs,+31600000881,julia.jacobs881@example.com,Rotterdam,2022-09-03
882,Olivia,Visser,+31600000882,olivia.visser882@example.com,Nijmegen,2023-10-24
883,Liam,Meijer,+31600000883,liam.meijer883@example.com,The Hague,2023-04-15
884,Finn,Willems,+31600000884,finn.willems884@example.com,Rotterdam,2021-11-30
885,Milan,Kuiper,+31600000885,milan.kuiper885@example.com,The Hague,2022-07-24
886,Noah,Mulder,+31600000886,noah.mulder886@example.com,Rotterdam,2021-08-30
887,Finn,Jacobs,+31600000887,finn.jacobs887@example.com,Amsterdam,2023-12-19
888,Olivia,Hendriks,+31600000888,olivia.hendriks888@example.com,Eindhoven,2020-01-25
889,Levi,Vos,+31600000889,levi.vos889@example.com,Almere,2021-04-16
890,Emma,Meijer,+31600000890,emma.meijer890@example.com,Utrecht,2020-06-05
891,Anna,Visser,+31600000891,anna.visser891@example.com,Almere,2020-05-20
892,Anna,Bakker,+31600000892,anna.bakker892@example.com,Groningen,2022-04-20
893,Finn,Bos,+31600000893,finn.bos893@example.com,Nijmegen,2022-03-27
894,Liam,Dekker,+31600000894,liam.dekker894@example.com,Utrecht,2024-04-18
895,Finn,Peters,+31600000895,finn.peters895@example.com,The Hague,2024-05-07
896,Liam,Visser,+31600000896,liam.visser896@example.com,Breda,2021-02-17
897,Nina,Kuiper,+31600000897,nina.kuiper897@example.com,Almere,2024-06-06
898,Noah,De Vries,+31600000898,noah.de vries898@example.com,Eindhoven,2021-06-03
899,Emma,Jacobs,+31600000899,emma.jacobs899@example.com,Tilburg,2020-08-25
900,Oliver,Meijer,+31600000900,oliver.meijer900@example.com,Utrecht,2024-09-08
901,Noah,De Vries,+31600000901,noah.de vries901@example.com,Amsterdam,2023-05-14
902,Finn,Vos,+31600000902,finn.vos902@example.com,Rotterdam,2024-01-31
903,Milan,Meijer,+31600000903,milan.meijer903@example.com,Eindhoven,2020-09-23
904,Levi,Jansen,+31600000904,levi.jansen904@example.com,Utrecht,2022-03-29
905,Sophia,Willems,+31600000905,sophia.willems905@example.com,Breda,2023-05-13
906,Julia,Jansen,+31600000906,julia.jansen906@example.com,Nijmegen,2021-07-26
907,Finn,Jansen,+31600000907,finn.jansen907@example.com,Tilburg,2022-06-05
908,Emma,Prins,+31600000908,emma.prins908@example.com,Amsterdam,2020-02-19
909,Mason,Van Dijk,+31600000909,mason.van dijk909@example.com,Amsterdam,2022-10-19
910,Sophia,Kok,+31600000910,sophia.kok910@example.com,Nijmegen,2022-06-06
911,Oliver,Hendriks,+31600000911,oliver.hendriks911@example.com,The Hague,2021-11-02
912,Sophia,Smit,+31600000912,sophia.smit912@example.com,Groningen,2021-03-02
913,Nina,Jansen,+31600000913,nina.jansen913@example.com,Tilburg,2021-01-18
914,Lucas,Smit,+31600000914,lucas.smit914@example.com,Eindhoven,2020-03-08
915,Sara,Smit,+31600000915,sara.smit915@example.com,Tilburg,2024-09-15
916,Daan,Kok,+31600000916,daan.kok916@example.com,Eindhoven,2021-06-15
917,Mila,De Boer,+31600000917,mila.de boer917@example.com,The Hague,2022-05-23
918,Olivia,Smit,+31600000918,olivia.smit918@example.com,Utrecht,2024-06-27
919,Daan,Hendriks,+31600000919,daan.hendriks919@example.com,Nijmegen,2023-09-01
920,Mason,Peters,+31600000920,mason.peters920@example.com,Breda,2021-03-18
921,Sophia,Jacobs,+31600000921,sophia.jacobs921@example.com,Amsterdam,2021-11-15
922,Ethan,Schouten,+31600000922,ethan.schouten922@example.com,Almere,2023-06-30
923,Lucas,Mulder,+31600000923,lucas.mulder923@example.com,The Hague,2021-12-27
924,Liam,Willems,+31600000924,liam.willems924@example.com,Amsterdam,2024-06-22
925,Sophia,Willems,+31600000925,sophia.willems925@example.com,Almere,2024-06-12
926,Milan,Hendriks,+31600000926,milan.hendriks926@example.com,Eindhoven,2023-04-26
927,Liam,Van Dijk,+31600000927,liam.van dijk927@example.com,Tilburg,2023-04-03
928,Olivia,Mulder,+31600000928,olivia.mulder928@example.com,Eindhoven,2020-08-31
929,Eva,Smit,+31600000929,eva.smit929@example.com,Breda,2023-02-17
930,Liam,Van Dijk,+31600000930,liam.van dijk930@example.com,Eindhoven,2021-08-24
931,Sophia,De Vries,+31600000931,sophia.de vries931@example.com,Utrecht,2022-01-22
932,Lucas,Peters,+31600000932,lucas.peters932@example.com,Rotterdam,2021-06-25
933,Oliver,Vos,+31600000933,oliver.vos933@example.com,Tilburg,2022-12-08
934,Julia,De Boer,+31600000934,julia.de boer934@example.com,Groningen,2022-09-22
935,Noah,Jacobs,+31600000935,noah.jacobs935@example.com,Utrecht,2024-02-28
936,Daan,Schouten,+31600000936,daan.schouten936@example.com,Rotterdam,2024-01-14
937,Oliver,Vos,+31600000937,oliver.vos937@example.com,Breda,2020-02-06
938,Eva,Schouten,+31600000938,eva.schouten938@example.com,Rotterdam,2022-12-01
939,Julia,De Vries,+31600000939,julia.de vries939@example.com,Groningen,2023-04-14
940,Eva,De Boer,+31600000940,eva.de boer940@example.com,Breda,2024-01-04
941,Nina,Jansen,+31600000941,nina.jansen941@example.com,Eindhoven,2024-03-28
942,Noah,Hendriks,+31600000942,noah.hendriks942@example.com,Utrecht,2024-04-26
943,Sara,Meijer,+31600000943,sara.meijer943@example.com,Almere,2021-06-26
944,Ethan,Jansen,+31600000944,ethan.jansen944@example.com,Amsterdam,2021-06-03
945,Julia,Jacobs,+31600000945,julia.jacobs945@example.com,Utrecht,2021-12-21
946,Eva,Bakker,+31600000946,eva.bakker946@example.com,Groningen,2020-01-16
947,Sara,De Vries,+31600000947,sara.de vries947@example.com,Groningen,2024-09-30
948,Oliver,Hendriks,+31600000948,oliver.hendriks948@example.com,Utrecht,2020-03-18
949,Liam,Willems,+31600000949,liam.willems949@example.com,Nijmegen,2022-11-24
950,Ethan,De Vries,+31600000950,ethan.de vries950@example.com,Almere,2022-05-21
951,Mason,Prins,+31600000951,mason.prins951@example.com,Eindhoven,2020-09-01
952,Milan,Bos,+31600000952,milan.bos952@example.com,Utrecht,2023-12-25
953,Anna,Visser,+31600000953,anna.visser953@example.com,Tilburg,2020-03-16
954,Anna,Mulder,+31600000954,anna.mulder954@example.com,Amsterdam,2021-11-16
955,Levi,De Vries,+31600000955,levi.de vries955@example.com,Amsterdam,2020-08-06
956,Oliver,Prins,+31600000956,oliver.prins956@example.com,Rotterdam,2023-01-09
957,Lucas,Bos,+31600000957,lucas.bos957@example.com,The Hague,2023-05-21
958,Oliver,Kuiper,+31600000958,oliver.kuiper958@example.com,Groningen,2022-09-14
959,Nina,Meijer,+31600000959,nina.meijer959@example.com,Almere,2023-01-21
960,Lucas,Willems,+31600000960,lucas.willems960@example.com,Amsterdam,2024-06-10
961,Finn,Schouten,+31600000961,finn.schouten961@example.com,Eindhoven,2022-05-18
962,Emma,Prins,+31600000962,emma.prins962@example.com,Almere,2020-08-21
963,Mila,Schouten,+31600000963,mila.schouten963@example.com,Breda,2021-07-28
964,Ethan,Smit,+31600000964,ethan.smit964@example.com,Breda,2024-01-10
965,Lucas,Prins,+31600000965,lucas.prins965@example.com,Rotterdam,2021-05-08
966,Anna,De Vries,+31600000966,anna.de vries966@example.com,Groningen,2021-11-17
967,Levi,Mulder,+31600000967,levi.mulder967@example.com,Rotterdam,2022-05-26
968,Sophia,Visser,+31600000968,sophia.visser968@example.com,Rotterdam,2022-01-21
969,Lucas,Jacobs,+31600000969,lucas.jacobs969@example.com,Amsterdam,2020-05-12
970,Emma,Kok,+31600000970,emma.kok970@example.com,Eindhoven,2021-01-27
971,Noah,Visser,+31600000971,noah.visser971@example.com,Groningen,2020-05-24
972,Eva,Meijer,+31600000972,eva.meijer972@example.com,Breda,2020-06-02
973,Levi,Jansen,+31600000973,levi.jansen973@example.com,Utrecht,2020-08-23
974,Olivia,Peters,+31600000974,olivia.peters974@example.com,Eindhoven,2023-09-11
975,Nina,Jansen,+31600000975,nina.jansen975@example.com,Eindhoven,2021-03-09
976,Julia,Hendriks,+31600000976,julia.hendriks976@example.com,Nijmegen,2020-01-29
977,Ethan,Willems,+31600000977,ethan.willems977@example.com,Almere,2023-03-22
978,Nina,Bos,+31600000978,nina.bos978@example.com,Utrecht,2023-04-09
979,Mila,Schouten,+31600000979,mila.schouten979@example.com,Almere,2021-04-06
980,Levi,Vos,+31600000980,levi.vos980@example.com,Nijmegen,2021-02-13
981,Nina,De Boer,+31600000981,nina.de boer981@example.com,Amsterdam,2021-04-17
982,Sara,Bakker,+31600000982,sara.bakker982@example.com,Rotterdam,2020-09-02
983,Mason,Dekker,+31600000983,mason.dekker983@example.com,Rotterdam,2022-01-28
984,Lotte,Visser,+31600000984,lotte.visser984@example.com,Rotterdam,2022-06-17
985,Eva,Willems,+31600000985,eva.willems985@example.com,Amsterdam,2022-05-26
986,Sophia,Willems,+31600000986,sophia.willems986@example.com,Breda,2020-10-29
987,Levi,De Vries,+31600000987,levi.de vries987@example.com,Tilburg,2021-06-25
988,Daan,De Vries,+31600000988,daan.de vries988@example.com,Eindhoven,2023-05-31
989,Olivia,Bos,+31600000989,olivia.bos989@example.com,Breda,2022-02-02
990,Emma,Smit,+31600000990,emma.smit990@example.com,Rotterdam,2020-08-16
991,Daan,Visser,+31600000991,daan.visser991@example.com,Utrecht,2021-03-22
992,Eva,Mulder,+31600000992,eva.mulder992@example.com,Amsterdam,2022-12-30
993,Julia,Kok,+31600000993,julia.kok993@example.com,Utrecht,2022-02-13
994,Olivia,Bakker,+31600000994,olivia.bakker994@example.com,Rotterdam,2024-09-17
995,Noah,Jacobs,+31600000995,noah.jacobs995@example.com,Tilburg,2020-05-13
996,Mila,Vos,+31600000996,mila.vos996@example.com,Eindhoven,2020-04-11
997,Olivia,Kuiper,+31600000997,olivia.kuiper997@example.com,Rotterdam,2021-02-04
998,Oliver,Hendriks,+31600000998,oliver.hendriks998@example.com,Amsterdam,2022-03-21
999,Emma,De Boer,+31600000999,emma.de boer999@example.com,Tilburg,2024-10-28
1000,Ethan,Meijer,+31600001000,ethan.meijer1000@example.com,Rotterdam,2022-01-08
1001,Lotte,Visser,+31600001001,lotte.visser1001@example.com,Tilburg,2022-04-06
1002,Milan,Dekker,+31600001002,milan.dekker1002@example.com,Tilburg,2023-01-30
1003,Finn,Bos,+31600001003,finn.bos1003@example.com,Breda,2020-02-02
1004,Olivia,Dekker,+31600001004,olivia.dekker1004@example.com,The Hague,2021-03-18
1005,Julia,De Vries,+31600001005,julia.de vries1005@example.com,Eindhoven,2020-11-01
1006,Julia,De Vries,+31600001006,julia.de vries1006@example.com,Tilburg,2022-07-06
1007,Mason,Hendriks,+31600001007,mason.hendriks1007@example.com,Almere,2022-09-23
1008,Ethan,De Boer,+31600001008,ethan.de boer1008@example.com,The Hague,2020-10-27
1009,Mason,Mulder,+31600001009,mason.mulder1009@example.com,Amsterdam,2023-12-16
1010,Milan,Hendriks,+31600001010,milan.hendriks1010@example.com,Tilburg,2023-05-26
1011,Mila,Hendriks,+31600001011,mila.hendriks1011@example.com,Groningen,2022-02-13
1012,Oliver,Kuiper,+31600001012,oliver.kuiper1012@example.com,Almere,2022-03-14
1013,Emma,Van Dijk,+31600001013,emma.van dijk1013@example.com,Rotterdam,2020-10-07
1014,Mason,Schouten,+31600001014,mason.schouten1014@example.com,Almere,2024-11-14
1015,Julia,Meijer,+31600001015,julia.meijer1015@example.com,Rotterdam,2020-01-12
1016,Eva,Prins,+31600001016,eva.prins1016@example.com,Groningen,2020-04-23
1017,Daan,Peters,+31600001017,daan.peters1017@example.com,The Hague,2021-04-18
1018,Anna,Smit,+31600001018,anna.smit1018@example.com,Amsterdam,2022-12-25
1019,Ethan,Mulder,+31600001019,ethan.mulder1019@example.com,Breda,2021-07-04
1020,Julia,Jansen,+31600001020,julia.jansen1020@example.com,Utrecht,2020-02-20
1021,Lotte,Schouten,+31600001021,lotte.schouten1021@example.com,Almere,2023-05-23
1022,Liam,Mulder,+31600001022,liam.mulder1022@example.com,Eindhoven,2021-10-19
1023,Finn,Schouten,+31600001023,finn.schouten1023@example.com,Tilburg,2022-04-02
1024,Ethan,Bakker,+31600001024,ethan.bakker1024@example.com,Utrecht,2023-11-28
1025,Nina,Peters,+31600001025,nina.peters1025@example.com,Almere,2022-06-28
1026,Sara,Jansen,+31600001026,sara.jansen1026@example.com,Rotterdam,2020-10-09
1027,Lucas,Bakker,+31600001027,lucas.bakker1027@example.com,Rotterdam,2024-07-31
1028,Emma,Visser,+31600001028,emma.visser1028@example.com,Eindhoven,2022-02-20
1029,Anna,Prins,+31600001029,anna.prins1029@example.com,The Hague,2021-05-15
1030,Liam,Prins,+31600001030,liam.prins1030@example.com,Amsterdam,2021-10-04
1031,Julia,Hendriks,+31600001031,julia.hendriks1031@example.com,Almere,2024-05-05
1032,Mason,Jacobs,+31600001032,mason.jacobs1032@example.com,Groningen,2024-09-14
1033,Nina,Kuiper,+31600001033,nina.kuiper1033@example.com,Rotterdam,2023-01-24
1034,Mason,Prins,+31600001034,mason.prins1034@example.com,Groningen,2023-03-14
1035,Oliver,Hendriks,+31600001035,oliver.hendriks1035@example.com,Utrecht,2023-02-10
1036,Emma,Meijer,+31600001036,emma.meijer1036@example.com,Nijmegen,2023-07-22
1037,Emma,Vos,+31600001037,emma.vos1037@example.com,Almere,2022-06-27
1038,Mila,Jacobs,+31600001038,mila.jacobs1038@example.com,Almere,2020-06-04
1039,Levi,Prins,+31600001039,levi.prins1039@example.com,Eindhoven,2020-05-22
1040,Mila,De Boer,+31600001040,mila.de boer1040@example.com,Utrecht,2022-01-08
1041,Anna,Smit,+31600001041,anna.smit1041@example.com,Almere,2021-11-19
1042,Milan,Hendriks,+31600001042,milan.hendriks1042@example.com,Eindhoven,2024-08-06
1043,Lotte,Hendriks,+31600001043,lotte.hendriks1043@example.com,Amsterdam,2022-01-23
1044,Liam,Bakker,+31600001044,liam.bakker1044@example.com,Amsterdam,2020-02-11
1045,Mason,Meijer,+31600001045,mason.meijer1045@example.com,Groningen,2022-10-13
1046,Anna,Van Dijk,+31600001046,anna.van dijk1046@example.com,Tilburg,2021-06-25
1047,Levi,Kok,+31600001047,levi.kok1047@example.com,The Hague,2021-12-12
1048,Eva,Visser,+31600001048,eva.visser1048@example.com,Nijmegen,2022-02-23
1049,Milan,Meijer,+31600001049,milan.meijer1049@example.com,Groningen,2024-03-03
1050,Sara,Schouten,+31600001050,sara.schouten1050@example.com,Almere,2024-07-30
1051,Finn,Dekker,+31600001051,finn.dekker1051@example.com,Utrecht,2023-06-03
1052,Finn,De Vries,+31600001052,finn.de vries1052@example.com,Eindhoven,2023-08-13
1053,Daan,Kuiper,+31600001053,daan.kuiper1053@example.com,Utrecht,2023-04-09
1054,Eva,Meijer,+31600001054,eva.meijer1054@example.com,Amsterdam,2020-10-05
1055,Sophia,Meijer,+31600001055,sophia.meijer1055@example.com,Tilburg,2020-02-04
1056,Levi,Van Dijk,+31600001056,levi.van dijk1056@example.com,Almere,2024-05-12
1057,Milan,De Boer,+31600001057,milan.de boer1057@example.com,Rotterdam,2021-08-21
1058,Julia,Schouten,+31600001058,julia.schouten1058@example.com,Utrecht,2022-10-05
1059,Daan,Schouten,+31600001059,daan.schouten1059@example.com,Almere,2020-09-06
1060,Milan,Hendriks,+31600001060,milan.hendriks1060@example.com,Utrecht,2020-01-14
1061,Lotte,Prins,+31600001061,lotte.prins1061@example.com,Nijmegen,2023-05-28
1062,Levi,Jansen,+31600001062,levi.jansen1062@example.com,Amsterdam,2024-08-29
1063,Milan,Kok,+31600001063,milan.kok1063@example.com,Breda,2023-06-08
1064,Finn,Schouten,+31600001064,finn.schouten1064@example.com,Almere,2022-10-23
1065,Lucas,Prins,+31600001065,lucas.prins1065@example.com,Rotterdam,2020-03-27
1066,Milan,Meijer,+31600001066,milan.meijer1066@example.com,The Hague,2023-02-15
1067,Lucas,Prins,+31600001067,lucas.prins1067@example.com,The Hague,2022-05-20
1068,Emma,De Boer,+31600001068,emma.de boer1068@example.com,Tilburg,2021-02-13
1069,Olivia,De Boer,+31600001069,olivia.de boer1069@example.com,Tilburg,2021-10-11
1070,Liam,Vos,+31600001070,liam.vos1070@example.com,Utrecht,2020-01-04
1071,Julia,De Boer,+31600001071,julia.de boer1071@example.com,Utrecht,2023-10-11
1072,Olivia,Peters,+31600001072,olivia.peters1072@example.com,Almere,2020-08-31
1073,Olivia,Visser,+31600001073,olivia.visser1073@example.com,Almere,2021-10-10
1074,Mason,Jansen,+31600001074,mason.jansen1074@example.com,The Hague,2020-05-08
1075,Olivia,Vos,+31600001075,olivia.vos1075@example.com,Amsterdam,2023-02-18
1076,Oliver,Jacobs,+31600001076,oliver.jacobs1076@example.com,Amsterdam,2021-03-04
1077,Anna,Peters,+31600001077,anna.peters1077@example.com,Breda,2023-02-02
1078,Eva,Jacobs,+31600001078,eva.jacobs1078@example.com,Utrecht,2024-04-22
1079,Mason,Bakker,+31600001079,mason.bakker1079@example.com,Tilburg,2020-03-30
1080,Lotte,Willems,+31600001080,lotte.willems1080@example.com,Almere,2023-02-18
1081,Sara,Schouten,+31600001081,sara.schouten1081@example.com,Amsterdam,2020-01-14
1082,Lotte,Mulder,+31600001082,lotte.mulder1082@example.com,Utrecht,2024-03-16
1083,Noah,Prins,+31600001083,noah.prins1083@example.com,Groningen,2024-03-01
1084,Oliver,Vos,+31600001084,oliver.vos1084@example.com,Almere,2022-05-13
1085,Julia,Kok,+31600001085,julia.kok1085@example.com,Amsterdam,2023-08-17
1086,Nina,Prins,+31600001086,nina.prins1086@example.com,Rotterdam,2020-10-28
1087,Mason,Kuiper,+31600001087,mason.kuiper1087@example.com,Groningen,2024-05-06
1088,Lucas,Jacobs,+31600001088,lucas.jacobs1088@example.com,The Hague,2023-09-07
1089,Finn,De Vries,+31600001089,finn.de vries1089@example.com,Eindhoven,2024-05-10
1090,Emma,Hendriks,+31600001090,emma.hendriks1090@example.com,Almere,2021-07-25
1091,Nina,Kuiper,+31600001091,nina.kuiper1091@example.com,Eindhoven,2024-01-17
1092,Mila,Smit,+31600001092,mila.smit1092@example.com,Breda,2022-01-02
1093,Finn,Peters,+31600001093,finn.peters1093@example.com,The Hague,2024-03-23
1094,Oliver,Bakker,+31600001094,oliver.bakker1094@example.com,Nijmegen,2022-03-02
1095,Milan,Jacobs,+31600001095,milan.jacobs1095@example.com,Breda,2024-07-19
1096,Noah,Kok,+31600001096,noah.kok1096@example.com,Utrecht,2020-07-01
1097,Levi,Prins,+31600001097,levi.prins1097@example.com,Tilburg,2023-01-12
1098,Milan,De Boer,+31600001098,milan.de boer1098@example.com,Groningen,2023-08-21
1099,Oliver,Kok,+31600001099,oliver.kok1099@example.com,Amsterdam,2022-06-14
1100,Finn,Schouten,+31600001100,finn.schouten1100@example.com,Nijmegen,2021-07-16
1101,Finn,Willems,+31600001101,finn.willems1101@example.com,Breda,2023-03-08
1102,Lucas,Peters,+31600001102,lucas.peters1102@example.com,Breda,2021-06-03
1103,Julia,De Boer,+31600001103,julia.de boer1103@example.com,The Hague,2024-06-03
1104,Daan,Hendriks,+31600001104,daan.hendriks1104@example.com,Rotterdam,2023-04-10
1105,Olivia,Bakker,+31600001105,olivia.bakker1105@example.com,Tilburg,2020-10-13
1106,Levi,Hendriks,+31600001106,levi.hendriks1106@example.com,Almere,2020-01-14
1107,Lucas,Dekker,+31600001107,lucas.dekker1107@example.com,Eindhoven,2021-06-27
1108,Emma,Meijer,+31600001108,emma.meijer1108@example.com,Rotterdam,2022-12-16
1109,Mila,Visser,+31600001109,mila.visser1109@example.com,Nijmegen,2024-02-22
1110,Noah,Jansen,+31600001110,noah.jansen1110@example.com,Eindhoven,2024-03-27
1111,Julia,Willems,+31600001111,julia.willems1111@example.com,Rotterdam,2023-03-24
1112,Noah,Prins,+31600001112,noah.prins1112@example.com,Tilburg,2021-01-24
1113,Emma,Meijer,+31600001113,emma.meijer1113@example.com,Almere,2023-06-27
1114,Liam,De Boer,+31600001114,liam.de boer1114@example.com,Rotterdam,2021-10-21
1115,Mason,Bakker,+31600001115,mason.bakker1115@example.com,The Hague,2022-11-04
1116,Nina,Visser,+31600001116,nina.visser1116@example.com,Utrecht,2023-04-15
1117,Nina,Visser,+31600001117,nina.visser1117@example.com,Breda,2020-07-18
1118,Anna,Kok,+31600001118,anna.kok1118@example.com,Tilburg,2021-05-23
1119,Milan,Kuiper,+31600001119,milan.kuiper1119@example.com,Breda,2020-12-10
1120,Anna,Willems,+31600001120,anna.willems1120@example.com,Amsterdam,2021-09-06
1121,Eva,Vos,+31600001121,eva.vos1121@example.com,Almere,2020-12-17
1122,Milan,Bakker,+31600001122,milan.bakker1122@example.com,Eindhoven,2023-11-05
1123,Mason,Jansen,+31600001123,mason.jansen1123@example.com,Utrecht,2022-09-21
1124,Eva,Peters,+31600001124,eva.peters1124@example.com,Breda,2022-12-22
1125,Lucas,Peters,+31600001125,lucas.peters1125@example.com,Rotterdam,2024-04-22
1126,Emma,Meijer,+31600001126,emma.meijer1126@example.com,Utrecht,2023-03-16
1127,Daan,Bos,+31600001127,daan.bos1127@example.com,Groningen,2023-03-10
1128,Daan,Jacobs,+31600001128,daan.jacobs1128@example.com,The Hague,2024-07-29
1129,Sophia,Prins,+31600001129,sophia.prins1129@example.com,Utrecht,2022-12-30
1130,Liam,Jacobs,+31600001130,liam.jacobs1130@example.com,Tilburg,2022-12-23
1131,Lucas,Dekker,+31600001131,lucas.dekker1131@example.com,Breda,2024-02-20
1132,Noah,Bos,+31600001132,noah.bos1132@example.com,Eindhoven,2020-08-08
1133,Anna,Dekker,+31600001133,anna.dekker1133@example.com,Utrecht,2022-12-13
1134,Oliver,Visser,+31600001134,oliver.visser1134@example.com,Amsterdam,2023-12-21
1135,Ethan,Bos,+31600001135,ethan.bos1135@example.com,Utrecht,2021-05-30
1136,Mason,Vos,+31600001136,mason.vos1136@example.com,Rotterdam,2020-05-13
1137,Eva,Bos,+31600001137,eva.bos1137@example.com,The Hague,2020-12-30
1138,Eva,Jansen,+31600001138,eva.jansen1138@example.com,Amsterdam,2020-07-24
1139,Noah,Hendriks,+31600001139,noah.hendriks1139@example.com,The Hague,2024-07-14
1140,Mason,Willems,+31600001140,mason.willems1140@example.com,The Hague,2024-06-01
1141,Oliver,Kok,+31600001141,oliver.kok1141@example.com,Breda,2022-06-27
1142,Mason,Schouten,+31600001142,mason.schouten1142@example.com,Nijmegen,2021-03-21
1143,Lotte,Prins,+31600001143,lotte.prins1143@example.com,Tilburg,2021-07-18
1144,Liam,Vos,+31600001144,liam.vos1144@example.com,Groningen,2020-05-10
1145,Levi,Smit,+31600001145,levi.smit1145@example.com,Breda,2022-05-16
1146,Julia,De Vries,+31600001146,julia.de vries1146@example.com,Nijmegen,2020-01-02
1147,Daan,Hendriks,+31600001147,daan.hendriks1147@example.com,The Hague,2022-03-15
1148,Ethan,Dekker,+31600001148,ethan.dekker1148@example.com,Groningen,2023-02-28
1149,Liam,Vos,+31600001149,liam.vos1149@example.com,Breda,2024-06-13
1150,Nina,Dekker,+31600001150,nina.dekker1150@example.com,Nijmegen,2023-04-06
1151,Mason,Vos,+31600001151,mason.vos1151@example.com,Eindhoven,2021-01-08
1152,Anna,De Vries,+31600001152,anna.de vries1152@example.com,Nijmegen,2020-12-29
1153,Levi,Vos,+31600001153,levi.vos1153@example.com,Nijmegen,2021-01-10
1154,Lucas,Jansen,+31600001154,lucas.jansen1154@example.com,Rotterdam,2024-07-02
1155,Mason,Visser,+31600001155,mason.visser1155@example.com,The Hague,2021-06-22
1156,Sophia,Meijer,+31600001156,sophia.meijer1156@example.com,Eindhoven,2021-09-14
1157,Nina,De Vries,+31600001157,nina.de vries1157@example.com,The Hague,2020-11-06
1158,Anna,Willems,+31600001158,anna.willems1158@example.com,Tilburg,2021-04-09
1159,Lotte,De Vries,+31600001159,lotte.de vries1159@example.com,Amsterdam,2023-05-14
1160,Julia,De Boer,+31600001160,julia.de boer1160@example.com,Utrecht,2023-05-04
1161,Olivia,Van Dijk,+31600001161,olivia.van dijk1161@example.com,Tilburg,2023-02-16
1162,Olivia,Bos,+31600001162,olivia.bos1162@example.com,Amsterdam,2024-01-29
1163,Sophia,Peters,+31600001163,sophia.peters1163@example.com,Almere,2020-01-24
1164,Mason,Kok,+31600001164,mason.kok1164@example.com,Groningen,2022-11-18
1165,Emma,De Boer,+31600001165,emma.de boer1165@example.com,The Hague,2022-09-12
1166,Noah,Meijer,+31600001166,noah.meijer1166@example.com,The Hague,2023-03-27
1167,Finn,Vos,+31600001167,finn.vos1167@example.com,Utrecht,2021-05-17
1168,Nina,Kuiper,+31600001168,nina.kuiper1168@example.com,Groningen,2020-01-12
1169,Eva,Bos,+31600001169,eva.bos1169@example.com,Nijmegen,2021-05-07
1170,Sophia,Willems,+31600001170,sophia.willems1170@example.com,Rotterdam,2024-04-30
1171,Daan,Bakker,+31600001171,daan.bakker1171@example.com,Utrecht,2023-04-12
1172,Olivia,Jacobs,+31600001172,olivia.jacobs1172@example.com,Rotterdam,2024-06-30
1173,Oliver,Meijer,+31600001173,oliver.meijer1173@example.com,Amsterdam,2021-12-25
1174,Eva,Peters,+31600001174,eva.peters1174@example.com,Nijmegen,2023-08-01
1175,Mila,Bakker,+31600001175,mila.bakker1175@example.com,Utrecht,2024-09-26
1176,Oliver,Mulder,+31600001176,oliver.mulder1176@example.com,Utrecht,2021-10-02
1177,Mila,Peters,+31600001177,mila.peters1177@example.com,Almere,2024-09-02
1178,Julia,Meijer,+31600001178,julia.meijer1178@example.com,Nijmegen,2020-11-06
1179,Lotte,Dekker,+31600001179,lotte.dekker1179@example.com,Rotterdam,2020-04-08
1180,Daan,Schouten,+31600001180,daan.schouten1180@example.com,Almere,2020-11-03
1181,Lotte,Smit,+31600001181,lotte.smit1181@example.com,Rotterdam,2022-04-12
1182,Lotte,Prins,+31600001182,lotte.prins1182@example.com,Breda,2023-06-16
1183,Levi,Schouten,+31600001183,levi.schouten1183@example.com,Breda,2020-06-16
1184,Milan,Bakker,+31600001184,milan.bakker1184@example.com,Groningen,2023-04-08
1185,Mila,Jansen,+31600001185,mila.jansen1185@example.com,Almere,2020-11-21
1186,Anna,Kok,+31600001186,anna.kok1186@example.com,Groningen,2024-08-16
1187,Milan,Kuiper,+31600001187,milan.kuiper1187@example.com,Groningen,2020-10-20
1188,Levi,Visser,+31600001188,levi.visser1188@example.com,The Hague,2020-06-25
1189,Mila,Meijer,+31600001189,mila.meijer1189@example.com,Almere,2024-01-26
1190,Nina,Willems,+31600001190,nina.willems1190@example.com,Eindhoven,2024-06-05
1191,Oliver,De Boer,+31600001191,oliver.de boer1191@example.com,Tilburg,2022-12-10
1192,Sophia,Prins,+31600001192,sophia.prins1192@example.com,Almere,2023-05-30
1193,Lucas,Vos,+31600001193,lucas.vos1193@example.com,Eindhoven,2023-02-28
1194,Mila,Meijer,+31600001194,mila.meijer1194@example.com,Groningen,2020-07-23
1195,Lucas,Kok,+31600001195,lucas.kok1195@example.com,Amsterdam,2022-11-03
1196,Mason,Jacobs,+31600001196,mason.jacobs1196@example.com,Eindhoven,2021-04-18
1197,Noah,Kok,+31600001197,noah.kok1197@example.com,Eindhoven,2020-06-13
1198,Sophia,Schouten,+31600001198,sophia.schouten1198@example.com,Eindhoven,2023-03-20
1199,Milan,Bos,+31600001199,milan.bos1199@example.com,Breda,2022-06-19
1200,Mason,Kuiper,+31600001200,mason.kuiper1200@example.com,Nijmegen,2023-06-23
1201,Nina,Dekker,+31600001201,nina.dekker1201@example.com,Almere,2022-02-26
1202,Mila,Visser,+31600001202,mila.visser1202@example.com,Rotterdam,2020-08-02
1203,Ethan,Hendriks,+31600001203,ethan.hendriks1203@example.com,Rotterdam,2020-10-24
1204,Nina,Mulder,+31600001204,nina.mulder1204@example.com,Utrecht,2022-05-06
1205,Sara,Jansen,+31600001205,sara.jansen1205@example.com,Rotterdam,2020-12-28
1206,Julia,Jansen,+31600001206,julia.jansen1206@example.com,Groningen,2022-02-20
1207,Milan,Schouten,+31600001207,milan.schouten1207@example.com,Almere,2023-10-15
1208,Lotte,Smit,+31600001208,lotte.smit1208@example.com,The Hague,2023-05-15
1209,Levi,Peters,+31600001209,levi.peters1209@example.com,Tilburg,2024-03-03
1210,Daan,De Vries,+31600001210,daan.de vries1210@example.com,Amsterdam,2020-03-10
1211,Noah,Schouten,+31600001211,noah.schouten1211@example.com,Groningen,2020-08-27
1212,Levi,Willems,+31600001212,levi.willems1212@example.com,The Hague,2023-12-17
1213,Liam,Dekker,+31600001213,liam.dekker1213@example.com,The Hague,2020-08-26
1214,Finn,Jansen,+31600001214,finn.jansen1214@example.com,Tilburg,2021-12-20
1215,Eva,Vos,+31600001215,eva.vos1215@example.com,Groningen,2021-02-17
1216,Milan,Bos,+31600001216,milan.bos1216@example.com,Utrecht,2024-01-07
1217,Lotte,Prins,+31600001217,lotte.prins1217@example.com,Breda,2020-02-12
1218,Ethan,Schouten,+31600001218,ethan.schouten1218@example.com,Almere,2022-04-25
1219,Daan,Prins,+31600001219,daan.prins1219@example.com,Utrecht,2024-05-24
1220,Eva,Visser,+31600001220,eva.visser1220@example.com,Eindhoven,2023-10-12
1221,Liam,Meijer,+31600001221,liam.meijer1221@example.com,Utrecht,2020-04-23
1222,Nina,Kuiper,+31600001222,nina.kuiper1222@example.com,Utrecht,2021-05-31
1223,Lucas,Jacobs,+31600001223,lucas.jacobs1223@example.com,Nijmegen,2020-12-25
1224,Sara,Smit,+31600001224,sara.smit1224@example.com,Rotterdam,2021-04-07
1225,Milan,De Vries,+31600001225,milan.de vries1225@example.com,Breda,2022-01-29
1226,Anna,Vos,+31600001226,anna.vos1226@example.com,Eindhoven,2020-12-04
1227,Mason,De Boer,+31600001227,mason.de boer1227@example.com,Amsterdam,2022-02-15
1228,Lucas,Jacobs,+31600001228,lucas.jacobs1228@example.com,Groningen,2022-10-08
1229,Eva,De Boer,+31600001229,eva.de boer1229@example.com,Breda,2020-02-05
1230,Julia,Van Dijk,+31600001230,julia.van dijk1230@example.com,Eindhoven,2021-05-21
1231,Milan,Hendriks,+31600001231,milan.hendriks1231@example.com,Eindhoven,2021-03-26
1232,Noah,Mulder,+31600001232,noah.mulder1232@example.com,Breda,2021-09-04
1233,Nina,Kuiper,+31600001233,nina.kuiper1233@example.com,Amsterdam,2022-02-25
1234,Levi,Mulder,+31600001234,levi.mulder1234@example.com,Almere,2020-08-12
1235,Noah,Kok,+31600001235,noah.kok1235@example.com,Amsterdam,2024-01-19
1236,Olivia,Jansen,+31600001236,olivia.jansen1236@example.com,Amsterdam,2023-07-01
1237,Sophia,Prins,+31600001237,sophia.prins1237@example.com,The Hague,2023-04-03
1238,Lotte,Visser,+31600001238,lotte.visser1238@example.com,Eindhoven,2020-02-25
1239,Nina,Willems,+31600001239,nina.willems1239@example.com,Utrecht,2022-09-02
1240,Lotte,Vos,+31600001240,lotte.vos1240@example.com,Amsterdam,2024-04-18
1241,Finn,De Vries,+31600001241,finn.de vries1241@example.com,Almere,2024-06-09
1242,Mason,Smit,+31600001242,mason.smit1242@example.com,Eindhoven,2024-03-31
1243,Lotte,Kok,+31600001243,lotte.kok1243@example.com,Utrecht,2023-05-06
1244,Oliver,Prins,+31600001244,oliver.prins1244@example.com,Breda,2024-09-22
1245,Noah,Smit,+31600001245,noah.smit1245@example.com,Utrecht,2021-12-01
1246,Levi,Van Dijk,+31600001246,levi.van dijk1246@example.com,Utrecht,2023-02-23
1247,Daan,Smit,+31600001247,daan.smit1247@example.com,Rotterdam,2023-03-18
1248,Levi,Willems,+31600001248,levi.willems1248@example.com,Eindhoven,2024-01-05
1249,Lotte,Bos,+31600001249,lotte.bos1249@example.com,Utrecht,2022-04-16
1250,Noah,Visser,+31600001250,noah.visser1250@example.com,Groningen,2022-08-24
1251,Finn,Meijer,+31600001251,finn.meijer1251@example.com,Tilburg,2020-09-06
1252,Lucas,Hendriks,+31600001252,lucas.hendriks1252@example.com,Amsterdam,2020-09-05
1253,Anna,Kok,+31600001253,anna.kok1253@example.com,Tilburg,2023-02-19
1254,Noah,Dekker,+31600001254,noah.dekker1254@example.com,Eindhoven,2023-05-23
1255,Levi,Mulder,+31600001255,levi.mulder1255@example.com,Amsterdam,2024-04-24
1256,Sara,Mulder,+31600001256,sara.mulder1256@example.com,Tilburg,2020-07-25
1257,Eva,Van Dijk,+31600001257,eva.van dijk1257@example.com,Nijmegen,2023-09-20
1258,Milan,Schouten,+31600001258,milan.schouten1258@example.com,Groningen,2024-11-07
1259,Julia,Dekker,+31600001259,julia.dekker1259@example.com,Amsterdam,2024-01-14
1260,Noah,Peters,+31600001260,noah.peters1260@example.com,Amsterdam,2021-11-26
1261,Sophia,Prins,+31600001261,sophia.prins1261@example.com,Eindhoven,2023-05-19
1262,Eva,Kuiper,+31600001262,eva.kuiper1262@example.com,Breda,2023-04-14
1263,Olivia,Peters,+31600001263,olivia.peters1263@example.com,Eindhoven,2024-04-26
1264,Levi,Hendriks,+31600001264,levi.hendriks1264@example.com,Utrecht,2020-04-26
1265,Ethan,Dekker,+31600001265,ethan.dekker1265@example.com,Rotterdam,2023-05-29
1266,Finn,Jacobs,+31600001266,finn.jacobs1266@example.com,Almere,2024-07-16
1267,Mila,Jacobs,+31600001267,mila.jacobs1267@example.com,Utrecht,2020-07-22
1268,Levi,Vos,+31600001268,levi.vos1268@example.com,The Hague,2024-11-24
1269,Liam,De Boer,+31600001269,liam.de boer1269@example.com,Nijmegen,2020-07-26
1270,Sophia,Prins,+31600001270,sophia.prins1270@example.com,Amsterdam,2024-05-31
1271,Liam,Mulder,+31600001271,liam.mulder1271@example.com,Breda,2021-07-19
1272,Lotte,Jansen,+31600001272,lotte.jansen1272@example.com,The Hague,2023-11-23
1273,Noah,Bakker,+31600001273,noah.bakker1273@example.com,Breda,2020-10-08
1274,Julia,Van Dijk,+31600001274,julia.van dijk1274@example.com,The Hague,2020-11-08
1275,Liam,Prins,+31600001275,liam.prins1275@example.com,Utrecht,2021-01-09
1276,Oliver,Kok,+31600001276,oliver.kok1276@example.com,Rotterdam,2021-07-24
1277,Lotte,Van Dijk,+31600001277,lotte.van dijk1277@example.com,Nijmegen,2023-05-14
1278,Eva,Jansen,+31600001278,eva.jansen1278@example.com,Nijmegen,2022-01-11
1279,Nina,Prins,+31600001279,nina.prins1279@example.com,Nijmegen,2020-10-15
1280,Julia,Kok,+31600001280,julia.kok1280@example.com,Groningen,2022-07-01
1281,Mason,Willems,+31600001281,mason.willems1281@example.com,Almere,2022-11-04
1282,Olivia,Hendriks,+31600001282,olivia.hendriks1282@example.com,Utrecht,2023-10-22
1283,Levi,Willems,+31600001283,levi.willems1283@example.com,Breda,2020-07-24
1284,Eva,Peters,+31600001284,eva.peters1284@example.com,Amsterdam,2020-08-07
1285,Eva,Vos,+31600001285,eva.vos1285@example.com,Amsterdam,2020-06-15
1286,Nina,Jacobs,+31600001286,nina.jacobs1286@example.com,Almere,2021-11-07
1287,Milan,De Boer,+31600001287,milan.de boer1287@example.com,Almere,2023-01-10
1288,Eva,Meijer,+31600001288,eva.meijer1288@example.com,Rotterdam,2020-01-01
1289,Sophia,Hendriks,+31600001289,sophia.hendriks1289@example.com,Tilburg,2024-05-11
1290,Sophia,Visser,+31600001290,sophia.visser1290@example.com,Nijmegen,2020-11-20
1291,Olivia,Willems,+31600001291,olivia.willems1291@example.com,Breda,2024-03-23
1292,Levi,Willems,+31600001292,levi.willems1292@example.com,The Hague,2021-03-27
1293,Daan,Mulder,+31600001293,daan.mulder1293@example.com,Nijmegen,2021-06-24
1294,Mason,Willems,+31600001294,mason.willems1294@example.com,Almere,2020-04-09
1295,Lucas,Bakker,+31600001295,lucas.bakker1295@example.com,The Hague,2022-03-18
1296,Daan,Schouten,+31600001296,daan.schouten1296@example.com,Eindhoven,2021-03-25
1297,Eva,De Vries,+31600001297,eva.de vries1297@example.com,Nijmegen,2024-07-25
1298,Levi,Visser,+31600001298,levi.visser1298@example.com,Rotterdam,2020-01-26
1299,Mason,Dekker,+31600001299,mason.dekker1299@example.com,Groningen,2020-11-21
1300,Emma,Mulder,+31600001300,emma.mulder1300@example.com,Groningen,2022-11-29
1301,Lucas,Kok,+31600001301,lucas.kok1301@example.com,Utrecht,2020-02-12
1302,Noah,Meijer,+31600001302,noah.meijer1302@example.com,Breda,2022-10-05
1303,Daan,Jansen,+31600001303,daan.jansen1303@example.com,Groningen,2023-09-27
1304,Levi,Dekker,+31600001304,levi.dekker1304@example.com,Rotterdam,2020-12-03
1305,Olivia,Hendriks,+31600001305,olivia.hendriks1305@example.com,Tilburg,2021-11-24
1306,Eva,Jacobs,+31600001306,eva.jacobs1306@example.com,Tilburg,2020-05-19
1307,Noah,Kuiper,+31600001307,noah.kuiper1307@example.com,Groningen,2020-05-12
1308,Levi,De Boer,+31600001308,levi.de boer1308@example.com,The Hague,2021-03-29
1309,Sara,Bakker,+31600001309,sara.bakker1309@example.com,Breda,2022-10-30
1310,Levi,Kuiper,+31600001310,levi.kuiper1310@example.com,Utrecht,2023-03-04
1311,Mila,Hendriks,+31600001311,mila.hendriks1311@example.com,Eindhoven,2024-01-17
1312,Anna,Peters,+31600001312,anna.peters1312@example.com,Nijmegen,2022-06-27
1313,Noah,Willems,+31600001313,noah.willems1313@example.com,Tilburg,2020-12-25
1314,Lucas,De Vries,+31600001314,lucas.de vries1314@example.com,Rotterdam,2020-12-04
1315,Nina,Schouten,+31600001315,nina.schouten1315@example.com,Breda,2021-02-01
1316,Sara,Mulder,+31600001316,sara.mulder1316@example.com,The Hague,2021-09-07
1317,Lotte,Smit,+31600001317,lotte.smit1317@example.com,Amsterdam,2024-07-19
1318,Milan,Meijer,+31600001318,milan.meijer1318@example.com,Eindhoven,2024-09-05
1319,Levi,De Boer,+31600001319,levi.de boer1319@example.com,Utrecht,2023-04-23
1320,Olivia,Visser,+31600001320,olivia.visser1320@example.com,Almere,2022-12-21
1321,Anna,Mulder,+31600001321,anna.mulder1321@example.com,Amsterdam,2024-07-10
1322,Emma,Vos,+31600001322,emma.vos1322@example.com,Almere,2023-08-07
1323,Oliver,Prins,+31600001323,oliver.prins1323@example.com,Utrecht,2020-03-16
1324,Eva,Kok,+31600001324,eva.kok1324@example.com,Breda,2020-02-08
1325,Sara,Visser,+31600001325,sara.visser1325@example.com,Eindhoven,2024-04-11
1326,Sara,Bos,+31600001326,sara.bos1326@example.com,Almere,2020-02-26
1327,Levi,Jacobs,+31600001327,levi.jacobs1327@example.com,Tilburg,2024-11-29
1328,Sara,Kok,+31600001328,sara.kok1328@example.com,Amsterdam,2024-06-17
1329,Sophia,Schouten,+31600001329,sophia.schouten1329@example.com,The Hague,2024-02-01
1330,Mila,Dekker,+31600001330,mila.dekker1330@example.com,Utrecht,2020-01-28
1331,Emma,Jansen,+31600001331,emma.jansen1331@example.com,Breda,2020-03-17
1332,Sara,Smit,+31600001332,sara.smit1332@example.com,Rotterdam,2020-11-23
1333,Oliver,Jansen,+31600001333,oliver.jansen1333@example.com,Rotterdam,2023-09-24
1334,Noah,Jacobs,+31600001334,noah.jacobs1334@example.com,Amsterdam,2021-09-15
1335,Daan,Visser,+31600001335,daan.visser1335@example.com,Groningen,2022-12-16
1336,Mila,Meijer,+31600001336,mila.meijer1336@example.com,Amsterdam,2020-12-13
1337,Lucas,Bos,+31600001337,lucas.bos1337@example.com,Rotterdam,2022-09-17
1338,Mason,Schouten,+31600001338,mason.schouten1338@example.com,Breda,2022-03-11
1339,Levi,Jansen,+31600001339,levi.jansen1339@example.com,Utrecht,2024-04-28
1340,Sara,Kok,+31600001340,sara.kok1340@example.com,Eindhoven,2022-11-06
1341,Finn,Schouten,+31600001341,finn.schouten1341@example.com,Almere,2023-04-24
1342,Emma,Bos,+31600001342,emma.bos1342@example.com,The Hague,2020-12-29
1343,Eva,Kok,+31600001343,eva.kok1343@example.com,Breda,2021-08-19
1344,Noah,Jacobs,+31600001344,noah.jacobs1344@example.com,Nijmegen,2020-03-28
1345,Finn,Visser,+31600001345,finn.visser1345@example.com,Tilburg,2022-12-18
1346,Sophia,Meijer,+31600001346,sophia.meijer1346@example.com,Almere,2020-08-11
1347,Emma,Kuiper,+31600001347,emma.kuiper1347@example.com,Groningen,2022-02-24
1348,Lucas,Jacobs,+31600001348,lucas.jacobs1348@example.com,Utrecht,2021-11-07
1349,Lucas,Vos,+31600001349,lucas.vos1349@example.com,Eindhoven,2022-06-25
1350,Anna,Kuiper,+31600001350,anna.kuiper1350@example.com,Almere,2022-04-30
1351,Nina,Van Dijk,+31600001351,nina.van dijk1351@example.com,The Hague,2020-06-28
1352,Levi,Dekker,+31600001352,levi.dekker1352@example.com,Eindhoven,2020-03-12
1353,Emma,Van Dijk,+31600001353,emma.van dijk1353@example.com,Breda,2023-09-14
1354,Mason,Mulder,+31600001354,mason.mulder1354@example.com,Eindhoven,2024-03-27
1355,Nina,De Vries,+31600001355,nina.de vries1355@example.com,Rotterdam,2023-11-12
1356,Emma,Kok,+31600001356,emma.kok1356@example.com,Amsterdam,2024-11-08
1357,Liam,Vos,+31600001357,liam.vos1357@example.com,Groningen,2022-04-29
1358,Finn,De Vries,+31600001358,finn.de vries1358@example.com,Rotterdam,2021-06-22
1359,Milan,Jacobs,+31600001359,milan.jacobs1359@example.com,Eindhoven,2023-12-24
1360,Mason,Peters,+31600001360,mason.peters1360@example.com,Breda,2022-09-26
1361,Oliver,Willems,+31600001361,oliver.willems1361@example.com,Nijmegen,2021-07-19
1362,Julia,Bakker,+31600001362,julia.bakker1362@example.com,Utrecht,2022-08-31
1363,Finn,Bakker,+31600001363,finn.bakker1363@example.com,Groningen,2020-09-20
1364,Olivia,Visser,+31600001364,olivia.visser1364@example.com,Groningen,2021-10-23
1365,Ethan,Van Dijk,+31600001365,ethan.van dijk1365@example.com,Utrecht,2022-10-11
1366,Eva,Bakker,+31600001366,eva.bakker1366@example.com,Rotterdam,2024-01-22
1367,Eva,Jacobs,+31600001367,eva.jacobs1367@example.com,Nijmegen,2021-02-02
1368,Julia,Prins,+31600001368,julia.prins1368@example.com,Utrecht,2022-12-07
1369,Eva,Peters,+31600001369,eva.peters1369@example.com,Almere,2021-12-31
1370,Levi,Visser,+31600001370,levi.visser1370@example.com,Tilburg,2023-12-24
1371,Lotte,Bos,+31600001371,lotte.bos1371@example.com,Groningen,2020-03-31
1372,Julia,Visser,+31600001372,julia.visser1372@example.com,Nijmegen,2020-11-29
1373,Julia,De Boer,+31600001373,julia.de boer1373@example.com,Groningen,2021-10-25
1374,Daan,De Vries,+31600001374,daan.de vries1374@example.com,Tilburg,2023-03-12
1375,Milan,Dekker,+31600001375,milan.dekker1375@example.com,Eindhoven,2020-05-06
1376,Liam,Visser,+31600001376,liam.visser1376@example.com,Breda,2023-04-21
1377,Emma,Kok,+31600001377,emma.kok1377@example.com,Almere,2020-03-24
1378,Noah,Schouten,+31600001378,noah.schouten1378@example.com,Amsterdam,2024-12-01
1379,Ethan,Bos,+31600001379,ethan.bos1379@example.com,Groningen,2023-01-02
1380,Liam,Visser,+31600001380,liam.visser1380@example.com,Tilburg,2022-02-10
1381,Lucas,Van Dijk,+31600001381,lucas.van dijk1381@example.com,Utrecht,2020-12-12
1382,Daan,Kok,+31600001382,daan.kok1382@example.com,Breda,2021-10-12
1383,Sophia,Bos,+31600001383,sophia.bos1383@example.com,Amsterdam,2024-11-29
1384,Julia,Van Dijk,+31600001384,julia.van dijk1384@example.com,Breda,2021-09-07
1385,Oliver,Visser,+31600001385,oliver.visser1385@example.com,Rotterdam,2023-07-30
1386,Milan,Jansen,+31600001386,milan.jansen1386@example.com,The Hague,2020-06-17
1387,Noah,Van Dijk,+31600001387,noah.van dijk1387@example.com,Breda,2022-01-14
1388,Eva,Dekker,+31600001388,eva.dekker1388@example.com,The Hague,2024-06-20
1389,Levi,De Vries,+31600001389,levi.de vries1389@example.com,Almere,2021-07-15
1390,Sara,Bos,+31600001390,sara.bos1390@example.com,Groningen,2023-01-04
1391,Finn,Kuiper,+31600001391,finn.kuiper1391@example.com,Rotterdam,2020-10-11
1392,Liam,Bakker,+31600001392,liam.bakker1392@example.com,Tilburg,2021-04-08
1393,Oliver,Willems,+31600001393,oliver.willems1393@example.com,The Hague,2023-07-13
1394,Finn,Schouten,+31600001394,finn.schouten1394@example.com,Nijmegen,2024-03-24
1395,Emma,Bakker,+31600001395,emma.bakker1395@example.com,Tilburg,2021-07-10
1396,Milan,Kuiper,+31600001396,milan.kuiper1396@example.com,Utrecht,2023-06-27
1397,Milan,Kok,+31600001397,milan.kok1397@example.com,Eindhoven,2023-04-21
1398,Ethan,Hendriks,+31600001398,ethan.hendriks1398@example.com,The Hague,2023-11-27
1399,Julia,Kuiper,+31600001399,julia.kuiper1399@example.com,Eindhoven,2021-03-13
1400,Sophia,Visser,+31600001400,sophia.visser1400@example.com,Breda,2024-09-07
1401,Sophia,Smit,+31600001401,sophia.smit1401@example.com,Breda,2022-05-11
1402,Milan,Peters,+31600001402,milan.peters1402@example.com,Tilburg,2022-08-01
1403,Levi,Bakker,+31600001403,levi.bakker1403@example.com,Tilburg,2022-04-28
1404,Ethan,Schouten,+31600001404,ethan.schouten1404@example.com,Tilburg,2023-02-24
1405,Sara,De Vries,+31600001405,sara.de vries1405@example.com,Rotterdam,2021-03-23
1406,Sara,Smit,+31600001406,sara.smit1406@example.com,Eindhoven,2024-09-18
1407,Emma,Willems,+31600001407,emma.willems1407@example.com,Amsterdam,2023-06-20
1408,Anna,De Vries,+31600001408,anna.de vries1408@example.com,Breda,2020-07-07
1409,Mason,Van Dijk,+31600001409,mason.van dijk1409@example.com,The Hague,2021-08-27
1410,Lotte,De Vries,+31600001410,lotte.de vries1410@example.com,Nijmegen,2022-04-08
1411,Eva,Prins,+31600001411,eva.prins1411@example.com,Nijmegen,2024-01-15
1412,Mason,Bos,+31600001412,mason.bos1412@example.com,The Hague,2022-01-14
1413,Emma,Mulder,+31600001413,emma.mulder1413@example.com,Tilburg,2022-05-27
1414,Sara,De Vries,+31600001414,sara.de vries1414@example.com,The Hague,2021-06-19
1415,Eva,Visser,+31600001415,eva.visser1415@example.com,Eindhoven,2020-10-10
1416,Mason,Kuiper,+31600001416,mason.kuiper1416@example.com,Amsterdam,2023-04-19
1417,Nina,Kuiper,+31600001417,nina.kuiper1417@example.com,Almere,2023-12-05
1418,Lotte,Bos,+31600001418,lotte.bos1418@example.com,Amsterdam,2023-03-11
1419,Lucas,Prins,+31600001419,lucas.prins1419@example.com,Tilburg,2024-02-08
1420,Levi,Vos,+31600001420,levi.vos1420@example.com,Utrecht,2023-12-31
1421,Nina,Van Dijk,+31600001421,nina.van dijk1421@example.com,Amsterdam,2021-06-13
1422,Daan,Kok,+31600001422,daan.kok1422@example.com,Eindhoven,2023-02-23
1423,Eva,Hendriks,+31600001423,eva.hendriks1423@example.com,Amsterdam,2021-04-30
1424,Lotte,Prins,+31600001424,lotte.prins1424@example.com,Rotterdam,2024-05-17
1425,Lucas,Bakker,+31600001425,lucas.bakker1425@example.com,Amsterdam,2024-10-31
1426,Mason,Bakker,+31600001426,mason.bakker1426@example.com,Almere,2022-03-03
1427,Liam,Hendriks,+31600001427,liam.hendriks1427@example.com,Amsterdam,2021-03-04
1428,Ethan,Peters,+31600001428,ethan.peters1428@example.com,Amsterdam,2020-12-10
1429,Noah,Schouten,+31600001429,noah.schouten1429@example.com,The Hague,2022-09-12
1430,Julia,Willems,+31600001430,julia.willems1430@example.com,Nijmegen,2020-08-16
1431,Olivia,Visser,+31600001431,olivia.visser1431@example.com,Utrecht,2020-12-10
1432,Lotte,Vos,+31600001432,lotte.vos1432@example.com,Groningen,2021-03-29
1433,Anna,Prins,+31600001433,anna.prins1433@example.com,The Hague,2021-12-08
1434,Sophia,Willems,+31600001434,sophia.willems1434@example.com,Almere,2023-03-11
1435,Oliver,Visser,+31600001435,oliver.visser1435@example.com,Utrecht,2024-05-25
1436,Finn,Meijer,+31600001436,finn.meijer1436@example.com,Amsterdam,2024-08-07
1437,Lucas,Bos,+31600001437,lucas.bos1437@example.com,Utrecht,2024-02-08
1438,Eva,Willems,+31600001438,eva.willems1438@example.com,Breda,2024-10-01
1439,Mila,Meijer,+31600001439,mila.meijer1439@example.com,Utrecht,2022-12-30
1440,Sara,Bakker,+31600001440,sara.bakker1440@example.com,Rotterdam,2020-06-30
1441,Julia,De Vries,+31600001441,julia.de vries1441@example.com,Utrecht,2022-11-14
1442,Sophia,Peters,+31600001442,sophia.peters1442@example.com,Almere,2021-06-12
1443,Anna,Kok,+31600001443,anna.kok1443@example.com,Eindhoven,2022-05-11
1444,Milan,Vos,+31600001444,milan.vos1444@example.com,The Hague,2020-02-25
1445,Lotte,Schouten,+31600001445,lotte.schouten1445@example.com,Rotterdam,2020-05-02
1446,Mila,Prins,+31600001446,mila.prins1446@example.com,Eindhoven,2024-05-05
1447,Finn,Smit,+31600001447,finn.smit1447@example.com,Eindhoven,2024-03-07
1448,Mason,Mulder,+31600001448,mason.mulder1448@example.com,Almere,2020-10-31
1449,Mason,Willems,+31600001449,mason.willems1449@example.com,Utrecht,2023-05-03
1450,Finn,Jacobs,+31600001450,finn.jacobs1450@example.com,Nijmegen,2023-10-20
1451,Julia,Schouten,+31600001451,julia.schouten1451@example.com,Nijmegen,2020-11-18
1452,Ethan,Peters,+31600001452,ethan.peters1452@example.com,Rotterdam,2023-11-14
1453,Levi,Jacobs,+31600001453,levi.jacobs1453@example.com,Groningen,2022-08-08
1454,Liam,Prins,+31600001454,liam.prins1454@example.com,The Hague,2020-04-27
1455,Emma,Jacobs,+31600001455,emma.jacobs1455@example.com,Groningen,2022-02-02
1456,Sara,Peters,+31600001456,sara.peters1456@example.com,Groningen,2024-05-20
1457,Lucas,Prins,+31600001457,lucas.prins1457@example.com,Tilburg,2020-03-23
1458,Lotte,Dekker,+31600001458,lotte.dekker1458@example.com,Breda,2022-06-29
1459,Sophia,Meijer,+31600001459,sophia.meijer1459@example.com,The Hague,2023-09-24
1460,Eva,Visser,+31600001460,eva.visser1460@example.com,Amsterdam,2021-06-16
1461,Julia,Smit,+31600001461,julia.smit1461@example.com,Utrecht,2024-05-13
1462,Mason,Kok,+31600001462,mason.kok1462@example.com,Utrecht,2024-03-30
1463,Eva,Schouten,+31600001463,eva.schouten1463@example.com,Almere,2020-07-29
1464,Mila,De Vries,+31600001464,mila.de vries1464@example.com,Utrecht,2024-11-12
1465,Noah,Bos,+31600001465,noah.bos1465@example.com,Breda,2024-05-05
1466,Eva,Hendriks,+31600001466,eva.hendriks1466@example.com,Groningen,2020-04-09
1467,Anna,Smit,+31600001467,anna.smit1467@example.com,Tilburg,2024-08-13
1468,Mila,Smit,+31600001468,mila.smit1468@example.com,Tilburg,2020-07-05
1469,Liam,Van Dijk,+31600001469,liam.van dijk1469@example.com,Groningen,2020-06-23
1470,Emma,Vos,+31600001470,emma.vos1470@example.com,Groningen,2024-08-21
1471,Oliver,Meijer,+31600001471,oliver.meijer1471@example.com,Breda,2021-02-22
1472,Anna,Visser,+31600001472,anna.visser1472@example.com,Utrecht,2024-02-04
1473,Oliver,Dekker,+31600001473,oliver.dekker1473@example.com,Utrecht,2023-11-17
1474,Ethan,Visser,+31600001474,ethan.visser1474@example.com,Nijmegen,2022-05-29
1475,Levi,Schouten,+31600001475,levi.schouten1475@example.com,Tilburg,2022-08-29
1476,Mason,Jacobs,+31600001476,mason.jacobs1476@example.com,Tilburg,2021-03-30
1477,Nina,Jacobs,+31600001477,nina.jacobs1477@example.com,Nijmegen,2024-06-09
1478,Oliver,Willems,+31600001478,oliver.willems1478@example.com,The Hague,2023-03-14
1479,Liam,Jansen,+31600001479,liam.jansen1479@example.com,Amsterdam,2024-03-15
1480,Levi,Meijer,+31600001480,levi.meijer1480@example.com,Groningen,2023-06-05
1481,Sophia,Jacobs,+31600001481,sophia.jacobs1481@example.com,Eindhoven,2020-01-10
1482,Finn,Smit,+31600001482,finn.smit1482@example.com,The Hague,2020-08-16
1483,Milan,Van Dijk,+31600001483,milan.van dijk1483@example.com,Utrecht,2021-11-21
1484,Sophia,Prins,+31600001484,sophia.prins1484@example.com,Breda,2022-05-04
1485,Noah,Bos,+31600001485,noah.bos1485@example.com,Almere,2021-11-12
1486,Levi,Hendriks,+31600001486,levi.hendriks1486@example.com,Utrecht,2021-09-03
1487,Lucas,Willems,+31600001487,lucas.willems1487@example.com,The Hague,2023-10-18
1488,Finn,Vos,+31600001488,finn.vos1488@example.com,Utrecht,2024-04-01
1489,Finn,De Vries,+31600001489,finn.de vries1489@example.com,Amsterdam,2020-04-13
1490,Sara,Kok,+31600001490,sara.kok1490@example.com,Groningen,2023-04-21
1491,Emma,Kok,+31600001491,emma.kok1491@example.com,Rotterdam,2021-01-18
1492,Emma,Prins,+31600001492,emma.prins1492@example.com,Tilburg,2022-11-15
1493,Oliver,Prins,+31600001493,oliver.prins1493@example.com,Amsterdam,2021-06-09
1494,Mila,De Vries,+31600001494,mila.de vries1494@example.com,Tilburg,2023-07-30
1495,Nina,Hendriks,+31600001495,nina.hendriks1495@example.com,Tilburg,2021-07-30
1496,Lotte,Smit,+31600001496,lotte.smit1496@example.com,Groningen,2020-11-16
1497,Levi,Prins,+31600001497,levi.prins1497@example.com,Almere,2023-03-25
1498,Julia,Van Dijk,+31600001498,julia.van dijk1498@example.com,Tilburg,2020-01-31
1499,Noah,Hendriks,+31600001499,noah.hendriks1499@example.com,Tilburg,2021-08-30
1500,Liam,Visser,+31600001500,liam.visser1500@example.com,Almere,2024-08-03
1501,Julia,Willems,+31600001501,julia.willems1501@example.com,Groningen,2024-08-14
1502,Olivia,Kok,+31600001502,olivia.kok1502@example.com,Nijmegen,2023-03-08
1503,Oliver,Peters,+31600001503,oliver.peters1503@example.com,Tilburg,2024-07-10
1504,Ethan,De Vries,+31600001504,ethan.de vries1504@example.com,Eindhoven,2023-07-01
1505,Julia,De Vries,+31600001505,julia.de vries1505@example.com,Nijmegen,2024-09-17
1506,Lucas,Hendriks,+31600001506,lucas.hendriks1506@example.com,Amsterdam,2021-12-05
1507,Ethan,De Vries,+31600001507,ethan.de vries1507@example.com,Amsterdam,2022-12-17
1508,Oliver,Jacobs,+31600001508,oliver.jacobs1508@example.com,Tilburg,2022-02-09
1509,Sophia,Schouten,+31600001509,sophia.schouten1509@example.com,The Hague,2021-10-28
1510,Nina,Prins,+31600001510,nina.prins1510@example.com,The Hague,2022-10-03
1511,Milan,De Vries,+31600001511,milan.de vries1511@example.com,Breda,2021-03-18
1512,Eva,Mulder,+31600001512,eva.mulder1512@example.com,Nijmegen,2020-10-28
1513,Lucas,Kok,+31600001513,lucas.kok1513@example.com,Eindhoven,2021-01-14
1514,Daan,Mulder,+31600001514,daan.mulder1514@example.com,Amsterdam,2022-06-07
1515,Olivia,Vos,+31600001515,olivia.vos1515@example.com,Groningen,2020-09-07
1516,Nina,Prins,+31600001516,nina.prins1516@example.com,Groningen,2020-08-13
1517,Mason,Kok,+31600001517,mason.kok1517@example.com,Amsterdam,2024-06-26
1518,Nina,Visser,+31600001518,nina.visser1518@example.com,Tilburg,2023-04-15
1519,Lucas,Vos,+31600001519,lucas.vos1519@example.com,Rotterdam,2022-02-21
1520,Julia,Prins,+31600001520,julia.prins1520@example.com,Groningen,2023-07-13
1521,Eva,Jacobs,+31600001521,eva.jacobs1521@example.com,Tilburg,2022-02-08
1522,Ethan,Bos,+31600001522,ethan.bos1522@example.com,Breda,2023-01-03
1523,Liam,Dekker,+31600001523,liam.dekker1523@example.com,Groningen,2021-06-10
1524,Julia,Willems,+31600001524,julia.willems1524@example.com,Eindhoven,2023-09-10
1525,Liam,Kok,+31600001525,liam.kok1525@example.com,Rotterdam,2024-02-06
1526,Nina,Dekker,+31600001526,nina.dekker1526@example.com,Utrecht,2020-11-20
1527,Mila,Meijer,+31600001527,mila.meijer1527@example.com,Amsterdam,2020-03-21
1528,Liam,Van Dijk,+31600001528,liam.van dijk1528@example.com,The Hague,2021-02-05
1529,Noah,De Vries,+31600001529,noah.de vries1529@example.com,Amsterdam,2020-01-03
1530,Oliver,De Vries,+31600001530,oliver.de vries1530@example.com,Rotterdam,2024-10-30
1531,Ethan,Smit,+31600001531,ethan.smit1531@example.com,Tilburg,2021-01-22
1532,Sara,Van Dijk,+31600001532,sara.van dijk1532@example.com,Rotterdam,2023-12-24
1533,Lotte,Vos,+31600001533,lotte.vos1533@example.com,Groningen,2024-11-04
1534,Levi,De Boer,+31600001534,levi.de boer1534@example.com,Breda,2024-07-19
1535,Nina,De Boer,+31600001535,nina.de boer1535@example.com,Eindhoven,2021-06-26
1536,Finn,Dekker,+31600001536,finn.dekker1536@example.com,Eindhoven,2022-08-07
1537,Lotte,Prins,+31600001537,lotte.prins1537@example.com,Tilburg,2021-11-15
1538,Liam,Vos,+31600001538,liam.vos1538@example.com,Rotterdam,2024-06-04
1539,Levi,De Boer,+31600001539,levi.de boer1539@example.com,Breda,2024-02-04
1540,Noah,Bakker,+31600001540,noah.bakker1540@example.com,Nijmegen,2022-09-18
1541,Noah,Smit,+31600001541,noah.smit1541@example.com,Groningen,2020-02-03
1542,Lotte,Bakker,+31600001542,lotte.bakker1542@example.com,The Hague,2022-02-16
1543,Mila,Kok,+31600001543,mila.kok1543@example.com,Eindhoven,2022-09-05
1544,Julia,Peters,+31600001544,julia.peters1544@example.com,Rotterdam,2020-04-07
1545,Finn,Kok,+31600001545,finn.kok1545@example.com,Tilburg,2020-05-22
1546,Liam,Meijer,+31600001546,liam.meijer1546@example.com,Nijmegen,2020-05-09
1547,Lucas,Meijer,+31600001547,lucas.meijer1547@example.com,Nijmegen,2023-05-03
1548,Anna,Visser,+31600001548,anna.visser1548@example.com,Breda,2024-12-03
1549,Liam,Schouten,+31600001549,liam.schouten1549@example.com,Almere,2021-03-09
1550,Milan,Kuiper,+31600001550,milan.kuiper1550@example.com,Tilburg,2021-06-06
1551,Anna,Meijer,+31600001551,anna.meijer1551@example.com,Utrecht,2020-06-05
1552,Sophia,Mulder,+31600001552,sophia.mulder1552@example.com,Rotterdam,2023-04-01
1553,Olivia,Visser,+31600001553,olivia.visser1553@example.com,Eindhoven,2022-09-06
1554,Lucas,Schouten,+31600001554,lucas.schouten1554@example.com,Utrecht,2020-02-29
1555,Anna,Kuiper,+31600001555,anna.kuiper1555@example.com,Nijmegen,2020-11-09
1556,Sophia,Kuiper,+31600001556,sophia.kuiper1556@example.com,Amsterdam,2023-11-10
1557,Nina,Smit,+31600001557,nina.smit1557@example.com,Breda,2024-04-04
1558,Olivia,Bakker,+31600001558,olivia.bakker1558@example.com,The Hague,2020-04-12
1559,Finn,Bakker,+31600001559,finn.bakker1559@example.com,The Hague,2023-11-13
1560,Liam,Bos,+31600001560,liam.bos1560@example.com,The Hague,2023-05-28
1561,Noah,Mulder,+31600001561,noah.mulder1561@example.com,The Hague,2022-05-10
1562,Finn,Willems,+31600001562,finn.willems1562@example.com,The Hague,2021-05-17
1563,Emma,De Boer,+31600001563,emma.de boer1563@example.com,Eindhoven,2023-03-26
1564,Lotte,Peters,+31600001564,lotte.peters1564@example.com,Almere,2020-01-11
1565,Milan,Dekker,+31600001565,milan.dekker1565@example.com,Rotterdam,2020-02-15
1566,Julia,De Boer,+31600001566,julia.de boer1566@example.com,Rotterdam,2024-10-31
1567,Mason,Van Dijk,+31600001567,mason.van dijk1567@example.com,Eindhoven,2024-11-08
1568,Milan,Kok,+31600001568,milan.kok1568@example.com,Eindhoven,2023-07-18
1569,Olivia,Van Dijk,+31600001569,olivia.van dijk1569@example.com,Nijmegen,2020-04-21
1570,Finn,Jansen,+31600001570,finn.jansen1570@example.com,Utrecht,2021-09-21
1571,Sara,Kok,+31600001571,sara.kok1571@example.com,Breda,2024-06-25
1572,Eva,Dekker,+31600001572,eva.dekker1572@example.com,Breda,2021-05-11
1573,Ethan,De Vries,+31600001573,ethan.de vries1573@example.com,Groningen,2023-07-29
1574,Daan,Dekker,+31600001574,daan.dekker1574@example.com,Rotterdam,2024-05-17
1575,Finn,Van Dijk,+31600001575,finn.van dijk1575@example.com,Amsterdam,2024-08-15
1576,Liam,Prins,+31600001576,liam.prins1576@example.com,Tilburg,2023-05-24
1577,Sophia,Schouten,+31600001577,sophia.schouten1577@example.com,Rotterdam,2020-07-04
1578,Julia,Hendriks,+31600001578,julia.hendriks1578@example.com,Tilburg,2024-05-14
1579,Mila,De Vries,+31600001579,mila.de vries1579@example.com,Utrecht,2020-05-26
1580,Ethan,Dekker,+31600001580,ethan.dekker1580@example.com,Eindhoven,2020-08-20
1581,Ethan,Meijer,+31600001581,ethan.meijer1581@example.com,Groningen,2020-08-15
1582,Anna,Kuiper,+31600001582,anna.kuiper1582@example.com,Breda,2024-05-16
1583,Daan,Jansen,+31600001583,daan.jansen1583@example.com,Eindhoven,2024-02-24
1584,Ethan,Vos,+31600001584,ethan.vos1584@example.com,Rotterdam,2023-10-29
1585,Olivia,Hendriks,+31600001585,olivia.hendriks1585@example.com,Groningen,2022-02-18
1586,Julia,Van Dijk,+31600001586,julia.van dijk1586@example.com,Almere,2020-06-07
1587,Lotte,Vos,+31600001587,lotte.vos1587@example.com,Nijmegen,2021-01-28
1588,Eva,Kuiper,+31600001588,eva.kuiper1588@example.com,Rotterdam,2022-05-11
1589,Noah,Bakker,+31600001589,noah.bakker1589@example.com,Eindhoven,2024-05-05
1590,Emma,Kok,+31600001590,emma.kok1590@example.com,Nijmegen,2024-02-28
1591,Noah,Dekker,+31600001591,noah.dekker1591@example.com,The Hague,2021-10-09
1592,Noah,Peters,+31600001592,noah.peters1592@example.com,The Hague,2024-11-15
1593,Mason,Mulder,+31600001593,mason.mulder1593@example.com,Tilburg,2022-02-26
1594,Sophia,Bos,+31600001594,sophia.bos1594@example.com,Utrecht,2024-09-30
1595,Lucas,De Vries,+31600001595,lucas.de vries1595@example.com,Utrecht,2022-07-10
1596,Julia,Vos,+31600001596,julia.vos1596@example.com,Tilburg,2022-11-25
1597,Ethan,Hendriks,+31600001597,ethan.hendriks1597@example.com,Nijmegen,2023-07-31
1598,Julia,Kok,+31600001598,julia.kok1598@example.com,Eindhoven,2022-09-03
1599,Levi,Schouten,+31600001599,levi.schouten1599@example.com,Tilburg,2020-07-30
1600,Emma,Vos,+31600001600,emma.vos1600@example.com,Amsterdam,2024-08-08
1601,Levi,Prins,+31600001601,levi.prins1601@example.com,The Hague,2020-03-20
1602,Noah,Smit,+31600001602,noah.smit1602@example.com,Amsterdam,2021-06-10
1603,Lucas,Bos,+31600001603,lucas.bos1603@example.com,Groningen,2020-05-09
1604,Emma,Schouten,+31600001604,emma.schouten1604@example.com,Breda,2023-08-31
1605,Olivia,Hendriks,+31600001605,olivia.hendriks1605@example.com,Tilburg,2023-10-21
1606,Anna,Smit,+31600001606,anna.smit1606@example.com,Nijmegen,2024-07-01
1607,Anna,De Boer,+31600001607,anna.de boer1607@example.com,The Hague,2021-05-14
1608,Noah,Peters,+31600001608,noah.peters1608@example.com,Almere,2022-11-25
1609,Lucas,Van Dijk,+31600001609,lucas.van dijk1609@example.com,Utrecht,2023-04-26
1610,Liam,Dekker,+31600001610,liam.dekker1610@example.com,The Hague,2022-01-03
1611,Anna,Jacobs,+31600001611,anna.jacobs1611@example.com,The Hague,2024-01-23
1612,Nina,Smit,+31600001612,nina.smit1612@example.com,Rotterdam,2020-07-05
1613,Milan,Visser,+31600001613,milan.visser1613@example.com,Nijmegen,2020-05-12
1614,Levi,Kok,+31600001614,levi.kok1614@example.com,Eindhoven,2021-07-04
1615,Noah,Dekker,+31600001615,noah.dekker1615@example.com,Tilburg,2024-09-25
1616,Sara,De Vries,+31600001616,sara.de vries1616@example.com,Amsterdam,2020-01-10
1617,Levi,Peters,+31600001617,levi.peters1617@example.com,Almere,2023-12-21
1618,Olivia,Kok,+31600001618,olivia.kok1618@example.com,Almere,2022-01-05
1619,Emma,Van Dijk,+31600001619,emma.van dijk1619@example.com,The Hague,2024-06-23
1620,Anna,Vos,+31600001620,anna.vos1620@example.com,Eindhoven,2023-12-08
1621,Liam,Bos,+31600001621,liam.bos1621@example.com,Amsterdam,2021-05-17
1622,Milan,Peters,+31600001622,milan.peters1622@example.com,Rotterdam,2024-08-07
1623,Emma,De Vries,+31600001623,emma.de vries1623@example.com,Rotterdam,2023-04-16
1624,Liam,Van Dijk,+31600001624,liam.van dijk1624@example.com,Tilburg,2023-06-20
1625,Anna,Mulder,+31600001625,anna.mulder1625@example.com,Eindhoven,2021-11-25
1626,Daan,Mulder,+31600001626,daan.mulder1626@example.com,Nijmegen,2021-07-04
1627,Finn,Peters,+31600001627,finn.peters1627@example.com,Breda,2024-03-23
1628,Mila,Prins,+31600001628,mila.prins1628@example.com,The Hague,2023-03-19
1629,Mason,Van Dijk,+31600001629,mason.van dijk1629@example.com,Rotterdam,2020-12-27
1630,Lucas,Peters,+31600001630,lucas.peters1630@example.com,Rotterdam,2023-04-30
1631,Lotte,Kuiper,+31600001631,lotte.kuiper1631@example.com,Groningen,2021-11-05
1632,Sara,Willems,+31600001632,sara.willems1632@example.com,Utrecht,2021-09-20
1633,Milan,Kuiper,+31600001633,milan.kuiper1633@example.com,Breda,2020-11-04
1634,Oliver,Bos,+31600001634,oliver.bos1634@example.com,Breda,2024-07-08
1635,Finn,Hendriks,+31600001635,finn.hendriks1635@example.com,Amsterdam,2021-07-27
1636,Anna,Visser,+31600001636,anna.visser1636@example.com,Almere,2022-10-03
1637,Finn,Bakker,+31600001637,finn.bakker1637@example.com,Utrecht,2023-12-28
1638,Sara,Kuiper,+31600001638,sara.kuiper1638@example.com,Amsterdam,2024-02-11
1639,Milan,Bakker,+31600001639,milan.bakker1639@example.com,The Hague,2023-08-27
1640,Sara,Peters,+31600001640,sara.peters1640@example.com,The Hague,2024-08-07
1641,Sara,Prins,+31600001641,sara.prins1641@example.com,Breda,2022-06-11
1642,Lucas,Vos,+31600001642,lucas.vos1642@example.com,Nijmegen,2023-04-03
1643,Sophia,Kok,+31600001643,sophia.kok1643@example.com,Almere,2024-05-19
1644,Sophia,Smit,+31600001644,sophia.smit1644@example.com,Amsterdam,2024-01-28
1645,Levi,Bakker,+31600001645,levi.bakker1645@example.com,Breda,2022-08-14
1646,Milan,Bakker,+31600001646,milan.bakker1646@example.com,Breda,2023-04-17
1647,Levi,Hendriks,+31600001647,levi.hendriks1647@example.com,Nijmegen,2020-05-01
1648,Noah,Smit,+31600001648,noah.smit1648@example.com,Nijmegen,2020-05-01
1649,Liam,Van Dijk,+31600001649,liam.van dijk1649@example.com,Breda,2023-05-23
1650,Oliver,Willems,+31600001650,oliver.willems1650@example.com,Groningen,2022-11-08
1651,Daan,Willems,+31600001651,daan.willems1651@example.com,Amsterdam,2024-09-03
1652,Sophia,Jacobs,+31600001652,sophia.jacobs1652@example.com,Rotterdam,2020-01-16
1653,Daan,De Boer,+31600001653,daan.de boer1653@example.com,Tilburg,2022-08-03
1654,Lucas,Jacobs,+31600001654,lucas.jacobs1654@example.com,Nijmegen,2022-01-17
1655,Levi,Vos,+31600001655,levi.vos1655@example.com,Amsterdam,2020-09-12
1656,Sophia,Smit,+31600001656,sophia.smit1656@example.com,Breda,2023-01-10
1657,Mason,Vos,+31600001657,mason.vos1657@example.com,Almere,2021-03-30
1658,Eva,Kok,+31600001658,eva.kok1658@example.com,Nijmegen,2022-04-12
1659,Oliver,Jacobs,+31600001659,oliver.jacobs1659@example.com,Utrecht,2021-04-19
1660,Oliver,Jacobs,+31600001660,oliver.jacobs1660@example.com,Almere,2024-05-15
1661,Sara,Kok,+31600001661,sara.kok1661@example.com,Almere,2021-09-04
1662,Oliver,Hendriks,+31600001662,oliver.hendriks1662@example.com,Utrecht,2020-02-24
1663,Milan,Kok,+31600001663,milan.kok1663@example.com,Groningen,2024-03-03
1664,Ethan,Jansen,+31600001664,ethan.jansen1664@example.com,Nijmegen,2022-07-15
1665,Anna,Willems,+31600001665,anna.willems1665@example.com,Tilburg,2022-11-06
1666,Mila,Bakker,+31600001666,mila.bakker1666@example.com,Groningen,2023-09-14
1667,Noah,Bakker,+31600001667,noah.bakker1667@example.com,Utrecht,2021-03-15
1668,Lotte,De Boer,+31600001668,lotte.de boer1668@example.com,Tilburg,2023-12-22
1669,Lucas,Van Dijk,+31600001669,lucas.van dijk1669@example.com,Amsterdam,2022-10-10
1670,Mason,Kuiper,+31600001670,mason.kuiper1670@example.com,The Hague,2022-03-21
1671,Liam,Smit,+31600001671,liam.smit1671@example.com,Nijmegen,2022-09-28
1672,Oliver,De Boer,+31600001672,oliver.de boer1672@example.com,Eindhoven,2023-06-12
1673,Oliver,Schouten,+31600001673,oliver.schouten1673@example.com,Tilburg,2020-04-10
1674,Sophia,Visser,+31600001674,sophia.visser1674@example.com,Eindhoven,2024-10-24
1675,Noah,Bakker,+31600001675,noah.bakker1675@example.com,Breda,2024-03-18
1676,Sophia,Visser,+31600001676,sophia.visser1676@example.com,Eindhoven,2023-01-10
1677,Sophia,Schouten,+31600001677,sophia.schouten1677@example.com,Almere,2023-12-05
1678,Mason,Kok,+31600001678,mason.kok1678@example.com,Rotterdam,2023-03-29
1679,Noah,Visser,+31600001679,noah.visser1679@example.com,Rotterdam,2020-09-02
1680,Levi,Schouten,+31600001680,levi.schouten1680@example.com,Utrecht,2021-11-17
1681,Eva,Jansen,+31600001681,eva.jansen1681@example.com,Almere,2020-04-13
1682,Eva,Van Dijk,+31600001682,eva.van dijk1682@example.com,Rotterdam,2024-05-31
1683,Eva,Kuiper,+31600001683,eva.kuiper1683@example.com,Eindhoven,2021-01-10
1684,Sophia,Kuiper,+31600001684,sophia.kuiper1684@example.com,The Hague,2021-09-18
1685,Liam,Kok,+31600001685,liam.kok1685@example.com,Utrecht,2023-09-19
1686,Noah,Prins,+31600001686,noah.prins1686@example.com,The Hague,2022-06-02
1687,Milan,Hendriks,+31600001687,milan.hendriks1687@example.com,Rotterdam,2024-06-18
1688,Olivia,Willems,+31600001688,olivia.willems1688@example.com,Almere,2021-02-07
1689,Oliver,Bos,+31600001689,oliver.bos1689@example.com,Tilburg,2024-02-13
1690,Ethan,Peters,+31600001690,ethan.peters1690@example.com,The Hague,2024-04-22
1691,Anna,Schouten,+31600001691,anna.schouten1691@example.com,Nijmegen,2021-08-06
1692,Mason,De Vries,+31600001692,mason.de vries1692@example.com,Amsterdam,2022-04-06
1693,Oliver,Dekker,+31600001693,oliver.dekker1693@example.com,Nijmegen,2021-06-01
1694,Daan,Dekker,+31600001694,daan.dekker1694@example.com,Rotterdam,2021-03-05
1695,Mila,Meijer,+31600001695,mila.meijer1695@example.com,Nijmegen,2023-10-27
1696,Olivia,Willems,+31600001696,olivia.willems1696@example.com,Nijmegen,2024-09-26
1697,Lotte,Kok,+31600001697,lotte.kok1697@example.com,Amsterdam,2022-01-17
1698,Liam,Smit,+31600001698,liam.smit1698@example.com,The Hague,2021-01-21
1699,Ethan,Peters,+31600001699,ethan.peters1699@example.com,The Hague,2023-04-09
1700,Mila,Vos,+31600001700,mila.vos1700@example.com,Tilburg,2023-05-17
1701,Sara,Schouten,+31600001701,sara.schouten1701@example.com,Tilburg,2021-12-24
1702,Daan,Bakker,+31600001702,daan.bakker1702@example.com,Eindhoven,2021-05-25
1703,Liam,Schouten,+31600001703,liam.schouten1703@example.com,Nijmegen,2020-05-17
1704,Julia,Vos,+31600001704,julia.vos1704@example.com,Breda,2020-10-10
1705,Ethan,Bakker,+31600001705,ethan.bakker1705@example.com,Tilburg,2021-03-13
1706,Milan,Vos,+31600001706,milan.vos1706@example.com,Rotterdam,2020-09-18
1707,Julia,Meijer,+31600001707,julia.meijer1707@example.com,Rotterdam,2023-05-03
1708,Emma,Vos,+31600001708,emma.vos1708@example.com,Eindhoven,2021-12-22
1709,Julia,Peters,+31600001709,julia.peters1709@example.com,Rotterdam,2024-01-01
1710,Anna,Bakker,+31600001710,anna.bakker1710@example.com,Rotterdam,2022-04-06
1711,Mason,Jansen,+31600001711,mason.jansen1711@example.com,Nijmegen,2021-08-21
1712,Ethan,Van Dijk,+31600001712,ethan.van dijk1712@example.com,Breda,2023-07-04
1713,Milan,Jacobs,+31600001713,milan.jacobs1713@example.com,Utrecht,2023-08-23
1714,Nina,Visser,+31600001714,nina.visser1714@example.com,Groningen,2023-07-07
1715,Julia,Van Dijk,+31600001715,julia.van dijk1715@example.com,Amsterdam,2023-05-31
1716,Mason,Schouten,+31600001716,mason.schouten1716@example.com,Rotterdam,2024-08-13
1717,Finn,Mulder,+31600001717,finn.mulder1717@example.com,Tilburg,2020-10-07
1718,Anna,Visser,+31600001718,anna.visser1718@example.com,Tilburg,2023-05-06
1719,Mason,De Vries,+31600001719,mason.de vries1719@example.com,Almere,2020-07-15
1720,Sara,Willems,+31600001720,sara.willems1720@example.com,Rotterdam,2023-03-28
1721,Nina,Kuiper,+31600001721,nina.kuiper1721@example.com,Amsterdam,2020-01-27
1722,Nina,Jansen,+31600001722,nina.jansen1722@example.com,Nijmegen,2022-04-11
1723,Lotte,Mulder,+31600001723,lotte.mulder1723@example.com,Utrecht,2022-04-23
1724,Lucas,Dekker,+31600001724,lucas.dekker1724@example.com,Nijmegen,2024-09-15
1725,Lotte,Bos,+31600001725,lotte.bos1725@example.com,Amsterdam,2021-04-14
1726,Nina,De Boer,+31600001726,nina.de boer1726@example.com,Tilburg,2023-05-20
1727,Sophia,De Boer,+31600001727,sophia.de boer1727@example.com,Tilburg,2022-03-21
1728,Nina,Jacobs,+31600001728,nina.jacobs1728@example.com,Tilburg,2023-09-29
1729,Olivia,Kok,+31600001729,olivia.kok1729@example.com,Amsterdam,2022-02-25
1730,Lotte,Prins,+31600001730,lotte.prins1730@example.com,Groningen,2023-08-28
1731,Noah,Jansen,+31600001731,noah.jansen1731@example.com,Breda,2024-09-17
1732,Milan,De Boer,+31600001732,milan.de boer1732@example.com,The Hague,2020-11-19
1733,Emma,Visser,+31600001733,emma.visser1733@example.com,Tilburg,2024-07-21
1734,Ethan,Peters,+31600001734,ethan.peters1734@example.com,Utrecht,2024-03-14
1735,Milan,Bos,+31600001735,milan.bos1735@example.com,Tilburg,2023-11-27
1736,Mila,Visser,+31600001736,mila.visser1736@example.com,Nijmegen,2024-04-15
1737,Levi,Bakker,+31600001737,levi.bakker1737@example.com,Nijmegen,2022-05-17
1738,Mila,Kuiper,+31600001738,mila.kuiper1738@example.com,Amsterdam,2022-08-19
1739,Milan,Dekker,+31600001739,milan.dekker1739@example.com,Tilburg,2023-06-21
1740,Ethan,Vos,+31600001740,ethan.vos1740@example.com,Utrecht,2022-05-07
1741,Ethan,Mulder,+31600001741,ethan.mulder1741@example.com,Eindhoven,2024-08-03
1742,Mason,Jansen,+31600001742,mason.jansen1742@example.com,Amsterdam,2023-11-28
1743,Anna,Schouten,+31600001743,anna.schouten1743@example.com,The Hague,2020-06-19
1744,Eva,Smit,+31600001744,eva.smit1744@example.com,Nijmegen,2020-12-29
1745,Daan,Dekker,+31600001745,daan.dekker1745@example.com,Breda,2020-08-27
1746,Milan,Prins,+31600001746,milan.prins1746@example.com,Amsterdam,2023-09-29
1747,Anna,De Vries,+31600001747,anna.de vries1747@example.com,Tilburg,2021-12-20
1748,Noah,Dekker,+31600001748,noah.dekker1748@example.com,Nijmegen,2021-09-19
1749,Anna,Smit,+31600001749,anna.smit1749@example.com,Almere,2024-08-26
1750,Anna,Smit,+31600001750,anna.smit1750@example.com,Amsterdam,2020-10-08
1751,Julia,Bakker,+31600001751,julia.bakker1751@example.com,Utrecht,2023-02-09
1752,Finn,Dekker,+31600001752,finn.dekker1752@example.com,Tilburg,2020-12-29
1753,Mason,Vos,+31600001753,mason.vos1753@example.com,Groningen,2023-03-26
1754,Milan,Prins,+31600001754,milan.prins1754@example.com,The Hague,2020-10-20
1755,Noah,Prins,+31600001755,noah.prins1755@example.com,Amsterdam,2024-09-21
1756,Daan,Meijer,+31600001756,daan.meijer1756@example.com,Groningen,2023-04-22
1757,Olivia,Dekker,+31600001757,olivia.dekker1757@example.com,Rotterdam,2022-12-31
1758,Olivia,Peters,+31600001758,olivia.peters1758@example.com,Amsterdam,2021-01-22
1759,Emma,Smit,+31600001759,emma.smit1759@example.com,Breda,2022-03-20
1760,Olivia,Bakker,+31600001760,olivia.bakker1760@example.com,Eindhoven,2021-12-23
1761,Daan,Mulder,+31600001761,daan.mulder1761@example.com,Groningen,2021-11-05
1762,Emma,De Boer,+31600001762,emma.de boer1762@example.com,Tilburg,2023-01-07
1763,Liam,Dekker,+31600001763,liam.dekker1763@example.com,Amsterdam,2022-09-20
1764,Olivia,Vos,+31600001764,olivia.vos1764@example.com,The Hague,2024-07-01
1765,Finn,Bakker,+31600001765,finn.bakker1765@example.com,The Hague,2022-01-20
1766,Milan,Mulder,+31600001766,milan.mulder1766@example.com,Nijmegen,2023-04-23
1767,Emma,Jacobs,+31600001767,emma.jacobs1767@example.com,Breda,2022-04-03
1768,Milan,Jansen,+31600001768,milan.jansen1768@example.com,Nijmegen,2021-07-09
1769,Lotte,Bakker,+31600001769,lotte.bakker1769@example.com,Groningen,2023-05-24
1770,Sara,Peters,+31600001770,sara.peters1770@example.com,Breda,2023-10-27
1771,Milan,Smit,+31600001771,milan.smit1771@example.com,Tilburg,2022-04-28
1772,Daan,De Boer,+31600001772,daan.de boer1772@example.com,Tilburg,2020-08-02
1773,Emma,Bos,+31600001773,emma.bos1773@example.com,Almere,2023-01-27
1774,Julia,Mulder,+31600001774,julia.mulder1774@example.com,Nijmegen,2024-04-02
1775,Mila,Jacobs,+31600001775,mila.jacobs1775@example.com,Nijmegen,2022-11-20
1776,Noah,Peters,+31600001776,noah.peters1776@example.com,The Hague,2024-06-30
1777,Sara,Kok,+31600001777,sara.kok1777@example.com,The Hague,2020-02-28
1778,Mason,De Vries,+31600001778,mason.de vries1778@example.com,Amsterdam,2020-09-01
1779,Sara,Bakker,+31600001779,sara.bakker1779@example.com,Nijmegen,2020-01-09
1780,Ethan,Jacobs,+31600001780,ethan.jacobs1780@example.com,Amsterdam,2023-09-20
1781,Finn,Kok,+31600001781,finn.kok1781@example.com,Eindhoven,2021-03-02
1782,Milan,Kok,+31600001782,milan.kok1782@example.com,Utrecht,2024-01-24
1783,Eva,Mulder,+31600001783,eva.mulder1783@example.com,Breda,2023-05-16
1784,Daan,Van Dijk,+31600001784,daan.van dijk1784@example.com,Eindhoven,2023-06-30
1785,Ethan,Meijer,+31600001785,ethan.meijer1785@example.com,Breda,2022-02-16
1786,Lotte,Schouten,+31600001786,lotte.schouten1786@example.com,Breda,2022-04-25
1787,Anna,Jacobs,+31600001787,anna.jacobs1787@example.com,Nijmegen,2024-03-03
1788,Olivia,Visser,+31600001788,olivia.visser1788@example.com,The Hague,2022-12-17
1789,Ethan,Jansen,+31600001789,ethan.jansen1789@example.com,Groningen,2022-02-26
1790,Olivia,Willems,+31600001790,olivia.willems1790@example.com,Breda,2024-01-28
1791,Eva,Kok,+31600001791,eva.kok1791@example.com,Nijmegen,2024-05-10
1792,Finn,Meijer,+31600001792,finn.meijer1792@example.com,Almere,2023-02-10
1793,Sara,Dekker,+31600001793,sara.dekker1793@example.com,Almere,2022-02-21
1794,Sara,Van Dijk,+31600001794,sara.van dijk1794@example.com,Breda,2022-05-06
1795,Noah,Willems,+31600001795,noah.willems1795@example.com,Amsterdam,2020-05-10
1796,Liam,Hendriks,+31600001796,liam.hendriks1796@example.com,Breda,2022-11-16
1797,Mila,Bos,+31600001797,mila.bos1797@example.com,The Hague,2020-02-22
1798,Eva,Van Dijk,+31600001798,eva.van dijk1798@example.com,Tilburg,2020-02-10
1799,Emma,Prins,+31600001799,emma.prins1799@example.com,The Hague,2022-03-28
1800,Eva,De Boer,+31600001800,eva.de boer1800@example.com,The Hague,2021-01-21
1801,Daan,Bos,+31600001801,daan.bos1801@example.com,Breda,2022-01-30
1802,Eva,Schouten,+31600001802,eva.schouten1802@example.com,Eindhoven,2022-03-11
1803,Mila,Meijer,+31600001803,mila.meijer1803@example.com,Utrecht,2020-11-21
1804,Liam,De Boer,+31600001804,liam.de boer1804@example.com,Rotterdam,2020-09-22
1805,Lotte,Willems,+31600001805,lotte.willems1805@example.com,Rotterdam,2020-05-02
1806,Daan,Vos,+31600001806,daan.vos1806@example.com,Amsterdam,2020-07-20
1807,Lotte,Jacobs,+31600001807,lotte.jacobs1807@example.com,Tilburg,2021-12-15
1808,Milan,Kuiper,+31600001808,milan.kuiper1808@example.com,Amsterdam,2023-04-30
1809,Anna,Kuiper,+31600001809,anna.kuiper1809@example.com,Almere,2022-11-09
1810,Sophia,Kuiper,+31600001810,sophia.kuiper1810@example.com,Almere,2020-03-03
1811,Lotte,Hendriks,+31600001811,lotte.hendriks1811@example.com,Rotterdam,2023-02-05
1812,Sophia,Jacobs,+31600001812,sophia.jacobs1812@example.com,Eindhoven,2023-04-09
1813,Mason,Kok,+31600001813,mason.kok1813@example.com,Eindhoven,2020-12-05
1814,Mason,Bos,+31600001814,mason.bos1814@example.com,Groningen,2021-12-19
1815,Eva,Meijer,+31600001815,eva.meijer1815@example.com,Groningen,2024-09-25
1816,Milan,Jacobs,+31600001816,milan.jacobs1816@example.com,Nijmegen,2024-03-07
1817,Anna,Kuiper,+31600001817,anna.kuiper1817@example.com,Rotterdam,2024-08-10
1818,Lucas,Jacobs,+31600001818,lucas.jacobs1818@example.com,Breda,2022-08-17
1819,Liam,De Boer,+31600001819,liam.de boer1819@example.com,Eindhoven,2020-08-08
1820,Milan,De Vries,+31600001820,milan.de vries1820@example.com,Tilburg,2023-05-03
1821,Noah,Willems,+31600001821,noah.willems1821@example.com,Tilburg,2023-12-03
1822,Levi,Peters,+31600001822,levi.peters1822@example.com,Nijmegen,2024-10-15
1823,Liam,Bakker,+31600001823,liam.bakker1823@example.com,Eindhoven,2023-01-01
1824,Noah,Visser,+31600001824,noah.visser1824@example.com,Amsterdam,2022-03-02
1825,Sara,Schouten,+31600001825,sara.schouten1825@example.com,Rotterdam,2022-11-16
1826,Julia,Kok,+31600001826,julia.kok1826@example.com,Groningen,2023-06-06
1827,Noah,Willems,+31600001827,noah.willems1827@example.com,Tilburg,2023-01-28
1828,Julia,Bos,+31600001828,julia.bos1828@example.com,Almere,2021-11-17
1829,Olivia,Jacobs,+31600001829,olivia.jacobs1829@example.com,Eindhoven,2021-05-01
1830,Ethan,Visser,+31600001830,ethan.visser1830@example.com,Rotterdam,2020-11-07
1831,Oliver,Schouten,+31600001831,oliver.schouten1831@example.com,Breda,2024-11-06
1832,Nina,De Vries,+31600001832,nina.de vries1832@example.com,Nijmegen,2022-09-21
1833,Finn,Bakker,+31600001833,finn.bakker1833@example.com,Breda,2024-08-10
1834,Anna,Schouten,+31600001834,anna.schouten1834@example.com,Breda,2021-02-12
1835,Oliver,Van Dijk,+31600001835,oliver.van dijk1835@example.com,Breda,2021-03-11
1836,Finn,Peters,+31600001836,finn.peters1836@example.com,Almere,2024-04-03
1837,Finn,Schouten,+31600001837,finn.schouten1837@example.com,Breda,2021-10-25
1838,Olivia,Hendriks,+31600001838,olivia.hendriks1838@example.com,Tilburg,2020-03-17
1839,Milan,Prins,+31600001839,milan.prins1839@example.com,Breda,2022-05-27
1840,Olivia,Van Dijk,+31600001840,olivia.van dijk1840@example.com,Tilburg,2021-04-15
1841,Finn,Bakker,+31600001841,finn.bakker1841@example.com,Breda,2022-12-13
1842,Milan,Jansen,+31600001842,milan.jansen1842@example.com,Eindhoven,2023-04-21
1843,Finn,De Vries,+31600001843,finn.de vries1843@example.com,Nijmegen,2022-04-08
1844,Nina,Bos,+31600001844,nina.bos1844@example.com,Almere,2023-07-09
1845,Lotte,Schouten,+31600001845,lotte.schouten1845@example.com,Amsterdam,2022-08-25
1846,Anna,Dekker,+31600001846,anna.dekker1846@example.com,Groningen,2023-02-05
1847,Sophia,Dekker,+31600001847,sophia.dekker1847@example.com,Rotterdam,2023-04-19
1848,Milan,Van Dijk,+31600001848,milan.van dijk1848@example.com,Rotterdam,2021-11-23
1849,Olivia,Smit,+31600001849,olivia.smit1849@example.com,Amsterdam,2022-05-09
1850,Liam,Vos,+31600001850,liam.vos1850@example.com,Nijmegen,2024-06-12
1851,Noah,Mulder,+31600001851,noah.mulder1851@example.com,Breda,2024-06-13
1852,Olivia,Mulder,+31600001852,olivia.mulder1852@example.com,Groningen,2021-04-18
1853,Olivia,Dekker,+31600001853,olivia.dekker1853@example.com,Nijmegen,2022-06-06
1854,Noah,Kuiper,+31600001854,noah.kuiper1854@example.com,Amsterdam,2022-06-15
1855,Lucas,Meijer,+31600001855,lucas.meijer1855@example.com,Rotterdam,2021-08-02
1856,Sophia,Bos,+31600001856,sophia.bos1856@example.com,Utrecht,2022-12-07
1857,Finn,Dekker,+31600001857,finn.dekker1857@example.com,Amsterdam,2022-08-02
1858,Julia,Jacobs,+31600001858,julia.jacobs1858@example.com,Utrecht,2021-07-30
1859,Mila,De Boer,+31600001859,mila.de boer1859@example.com,Eindhoven,2024-06-15
1860,Finn,Smit,+31600001860,finn.smit1860@example.com,Eindhoven,2023-06-24
1861,Julia,Meijer,+31600001861,julia.meijer1861@example.com,Tilburg,2022-09-10
1862,Olivia,Van Dijk,+31600001862,olivia.van dijk1862@example.com,The Hague,2023-01-09
1863,Mason,Meijer,+31600001863,mason.meijer1863@example.com,Groningen,2020-08-06
1864,Levi,Van Dijk,+31600001864,levi.van dijk1864@example.com,Nijmegen,2023-09-05
1865,Liam,De Vries,+31600001865,liam.de vries1865@example.com,Breda,2022-10-06
1866,Mila,Bakker,+31600001866,mila.bakker1866@example.com,The Hague,2020-12-14
1867,Sara,De Boer,+31600001867,sara.de boer1867@example.com,Groningen,2023-08-22
1868,Levi,Willems,+31600001868,levi.willems1868@example.com,Breda,2023-02-23
1869,Daan,Kuiper,+31600001869,daan.kuiper1869@example.com,Rotterdam,2022-06-23
1870,Julia,Vos,+31600001870,julia.vos1870@example.com,The Hague,2020-02-28
1871,Liam,Prins,+31600001871,liam.prins1871@example.com,Almere,2024-07-16
1872,Oliver,Schouten,+31600001872,oliver.schouten1872@example.com,Tilburg,2022-12-06
1873,Nina,Dekker,+31600001873,nina.dekker1873@example.com,Eindhoven,2022-07-09
1874,Olivia,Peters,+31600001874,olivia.peters1874@example.com,Eindhoven,2021-10-20
1875,Milan,Vos,+31600001875,milan.vos1875@example.com,Eindhoven,2022-04-29
1876,Mila,De Vries,+31600001876,mila.de vries1876@example.com,The Hague,2022-07-07
1877,Lotte,De Vries,+31600001877,lotte.de vries1877@example.com,Rotterdam,2022-06-10
1878,Oliver,Bos,+31600001878,oliver.bos1878@example.com,Eindhoven,2021-08-02
1879,Anna,Vos,+31600001879,anna.vos1879@example.com,Almere,2024-01-31
1880,Lotte,Hendriks,+31600001880,lotte.hendriks1880@example.com,Tilburg,2022-04-02
1881,Liam,Kuiper,+31600001881,liam.kuiper1881@example.com,Amsterdam,2022-09-02
1882,Julia,Van Dijk,+31600001882,julia.van dijk1882@example.com,Breda,2022-05-25
1883,Ethan,Kok,+31600001883,ethan.kok1883@example.com,Eindhoven,2023-07-13
1884,Mila,Van Dijk,+31600001884,mila.van dijk1884@example.com,Tilburg,2021-01-04
1885,Milan,Willems,+31600001885,milan.willems1885@example.com,Utrecht,2024-09-25
1886,Julia,Jansen,+31600001886,julia.jansen1886@example.com,Breda,2021-02-18
1887,Finn,Hendriks,+31600001887,finn.hendriks1887@example.com,Breda,2021-04-12
1888,Milan,De Boer,+31600001888,milan.de boer1888@example.com,Breda,2021-08-05
1889,Finn,Jansen,+31600001889,finn.jansen1889@example.com,Tilburg,2022-09-25
1890,Sophia,Smit,+31600001890,sophia.smit1890@example.com,Amsterdam,2020-07-06
1891,Eva,De Boer,+31600001891,eva.de boer1891@example.com,Nijmegen,2023-04-30
1892,Sophia,Schouten,+31600001892,sophia.schouten1892@example.com,The Hague,2020-03-01
1893,Sophia,Bos,+31600001893,sophia.bos1893@example.com,Nijmegen,2022-06-10
1894,Milan,Willems,+31600001894,milan.willems1894@example.com,Almere,2020-09-19
1895,Mason,Meijer,+31600001895,mason.meijer1895@example.com,Utrecht,2020-12-16
1896,Julia,Jansen,+31600001896,julia.jansen1896@example.com,Almere,2023-05-12
1897,Lucas,De Vries,+31600001897,lucas.de vries1897@example.com,Amsterdam,2021-09-16
1898,Mila,Van Dijk,+31600001898,mila.van dijk1898@example.com,Almere,2024-10-16
1899,Milan,Hendriks,+31600001899,milan.hendriks1899@example.com,The Hague,2023-01-31
1900,Noah,De Boer,+31600001900,noah.de boer1900@example.com,Nijmegen,2022-01-07
1901,Daan,Hendriks,+31600001901,daan.hendriks1901@example.com,Utrecht,2020-03-24
1902,Eva,Willems,+31600001902,eva.willems1902@example.com,Amsterdam,2023-07-19
1903,Sophia,De Boer,+31600001903,sophia.de boer1903@example.com,Tilburg,2020-06-01
1904,Sophia,Prins,+31600001904,sophia.prins1904@example.com,Amsterdam,2021-04-28
1905,Lotte,De Boer,+31600001905,lotte.de boer1905@example.com,Breda,2024-09-16
1906,Lucas,Bos,+31600001906,lucas.bos1906@example.com,Nijmegen,2024-08-08
1907,Levi,Vos,+31600001907,levi.vos1907@example.com,Eindhoven,2021-08-22
1908,Daan,Kuiper,+31600001908,daan.kuiper1908@example.com,Nijmegen,2020-03-28
1909,Mila,Jacobs,+31600001909,mila.jacobs1909@example.com,Amsterdam,2023-08-08
1910,Sara,Peters,+31600001910,sara.peters1910@example.com,Utrecht,2022-11-06
1911,Noah,Prins,+31600001911,noah.prins1911@example.com,Amsterdam,2023-11-18
1912,Oliver,Van Dijk,+31600001912,oliver.van dijk1912@example.com,Utrecht,2023-09-17
1913,Sophia,Mulder,+31600001913,sophia.mulder1913@example.com,Amsterdam,2022-04-11
1914,Julia,Mulder,+31600001914,julia.mulder1914@example.com,Eindhoven,2023-10-09
1915,Sophia,Bakker,+31600001915,sophia.bakker1915@example.com,The Hague,2020-10-14
1916,Olivia,Dekker,+31600001916,olivia.dekker1916@example.com,Nijmegen,2021-05-08
1917,Daan,Dekker,+31600001917,daan.dekker1917@example.com,Breda,2022-07-24
1918,Nina,Visser,+31600001918,nina.visser1918@example.com,Breda,2024-11-24
1919,Oliver,Kuiper,+31600001919,oliver.kuiper1919@example.com,Eindhoven,2024-10-17
1920,Mila,Vos,+31600001920,mila.vos1920@example.com,Nijmegen,2021-03-30
1921,Sophia,Dekker,+31600001921,sophia.dekker1921@example.com,Eindhoven,2024-01-14
1922,Julia,Mulder,+31600001922,julia.mulder1922@example.com,Breda,2021-04-16
1923,Levi,Hendriks,+31600001923,levi.hendriks1923@example.com,Utrecht,2022-08-20
1924,Liam,De Boer,+31600001924,liam.de boer1924@example.com,Amsterdam,2023-05-20
1925,Olivia,Kuiper,+31600001925,olivia.kuiper1925@example.com,Utrecht,2021-03-24
1926,Daan,Hendriks,+31600001926,daan.hendriks1926@example.com,Breda,2023-09-28
1927,Finn,Hendriks,+31600001927,finn.hendriks1927@example.com,Utrecht,2020-06-22
1928,Eva,Vos,+31600001928,eva.vos1928@example.com,Tilburg,2022-03-13
1929,Lucas,Schouten,+31600001929,lucas.schouten1929@example.com,Nijmegen,2023-09-21
1930,Eva,Jansen,+31600001930,eva.jansen1930@example.com,Eindhoven,2022-07-09
1931,Finn,Schouten,+31600001931,finn.schouten1931@example.com,Eindhoven,2020-08-21
1932,Finn,Jansen,+31600001932,finn.jansen1932@example.com,Nijmegen,2020-12-22
1933,Finn,Smit,+31600001933,finn.smit1933@example.com,Nijmegen,2023-02-12
1934,Mason,Jansen,+31600001934,mason.jansen1934@example.com,Breda,2024-05-07
1935,Liam,Schouten,+31600001935,liam.schouten1935@example.com,Eindhoven,2024-10-13
1936,Sara,Willems,+31600001936,sara.willems1936@example.com,Breda,2021-02-02
1937,Anna,Mulder,+31600001937,anna.mulder1937@example.com,Amsterdam,2023-12-26
1938,Mason,Van Dijk,+31600001938,mason.van dijk1938@example.com,Nijmegen,2020-07-06
1939,Sara,Peters,+31600001939,sara.peters1939@example.com,Rotterdam,2023-01-22
1940,Liam,Hendriks,+31600001940,liam.hendriks1940@example.com,Almere,2024-06-10
1941,Milan,De Boer,+31600001941,milan.de boer1941@example.com,Utrecht,2021-10-15
1942,Mila,Vos,+31600001942,mila.vos1942@example.com,Tilburg,2023-05-02
1943,Lotte,Van Dijk,+31600001943,lotte.van dijk1943@example.com,The Hague,2020-12-17
1944,Nina,Kuiper,+31600001944,nina.kuiper1944@example.com,Tilburg,2021-06-08
1945,Sophia,Mulder,+31600001945,sophia.mulder1945@example.com,Groningen,2024-04-08
1946,Anna,Bos,+31600001946,anna.bos1946@example.com,Tilburg,2021-08-23
1947,Mila,Van Dijk,+31600001947,mila.van dijk1947@example.com,Groningen,2020-01-13
1948,Sophia,Smit,+31600001948,sophia.smit1948@example.com,Tilburg,2024-02-16
1949,Anna,Mulder,+31600001949,anna.mulder1949@example.com,Nijmegen,2023-02-12
1950,Emma,Jansen,+31600001950,emma.jansen1950@example.com,Nijmegen,2021-02-19
1951,Emma,Kuiper,+31600001951,emma.kuiper1951@example.com,Tilburg,2024-10-14
1952,Eva,Jansen,+31600001952,eva.jansen1952@example.com,Tilburg,2023-08-02
1953,Olivia,Peters,+31600001953,olivia.peters1953@example.com,Almere,2023-04-08
1954,Emma,Bos,+31600001954,emma.bos1954@example.com,Almere,2020-04-21
1955,Oliver,Hendriks,+31600001955,oliver.hendriks1955@example.com,Almere,2023-06-22
1956,Daan,Bakker,+31600001956,daan.bakker1956@example.com,Utrecht,2023-03-12
1957,Lucas,Kuiper,+31600001957,lucas.kuiper1957@example.com,Utrecht,2023-04-23
1958,Lotte,Van Dijk,+31600001958,lotte.van dijk1958@example.com,Utrecht,2022-09-06
1959,Noah,Smit,+31600001959,noah.smit1959@example.com,Tilburg,2022-12-15
1960,Sophia,Bakker,+31600001960,sophia.bakker1960@example.com,The Hague,2024-02-09
1961,Nina,Vos,+31600001961,nina.vos1961@example.com,Groningen,2023-02-23
1962,Sophia,Dekker,+31600001962,sophia.dekker1962@example.com,Groningen,2023-03-08
1963,Levi,Bakker,+31600001963,levi.bakker1963@example.com,Almere,2020-06-19
1964,Eva,Van Dijk,+31600001964,eva.van dijk1964@example.com,Rotterdam,2020-03-29
1965,Ethan,Kok,+31600001965,ethan.kok1965@example.com,Tilburg,2021-11-17
1966,Sophia,Bos,+31600001966,sophia.bos1966@example.com,Groningen,2021-10-19
1967,Anna,Visser,+31600001967,anna.visser1967@example.com,Nijmegen,2024-01-24
1968,Sara,De Boer,+31600001968,sara.de boer1968@example.com,Rotterdam,2022-11-04
1969,Lotte,De Boer,+31600001969,lotte.de boer1969@example.com,The Hague,2020-08-05
1970,Liam,Smit,+31600001970,liam.smit1970@example.com,Almere,2021-06-07
1971,Lucas,De Vries,+31600001971,lucas.de vries1971@example.com,Rotterdam,2023-01-15
1972,Anna,Van Dijk,+31600001972,anna.van dijk1972@example.com,Amsterdam,2022-04-01
1973,Finn,Peters,+31600001973,finn.peters1973@example.com,Breda,2023-01-31
1974,Noah,Hendriks,+31600001974,noah.hendriks1974@example.com,Rotterdam,2024-11-01
1975,Anna,Jansen,+31600001975,anna.jansen1975@example.com,Groningen,2021-03-04
1976,Mason,Kuiper,+31600001976,mason.kuiper1976@example.com,Breda,2022-07-25
1977,Liam,Mulder,+31600001977,liam.mulder1977@example.com,Eindhoven,2023-01-09
1978,Lotte,Mulder,+31600001978,lotte.mulder1978@example.com,Nijmegen,2021-08-22
1979,Olivia,Jacobs,+31600001979,olivia.jacobs1979@example.com,The Hague,2024-04-11
1980,Levi,Prins,+31600001980,levi.prins1980@example.com,The Hague,2021-01-16
1981,Noah,Smit,+31600001981,noah.smit1981@example.com,Breda,2022-02-20
1982,Mason,Willems,+31600001982,mason.willems1982@example.com,Almere,2023-08-13
1983,Daan,Kuiper,+31600001983,daan.kuiper1983@example.com,The Hague,2021-01-02
1984,Sara,De Vries,+31600001984,sara.de vries1984@example.com,Tilburg,2022-11-28
1985,Mila,Prins,+31600001985,mila.prins1985@example.com,Amsterdam,2020-10-29
1986,Lotte,Hendriks,+31600001986,lotte.hendriks1986@example.com,The Hague,2023-06-03
1987,Nina,Prins,+31600001987,nina.prins1987@example.com,Almere,2020-06-20
1988,Nina,Jacobs,+31600001988,nina.jacobs1988@example.com,The Hague,2022-08-29
1989,Mason,Schouten,+31600001989,mason.schouten1989@example.com,Tilburg,2024-04-28
1990,Sara,Dekker,+31600001990,sara.dekker1990@example.com,Rotterdam,2023-11-24
1991,Julia,Mulder,+31600001991,julia.mulder1991@example.com,Rotterdam,2020-02-02
1992,Daan,Dekker,+31600001992,daan.dekker1992@example.com,Almere,2020-07-17
1993,Nina,Jacobs,+31600001993,nina.jacobs1993@example.com,Groningen,2020-08-26
1994,Oliver,Visser,+31600001994,oliver.visser1994@example.com,Eindhoven,2022-02-22
1995,Daan,Kuiper,+31600001995,daan.kuiper1995@example.com,Amsterdam,2020-08-22
1996,Mason,Schouten,+31600001996,mason.schouten1996@example.com,Rotterdam,2022-09-27
1997,Noah,Kuiper,+31600001997,noah.kuiper1997@example.com,Utrecht,2024-09-04
1998,Emma,Jansen,+31600001998,emma.jansen1998@example.com,The Hague,2020-12-28
1999,Noah,Mulder,+31600001999,noah.mulder1999@example.com,The Hague,2022-11-01
2000,Eva,Jacobs,+31600002000,eva.jacobs2000@example.com,The Hague,2023-07-31
2001,Mila,Kok,+31600002001,mila.kok2001@example.com,Breda,2023-11-30
2002,Lucas,Jacobs,+31600002002,lucas.jacobs2002@example.com,Amsterdam,2021-04-17
2003,Emma,Kok,+31600002003,emma.kok2003@example.com,Breda,2022-02-06
2004,Nina,De Boer,+31600002004,nina.de boer2004@example.com,Almere,2020-01-20
2005,Noah,De Vries,+31600002005,noah.de vries2005@example.com,Utrecht,2023-03-03
2006,Noah,Bos,+31600002006,noah.bos2006@example.com,Nijmegen,2020-12-13
2007,Mason,Van Dijk,+31600002007,mason.van dijk2007@example.com,Breda,2024-04-02
2008,Mason,Smit,+31600002008,mason.smit2008@example.com,Amsterdam,2022-12-02
2009,Anna,Kuiper,+31600002009,anna.kuiper2009@example.com,Tilburg,2020-01-21
2010,Noah,Van Dijk,+31600002010,noah.van dijk2010@example.com,Utrecht,2023-03-20
2011,Mila,Schouten,+31600002011,mila.schouten2011@example.com,Groningen,2021-04-04
2012,Ethan,Visser,+31600002012,ethan.visser2012@example.com,Rotterdam,2024-04-02
2013,Emma,Kok,+31600002013,emma.kok2013@example.com,Amsterdam,2020-09-21
2014,Milan,Visser,+31600002014,milan.visser2014@example.com,Tilburg,2020-09-06
2015,Emma,Peters,+31600002015,emma.peters2015@example.com,Groningen,2021-09-24
2016,Daan,Jacobs,+31600002016,daan.jacobs2016@example.com,Utrecht,2022-12-02
2017,Lucas,De Vries,+31600002017,lucas.de vries2017@example.com,Amsterdam,2024-08-30
2018,Olivia,Willems,+31600002018,olivia.willems2018@example.com,Eindhoven,2022-02-28
2019,Liam,Bos,+31600002019,liam.bos2019@example.com,Eindhoven,2022-02-05
2020,Olivia,Peters,+31600002020,olivia.peters2020@example.com,Almere,2021-05-08
2021,Finn,Jansen,+31600002021,finn.jansen2021@example.com,Rotterdam,2021-10-23
2022,Levi,Kok,+31600002022,levi.kok2022@example.com,Utrecht,2021-04-11
2023,Levi,Visser,+31600002023,levi.visser2023@example.com,Groningen,2020-01-29
2024,Anna,Meijer,+31600002024,anna.meijer2024@example.com,Almere,2021-01-29
2025,Daan,Vos,+31600002025,daan.vos2025@example.com,Utrecht,2024-04-20
2026,Daan,Peters,+31600002026,daan.peters2026@example.com,Utrecht,2021-06-21
2027,Mila,Visser,+31600002027,mila.visser2027@example.com,Utrecht,2024-09-05
2028,Nina,De Boer,+31600002028,nina.de boer2028@example.com,The Hague,2024-03-03
2029,Olivia,Prins,+31600002029,olivia.prins2029@example.com,Rotterdam,2021-01-07
2030,Daan,Visser,+31600002030,daan.visser2030@example.com,Rotterdam,2020-01-21
2031,Milan,Meijer,+31600002031,milan.meijer2031@example.com,Amsterdam,2020-01-07
2032,Levi,Jansen,+31600002032,levi.jansen2032@example.com,Eindhoven,2023-09-24
2033,Olivia,Mulder,+31600002033,olivia.mulder2033@example.com,Tilburg,2023-07-16
2034,Sara,Visser,+31600002034,sara.visser2034@example.com,Groningen,2021-07-21
2035,Nina,Prins,+31600002035,nina.prins2035@example.com,Utrecht,2023-07-08
2036,Eva,Bos,+31600002036,eva.bos2036@example.com,Eindhoven,2023-04-05
2037,Anna,Hendriks,+31600002037,anna.hendriks2037@example.com,Utrecht,2022-11-23
2038,Oliver,Bakker,+31600002038,oliver.bakker2038@example.com,Breda,2023-01-15
2039,Levi,Schouten,+31600002039,levi.schouten2039@example.com,Eindhoven,2023-04-29
2040,Ethan,Dekker,+31600002040,ethan.dekker2040@example.com,Amsterdam,2021-07-01
2041,Eva,Bakker,+31600002041,eva.bakker2041@example.com,Breda,2024-07-14
2042,Nina,Prins,+31600002042,nina.prins2042@example.com,Breda,2020-03-04
2043,Liam,De Vries,+31600002043,liam.de vries2043@example.com,Amsterdam,2023-03-13
2044,Olivia,Mulder,+31600002044,olivia.mulder2044@example.com,Rotterdam,2020-01-08
2045,Liam,Van Dijk,+31600002045,liam.van dijk2045@example.com,Amsterdam,2024-08-11
2046,Oliver,Vos,+31600002046,oliver.vos2046@example.com,Groningen,2022-09-30
2047,Olivia,Vos,+31600002047,olivia.vos2047@example.com,Rotterdam,2022-03-21
2048,Sara,Vos,+31600002048,sara.vos2048@example.com,Eindhoven,2023-06-18
2049,Julia,Van Dijk,+31600002049,julia.van dijk2049@example.com,Eindhoven,2020-03-04
2050,Mason,Willems,+31600002050,mason.willems2050@example.com,Eindhoven,2020-06-09
2051,Eva,Jacobs,+31600002051,eva.jacobs2051@example.com,Almere,2022-05-10
2052,Liam,Kuiper,+31600002052,liam.kuiper2052@example.com,Almere,2022-03-31
2053,Levi,Visser,+31600002053,levi.visser2053@example.com,Nijmegen,2022-12-14
2054,Lucas,Meijer,+31600002054,lucas.meijer2054@example.com,Eindhoven,2021-11-07
2055,Mila,Schouten,+31600002055,mila.schouten2055@example.com,The Hague,2024-03-20
2056,Julia,Bakker,+31600002056,julia.bakker2056@example.com,Almere,2020-10-09
2057,Liam,De Boer,+31600002057,liam.de boer2057@example.com,The Hague,2021-05-21
2058,Sophia,Dekker,+31600002058,sophia.dekker2058@example.com,Rotterdam,2023-08-03
2059,Daan,Kuiper,+31600002059,daan.kuiper2059@example.com,Almere,2021-04-15
2060,Eva,Jacobs,+31600002060,eva.jacobs2060@example.com,Eindhoven,2024-01-24
2061,Finn,De Boer,+31600002061,finn.de boer2061@example.com,Tilburg,2021-11-01
2062,Mason,Prins,+31600002062,mason.prins2062@example.com,Nijmegen,2023-08-02
2063,Eva,Hendriks,+31600002063,eva.hendriks2063@example.com,Tilburg,2023-05-08
2064,Eva,Meijer,+31600002064,eva.meijer2064@example.com,Tilburg,2023-02-13
2065,Sophia,Smit,+31600002065,sophia.smit2065@example.com,The Hague,2023-07-13
2066,Lotte,Willems,+31600002066,lotte.willems2066@example.com,Nijmegen,2022-12-04
2067,Anna,Schouten,+31600002067,anna.schouten2067@example.com,Nijmegen,2023-05-10
2068,Sara,Vos,+31600002068,sara.vos2068@example.com,Eindhoven,2024-05-12
2069,Sara,Mulder,+31600002069,sara.mulder2069@example.com,Rotterdam,2022-07-27
2070,Lucas,Mulder,+31600002070,lucas.mulder2070@example.com,Rotterdam,2020-02-03
2071,Mason,Visser,+31600002071,mason.visser2071@example.com,Utrecht,2020-10-29
2072,Anna,Visser,+31600002072,anna.visser2072@example.com,Almere,2023-11-21
2073,Emma,De Boer,+31600002073,emma.de boer2073@example.com,Nijmegen,2023-01-25
2074,Finn,Schouten,+31600002074,finn.schouten2074@example.com,Groningen,2020-11-09
2075,Nina,Hendriks,+31600002075,nina.hendriks2075@example.com,Almere,2021-01-07
2076,Lotte,Meijer,+31600002076,lotte.meijer2076@example.com,Nijmegen,2023-01-12
2077,Emma,Meijer,+31600002077,emma.meijer2077@example.com,Amsterdam,2021-02-14
2078,Julia,Jansen,+31600002078,julia.jansen2078@example.com,Rotterdam,2021-10-03
2079,Lotte,Van Dijk,+31600002079,lotte.van dijk2079@example.com,Utrecht,2022-08-11
2080,Eva,Dekker,+31600002080,eva.dekker2080@example.com,Tilburg,2022-05-29
2081,Lotte,Bos,+31600002081,lotte.bos2081@example.com,Almere,2023-08-15
2082,Levi,Meijer,+31600002082,levi.meijer2082@example.com,The Hague,2020-06-17
2083,Noah,Kuiper,+31600002083,noah.kuiper2083@example.com,Groningen,2024-06-24
2084,Finn,Willems,+31600002084,finn.willems2084@example.com,The Hague,2023-07-03
2085,Finn,Vos,+31600002085,finn.vos2085@example.com,Eindhoven,2023-05-13
2086,Mila,Mulder,+31600002086,mila.mulder2086@example.com,Nijmegen,2022-04-28
2087,Anna,Vos,+31600002087,anna.vos2087@example.com,Nijmegen,2021-11-20
2088,Daan,Meijer,+31600002088,daan.meijer2088@example.com,Groningen,2023-10-07
2089,Mila,Prins,+31600002089,mila.prins2089@example.com,Breda,2023-03-15
2090,Lucas,Visser,+31600002090,lucas.visser2090@example.com,The Hague,2023-07-30
2091,Nina,Meijer,+31600002091,nina.meijer2091@example.com,Eindhoven,2020-03-19
2092,Mason,Bos,+31600002092,mason.bos2092@example.com,Almere,2024-07-25
2093,Nina,Mulder,+31600002093,nina.mulder2093@example.com,Groningen,2024-03-01
2094,Sara,Kok,+31600002094,sara.kok2094@example.com,Eindhoven,2023-07-24
2095,Eva,Meijer,+31600002095,eva.meijer2095@example.com,Utrecht,2024-02-04
2096,Liam,Schouten,+31600002096,liam.schouten2096@example.com,Rotterdam,2021-01-03
2097,Sara,Peters,+31600002097,sara.peters2097@example.com,Eindhoven,2024-03-09
2098,Nina,Schouten,+31600002098,nina.schouten2098@example.com,Tilburg,2024-06-24
2099,Daan,Van Dijk,+31600002099,daan.van dijk2099@example.com,The Hague,2021-12-16
2100,Ethan,Dekker,+31600002100,ethan.dekker2100@example.com,Eindhoven,2023-01-18
2101,Mila,De Vries,+31600002101,mila.de vries2101@example.com,Rotterdam,2020-12-27
2102,Sophia,De Vries,+31600002102,sophia.de vries2102@example.com,The Hague,2020-04-20
2103,Daan,Schouten,+31600002103,daan.schouten2103@example.com,Utrecht,2023-06-15
2104,Nina,Jansen,+31600002104,nina.jansen2104@example.com,Amsterdam,2023-07-23
2105,Sophia,Willems,+31600002105,sophia.willems2105@example.com,Groningen,2024-08-16
2106,Sara,Bakker,+31600002106,sara.bakker2106@example.com,Eindhoven,2020-06-11
2107,Oliver,Willems,+31600002107,oliver.willems2107@example.com,Almere,2021-08-13
2108,Milan,Kuiper,+31600002108,milan.kuiper2108@example.com,Amsterdam,2023-04-10
2109,Liam,Willems,+31600002109,liam.willems2109@example.com,Rotterdam,2023-07-16
2110,Lucas,De Vries,+31600002110,lucas.de vries2110@example.com,Eindhoven,2024-04-22
2111,Mila,Prins,+31600002111,mila.prins2111@example.com,Breda,2021-04-27
2112,Olivia,Kuiper,+31600002112,olivia.kuiper2112@example.com,Breda,2023-09-02
2113,Emma,Hendriks,+31600002113,emma.hendriks2113@example.com,Rotterdam,2021-06-04
2114,Emma,Peters,+31600002114,emma.peters2114@example.com,The Hague,2024-10-04
2115,Lotte,Vos,+31600002115,lotte.vos2115@example.com,Nijmegen,2023-01-21
2116,Finn,Mulder,+31600002116,finn.mulder2116@example.com,Tilburg,2021-09-02
2117,Milan,Willems,+31600002117,milan.willems2117@example.com,Amsterdam,2022-12-01
2118,Sophia,Smit,+31600002118,sophia.smit2118@example.com,Groningen,2021-08-19
2119,Anna,Dekker,+31600002119,anna.dekker2119@example.com,Nijmegen,2022-08-11
2120,Finn,Van Dijk,+31600002120,finn.van dijk2120@example.com,Almere,2023-04-21
2121,Sophia,Kok,+31600002121,sophia.kok2121@example.com,Groningen,2020-10-05
2122,Sophia,Vos,+31600002122,sophia.vos2122@example.com,Breda,2023-11-26
2123,Eva,Schouten,+31600002123,eva.schouten2123@example.com,Groningen,2023-07-07
2124,Sophia,Prins,+31600002124,sophia.prins2124@example.com,Groningen,2020-10-06
2125,Julia,Peters,+31600002125,julia.peters2125@example.com,The Hague,2024-01-31
2126,Oliver,De Boer,+31600002126,oliver.de boer2126@example.com,Eindhoven,2023-08-29
2127,Mason,De Boer,+31600002127,mason.de boer2127@example.com,Almere,2020-03-28
2128,Mila,Jansen,+31600002128,mila.jansen2128@example.com,Nijmegen,2024-11-06
2129,Lucas,Smit,+31600002129,lucas.smit2129@example.com,Nijmegen,2020-11-13
2130,Mason,De Boer,+31600002130,mason.de boer2130@example.com,Eindhoven,2024-05-20
2131,Liam,Hendriks,+31600002131,liam.hendriks2131@example.com,The Hague,2023-06-21
2132,Milan,Peters,+31600002132,milan.peters2132@example.com,Breda,2020-02-20
2133,Nina,Jacobs,+31600002133,nina.jacobs2133@example.com,Utrecht,2024-07-30
2134,Nina,Willems,+31600002134,nina.willems2134@example.com,Rotterdam,2022-10-17
2135,Finn,Jacobs,+31600002135,finn.jacobs2135@example.com,Rotterdam,2020-09-13
2136,Sophia,De Vries,+31600002136,sophia.de vries2136@example.com,The Hague,2023-02-08
2137,Emma,Schouten,+31600002137,emma.schouten2137@example.com,Nijmegen,2022-07-26
2138,Eva,De Vries,+31600002138,eva.de vries2138@example.com,Utrecht,2021-11-04
2139,Sara,Smit,+31600002139,sara.smit2139@example.com,Nijmegen,2024-10-15
2140,Liam,Vos,+31600002140,liam.vos2140@example.com,Eindhoven,2021-12-06
2141,Finn,Schouten,+31600002141,finn.schouten2141@example.com,Amsterdam,2023-10-15
2142,Lucas,Peters,+31600002142,lucas.peters2142@example.com,Tilburg,2020-08-05
2143,Mila,De Vries,+31600002143,mila.de vries2143@example.com,Utrecht,2021-08-05
2144,Oliver,Meijer,+31600002144,oliver.meijer2144@example.com,Breda,2020-01-09
2145,Milan,Bakker,+31600002145,milan.bakker2145@example.com,Tilburg,2021-01-30
2146,Daan,Jacobs,+31600002146,daan.jacobs2146@example.com,Rotterdam,2020-10-24
2147,Daan,Mulder,+31600002147,daan.mulder2147@example.com,Eindhoven,2020-05-13
2148,Olivia,Peters,+31600002148,olivia.peters2148@example.com,Almere,2024-06-17
2149,Lotte,Dekker,+31600002149,lotte.dekker2149@example.com,Almere,2023-02-01
2150,Eva,Jansen,+31600002150,eva.jansen2150@example.com,Eindhoven,2021-01-06
2151,Nina,Mulder,+31600002151,nina.mulder2151@example.com,Groningen,2024-07-24
2152,Liam,Bakker,+31600002152,liam.bakker2152@example.com,Groningen,2024-09-13
2153,Lucas,Schouten,+31600002153,lucas.schouten2153@example.com,Almere,2024-06-09
2154,Olivia,Bakker,+31600002154,olivia.bakker2154@example.com,Eindhoven,2021-07-04
2155,Finn,Kuiper,+31600002155,finn.kuiper2155@example.com,Tilburg,2021-11-11
2156,Daan,De Boer,+31600002156,daan.de boer2156@example.com,Nijmegen,2022-10-01
2157,Sara,Willems,+31600002157,sara.willems2157@example.com,Rotterdam,2024-10-29
2158,Lotte,Smit,+31600002158,lotte.smit2158@example.com,Groningen,2022-08-21
2159,Anna,Hendriks,+31600002159,anna.hendriks2159@example.com,Breda,2023-09-04
2160,Ethan,Schouten,+31600002160,ethan.schouten2160@example.com,Rotterdam,2021-09-09
2161,Mila,Kuiper,+31600002161,mila.kuiper2161@example.com,Tilburg,2021-06-29
2162,Lotte,Willems,+31600002162,lotte.willems2162@example.com,Almere,2023-02-08
2163,Lucas,Bos,+31600002163,lucas.bos2163@example.com,Eindhoven,2020-06-17
2164,Sara,Schouten,+31600002164,sara.schouten2164@example.com,Amsterdam,2021-10-02
2165,Mila,Meijer,+31600002165,mila.meijer2165@example.com,The Hague,2023-09-17
2166,Oliver,Smit,+31600002166,oliver.smit2166@example.com,The Hague,2020-05-31
2167,Ethan,Peters,+31600002167,ethan.peters2167@example.com,Eindhoven,2023-04-07
2168,Ethan,Kuiper,+31600002168,ethan.kuiper2168@example.com,The Hague,2024-07-21
2169,Mason,Visser,+31600002169,mason.visser2169@example.com,The Hague,2021-02-02
2170,Liam,Smit,+31600002170,liam.smit2170@example.com,Eindhoven,2023-04-26
2171,Mila,Dekker,+31600002171,mila.dekker2171@example.com,Nijmegen,2020-10-03
2172,Mason,Mulder,+31600002172,mason.mulder2172@example.com,Utrecht,2020-02-07
2173,Lucas,Willems,+31600002173,lucas.willems2173@example.com,Utrecht,2022-12-03
2174,Lotte,Hendriks,+31600002174,lotte.hendriks2174@example.com,Almere,2022-04-27
2175,Julia,De Boer,+31600002175,julia.de boer2175@example.com,Almere,2020-03-09
2176,Oliver,Mulder,+31600002176,oliver.mulder2176@example.com,Tilburg,2021-08-02
2177,Sophia,Willems,+31600002177,sophia.willems2177@example.com,The Hague,2022-12-27
2178,Liam,Bakker,+31600002178,liam.bakker2178@example.com,Utrecht,2024-03-23
2179,Eva,Mulder,+31600002179,eva.mulder2179@example.com,Rotterdam,2024-07-18
2180,Emma,Willems,+31600002180,emma.willems2180@example.com,Eindhoven,2023-10-23
2181,Liam,Meijer,+31600002181,liam.meijer2181@example.com,Tilburg,2023-11-01
2182,Liam,Bakker,+31600002182,liam.bakker2182@example.com,Eindhoven,2023-08-23
2183,Liam,Peters,+31600002183,liam.peters2183@example.com,Rotterdam,2023-03-29
2184,Mason,Dekker,+31600002184,mason.dekker2184@example.com,Breda,2023-02-19
2185,Mila,Kok,+31600002185,mila.kok2185@example.com,Nijmegen,2024-02-21
2186,Olivia,Vos,+31600002186,olivia.vos2186@example.com,Eindhoven,2024-11-05
2187,Noah,Smit,+31600002187,noah.smit2187@example.com,Breda,2021-05-07
2188,Daan,Mulder,+31600002188,daan.mulder2188@example.com,Eindhoven,2020-07-02
2189,Ethan,Peters,+31600002189,ethan.peters2189@example.com,Almere,2024-10-21
2190,Lucas,Dekker,+31600002190,lucas.dekker2190@example.com,The Hague,2021-08-17
2191,Liam,Mulder,+31600002191,liam.mulder2191@example.com,Breda,2020-03-12
2192,Ethan,Willems,+31600002192,ethan.willems2192@example.com,Amsterdam,2022-07-14
2193,Nina,Prins,+31600002193,nina.prins2193@example.com,Breda,2021-06-08
2194,Julia,Mulder,+31600002194,julia.mulder2194@example.com,Almere,2024-09-13
2195,Noah,Jansen,+31600002195,noah.jansen2195@example.com,Amsterdam,2022-11-24
2196,Emma,Willems,+31600002196,emma.willems2196@example.com,Nijmegen,2021-10-22
2197,Daan,Vos,+31600002197,daan.vos2197@example.com,Breda,2024-08-24
2198,Ethan,Visser,+31600002198,ethan.visser2198@example.com,Rotterdam,2021-11-22
2199,Mila,Vos,+31600002199,mila.vos2199@example.com,Breda,2020-11-20
2200,Liam,De Vries,+31600002200,liam.de vries2200@example.com,The Hague,2023-11-14
2201,Milan,Meijer,+31600002201,milan.meijer2201@example.com,Breda,2021-10-31
2202,Nina,Peters,+31600002202,nina.peters2202@example.com,Utrecht,2021-09-11
2203,Lucas,Bakker,+31600002203,lucas.bakker2203@example.com,Groningen,2024-07-22
2204,Finn,Visser,+31600002204,finn.visser2204@example.com,Nijmegen,2022-12-04
2205,Liam,Hendriks,+31600002205,liam.hendriks2205@example.com,Almere,2024-06-24
2206,Olivia,De Vries,+31600002206,olivia.de vries2206@example.com,Rotterdam,2020-05-24
2207,Anna,Meijer,+31600002207,anna.meijer2207@example.com,Almere,2024-11-23
2208,Ethan,Bos,+31600002208,ethan.bos2208@example.com,Nijmegen,2024-01-16
2209,Lotte,Smit,+31600002209,lotte.smit2209@example.com,The Hague,2021-10-24
2210,Lotte,Smit,+31600002210,lotte.smit2210@example.com,The Hague,2023-01-17
2211,Noah,Smit,+31600002211,noah.smit2211@example.com,Tilburg,2021-09-06
2212,Mila,Bos,+31600002212,mila.bos2212@example.com,Nijmegen,2020-09-26
2213,Lucas,De Vries,+31600002213,lucas.de vries2213@example.com,Utrecht,2023-04-05
2214,Nina,Kok,+31600002214,nina.kok2214@example.com,Utrecht,2021-03-14
2215,Liam,Meijer,+31600002215,liam.meijer2215@example.com,Eindhoven,2020-12-02
2216,Lucas,Van Dijk,+31600002216,lucas.van dijk2216@example.com,Rotterdam,2024-07-07
2217,Daan,Smit,+31600002217,daan.smit2217@example.com,Breda,2024-02-16
2218,Noah,Meijer,+31600002218,noah.meijer2218@example.com,Nijmegen,2024-09-12
2219,Emma,Kuiper,+31600002219,emma.kuiper2219@example.com,Rotterdam,2024-07-20
2220,Noah,Hendriks,+31600002220,noah.hendriks2220@example.com,Eindhoven,2023-01-11
2221,Sophia,Van Dijk,+31600002221,sophia.van dijk2221@example.com,Amsterdam,2022-07-15
2222,Anna,Schouten,+31600002222,anna.schouten2222@example.com,Utrecht,2020-05-15
2223,Mason,Bakker,+31600002223,mason.bakker2223@example.com,Rotterdam,2022-12-21
2224,Olivia,De Boer,+31600002224,olivia.de boer2224@example.com,Groningen,2024-07-19
2225,Lotte,Dekker,+31600002225,lotte.dekker2225@example.com,Breda,2021-10-11
2226,Sara,Kuiper,+31600002226,sara.kuiper2226@example.com,Utrecht,2021-05-26
2227,Ethan,De Boer,+31600002227,ethan.de boer2227@example.com,Nijmegen,2021-03-14
2228,Eva,Peters,+31600002228,eva.peters2228@example.com,Tilburg,2022-12-24
2229,Lotte,Jansen,+31600002229,lotte.jansen2229@example.com,Nijmegen,2022-01-24
2230,Daan,Prins,+31600002230,daan.prins2230@example.com,Eindhoven,2021-05-28
2231,Olivia,Dekker,+31600002231,olivia.dekker2231@example.com,Breda,2021-04-27
2232,Julia,Smit,+31600002232,julia.smit2232@example.com,Utrecht,2020-05-27
2233,Lotte,Visser,+31600002233,lotte.visser2233@example.com,Eindhoven,2021-01-04
2234,Lotte,Vos,+31600002234,lotte.vos2234@example.com,Amsterdam,2020-08-20
2235,Ethan,Mulder,+31600002235,ethan.mulder2235@example.com,Rotterdam,2020-04-16
2236,Milan,Schouten,+31600002236,milan.schouten2236@example.com,Nijmegen,2023-11-23
2237,Oliver,Mulder,+31600002237,oliver.mulder2237@example.com,The Hague,2023-02-22
2238,Emma,Prins,+31600002238,emma.prins2238@example.com,Eindhoven,2020-06-16
2239,Mila,Dekker,+31600002239,mila.dekker2239@example.com,Tilburg,2022-09-27
2240,Olivia,Peters,+31600002240,olivia.peters2240@example.com,Eindhoven,2024-07-22
2241,Emma,Kuiper,+31600002241,emma.kuiper2241@example.com,Nijmegen,2023-12-28
2242,Julia,Willems,+31600002242,julia.willems2242@example.com,Eindhoven,2020-06-04
2243,Milan,Kok,+31600002243,milan.kok2243@example.com,Tilburg,2021-07-07
2244,Noah,Peters,+31600002244,noah.peters2244@example.com,Groningen,2022-03-07
2245,Sara,De Vries,+31600002245,sara.de vries2245@example.com,Eindhoven,2023-03-03
2246,Lucas,Meijer,+31600002246,lucas.meijer2246@example.com,Eindhoven,2023-09-06
2247,Sara,Bakker,+31600002247,sara.bakker2247@example.com,Amsterdam,2023-12-20
2248,Ethan,Dekker,+31600002248,ethan.dekker2248@example.com,Utrecht,2020-12-13
2249,Sara,Visser,+31600002249,sara.visser2249@example.com,Rotterdam,2023-12-14
2250,Mason,Mulder,+31600002250,mason.mulder2250@example.com,Groningen,2024-09-19
2251,Noah,Bos,+31600002251,noah.bos2251@example.com,Almere,2022-06-30
2252,Ethan,Jacobs,+31600002252,ethan.jacobs2252@example.com,Breda,2023-09-11
2253,Sara,Mulder,+31600002253,sara.mulder2253@example.com,Groningen,2024-06-19
2254,Julia,Mulder,+31600002254,julia.mulder2254@example.com,Groningen,2022-03-14
2255,Liam,Van Dijk,+31600002255,liam.van dijk2255@example.com,The Hague,2023-05-07
2256,Finn,Bakker,+31600002256,finn.bakker2256@example.com,Rotterdam,2021-09-27
2257,Sophia,Bos,+31600002257,sophia.bos2257@example.com,The Hague,2021-12-16
2258,Nina,Peters,+31600002258,nina.peters2258@example.com,Breda,2020-06-27
2259,Oliver,Bakker,+31600002259,oliver.bakker2259@example.com,Amsterdam,2020-10-25
2260,Mason,Jansen,+31600002260,mason.jansen2260@example.com,Eindhoven,2023-04-12
2261,Liam,Van Dijk,+31600002261,liam.van dijk2261@example.com,Amsterdam,2020-02-26
2262,Mila,Bakker,+31600002262,mila.bakker2262@example.com,Breda,2022-10-17
2263,Levi,Meijer,+31600002263,levi.meijer2263@example.com,Eindhoven,2020-09-17
2264,Sophia,Peters,+31600002264,sophia.peters2264@example.com,Rotterdam,2022-10-30
2265,Lotte,Bos,+31600002265,lotte.bos2265@example.com,Nijmegen,2021-05-11
2266,Liam,Dekker,+31600002266,liam.dekker2266@example.com,Utrecht,2020-02-21
2267,Daan,Vos,+31600002267,daan.vos2267@example.com,Groningen,2022-12-11
2268,Sophia,Prins,+31600002268,sophia.prins2268@example.com,The Hague,2023-01-07
2269,Lotte,Kuiper,+31600002269,lotte.kuiper2269@example.com,The Hague,2021-10-17
2270,Olivia,Willems,+31600002270,olivia.willems2270@example.com,Groningen,2024-08-23
2271,Ethan,Dekker,+31600002271,ethan.dekker2271@example.com,Utrecht,2020-12-21
2272,Levi,De Vries,+31600002272,levi.de vries2272@example.com,Almere,2024-08-02
2273,Sophia,De Vries,+31600002273,sophia.de vries2273@example.com,Amsterdam,2020-05-08
2274,Mila,Vos,+31600002274,mila.vos2274@example.com,Breda,2021-08-16
2275,Eva,De Boer,+31600002275,eva.de boer2275@example.com,Tilburg,2022-09-03
2276,Eva,Bos,+31600002276,eva.bos2276@example.com,Eindhoven,2024-07-10
2277,Milan,Bakker,+31600002277,milan.bakker2277@example.com,Breda,2023-09-09
2278,Lotte,Prins,+31600002278,lotte.prins2278@example.com,Groningen,2020-07-17
2279,Mila,Van Dijk,+31600002279,mila.van dijk2279@example.com,Rotterdam,2021-07-31
2280,Lucas,De Boer,+31600002280,lucas.de boer2280@example.com,Amsterdam,2020-07-08
2281,Mason,Bakker,+31600002281,mason.bakker2281@example.com,Tilburg,2024-02-22
2282,Lotte,Prins,+31600002282,lotte.prins2282@example.com,Rotterdam,2023-07-26
2283,Lotte,De Vries,+31600002283,lotte.de vries2283@example.com,Eindhoven,2024-04-05
2284,Eva,Mulder,+31600002284,eva.mulder2284@example.com,Almere,2024-06-25
2285,Emma,Jacobs,+31600002285,emma.jacobs2285@example.com,Rotterdam,2023-11-10
2286,Liam,Meijer,+31600002286,liam.meijer2286@example.com,Amsterdam,2022-04-29
2287,Olivia,Hendriks,+31600002287,olivia.hendriks2287@example.com,Nijmegen,2024-11-28
2288,Eva,Peters,+31600002288,eva.peters2288@example.com,Utrecht,2021-07-01
2289,Noah,Dekker,+31600002289,noah.dekker2289@example.com,Breda,2024-06-28
2290,Milan,Kuiper,+31600002290,milan.kuiper2290@example.com,Amsterdam,2022-07-02
2291,Mason,Vos,+31600002291,mason.vos2291@example.com,Breda,2024-02-16
2292,Lucas,Mulder,+31600002292,lucas.mulder2292@example.com,Rotterdam,2023-08-15
2293,Nina,Mulder,+31600002293,nina.mulder2293@example.com,Amsterdam,2022-01-20
2294,Anna,De Vries,+31600002294,anna.de vries2294@example.com,Amsterdam,2023-11-10
2295,Julia,Kuiper,+31600002295,julia.kuiper2295@example.com,Breda,2023-08-29
2296,Milan,Willems,+31600002296,milan.willems2296@example.com,Eindhoven,2024-06-23
2297,Olivia,De Boer,+31600002297,olivia.de boer2297@example.com,Rotterdam,2020-07-26
2298,Levi,Smit,+31600002298,levi.smit2298@example.com,Breda,2024-11-26
2299,Sophia,Hendriks,+31600002299,sophia.hendriks2299@example.com,Eindhoven,2020-09-13
2300,Sara,Hendriks,+31600002300,sara.hendriks2300@example.com,The Hague,2021-11-20
2301,Finn,Kuiper,+31600002301,finn.kuiper2301@example.com,Groningen,2023-03-03
2302,Milan,Jacobs,+31600002302,milan.jacobs2302@example.com,Almere,2020-04-25
2303,Milan,Bakker,+31600002303,milan.bakker2303@example.com,Amsterdam,2024-08-07
2304,Olivia,Bakker,+31600002304,olivia.bakker2304@example.com,Utrecht,2024-08-14
2305,Mason,Mulder,+31600002305,mason.mulder2305@example.com,Breda,2023-07-25
2306,Ethan,Prins,+31600002306,ethan.prins2306@example.com,Almere,2020-03-13
2307,Mason,Schouten,+31600002307,mason.schouten2307@example.com,Tilburg,2024-08-13
2308,Ethan,Willems,+31600002308,ethan.willems2308@example.com,Amsterdam,2022-06-12
2309,Eva,Meijer,+31600002309,eva.meijer2309@example.com,Breda,2024-08-01
2310,Noah,De Boer,+31600002310,noah.de boer2310@example.com,Utrecht,2024-03-17
2311,Anna,Peters,+31600002311,anna.peters2311@example.com,Groningen,2022-12-27
2312,Daan,Meijer,+31600002312,daan.meijer2312@example.com,Breda,2021-09-29
2313,Mila,Dekker,+31600002313,mila.dekker2313@example.com,Breda,2022-07-03
2314,Anna,Vos,+31600002314,anna.vos2314@example.com,Almere,2021-06-01
2315,Olivia,Prins,+31600002315,olivia.prins2315@example.com,Rotterdam,2023-03-09
2316,Daan,Mulder,+31600002316,daan.mulder2316@example.com,Tilburg,2024-08-04
2317,Finn,Dekker,+31600002317,finn.dekker2317@example.com,Rotterdam,2021-03-30
2318,Liam,Prins,+31600002318,liam.prins2318@example.com,Amsterdam,2022-09-16
2319,Liam,Willems,+31600002319,liam.willems2319@example.com,Breda,2024-09-03
2320,Noah,Jansen,+31600002320,noah.jansen2320@example.com,Groningen,2020-12-13
2321,Julia,Meijer,+31600002321,julia.meijer2321@example.com,Groningen,2022-02-19
2322,Olivia,Vos,+31600002322,olivia.vos2322@example.com,Eindhoven,2023-02-28
2323,Anna,Visser,+31600002323,anna.visser2323@example.com,Amsterdam,2022-03-26
2324,Lucas,Van Dijk,+31600002324,lucas.van dijk2324@example.com,Utrecht,2021-08-08
2325,Julia,Kok,+31600002325,julia.kok2325@example.com,Almere,2023-01-22
2326,Noah,Bos,+31600002326,noah.bos2326@example.com,Amsterdam,2022-07-24
2327,Anna,Meijer,+31600002327,anna.meijer2327@example.com,Rotterdam,2021-02-22
2328,Olivia,Kuiper,+31600002328,olivia.kuiper2328@example.com,Rotterdam,2021-04-12
2329,Emma,Bos,+31600002329,emma.bos2329@example.com,The Hague,2020-06-24
2330,Levi,Mulder,+31600002330,levi.mulder2330@example.com,Tilburg,2023-11-16
2331,Levi,Jansen,+31600002331,levi.jansen2331@example.com,Almere,2021-05-13
2332,Nina,Hendriks,+31600002332,nina.hendriks2332@example.com,Amsterdam,2020-06-15
2333,Anna,Bakker,+31600002333,anna.bakker2333@example.com,Tilburg,2021-01-25
2334,Mila,Willems,+31600002334,mila.willems2334@example.com,Groningen,2020-06-18
2335,Emma,Dekker,+31600002335,emma.dekker2335@example.com,Tilburg,2024-02-19
2336,Milan,Dekker,+31600002336,milan.dekker2336@example.com,The Hague,2020-02-09
2337,Olivia,Prins,+31600002337,olivia.prins2337@example.com,Eindhoven,2023-04-01
2338,Oliver,Jacobs,+31600002338,oliver.jacobs2338@example.com,Utrecht,2021-01-19
2339,Milan,Bos,+31600002339,milan.bos2339@example.com,Eindhoven,2022-07-15
2340,Ethan,Kok,+31600002340,ethan.kok2340@example.com,Nijmegen,2024-04-23
2341,Levi,Willems,+31600002341,levi.willems2341@example.com,Nijmegen,2020-04-29
2342,Eva,Jacobs,+31600002342,eva.jacobs2342@example.com,Breda,2024-01-29
2343,Sara,Vos,+31600002343,sara.vos2343@example.com,Rotterdam,2020-08-04
2344,Levi,Willems,+31600002344,levi.willems2344@example.com,Rotterdam,2023-12-24
2345,Eva,Hendriks,+31600002345,eva.hendriks2345@example.com,Rotterdam,2020-12-20
2346,Eva,Mulder,+31600002346,eva.mulder2346@example.com,Eindhoven,2022-08-06
2347,Anna,Meijer,+31600002347,anna.meijer2347@example.com,Groningen,2021-06-30
2348,Julia,Schouten,+31600002348,julia.schouten2348@example.com,Almere,2021-07-17
2349,Mason,Willems,+31600002349,mason.willems2349@example.com,Nijmegen,2023-03-16
2350,Anna,Peters,+31600002350,anna.peters2350@example.com,Nijmegen,2020-04-13
2351,Sophia,Schouten,+31600002351,sophia.schouten2351@example.com,Amsterdam,2024-10-01
2352,Sophia,Van Dijk,+31600002352,sophia.van dijk2352@example.com,Almere,2020-05-06
2353,Milan,De Vries,+31600002353,milan.de vries2353@example.com,The Hague,2023-01-12
2354,Olivia,Schouten,+31600002354,olivia.schouten2354@example.com,Breda,2021-10-13
2355,Daan,Kok,+31600002355,daan.kok2355@example.com,Eindhoven,2021-11-07
2356,Liam,Jacobs,+31600002356,liam.jacobs2356@example.com,Groningen,2023-03-06
2357,Emma,Meijer,+31600002357,emma.meijer2357@example.com,The Hague,2022-06-16
2358,Levi,Jacobs,+31600002358,levi.jacobs2358@example.com,Almere,2021-03-16
2359,Nina,Willems,+31600002359,nina.willems2359@example.com,Eindhoven,2024-05-03
2360,Anna,Peters,+31600002360,anna.peters2360@example.com,Amsterdam,2022-02-17
2361,Emma,Kuiper,+31600002361,emma.kuiper2361@example.com,Almere,2022-01-06
2362,Nina,Hendriks,+31600002362,nina.hendriks2362@example.com,Eindhoven,2023-01-20
2363,Mila,Kok,+31600002363,mila.kok2363@example.com,Rotterdam,2020-07-10
2364,Anna,Kuiper,+31600002364,anna.kuiper2364@example.com,Almere,2022-07-06
2365,Lucas,De Boer,+31600002365,lucas.de boer2365@example.com,Breda,2021-10-08
2366,Lucas,Meijer,+31600002366,lucas.meijer2366@example.com,Amsterdam,2020-11-07
2367,Oliver,Meijer,+31600002367,oliver.meijer2367@example.com,Utrecht,2021-10-27
2368,Julia,Prins,+31600002368,julia.prins2368@example.com,Eindhoven,2020-07-30
2369,Mila,Prins,+31600002369,mila.prins2369@example.com,Rotterdam,2020-12-06
2370,Noah,Visser,+31600002370,noah.visser2370@example.com,Breda,2023-04-29
2371,Milan,Mulder,+31600002371,milan.mulder2371@example.com,Almere,2024-06-26
2372,Emma,Dekker,+31600002372,emma.dekker2372@example.com,Almere,2024-10-14
2373,Mila,Visser,+31600002373,mila.visser2373@example.com,The Hague,2020-01-03
2374,Nina,Kok,+31600002374,nina.kok2374@example.com,Groningen,2021-09-29
2375,Olivia,Van Dijk,+31600002375,olivia.van dijk2375@example.com,The Hague,2022-12-17
2376,Mason,Visser,+31600002376,mason.visser2376@example.com,Utrecht,2023-08-04
2377,Nina,Prins,+31600002377,nina.prins2377@example.com,Tilburg,2023-04-02
2378,Olivia,Bakker,+31600002378,olivia.bakker2378@example.com,Almere,2021-08-30
2379,Mila,Van Dijk,+31600002379,mila.van dijk2379@example.com,Groningen,2021-03-23
2380,Finn,Willems,+31600002380,finn.willems2380@example.com,Utrecht,2024-09-03
2381,Oliver,Vos,+31600002381,oliver.vos2381@example.com,Nijmegen,2024-07-09
2382,Ethan,De Boer,+31600002382,ethan.de boer2382@example.com,Rotterdam,2021-05-31
2383,Oliver,Vos,+31600002383,oliver.vos2383@example.com,Amsterdam,2022-06-01
2384,Eva,Schouten,+31600002384,eva.schouten2384@example.com,Amsterdam,2024-08-08
2385,Ethan,Van Dijk,+31600002385,ethan.van dijk2385@example.com,Amsterdam,2021-02-03
2386,Daan,De Boer,+31600002386,daan.de boer2386@example.com,Groningen,2022-06-11
2387,Noah,Bos,+31600002387,noah.bos2387@example.com,Amsterdam,2020-11-09
2388,Sophia,Bos,+31600002388,sophia.bos2388@example.com,Amsterdam,2021-06-13
2389,Emma,De Boer,+31600002389,emma.de boer2389@example.com,The Hague,2021-07-29
2390,Daan,Peters,+31600002390,daan.peters2390@example.com,Nijmegen,2024-01-25
2391,Daan,Hendriks,+31600002391,daan.hendriks2391@example.com,Utrecht,2021-01-10
2392,Eva,Visser,+31600002392,eva.visser2392@example.com,Breda,2021-06-25
2393,Liam,Kok,+31600002393,liam.kok2393@example.com,Eindhoven,2023-05-29
2394,Ethan,Smit,+31600002394,ethan.smit2394@example.com,Rotterdam,2023-06-23
2395,Olivia,Jansen,+31600002395,olivia.jansen2395@example.com,Tilburg,2022-05-16
2396,Anna,Smit,+31600002396,anna.smit2396@example.com,Almere,2021-11-27
2397,Oliver,Peters,+31600002397,oliver.peters2397@example.com,Breda,2020-08-20
2398,Mila,Jacobs,+31600002398,mila.jacobs2398@example.com,The Hague,2023-05-03
2399,Daan,Dekker,+31600002399,daan.dekker2399@example.com,Eindhoven,2020-07-03
2400,Lotte,De Vries,+31600002400,lotte.de vries2400@example.com,Breda,2022-10-22
2401,Julia,Jansen,+31600002401,julia.jansen2401@example.com,Eindhoven,2024-05-05
2402,Julia,Peters,+31600002402,julia.peters2402@example.com,Amsterdam,2021-05-16
2403,Milan,Kuiper,+31600002403,milan.kuiper2403@example.com,Groningen,2023-11-18
2404,Liam,Jacobs,+31600002404,liam.jacobs2404@example.com,Almere,2024-06-01
2405,Oliver,Smit,+31600002405,oliver.smit2405@example.com,Groningen,2023-02-14
2406,Sophia,Peters,+31600002406,sophia.peters2406@example.com,Breda,2020-05-10
2407,Levi,Mulder,+31600002407,levi.mulder2407@example.com,The Hague,2022-08-13
2408,Mason,Van Dijk,+31600002408,mason.van dijk2408@example.com,Rotterdam,2023-09-12
2409,Oliver,Vos,+31600002409,oliver.vos2409@example.com,Tilburg,2023-10-11
2410,Oliver,De Vries,+31600002410,oliver.de vries2410@example.com,Breda,2023-12-16
2411,Oliver,Jansen,+31600002411,oliver.jansen2411@example.com,Tilburg,2023-02-07
2412,Finn,Van Dijk,+31600002412,finn.van dijk2412@example.com,Tilburg,2022-07-15
2413,Anna,Mulder,+31600002413,anna.mulder2413@example.com,Rotterdam,2021-04-19
2414,Sophia,Bos,+31600002414,sophia.bos2414@example.com,Tilburg,2024-09-04
2415,Eva,Willems,+31600002415,eva.willems2415@example.com,Groningen,2022-07-15
2416,Sara,Jacobs,+31600002416,sara.jacobs2416@example.com,Amsterdam,2023-02-12
2417,Oliver,Dekker,+31600002417,oliver.dekker2417@example.com,Utrecht,2024-02-03
2418,Nina,Mulder,+31600002418,nina.mulder2418@example.com,Almere,2022-07-30
2419,Emma,Mulder,+31600002419,emma.mulder2419@example.com,Utrecht,2023-04-13
2420,Daan,Van Dijk,+31600002420,daan.van dijk2420@example.com,Breda,2020-09-09
2421,Anna,Willems,+31600002421,anna.willems2421@example.com,Tilburg,2020-08-13
2422,Nina,Prins,+31600002422,nina.prins2422@example.com,Groningen,2021-05-09
2423,Nina,Dekker,+31600002423,nina.dekker2423@example.com,Groningen,2023-11-08
2424,Eva,Van Dijk,+31600002424,eva.van dijk2424@example.com,Tilburg,2023-06-14
2425,Liam,Kuiper,+31600002425,liam.kuiper2425@example.com,Rotterdam,2022-05-10
2426,Nina,Dekker,+31600002426,nina.dekker2426@example.com,Rotterdam,2024-05-27
2427,Levi,Van Dijk,+31600002427,levi.van dijk2427@example.com,The Hague,2021-04-02
2428,Nina,Van Dijk,+31600002428,nina.van dijk2428@example.com,Tilburg,2020-06-10
2429,Sophia,Jacobs,+31600002429,sophia.jacobs2429@example.com,Utrecht,2020-10-18
2430,Nina,Jansen,+31600002430,nina.jansen2430@example.com,Groningen,2021-06-29
2431,Emma,Dekker,+31600002431,emma.dekker2431@example.com,Nijmegen,2021-05-05
2432,Lotte,Peters,+31600002432,lotte.peters2432@example.com,Utrecht,2022-05-17
2433,Levi,Hendriks,+31600002433,levi.hendriks2433@example.com,Eindhoven,2020-12-02
2434,Liam,Bos,+31600002434,liam.bos2434@example.com,Breda,2024-04-06
2435,Lotte,Mulder,+31600002435,lotte.mulder2435@example.com,Tilburg,2024-03-10
2436,Oliver,Meijer,+31600002436,oliver.meijer2436@example.com,Groningen,2024-04-14
2437,Olivia,Jacobs,+31600002437,olivia.jacobs2437@example.com,Breda,2020-11-02
2438,Eva,Jansen,+31600002438,eva.jansen2438@example.com,Groningen,2022-04-18
2439,Oliver,Van Dijk,+31600002439,oliver.van dijk2439@example.com,Tilburg,2024-08-17
2440,Lotte,Smit,+31600002440,lotte.smit2440@example.com,Breda,2024-09-22
2441,Oliver,Van Dijk,+31600002441,oliver.van dijk2441@example.com,Breda,2024-11-26
2442,Oliver,Kok,+31600002442,oliver.kok2442@example.com,Nijmegen,2020-09-10
2443,Liam,Peters,+31600002443,liam.peters2443@example.com,Breda,2020-10-30
2444,Ethan,Vos,+31600002444,ethan.vos2444@example.com,Almere,2022-11-18
2445,Levi,Willems,+31600002445,levi.willems2445@example.com,Nijmegen,2024-07-25
2446,Anna,Meijer,+31600002446,anna.meijer2446@example.com,The Hague,2020-04-16
2447,Nina,Van Dijk,+31600002447,nina.van dijk2447@example.com,Tilburg,2024-03-18
2448,Eva,Hendriks,+31600002448,eva.hendriks2448@example.com,Rotterdam,2021-07-02
2449,Sophia,Hendriks,+31600002449,sophia.hendriks2449@example.com,Rotterdam,2024-06-29
2450,Nina,Meijer,+31600002450,nina.meijer2450@example.com,Groningen,2024-08-06
2451,Mila,Mulder,+31600002451,mila.mulder2451@example.com,The Hague,2021-07-19
2452,Julia,Dekker,+31600002452,julia.dekker2452@example.com,The Hague,2024-09-09
2453,Emma,Jacobs,+31600002453,emma.jacobs2453@example.com,Rotterdam,2020-03-01
2454,Nina,Hendriks,+31600002454,nina.hendriks2454@example.com,The Hague,2020-12-10
2455,Ethan,Kok,+31600002455,ethan.kok2455@example.com,Amsterdam,2022-11-11
2456,Milan,De Vries,+31600002456,milan.de vries2456@example.com,Rotterdam,2024-06-18
2457,Levi,Meijer,+31600002457,levi.meijer2457@example.com,Rotterdam,2020-12-13
2458,Eva,Mulder,+31600002458,eva.mulder2458@example.com,Groningen,2020-04-11
2459,Ethan,Hendriks,+31600002459,ethan.hendriks2459@example.com,Amsterdam,2021-01-01
2460,Milan,Schouten,+31600002460,milan.schouten2460@example.com,Amsterdam,2023-12-31
2461,Julia,Bos,+31600002461,julia.bos2461@example.com,Almere,2023-11-15
2462,Liam,Smit,+31600002462,liam.smit2462@example.com,Groningen,2023-08-23
2463,Mason,Meijer,+31600002463,mason.meijer2463@example.com,Almere,2023-12-19
2464,Lucas,Willems,+31600002464,lucas.willems2464@example.com,Breda,2024-09-08
2465,Levi,Jansen,+31600002465,levi.jansen2465@example.com,Breda,2024-05-27
2466,Oliver,Hendriks,+31600002466,oliver.hendriks2466@example.com,Tilburg,2024-05-10
2467,Sara,Bakker,+31600002467,sara.bakker2467@example.com,The Hague,2022-06-05
2468,Emma,Visser,+31600002468,emma.visser2468@example.com,Amsterdam,2020-03-29
2469,Ethan,Peters,+31600002469,ethan.peters2469@example.com,Tilburg,2021-12-28
2470,Eva,Van Dijk,+31600002470,eva.van dijk2470@example.com,Almere,2021-07-25
2471,Oliver,Van Dijk,+31600002471,oliver.van dijk2471@example.com,Rotterdam,2023-01-05
2472,Nina,Peters,+31600002472,nina.peters2472@example.com,Almere,2020-03-25
2473,Ethan,Hendriks,+31600002473,ethan.hendriks2473@example.com,Nijmegen,2023-12-31
2474,Eva,Meijer,+31600002474,eva.meijer2474@example.com,Tilburg,2024-10-24
2475,Sophia,Willems,+31600002475,sophia.willems2475@example.com,Utrecht,2022-08-14
2476,Anna,Dekker,+31600002476,anna.dekker2476@example.com,Nijmegen,2020-01-21
2477,Anna,Vos,+31600002477,anna.vos2477@example.com,Rotterdam,2022-01-18
2478,Finn,Dekker,+31600002478,finn.dekker2478@example.com,Utrecht,2021-12-07
2479,Emma,Kok,+31600002479,emma.kok2479@example.com,Nijmegen,2023-03-01
2480,Noah,Jacobs,+31600002480,noah.jacobs2480@example.com,Breda,2024-10-24
2481,Liam,Willems,+31600002481,liam.willems2481@example.com,Nijmegen,2020-01-20
2482,Daan,Schouten,+31600002482,daan.schouten2482@example.com,Amsterdam,2024-03-16
2483,Noah,De Vries,+31600002483,noah.de vries2483@example.com,Breda,2021-04-30
2484,Olivia,Visser,+31600002484,olivia.visser2484@example.com,Breda,2021-08-18
2485,Sara,Peters,+31600002485,sara.peters2485@example.com,Breda,2024-08-01
2486,Mila,Meijer,+31600002486,mila.meijer2486@example.com,Rotterdam,2020-01-28
2487,Finn,Prins,+31600002487,finn.prins2487@example.com,Breda,2023-09-26
2488,Lotte,Smit,+31600002488,lotte.smit2488@example.com,Amsterdam,2022-02-04
2489,Daan,Kuiper,+31600002489,daan.kuiper2489@example.com,Utrecht,2020-10-14
2490,Julia,Mulder,+31600002490,julia.mulder2490@example.com,Rotterdam,2020-07-10
2491,Eva,De Boer,+31600002491,eva.de boer2491@example.com,Nijmegen,2021-04-21
2492,Levi,Dekker,+31600002492,levi.dekker2492@example.com,Tilburg,2024-02-14
2493,Oliver,Visser,+31600002493,oliver.visser2493@example.com,Utrecht,2023-03-30
2494,Levi,Dekker,+31600002494,levi.dekker2494@example.com,Nijmegen,2021-07-29
2495,Oliver,Jansen,+31600002495,oliver.jansen2495@example.com,Eindhoven,2021-05-03
2496,Daan,Kok,+31600002496,daan.kok2496@example.com,Breda,2024-01-08
2497,Olivia,Bos,+31600002497,olivia.bos2497@example.com,Nijmegen,2021-05-31
2498,Milan,Hendriks,+31600002498,milan.hendriks2498@example.com,Groningen,2024-04-05
2499,Eva,Peters,+31600002499,eva.peters2499@example.com,Nijmegen,2021-11-20
2500,Noah,Van Dijk,+31600002500,noah.van dijk2500@example.com,Utrecht,2022-05-15
2501,Lotte,Jacobs,+31600002501,lotte.jacobs2501@example.com,Amsterdam,2024-11-28
2502,Ethan,Bos,+31600002502,ethan.bos2502@example.com,Rotterdam,2021-03-06
2503,Ethan,De Boer,+31600002503,ethan.de boer2503@example.com,Nijmegen,2024-11-26
2504,Milan,Jansen,+31600002504,milan.jansen2504@example.com,Eindhoven,2020-06-26
2505,Anna,Smit,+31600002505,anna.smit2505@example.com,Breda,2020-07-28
2506,Mason,Bakker,+31600002506,mason.bakker2506@example.com,Almere,2022-10-13
2507,Liam,Hendriks,+31600002507,liam.hendriks2507@example.com,Eindhoven,2020-10-17
2508,Lucas,Hendriks,+31600002508,lucas.hendriks2508@example.com,Nijmegen,2020-08-10
2509,Mason,De Vries,+31600002509,mason.de vries2509@example.com,Utrecht,2024-04-25
2510,Olivia,Peters,+31600002510,olivia.peters2510@example.com,Tilburg,2021-11-07
2511,Eva,Peters,+31600002511,eva.peters2511@example.com,Groningen,2023-12-06
2512,Lotte,Visser,+31600002512,lotte.visser2512@example.com,Groningen,2023-10-29
2513,Levi,Prins,+31600002513,levi.prins2513@example.com,Rotterdam,2024-02-12
2514,Sara,Jacobs,+31600002514,sara.jacobs2514@example.com,Rotterdam,2024-05-21
2515,Oliver,Meijer,+31600002515,oliver.meijer2515@example.com,Nijmegen,2020-01-11
2516,Emma,Bakker,+31600002516,emma.bakker2516@example.com,Amsterdam,2020-09-08
2517,Olivia,Dekker,+31600002517,olivia.dekker2517@example.com,Breda,2023-11-26
2518,Julia,Van Dijk,+31600002518,julia.van dijk2518@example.com,Almere,2023-12-02
2519,Finn,Jacobs,+31600002519,finn.jacobs2519@example.com,Utrecht,2021-03-24
2520,Finn,Jansen,+31600002520,finn.jansen2520@example.com,Nijmegen,2022-02-20
2521,Eva,Prins,+31600002521,eva.prins2521@example.com,The Hague,2022-05-25
2522,Milan,Willems,+31600002522,milan.willems2522@example.com,Nijmegen,2020-09-22
2523,Julia,Hendriks,+31600002523,julia.hendriks2523@example.com,Groningen,2020-05-03
2524,Levi,Schouten,+31600002524,levi.schouten2524@example.com,Nijmegen,2024-07-05
2525,Liam,Meijer,+31600002525,liam.meijer2525@example.com,Groningen,2024-01-20
2526,Sophia,Peters,+31600002526,sophia.peters2526@example.com,Almere,2024-02-17
2527,Sophia,Bos,+31600002527,sophia.bos2527@example.com,Rotterdam,2023-06-20
2528,Emma,Hendriks,+31600002528,emma.hendriks2528@example.com,Amsterdam,2021-12-15
2529,Nina,De Boer,+31600002529,nina.de boer2529@example.com,Nijmegen,2021-07-03
2530,Oliver,Prins,+31600002530,oliver.prins2530@example.com,The Hague,2024-01-24
2531,Lucas,Smit,+31600002531,lucas.smit2531@example.com,Almere,2023-11-21
2532,Julia,Kok,+31600002532,julia.kok2532@example.com,Groningen,2024-03-22
2533,Sara,Kok,+31600002533,sara.kok2533@example.com,Groningen,2023-11-10
2534,Levi,Willems,+31600002534,levi.willems2534@example.com,Almere,2023-03-06
2535,Nina,Bakker,+31600002535,nina.bakker2535@example.com,Eindhoven,2020-03-14
2536,Lotte,De Boer,+31600002536,lotte.de boer2536@example.com,Tilburg,2023-11-04
2537,Lotte,De Boer,+31600002537,lotte.de boer2537@example.com,Almere,2020-05-18
2538,Eva,De Boer,+31600002538,eva.de boer2538@example.com,Tilburg,2022-06-20
2539,Sophia,Jansen,+31600002539,sophia.jansen2539@example.com,The Hague,2022-01-23
2540,Eva,Bakker,+31600002540,eva.bakker2540@example.com,Utrecht,2024-07-25
2541,Liam,Kok,+31600002541,liam.kok2541@example.com,Nijmegen,2020-04-30
2542,Mila,Visser,+31600002542,mila.visser2542@example.com,Eindhoven,2020-12-25
2543,Anna,Prins,+31600002543,anna.prins2543@example.com,Almere,2020-03-25
2544,Sara,Kok,+31600002544,sara.kok2544@example.com,Groningen,2022-01-02
2545,Eva,Dekker,+31600002545,eva.dekker2545@example.com,Groningen,2023-01-03
2546,Oliver,Bos,+31600002546,oliver.bos2546@example.com,Amsterdam,2023-07-10
2547,Sara,Peters,+31600002547,sara.peters2547@example.com,Utrecht,2020-02-29
2548,Sophia,Dekker,+31600002548,sophia.dekker2548@example.com,The Hague,2023-12-09
2549,Anna,Dekker,+31600002549,anna.dekker2549@example.com,The Hague,2023-09-22
2550,Sara,Willems,+31600002550,sara.willems2550@example.com,Tilburg,2022-07-12
2551,Oliver,De Boer,+31600002551,oliver.de boer2551@example.com,Nijmegen,2021-03-30
2552,Liam,Van Dijk,+31600002552,liam.van dijk2552@example.com,Amsterdam,2024-10-24
2553,Daan,Jacobs,+31600002553,daan.jacobs2553@example.com,The Hague,2022-09-02
2554,Mason,Kok,+31600002554,mason.kok2554@example.com,Almere,2023-06-27
2555,Mila,De Boer,+31600002555,mila.de boer2555@example.com,The Hague,2023-09-15
2556,Emma,De Boer,+31600002556,emma.de boer2556@example.com,Rotterdam,2022-12-20
2557,Olivia,Peters,+31600002557,olivia.peters2557@example.com,Breda,2022-12-26
2558,Lucas,Peters,+31600002558,lucas.peters2558@example.com,Almere,2023-07-30
2559,Sophia,Meijer,+31600002559,sophia.meijer2559@example.com,Breda,2023-09-04
2560,Mason,Mulder,+31600002560,mason.mulder2560@example.com,Breda,2022-05-24
2561,Oliver,Prins,+31600002561,oliver.prins2561@example.com,Eindhoven,2024-01-31
2562,Lotte,Mulder,+31600002562,lotte.mulder2562@example.com,Utrecht,2021-12-09
2563,Sophia,De Vries,+31600002563,sophia.de vries2563@example.com,Utrecht,2020-07-31
2564,Oliver,Smit,+31600002564,oliver.smit2564@example.com,Amsterdam,2022-04-10
2565,Lotte,Jacobs,+31600002565,lotte.jacobs2565@example.com,Breda,2024-06-15
2566,Sophia,Willems,+31600002566,sophia.willems2566@example.com,The Hague,2022-05-08
2567,Noah,Smit,+31600002567,noah.smit2567@example.com,The Hague,2022-05-03
2568,Mason,De Boer,+31600002568,mason.de boer2568@example.com,Amsterdam,2020-08-04
2569,Mila,Kok,+31600002569,mila.kok2569@example.com,Eindhoven,2021-08-15
2570,Mason,Van Dijk,+31600002570,mason.van dijk2570@example.com,Amsterdam,2022-01-20
2571,Levi,Prins,+31600002571,levi.prins2571@example.com,Nijmegen,2023-04-10
2572,Oliver,Vos,+31600002572,oliver.vos2572@example.com,Almere,2020-08-16
2573,Julia,Van Dijk,+31600002573,julia.van dijk2573@example.com,Almere,2023-09-02
2574,Milan,Kuiper,+31600002574,milan.kuiper2574@example.com,Utrecht,2020-10-02
2575,Lotte,Mulder,+31600002575,lotte.mulder2575@example.com,Tilburg,2023-08-22
2576,Liam,Visser,+31600002576,liam.visser2576@example.com,Tilburg,2022-12-14
2577,Milan,Kok,+31600002577,milan.kok2577@example.com,Rotterdam,2023-10-30
2578,Sophia,Dekker,+31600002578,sophia.dekker2578@example.com,Amsterdam,2021-10-02
2579,Lucas,Vos,+31600002579,lucas.vos2579@example.com,Tilburg,2024-09-23
2580,Mila,Willems,+31600002580,mila.willems2580@example.com,Groningen,2020-07-21
2581,Levi,De Vries,+31600002581,levi.de vries2581@example.com,Almere,2023-01-22
2582,Mila,Schouten,+31600002582,mila.schouten2582@example.com,Amsterdam,2022-11-07
2583,Lucas,Prins,+31600002583,lucas.prins2583@example.com,Eindhoven,2024-10-27
2584,Levi,Peters,+31600002584,levi.peters2584@example.com,Almere,2024-07-27
2585,Finn,Bakker,+31600002585,finn.bakker2585@example.com,Utrecht,2021-06-29
2586,Levi,Peters,+31600002586,levi.peters2586@example.com,Almere,2022-06-11
2587,Milan,Jansen,+31600002587,milan.jansen2587@example.com,Almere,2021-01-24
2588,Sophia,Peters,+31600002588,sophia.peters2588@example.com,Almere,2020-07-21
2589,Julia,Bakker,+31600002589,julia.bakker2589@example.com,Amsterdam,2022-06-29
2590,Lucas,Kuiper,+31600002590,lucas.kuiper2590@example.com,Nijmegen,2022-03-23
2591,Mason,Vos,+31600002591,mason.vos2591@example.com,Eindhoven,2024-03-02
2592,Emma,Dekker,+31600002592,emma.dekker2592@example.com,Amsterdam,2022-11-10
2593,Sara,Jacobs,+31600002593,sara.jacobs2593@example.com,Eindhoven,2022-06-27
2594,Anna,Bakker,+31600002594,anna.bakker2594@example.com,Groningen,2020-12-03
2595,Oliver,Dekker,+31600002595,oliver.dekker2595@example.com,Rotterdam,2022-01-19
2596,Liam,Willems,+31600002596,liam.willems2596@example.com,Eindhoven,2022-01-01
2597,Levi,Jacobs,+31600002597,levi.jacobs2597@example.com,Eindhoven,2022-03-03
2598,Daan,Mulder,+31600002598,daan.mulder2598@example.com,Rotterdam,2024-10-06
2599,Sara,Kok,+31600002599,sara.kok2599@example.com,Breda,2023-08-27
2600,Emma,Bos,+31600002600,emma.bos2600@example.com,Tilburg,2024-03-26
2601,Lucas,De Vries,+31600002601,lucas.de vries2601@example.com,Eindhoven,2024-11-18
2602,Sara,Visser,+31600002602,sara.visser2602@example.com,Tilburg,2023-07-16
2603,Liam,Dekker,+31600002603,liam.dekker2603@example.com,Groningen,2020-12-31
2604,Mason,Jansen,+31600002604,mason.jansen2604@example.com,Almere,2024-05-28
2605,Noah,Meijer,+31600002605,noah.meijer2605@example.com,Nijmegen,2024-08-13
2606,Daan,Meijer,+31600002606,daan.meijer2606@example.com,Nijmegen,2023-10-01
2607,Eva,Peters,+31600002607,eva.peters2607@example.com,The Hague,2021-06-13
2608,Julia,Jansen,+31600002608,julia.jansen2608@example.com,Breda,2021-11-02
2609,Oliver,Bos,+31600002609,oliver.bos2609@example.com,Amsterdam,2020-12-31
2610,Mila,Willems,+31600002610,mila.willems2610@example.com,Amsterdam,2021-02-21
2611,Lucas,Vos,+31600002611,lucas.vos2611@example.com,Amsterdam,2021-08-13
2612,Liam,Willems,+31600002612,liam.willems2612@example.com,Breda,2023-07-13
2613,Mila,Visser,+31600002613,mila.visser2613@example.com,Amsterdam,2021-06-23
2614,Sara,Schouten,+31600002614,sara.schouten2614@example.com,Amsterdam,2021-09-08
2615,Lucas,Peters,+31600002615,lucas.peters2615@example.com,Groningen,2022-03-02
2616,Mila,Prins,+31600002616,mila.prins2616@example.com,Nijmegen,2021-06-09
2617,Oliver,Kuiper,+31600002617,oliver.kuiper2617@example.com,Tilburg,2021-05-15
2618,Sophia,Dekker,+31600002618,sophia.dekker2618@example.com,The Hague,2021-07-23
2619,Lucas,Willems,+31600002619,lucas.willems2619@example.com,Rotterdam,2020-02-03
2620,Oliver,Hendriks,+31600002620,oliver.hendriks2620@example.com,Amsterdam,2021-06-08
2621,Noah,Van Dijk,+31600002621,noah.van dijk2621@example.com,The Hague,2022-02-21
2622,Sophia,Peters,+31600002622,sophia.peters2622@example.com,Eindhoven,2024-10-17
2623,Nina,Meijer,+31600002623,nina.meijer2623@example.com,Nijmegen,2021-07-17
2624,Lotte,De Boer,+31600002624,lotte.de boer2624@example.com,Nijmegen,2020-11-28
2625,Finn,Schouten,+31600002625,finn.schouten2625@example.com,Groningen,2021-11-19
2626,Emma,De Boer,+31600002626,emma.de boer2626@example.com,Nijmegen,2023-06-05
2627,Sophia,Schouten,+31600002627,sophia.schouten2627@example.com,Nijmegen,2024-07-28
2628,Sophia,Van Dijk,+31600002628,sophia.van dijk2628@example.com,Utrecht,2024-02-23
2629,Mason,Bos,+31600002629,mason.bos2629@example.com,Utrecht,2020-04-16
2630,Lotte,Willems,+31600002630,lotte.willems2630@example.com,Utrecht,2024-04-29
2631,Lotte,Kok,+31600002631,lotte.kok2631@example.com,Amsterdam,2024-06-25
2632,Finn,Jacobs,+31600002632,finn.jacobs2632@example.com,Breda,2020-04-15
2633,Lucas,Visser,+31600002633,lucas.visser2633@example.com,Rotterdam,2022-05-17
2634,Lotte,Mulder,+31600002634,lotte.mulder2634@example.com,The Hague,2020-02-21
2635,Mila,Jacobs,+31600002635,mila.jacobs2635@example.com,Amsterdam,2021-12-23
2636,Liam,Willems,+31600002636,liam.willems2636@example.com,Tilburg,2021-10-22
2637,Noah,Mulder,+31600002637,noah.mulder2637@example.com,The Hague,2024-10-29
2638,Finn,Jansen,+31600002638,finn.jansen2638@example.com,Rotterdam,2021-04-03
2639,Daan,Smit,+31600002639,daan.smit2639@example.com,Almere,2024-09-27
2640,Julia,Bakker,+31600002640,julia.bakker2640@example.com,Almere,2021-01-28
2641,Ethan,Willems,+31600002641,ethan.willems2641@example.com,Almere,2020-02-22
2642,Liam,Prins,+31600002642,liam.prins2642@example.com,The Hague,2024-02-12
2643,Noah,Meijer,+31600002643,noah.meijer2643@example.com,Groningen,2021-03-15
2644,Mila,Hendriks,+31600002644,mila.hendriks2644@example.com,Nijmegen,2023-04-05
2645,Daan,Mulder,+31600002645,daan.mulder2645@example.com,Breda,2021-11-27
2646,Julia,Kuiper,+31600002646,julia.kuiper2646@example.com,Nijmegen,2023-01-27
2647,Nina,Bos,+31600002647,nina.bos2647@example.com,The Hague,2020-06-10
2648,Mason,Van Dijk,+31600002648,mason.van dijk2648@example.com,Almere,2020-10-02
2649,Sophia,Kuiper,+31600002649,sophia.kuiper2649@example.com,Tilburg,2022-07-29
2650,Liam,Visser,+31600002650,liam.visser2650@example.com,Rotterdam,2021-11-20
2651,Mila,Schouten,+31600002651,mila.schouten2651@example.com,Groningen,2024-08-19
2652,Lucas,Bos,+31600002652,lucas.bos2652@example.com,Almere,2023-10-26
2653,Eva,Meijer,+31600002653,eva.meijer2653@example.com,Utrecht,2024-03-28
2654,Lucas,Meijer,+31600002654,lucas.meijer2654@example.com,Breda,2020-01-21
2655,Eva,Bakker,+31600002655,eva.bakker2655@example.com,Rotterdam,2020-03-12
2656,Milan,Schouten,+31600002656,milan.schouten2656@example.com,Amsterdam,2023-10-05
2657,Julia,Kok,+31600002657,julia.kok2657@example.com,Rotterdam,2024-08-31
2658,Finn,Bos,+31600002658,finn.bos2658@example.com,Tilburg,2021-04-23
2659,Ethan,Visser,+31600002659,ethan.visser2659@example.com,Rotterdam,2023-08-03
2660,Mila,Kuiper,+31600002660,mila.kuiper2660@example.com,Tilburg,2023-06-23
2661,Ethan,Kok,+31600002661,ethan.kok2661@example.com,Amsterdam,2020-12-27
2662,Daan,De Vries,+31600002662,daan.de vries2662@example.com,Groningen,2020-09-23
2663,Nina,Kuiper,+31600002663,nina.kuiper2663@example.com,Breda,2023-06-11
2664,Sara,Jacobs,+31600002664,sara.jacobs2664@example.com,Amsterdam,2023-07-27
2665,Sara,Dekker,+31600002665,sara.dekker2665@example.com,Breda,2022-04-04
2666,Julia,Schouten,+31600002666,julia.schouten2666@example.com,Breda,2020-02-23
2667,Noah,Kuiper,+31600002667,noah.kuiper2667@example.com,Almere,2022-07-10
2668,Lotte,Kuiper,+31600002668,lotte.kuiper2668@example.com,Almere,2021-10-24
2669,Eva,Visser,+31600002669,eva.visser2669@example.com,Eindhoven,2020-01-22
2670,Eva,Kuiper,+31600002670,eva.kuiper2670@example.com,Groningen,2024-02-21
2671,Noah,Smit,+31600002671,noah.smit2671@example.com,Rotterdam,2023-09-03
2672,Ethan,Mulder,+31600002672,ethan.mulder2672@example.com,Groningen,2021-09-25
2673,Olivia,Smit,+31600002673,olivia.smit2673@example.com,Tilburg,2023-03-02
2674,Milan,Meijer,+31600002674,milan.meijer2674@example.com,Utrecht,2024-03-07
2675,Noah,Smit,+31600002675,noah.smit2675@example.com,Nijmegen,2021-06-21
2676,Liam,Jacobs,+31600002676,liam.jacobs2676@example.com,Rotterdam,2023-03-03
2677,Mason,Bakker,+31600002677,mason.bakker2677@example.com,Tilburg,2021-09-28
2678,Julia,Mulder,+31600002678,julia.mulder2678@example.com,Rotterdam,2022-02-27
2679,Daan,Kok,+31600002679,daan.kok2679@example.com,Almere,2023-09-02
2680,Emma,Smit,+31600002680,emma.smit2680@example.com,Eindhoven,2024-09-07
2681,Mason,Meijer,+31600002681,mason.meijer2681@example.com,Tilburg,2020-01-31
2682,Finn,Bakker,+31600002682,finn.bakker2682@example.com,Rotterdam,2022-07-10
2683,Daan,Bos,+31600002683,daan.bos2683@example.com,Amsterdam,2024-01-19
2684,Anna,Dekker,+31600002684,anna.dekker2684@example.com,Utrecht,2020-09-06
2685,Anna,De Vries,+31600002685,anna.de vries2685@example.com,Groningen,2020-09-29
2686,Emma,Willems,+31600002686,emma.willems2686@example.com,Rotterdam,2022-06-22
2687,Oliver,Meijer,+31600002687,oliver.meijer2687@example.com,Tilburg,2021-02-13
2688,Olivia,Peters,+31600002688,olivia.peters2688@example.com,Groningen,2023-12-23
2689,Nina,Jacobs,+31600002689,nina.jacobs2689@example.com,Nijmegen,2021-07-29
2690,Olivia,Jansen,+31600002690,olivia.jansen2690@example.com,Breda,2024-10-04
2691,Eva,Kuiper,+31600002691,eva.kuiper2691@example.com,Groningen,2020-12-02
2692,Lotte,Mulder,+31600002692,lotte.mulder2692@example.com,Amsterdam,2023-01-05
2693,Oliver,Kuiper,+31600002693,oliver.kuiper2693@example.com,Breda,2020-11-19
2694,Sophia,Bakker,+31600002694,sophia.bakker2694@example.com,Utrecht,2023-10-26
2695,Milan,Dekker,+31600002695,milan.dekker2695@example.com,Breda,2021-06-07
2696,Sophia,Schouten,+31600002696,sophia.schouten2696@example.com,Nijmegen,2020-08-09
2697,Finn,Vos,+31600002697,finn.vos2697@example.com,Breda,2020-07-08
2698,Mason,Bakker,+31600002698,mason.bakker2698@example.com,The Hague,2024-10-23
2699,Mila,Mulder,+31600002699,mila.mulder2699@example.com,Breda,2021-12-03
2700,Emma,De Boer,+31600002700,emma.de boer2700@example.com,The Hague,2021-12-14
2701,Ethan,Prins,+31600002701,ethan.prins2701@example.com,The Hague,2023-09-26
2702,Sophia,Schouten,+31600002702,sophia.schouten2702@example.com,Nijmegen,2022-11-10
2703,Olivia,Bakker,+31600002703,olivia.bakker2703@example.com,Eindhoven,2020-08-02
2704,Lucas,Prins,+31600002704,lucas.prins2704@example.com,Eindhoven,2023-11-23
2705,Noah,Kok,+31600002705,noah.kok2705@example.com,Nijmegen,2021-05-09
2706,Ethan,Schouten,+31600002706,ethan.schouten2706@example.com,Eindhoven,2020-03-12
2707,Julia,Bakker,+31600002707,julia.bakker2707@example.com,Rotterdam,2024-02-12
2708,Liam,Meijer,+31600002708,liam.meijer2708@example.com,Almere,2022-04-17
2709,Mason,Smit,+31600002709,mason.smit2709@example.com,Groningen,2020-01-16
2710,Milan,Peters,+31600002710,milan.peters2710@example.com,Utrecht,2020-12-13
2711,Emma,Willems,+31600002711,emma.willems2711@example.com,The Hague,2022-06-03
2712,Sophia,Mulder,+31600002712,sophia.mulder2712@example.com,Breda,2021-02-26
2713,Levi,Schouten,+31600002713,levi.schouten2713@example.com,Rotterdam,2020-10-30
2714,Lucas,De Boer,+31600002714,lucas.de boer2714@example.com,Tilburg,2022-08-24
2715,Levi,De Vries,+31600002715,levi.de vries2715@example.com,Eindhoven,2024-10-28
2716,Oliver,Jacobs,+31600002716,oliver.jacobs2716@example.com,Eindhoven,2021-02-21
2717,Lucas,Mulder,+31600002717,lucas.mulder2717@example.com,Rotterdam,2024-11-07
2718,Lotte,Bos,+31600002718,lotte.bos2718@example.com,Groningen,2021-04-28
2719,Olivia,Meijer,+31600002719,olivia.meijer2719@example.com,Utrecht,2023-03-28
2720,Noah,Vos,+31600002720,noah.vos2720@example.com,Rotterdam,2024-04-30
2721,Nina,Jansen,+31600002721,nina.jansen2721@example.com,The Hague,2022-05-18
2722,Lotte,Hendriks,+31600002722,lotte.hendriks2722@example.com,Rotterdam,2020-04-06
2723,Levi,De Vries,+31600002723,levi.de vries2723@example.com,Utrecht,2023-09-19
2724,Oliver,Schouten,+31600002724,oliver.schouten2724@example.com,Groningen,2022-04-14
2725,Levi,Schouten,+31600002725,levi.schouten2725@example.com,Utrecht,2020-04-01
2726,Julia,Visser,+31600002726,julia.visser2726@example.com,Breda,2020-02-02
2727,Olivia,Jansen,+31600002727,olivia.jansen2727@example.com,Almere,2023-09-01
2728,Olivia,Mulder,+31600002728,olivia.mulder2728@example.com,Amsterdam,2020-03-09
2729,Mason,Bos,+31600002729,mason.bos2729@example.com,The Hague,2024-08-19
2730,Levi,Van Dijk,+31600002730,levi.van dijk2730@example.com,Utrecht,2023-05-22
2731,Sophia,Mulder,+31600002731,sophia.mulder2731@example.com,Eindhoven,2020-07-02
2732,Sophia,Bos,+31600002732,sophia.bos2732@example.com,The Hague,2023-02-15
2733,Anna,Schouten,+31600002733,anna.schouten2733@example.com,Groningen,2022-03-21
2734,Anna,Bakker,+31600002734,anna.bakker2734@example.com,Eindhoven,2024-11-02
2735,Eva,Bos,+31600002735,eva.bos2735@example.com,Eindhoven,2021-11-20
2736,Mason,De Vries,+31600002736,mason.de vries2736@example.com,Groningen,2020-02-27
2737,Anna,Vos,+31600002737,anna.vos2737@example.com,Tilburg,2021-11-29
2738,Finn,Meijer,+31600002738,finn.meijer2738@example.com,Tilburg,2020-12-18
2739,Olivia,Mulder,+31600002739,olivia.mulder2739@example.com,Rotterdam,2021-02-24
2740,Mason,Bos,+31600002740,mason.bos2740@example.com,Tilburg,2020-12-09
2741,Noah,De Boer,+31600002741,noah.de boer2741@example.com,Almere,2023-11-18
2742,Oliver,Kok,+31600002742,oliver.kok2742@example.com,Rotterdam,2024-07-15
2743,Daan,Bos,+31600002743,daan.bos2743@example.com,Tilburg,2020-08-17
2744,Oliver,Mulder,+31600002744,oliver.mulder2744@example.com,Eindhoven,2023-02-03
2745,Sophia,Prins,+31600002745,sophia.prins2745@example.com,Almere,2022-03-15
2746,Julia,Willems,+31600002746,julia.willems2746@example.com,Utrecht,2022-10-28
2747,Ethan,De Boer,+31600002747,ethan.de boer2747@example.com,Eindhoven,2020-01-04
2748,Finn,Dekker,+31600002748,finn.dekker2748@example.com,The Hague,2023-09-23
2749,Lotte,Kok,+31600002749,lotte.kok2749@example.com,Groningen,2020-02-20
2750,Levi,Smit,+31600002750,levi.smit2750@example.com,Nijmegen,2023-08-17
2751,Lotte,Hendriks,+31600002751,lotte.hendriks2751@example.com,Nijmegen,2023-09-13
2752,Finn,De Boer,+31600002752,finn.de boer2752@example.com,Utrecht,2022-04-13
2753,Julia,De Vries,+31600002753,julia.de vries2753@example.com,Amsterdam,2021-10-26
2754,Sara,Dekker,+31600002754,sara.dekker2754@example.com,Amsterdam,2021-01-29
2755,Eva,Bos,+31600002755,eva.bos2755@example.com,Utrecht,2022-12-30
2756,Daan,Kok,+31600002756,daan.kok2756@example.com,The Hague,2023-08-30
2757,Milan,Kuiper,+31600002757,milan.kuiper2757@example.com,Eindhoven,2023-11-04
2758,Milan,Kok,+31600002758,milan.kok2758@example.com,The Hague,2020-05-10
2759,Mila,Peters,+31600002759,mila.peters2759@example.com,Almere,2024-05-29
2760,Ethan,De Vries,+31600002760,ethan.de vries2760@example.com,Almere,2022-02-03
2761,Anna,Van Dijk,+31600002761,anna.van dijk2761@example.com,Breda,2023-04-24
2762,Mila,De Boer,+31600002762,mila.de boer2762@example.com,Breda,2023-03-03
2763,Eva,Kuiper,+31600002763,eva.kuiper2763@example.com,The Hague,2020-01-27
2764,Sara,De Boer,+31600002764,sara.de boer2764@example.com,Tilburg,2022-10-28
2765,Sophia,Visser,+31600002765,sophia.visser2765@example.com,Rotterdam,2024-08-14
2766,Emma,Jacobs,+31600002766,emma.jacobs2766@example.com,Nijmegen,2023-02-15
2767,Lotte,Willems,+31600002767,lotte.willems2767@example.com,Groningen,2020-02-15
2768,Sara,Bos,+31600002768,sara.bos2768@example.com,Rotterdam,2024-03-18
2769,Ethan,Dekker,+31600002769,ethan.dekker2769@example.com,Nijmegen,2020-05-25
2770,Sophia,Bos,+31600002770,sophia.bos2770@example.com,Amsterdam,2022-10-07
2771,Julia,Kok,+31600002771,julia.kok2771@example.com,Utrecht,2023-12-05
2772,Sara,Kuiper,+31600002772,sara.kuiper2772@example.com,Breda,2020-09-08
2773,Liam,Dekker,+31600002773,liam.dekker2773@example.com,Eindhoven,2021-11-03
2774,Lotte,De Vries,+31600002774,lotte.de vries2774@example.com,Breda,2024-03-07
2775,Mason,Vos,+31600002775,mason.vos2775@example.com,Almere,2020-04-10
2776,Oliver,De Vries,+31600002776,oliver.de vries2776@example.com,Eindhoven,2023-07-16
2777,Noah,Visser,+31600002777,noah.visser2777@example.com,Rotterdam,2021-04-06
2778,Levi,Schouten,+31600002778,levi.schouten2778@example.com,Utrecht,2022-02-14
2779,Mason,Smit,+31600002779,mason.smit2779@example.com,Breda,2020-12-10
2780,Mason,Bos,+31600002780,mason.bos2780@example.com,Breda,2024-04-29
2781,Mason,De Boer,+31600002781,mason.de boer2781@example.com,Eindhoven,2020-11-29
2782,Daan,Kuiper,+31600002782,daan.kuiper2782@example.com,Eindhoven,2023-04-02
2783,Sara,Smit,+31600002783,sara.smit2783@example.com,Tilburg,2020-06-30
2784,Olivia,Van Dijk,+31600002784,olivia.van dijk2784@example.com,Groningen,2020-09-12
2785,Milan,Dekker,+31600002785,milan.dekker2785@example.com,Breda,2023-01-08
2786,Sara,De Boer,+31600002786,sara.de boer2786@example.com,Nijmegen,2020-01-13
2787,Nina,Mulder,+31600002787,nina.mulder2787@example.com,Almere,2020-09-20
2788,Milan,Kok,+31600002788,milan.kok2788@example.com,Tilburg,2020-11-02
2789,Eva,Visser,+31600002789,eva.visser2789@example.com,Eindhoven,2024-01-13
2790,Daan,Prins,+31600002790,daan.prins2790@example.com,Almere,2020-01-13
2791,Sophia,Meijer,+31600002791,sophia.meijer2791@example.com,Almere,2021-02-19
2792,Mason,Kok,+31600002792,mason.kok2792@example.com,Eindhoven,2023-09-13
2793,Sophia,Meijer,+31600002793,sophia.meijer2793@example.com,Tilburg,2023-04-21
2794,Lotte,Van Dijk,+31600002794,lotte.van dijk2794@example.com,Nijmegen,2022-09-09
2795,Liam,Meijer,+31600002795,liam.meijer2795@example.com,Eindhoven,2023-02-10
2796,Emma,Mulder,+31600002796,emma.mulder2796@example.com,Tilburg,2023-10-10
2797,Sophia,De Boer,+31600002797,sophia.de boer2797@example.com,Rotterdam,2020-08-02
2798,Emma,Dekker,+31600002798,emma.dekker2798@example.com,Eindhoven,2024-08-07
2799,Lucas,Hendriks,+31600002799,lucas.hendriks2799@example.com,Breda,2021-01-29
2800,Sara,Visser,+31600002800,sara.visser2800@example.com,The Hague,2024-03-19
2801,Julia,Visser,+31600002801,julia.visser2801@example.com,Eindhoven,2024-03-27
2802,Lotte,Kok,+31600002802,lotte.kok2802@example.com,Groningen,2024-08-10
2803,Lucas,Kuiper,+31600002803,lucas.kuiper2803@example.com,Almere,2020-06-18
2804,Noah,Kok,+31600002804,noah.kok2804@example.com,Amsterdam,2024-04-21
2805,Levi,Bos,+31600002805,levi.bos2805@example.com,Amsterdam,2020-08-15
2806,Anna,Bakker,+31600002806,anna.bakker2806@example.com,Rotterdam,2022-08-12
2807,Levi,Prins,+31600002807,levi.prins2807@example.com,Groningen,2022-07-05
2808,Nina,Bakker,+31600002808,nina.bakker2808@example.com,Breda,2024-10-19
2809,Finn,Peters,+31600002809,finn.peters2809@example.com,Nijmegen,2020-06-13
2810,Lucas,Schouten,+31600002810,lucas.schouten2810@example.com,The Hague,2024-11-02
2811,Sara,Bakker,+31600002811,sara.bakker2811@example.com,Nijmegen,2020-09-09
2812,Lucas,Schouten,+31600002812,lucas.schouten2812@example.com,Amsterdam,2021-11-08
2813,Sophia,Smit,+31600002813,sophia.smit2813@example.com,Amsterdam,2021-10-15
2814,Mason,Willems,+31600002814,mason.willems2814@example.com,Amsterdam,2024-03-14
2815,Oliver,Willems,+31600002815,oliver.willems2815@example.com,Amsterdam,2020-12-08
2816,Sophia,Prins,+31600002816,sophia.prins2816@example.com,Groningen,2023-09-13
2817,Noah,De Vries,+31600002817,noah.de vries2817@example.com,Groningen,2024-11-28
2818,Lucas,Visser,+31600002818,lucas.visser2818@example.com,Nijmegen,2020-07-14
2819,Olivia,Hendriks,+31600002819,olivia.hendriks2819@example.com,Rotterdam,2023-03-20
2820,Milan,Mulder,+31600002820,milan.mulder2820@example.com,Tilburg,2023-02-21
2821,Levi,Vos,+31600002821,levi.vos2821@example.com,Eindhoven,2020-03-22
2822,Sophia,Mulder,+31600002822,sophia.mulder2822@example.com,Amsterdam,2021-05-26
2823,Mason,Bakker,+31600002823,mason.bakker2823@example.com,Amsterdam,2024-03-06
2824,Levi,Kok,+31600002824,levi.kok2824@example.com,Amsterdam,2021-09-17
2825,Daan,De Boer,+31600002825,daan.de boer2825@example.com,The Hague,2020-03-26
2826,Milan,Jansen,+31600002826,milan.jansen2826@example.com,Amsterdam,2022-10-26
2827,Mila,Jansen,+31600002827,mila.jansen2827@example.com,Eindhoven,2022-08-16
2828,Mila,Prins,+31600002828,mila.prins2828@example.com,Utrecht,2023-10-13
2829,Noah,Kuiper,+31600002829,noah.kuiper2829@example.com,Nijmegen,2023-04-20
2830,Mason,Peters,+31600002830,mason.peters2830@example.com,Tilburg,2024-01-20
2831,Mila,Kok,+31600002831,mila.kok2831@example.com,Breda,2021-12-19
2832,Noah,Jacobs,+31600002832,noah.jacobs2832@example.com,Utrecht,2020-12-01
2833,Liam,Jansen,+31600002833,liam.jansen2833@example.com,Breda,2022-09-21
2834,Levi,De Vries,+31600002834,levi.de vries2834@example.com,Breda,2020-02-26
2835,Ethan,Peters,+31600002835,ethan.peters2835@example.com,Nijmegen,2021-03-23
2836,Ethan,Hendriks,+31600002836,ethan.hendriks2836@example.com,Rotterdam,2024-02-24
2837,Sara,De Boer,+31600002837,sara.de boer2837@example.com,Eindhoven,2021-06-09
2838,Mason,Vos,+31600002838,mason.vos2838@example.com,Eindhoven,2024-01-14
2839,Sara,Mulder,+31600002839,sara.mulder2839@example.com,Amsterdam,2020-10-18
2840,Noah,Willems,+31600002840,noah.willems2840@example.com,Eindhoven,2021-12-07
2841,Mila,Vos,+31600002841,mila.vos2841@example.com,Amsterdam,2020-12-29
2842,Liam,Bos,+31600002842,liam.bos2842@example.com,Tilburg,2024-03-08
2843,Mason,Hendriks,+31600002843,mason.hendriks2843@example.com,The Hague,2020-02-13
2844,Lotte,Jansen,+31600002844,lotte.jansen2844@example.com,Utrecht,2022-11-16
2845,Anna,Kok,+31600002845,anna.kok2845@example.com,Eindhoven,2020-12-08
2846,Julia,Jansen,+31600002846,julia.jansen2846@example.com,Tilburg,2023-08-05
2847,Ethan,Visser,+31600002847,ethan.visser2847@example.com,The Hague,2021-01-26
2848,Mason,Jacobs,+31600002848,mason.jacobs2848@example.com,Tilburg,2020-08-05
2849,Nina,Van Dijk,+31600002849,nina.van dijk2849@example.com,The Hague,2020-08-16
2850,Liam,De Boer,+31600002850,liam.de boer2850@example.com,Almere,2021-09-26
2851,Ethan,Smit,+31600002851,ethan.smit2851@example.com,Amsterdam,2024-05-04
2852,Eva,Dekker,+31600002852,eva.dekker2852@example.com,The Hague,2020-08-11
2853,Julia,Mulder,+31600002853,julia.mulder2853@example.com,Rotterdam,2021-04-18
2854,Sara,Willems,+31600002854,sara.willems2854@example.com,Eindhoven,2024-10-05
2855,Julia,Dekker,+31600002855,julia.dekker2855@example.com,Almere,2021-09-24
2856,Levi,Jacobs,+31600002856,levi.jacobs2856@example.com,Amsterdam,2020-05-01
2857,Emma,De Vries,+31600002857,emma.de vries2857@example.com,The Hague,2023-01-13
2858,Olivia,Kuiper,+31600002858,olivia.kuiper2858@example.com,Nijmegen,2024-09-08
2859,Mila,Bakker,+31600002859,mila.bakker2859@example.com,Utrecht,2020-05-12
2860,Daan,Bakker,+31600002860,daan.bakker2860@example.com,Eindhoven,2021-01-18
2861,Sara,Kok,+31600002861,sara.kok2861@example.com,Utrecht,2020-04-21
2862,Emma,Dekker,+31600002862,emma.dekker2862@example.com,Groningen,2023-08-20
2863,Sara,Meijer,+31600002863,sara.meijer2863@example.com,Utrecht,2023-02-26
2864,Ethan,Hendriks,+31600002864,ethan.hendriks2864@example.com,Groningen,2020-11-25
2865,Milan,Willems,+31600002865,milan.willems2865@example.com,Eindhoven,2020-02-01
2866,Anna,Peters,+31600002866,anna.peters2866@example.com,Tilburg,2024-04-07
2867,Lucas,Jansen,+31600002867,lucas.jansen2867@example.com,Tilburg,2020-11-01
2868,Daan,De Vries,+31600002868,daan.de vries2868@example.com,Almere,2023-11-22
2869,Sara,Hendriks,+31600002869,sara.hendriks2869@example.com,Tilburg,2021-04-02
2870,Levi,Vos,+31600002870,levi.vos2870@example.com,The Hague,2024-10-30
2871,Lotte,De Boer,+31600002871,lotte.de boer2871@example.com,Eindhoven,2023-11-08
2872,Milan,Schouten,+31600002872,milan.schouten2872@example.com,Tilburg,2020-09-14
2873,Olivia,Peters,+31600002873,olivia.peters2873@example.com,Amsterdam,2024-03-23
2874,Milan,Hendriks,+31600002874,milan.hendriks2874@example.com,Eindhoven,2022-03-22
2875,Julia,Hendriks,+31600002875,julia.hendriks2875@example.com,Breda,2023-07-19
2876,Emma,Mulder,+31600002876,emma.mulder2876@example.com,Rotterdam,2022-10-31
2877,Julia,Bakker,+31600002877,julia.bakker2877@example.com,Utrecht,2022-04-08
2878,Olivia,Mulder,+31600002878,olivia.mulder2878@example.com,Groningen,2024-12-02
2879,Sophia,De Boer,+31600002879,sophia.de boer2879@example.com,Nijmegen,2022-04-28
2880,Olivia,Prins,+31600002880,olivia.prins2880@example.com,Breda,2023-03-16
2881,Daan,Meijer,+31600002881,daan.meijer2881@example.com,Almere,2024-06-09
2882,Olivia,Prins,+31600002882,olivia.prins2882@example.com,Amsterdam,2022-02-09
2883,Lucas,Hendriks,+31600002883,lucas.hendriks2883@example.com,Almere,2023-01-10
2884,Lotte,Schouten,+31600002884,lotte.schouten2884@example.com,Breda,2021-01-04
2885,Daan,Kuiper,+31600002885,daan.kuiper2885@example.com,Breda,2021-01-28
2886,Milan,Hendriks,+31600002886,milan.hendriks2886@example.com,Breda,2021-12-12
2887,Nina,Visser,+31600002887,nina.visser2887@example.com,Amsterdam,2024-02-09
2888,Nina,De Vries,+31600002888,nina.de vries2888@example.com,Almere,2020-05-28
2889,Levi,Visser,+31600002889,levi.visser2889@example.com,Rotterdam,2021-08-07
2890,Anna,Hendriks,+31600002890,anna.hendriks2890@example.com,Almere,2020-04-05
2891,Lotte,Visser,+31600002891,lotte.visser2891@example.com,Nijmegen,2020-04-09
2892,Nina,Bos,+31600002892,nina.bos2892@example.com,Groningen,2023-03-10
2893,Eva,Smit,+31600002893,eva.smit2893@example.com,Almere,2024-07-27
2894,Levi,Van Dijk,+31600002894,levi.van dijk2894@example.com,Groningen,2022-04-02
2895,Noah,De Vries,+31600002895,noah.de vries2895@example.com,Groningen,2021-06-05
2896,Daan,De Vries,+31600002896,daan.de vries2896@example.com,Tilburg,2021-09-07
2897,Ethan,Peters,+31600002897,ethan.peters2897@example.com,Utrecht,2022-01-17
2898,Julia,De Boer,+31600002898,julia.de boer2898@example.com,Rotterdam,2021-05-18
2899,Julia,Jansen,+31600002899,julia.jansen2899@example.com,Groningen,2021-09-27
2900,Sophia,Smit,+31600002900,sophia.smit2900@example.com,Eindhoven,2022-06-09
2901,Sophia,Vos,+31600002901,sophia.vos2901@example.com,Groningen,2020-05-06
2902,Mila,Mulder,+31600002902,mila.mulder2902@example.com,The Hague,2020-08-17
2903,Anna,Meijer,+31600002903,anna.meijer2903@example.com,Utrecht,2022-01-16
2904,Emma,Jansen,+31600002904,emma.jansen2904@example.com,Nijmegen,2023-05-13
2905,Lucas,Hendriks,+31600002905,lucas.hendriks2905@example.com,Amsterdam,2021-08-30
2906,Ethan,De Boer,+31600002906,ethan.de boer2906@example.com,Groningen,2024-07-18
2907,Finn,Peters,+31600002907,finn.peters2907@example.com,Utrecht,2024-08-12
2908,Sara,Hendriks,+31600002908,sara.hendriks2908@example.com,Utrecht,2023-02-09
2909,Lucas,Visser,+31600002909,lucas.visser2909@example.com,Breda,2023-04-22
2910,Mason,Vos,+31600002910,mason.vos2910@example.com,Almere,2020-01-08
2911,Eva,Hendriks,+31600002911,eva.hendriks2911@example.com,Almere,2022-12-24
2912,Olivia,Kok,+31600002912,olivia.kok2912@example.com,Eindhoven,2024-12-02
2913,Lotte,Jacobs,+31600002913,lotte.jacobs2913@example.com,Rotterdam,2020-10-26
2914,Liam,Hendriks,+31600002914,liam.hendriks2914@example.com,Amsterdam,2024-02-23
2915,Mason,Visser,+31600002915,mason.visser2915@example.com,Almere,2023-03-04
2916,Mason,Kuiper,+31600002916,mason.kuiper2916@example.com,The Hague,2024-04-10
2917,Daan,Jansen,+31600002917,daan.jansen2917@example.com,Groningen,2021-10-11
2918,Eva,Smit,+31600002918,eva.smit2918@example.com,Groningen,2021-10-14
2919,Noah,Bos,+31600002919,noah.bos2919@example.com,Groningen,2020-10-17
2920,Mila,Willems,+31600002920,mila.willems2920@example.com,Groningen,2023-02-02
2921,Finn,Van Dijk,+31600002921,finn.van dijk2921@example.com,Groningen,2021-09-13
2922,Emma,Hendriks,+31600002922,emma.hendriks2922@example.com,Rotterdam,2022-07-18
2923,Nina,Prins,+31600002923,nina.prins2923@example.com,Tilburg,2024-03-05
2924,Finn,De Boer,+31600002924,finn.de boer2924@example.com,Breda,2022-09-13
2925,Emma,Prins,+31600002925,emma.prins2925@example.com,Amsterdam,2023-02-04
2926,Julia,Smit,+31600002926,julia.smit2926@example.com,Eindhoven,2021-05-27
2927,Mila,Visser,+31600002927,mila.visser2927@example.com,Amsterdam,2022-09-08
2928,Mila,Willems,+31600002928,mila.willems2928@example.com,Nijmegen,2021-01-20
2929,Lotte,Bakker,+31600002929,lotte.bakker2929@example.com,Breda,2022-05-04
2930,Lotte,Smit,+31600002930,lotte.smit2930@example.com,Amsterdam,2022-10-13
2931,Mila,De Vries,+31600002931,mila.de vries2931@example.com,Utrecht,2022-02-16
2932,Sara,Kok,+31600002932,sara.kok2932@example.com,The Hague,2020-01-28
2933,Eva,Vos,+31600002933,eva.vos2933@example.com,The Hague,2022-10-30
2934,Sara,Visser,+31600002934,sara.visser2934@example.com,Utrecht,2023-10-13
2935,Lucas,Kok,+31600002935,lucas.kok2935@example.com,Groningen,2021-12-11
2936,Liam,De Boer,+31600002936,liam.de boer2936@example.com,Nijmegen,2021-05-12
2937,Sophia,Willems,+31600002937,sophia.willems2937@example.com,Amsterdam,2023-11-18
2938,Anna,Hendriks,+31600002938,anna.hendriks2938@example.com,Utrecht,2023-11-19
2939,Emma,Visser,+31600002939,emma.visser2939@example.com,Tilburg,2024-11-29
2940,Mila,Van Dijk,+31600002940,mila.van dijk2940@example.com,Tilburg,2022-07-01
2941,Julia,Kuiper,+31600002941,julia.kuiper2941@example.com,Breda,2024-02-13
2942,Daan,De Boer,+31600002942,daan.de boer2942@example.com,The Hague,2023-04-14
2943,Finn,De Boer,+31600002943,finn.de boer2943@example.com,Tilburg,2024-08-27
2944,Eva,Kok,+31600002944,eva.kok2944@example.com,Nijmegen,2024-02-24
2945,Mason,Vos,+31600002945,mason.vos2945@example.com,Rotterdam,2020-09-11
2946,Sophia,Jansen,+31600002946,sophia.jansen2946@example.com,Groningen,2023-11-14
2947,Olivia,Kok,+31600002947,olivia.kok2947@example.com,Rotterdam,2021-05-14
2948,Finn,Kok,+31600002948,finn.kok2948@example.com,Nijmegen,2022-04-17
2949,Lotte,Visser,+31600002949,lotte.visser2949@example.com,Amsterdam,2021-12-03
2950,Daan,Bakker,+31600002950,daan.bakker2950@example.com,Tilburg,2023-09-25
2951,Eva,Visser,+31600002951,eva.visser2951@example.com,Rotterdam,2021-07-06
2952,Sara,Kuiper,+31600002952,sara.kuiper2952@example.com,Eindhoven,2024-11-19
2953,Sophia,De Boer,+31600002953,sophia.de boer2953@example.com,Groningen,2022-04-09
2954,Sophia,Hendriks,+31600002954,sophia.hendriks2954@example.com,Breda,2023-07-02
2955,Olivia,Hendriks,+31600002955,olivia.hendriks2955@example.com,Amsterdam,2024-02-15
2956,Daan,Bos,+31600002956,daan.bos2956@example.com,Utrecht,2024-04-15
2957,Anna,Van Dijk,+31600002957,anna.van dijk2957@example.com,Almere,2021-01-23
2958,Sophia,Peters,+31600002958,sophia.peters2958@example.com,Almere,2024-08-24
2959,Oliver,De Vries,+31600002959,oliver.de vries2959@example.com,Amsterdam,2023-03-08
2960,Lotte,Kuiper,+31600002960,lotte.kuiper2960@example.com,Utrecht,2023-02-15
2961,Olivia,Hendriks,+31600002961,olivia.hendriks2961@example.com,The Hague,2024-09-07
2962,Sophia,Smit,+31600002962,sophia.smit2962@example.com,Tilburg,2023-12-26
2963,Sophia,Kuiper,+31600002963,sophia.kuiper2963@example.com,Amsterdam,2022-10-22
2964,Emma,Visser,+31600002964,emma.visser2964@example.com,Nijmegen,2022-04-20
2965,Daan,Jansen,+31600002965,daan.jansen2965@example.com,Breda,2021-10-25
2966,Liam,Dekker,+31600002966,liam.dekker2966@example.com,The Hague,2024-04-14
2967,Mason,Smit,+31600002967,mason.smit2967@example.com,Eindhoven,2022-03-05
2968,Anna,De Vries,+31600002968,anna.de vries2968@example.com,Almere,2022-06-12
2969,Lucas,Jansen,+31600002969,lucas.jansen2969@example.com,Tilburg,2022-08-23
2970,Oliver,Jacobs,+31600002970,oliver.jacobs2970@example.com,Eindhoven,2022-08-09
2971,Julia,Peters,+31600002971,julia.peters2971@example.com,Nijmegen,2024-01-30
2972,Julia,Jansen,+31600002972,julia.jansen2972@example.com,Breda,2023-01-12
2973,Lotte,Visser,+31600002973,lotte.visser2973@example.com,Almere,2023-01-28
2974,Julia,Willems,+31600002974,julia.willems2974@example.com,Utrecht,2022-09-19
2975,Oliver,Vos,+31600002975,oliver.vos2975@example.com,Breda,2022-04-05
2976,Lotte,Bos,+31600002976,lotte.bos2976@example.com,Breda,2021-11-30
2977,Oliver,Jansen,+31600002977,oliver.jansen2977@example.com,Amsterdam,2021-05-16
2978,Emma,Meijer,+31600002978,emma.meijer2978@example.com,Amsterdam,2022-08-22
2979,Olivia,Smit,+31600002979,olivia.smit2979@example.com,Breda,2021-07-11
2980,Finn,De Boer,+31600002980,finn.de boer2980@example.com,Utrecht,2024-11-02
2981,Emma,Peters,+31600002981,emma.peters2981@example.com,Groningen,2023-09-08
2982,Levi,Bos,+31600002982,levi.bos2982@example.com,Amsterdam,2021-03-03
2983,Daan,Vos,+31600002983,daan.vos2983@example.com,Eindhoven,2023-12-31
2984,Sophia,De Vries,+31600002984,sophia.de vries2984@example.com,Eindhoven,2020-07-23
2985,Milan,De Boer,+31600002985,milan.de boer2985@example.com,Nijmegen,2021-01-23
2986,Olivia,Willems,+31600002986,olivia.willems2986@example.com,Utrecht,2023-07-30
2987,Nina,Smit,+31600002987,nina.smit2987@example.com,Nijmegen,2024-02-27
2988,Emma,Bakker,+31600002988,emma.bakker2988@example.com,Almere,2021-11-04
2989,Eva,Willems,+31600002989,eva.willems2989@example.com,Eindhoven,2023-04-06
2990,Mason,Hendriks,+31600002990,mason.hendriks2990@example.com,Breda,2024-08-22
2991,Daan,Bakker,+31600002991,daan.bakker2991@example.com,Almere,2023-05-17
2992,Finn,Visser,+31600002992,finn.visser2992@example.com,Amsterdam,2021-03-06
2993,Anna,Schouten,+31600002993,anna.schouten2993@example.com,Amsterdam,2021-12-28
2994,Eva,Visser,+31600002994,eva.visser2994@example.com,Tilburg,2022-01-12
2995,Liam,Peters,+31600002995,liam.peters2995@example.com,Almere,2024-11-02
2996,Olivia,Schouten,+31600002996,olivia.schouten2996@example.com,Eindhoven,2021-05-09
2997,Sara,De Boer,+31600002997,sara.de boer2997@example.com,Nijmegen,2021-11-05
2998,Noah,Smit,+31600002998,noah.smit2998@example.com,Rotterdam,2020-10-09
2999,Ethan,Jacobs,+31600002999,ethan.jacobs2999@example.com,Eindhoven,2020-01-10
3000,Mason,Van Dijk,+31600003000,mason.van dijk3000@example.com,Rotterdam,2020-03-22
3001,Julia,Meijer,+31600003001,julia.meijer3001@example.com,Breda,2024-11-25
3002,Oliver,Kuiper,+31600003002,oliver.kuiper3002@example.com,Utrecht,2021-09-18
3003,Oliver,De Boer,+31600003003,oliver.de boer3003@example.com,Nijmegen,2024-09-15
3004,Milan,Peters,+31600003004,milan.peters3004@example.com,Eindhoven,2022-07-31
3005,Ethan,De Boer,+31600003005,ethan.de boer3005@example.com,Eindhoven,2023-05-10
3006,Oliver,Smit,+31600003006,oliver.smit3006@example.com,Breda,2021-12-09
3007,Eva,De Vries,+31600003007,eva.de vries3007@example.com,Breda,2020-06-22
3008,Milan,Dekker,+31600003008,milan.dekker3008@example.com,Amsterdam,2023-01-30
3009,Daan,Smit,+31600003009,daan.smit3009@example.com,Nijmegen,2023-06-08
3010,Finn,Peters,+31600003010,finn.peters3010@example.com,Nijmegen,2023-03-06
3011,Eva,Jacobs,+31600003011,eva.jacobs3011@example.com,Groningen,2022-04-22
3012,Julia,Smit,+31600003012,julia.smit3012@example.com,Tilburg,2021-05-09
3013,Finn,Van Dijk,+31600003013,finn.van dijk3013@example.com,Amsterdam,2022-11-14
3014,Lucas,Meijer,+31600003014,lucas.meijer3014@example.com,Almere,2021-05-24
3015,Sophia,Bos,+31600003015,sophia.bos3015@example.com,The Hague,2022-11-05
3016,Finn,Bos,+31600003016,finn.bos3016@example.com,The Hague,2021-09-06
3017,Nina,Vos,+31600003017,nina.vos3017@example.com,Rotterdam,2023-01-02
3018,Eva,Prins,+31600003018,eva.prins3018@example.com,Breda,2023-08-13
3019,Milan,Peters,+31600003019,milan.peters3019@example.com,Groningen,2020-06-05
3020,Levi,Dekker,+31600003020,levi.dekker3020@example.com,Amsterdam,2022-12-26
3021,Eva,Willems,+31600003021,eva.willems3021@example.com,Eindhoven,2021-07-27
3022,Eva,Peters,+31600003022,eva.peters3022@example.com,Tilburg,2021-05-05
3023,Levi,Vos,+31600003023,levi.vos3023@example.com,Tilburg,2020-11-02
3024,Daan,Smit,+31600003024,daan.smit3024@example.com,Rotterdam,2023-06-22
3025,Milan,Vos,+31600003025,milan.vos3025@example.com,Breda,2024-08-23
3026,Milan,De Boer,+31600003026,milan.de boer3026@example.com,Amsterdam,2023-06-04
3027,Nina,Bakker,+31600003027,nina.bakker3027@example.com,Eindhoven,2020-10-29
3028,Anna,De Vries,+31600003028,anna.de vries3028@example.com,Tilburg,2024-04-17
3029,Liam,Visser,+31600003029,liam.visser3029@example.com,Breda,2023-08-11
3030,Lotte,De Vries,+31600003030,lotte.de vries3030@example.com,Breda,2023-05-27
3031,Daan,Jacobs,+31600003031,daan.jacobs3031@example.com,Rotterdam,2022-10-31
3032,Nina,Mulder,+31600003032,nina.mulder3032@example.com,Groningen,2022-10-20
3033,Sophia,Prins,+31600003033,sophia.prins3033@example.com,The Hague,2022-02-11
3034,Levi,Peters,+31600003034,levi.peters3034@example.com,Utrecht,2024-08-25
3035,Finn,Vos,+31600003035,finn.vos3035@example.com,Utrecht,2023-02-24
3036,Sophia,Smit,+31600003036,sophia.smit3036@example.com,Tilburg,2023-06-11
3037,Lotte,Mulder,+31600003037,lotte.mulder3037@example.com,Rotterdam,2023-08-23
3038,Mila,De Vries,+31600003038,mila.de vries3038@example.com,Groningen,2023-02-18
3039,Mila,Vos,+31600003039,mila.vos3039@example.com,Tilburg,2022-06-28
3040,Finn,Smit,+31600003040,finn.smit3040@example.com,The Hague,2024-04-11
3041,Liam,Jansen,+31600003041,liam.jansen3041@example.com,Breda,2021-01-04
3042,Lotte,De Boer,+31600003042,lotte.de boer3042@example.com,The Hague,2021-03-15
3043,Milan,Willems,+31600003043,milan.willems3043@example.com,Breda,2021-12-11
3044,Oliver,Visser,+31600003044,oliver.visser3044@example.com,Amsterdam,2022-10-03
3045,Sophia,Meijer,+31600003045,sophia.meijer3045@example.com,Groningen,2024-06-19
3046,Sophia,Prins,+31600003046,sophia.prins3046@example.com,Almere,2024-03-21
3047,Nina,Schouten,+31600003047,nina.schouten3047@example.com,Tilburg,2021-04-14
3048,Ethan,Vos,+31600003048,ethan.vos3048@example.com,Rotterdam,2020-03-26
3049,Emma,Hendriks,+31600003049,emma.hendriks3049@example.com,Rotterdam,2022-07-17
3050,Finn,Visser,+31600003050,finn.visser3050@example.com,The Hague,2020-05-03
3051,Oliver,Vos,+31600003051,oliver.vos3051@example.com,Tilburg,2023-11-11
3052,Noah,Meijer,+31600003052,noah.meijer3052@example.com,Rotterdam,2024-04-14
3053,Oliver,Kok,+31600003053,oliver.kok3053@example.com,Nijmegen,2021-07-06
3054,Noah,Schouten,+31600003054,noah.schouten3054@example.com,Rotterdam,2024-09-15
3055,Daan,Bakker,+31600003055,daan.bakker3055@example.com,Eindhoven,2024-01-01
3056,Emma,Bos,+31600003056,emma.bos3056@example.com,The Hague,2021-09-05
3057,Finn,De Boer,+31600003057,finn.de boer3057@example.com,Eindhoven,2023-06-04
3058,Sara,De Vries,+31600003058,sara.de vries3058@example.com,Eindhoven,2021-05-23
3059,Julia,Bakker,+31600003059,julia.bakker3059@example.com,The Hague,2023-06-06
3060,Daan,Peters,+31600003060,daan.peters3060@example.com,Utrecht,2021-10-25
3061,Lotte,Vos,+31600003061,lotte.vos3061@example.com,Rotterdam,2021-12-31
3062,Oliver,Prins,+31600003062,oliver.prins3062@example.com,Breda,2024-01-28
3063,Eva,De Vries,+31600003063,eva.de vries3063@example.com,Amsterdam,2022-12-31
3064,Daan,Jacobs,+31600003064,daan.jacobs3064@example.com,Breda,2024-10-05
3065,Liam,Prins,+31600003065,liam.prins3065@example.com,Breda,2022-09-16
3066,Daan,De Boer,+31600003066,daan.de boer3066@example.com,Almere,2023-07-24
3067,Eva,De Vries,+31600003067,eva.de vries3067@example.com,Rotterdam,2022-12-26
3068,Milan,Bakker,+31600003068,milan.bakker3068@example.com,Almere,2022-02-15
3069,Lucas,Peters,+31600003069,lucas.peters3069@example.com,Groningen,2024-06-06
3070,Sara,Vos,+31600003070,sara.vos3070@example.com,Nijmegen,2024-08-23
3071,Eva,Smit,+31600003071,eva.smit3071@example.com,Almere,2022-01-13
3072,Mila,Bakker,+31600003072,mila.bakker3072@example.com,Eindhoven,2024-08-02
3073,Mason,Meijer,+31600003073,mason.meijer3073@example.com,Tilburg,2021-12-14
3074,Lotte,Bos,+31600003074,lotte.bos3074@example.com,Nijmegen,2021-05-18
3075,Noah,De Boer,+31600003075,noah.de boer3075@example.com,Amsterdam,2021-04-30
3076,Mila,Vos,+31600003076,mila.vos3076@example.com,Nijmegen,2022-05-05
3077,Lotte,Kuiper,+31600003077,lotte.kuiper3077@example.com,Tilburg,2020-07-21
3078,Mila,Jacobs,+31600003078,mila.jacobs3078@example.com,Breda,2022-11-24
3079,Oliver,Kok,+31600003079,oliver.kok3079@example.com,Rotterdam,2021-10-10
3080,Finn,De Vries,+31600003080,finn.de vries3080@example.com,Amsterdam,2022-03-27
3081,Mila,Bakker,+31600003081,mila.bakker3081@example.com,Almere,2020-07-08
3082,Ethan,Vos,+31600003082,ethan.vos3082@example.com,Tilburg,2021-10-25
3083,Noah,Schouten,+31600003083,noah.schouten3083@example.com,Breda,2022-07-13
3084,Anna,Van Dijk,+31600003084,anna.van dijk3084@example.com,Nijmegen,2023-08-24
3085,Sophia,Kuiper,+31600003085,sophia.kuiper3085@example.com,Nijmegen,2024-07-04
3086,Lucas,Prins,+31600003086,lucas.prins3086@example.com,Almere,2023-05-11
3087,Anna,Visser,+31600003087,anna.visser3087@example.com,Almere,2024-04-07
3088,Ethan,Bakker,+31600003088,ethan.bakker3088@example.com,Utrecht,2021-09-23
3089,Ethan,Vos,+31600003089,ethan.vos3089@example.com,Nijmegen,2024-12-05
3090,Liam,Meijer,+31600003090,liam.meijer3090@example.com,Tilburg,2022-06-03
3091,Milan,Hendriks,+31600003091,milan.hendriks3091@example.com,Groningen,2022-04-24
3092,Julia,Kuiper,+31600003092,julia.kuiper3092@example.com,Almere,2021-06-14
3093,Daan,Smit,+31600003093,daan.smit3093@example.com,Breda,2023-05-09
3094,Levi,Kuiper,+31600003094,levi.kuiper3094@example.com,Breda,2021-09-16
3095,Sophia,Jansen,+31600003095,sophia.jansen3095@example.com,The Hague,2022-06-14
3096,Anna,Willems,+31600003096,anna.willems3096@example.com,Amsterdam,2024-07-21
3097,Noah,Willems,+31600003097,noah.willems3097@example.com,Eindhoven,2020-08-04
3098,Julia,Prins,+31600003098,julia.prins3098@example.com,Groningen,2020-07-13
3099,Mason,Jacobs,+31600003099,mason.jacobs3099@example.com,Amsterdam,2022-01-19
3100,Anna,Meijer,+31600003100,anna.meijer3100@example.com,Amsterdam,2022-02-28
3101,Sara,Van Dijk,+31600003101,sara.van dijk3101@example.com,Groningen,2022-11-27
3102,Julia,Vos,+31600003102,julia.vos3102@example.com,Eindhoven,2024-01-20
3103,Eva,Van Dijk,+31600003103,eva.van dijk3103@example.com,Utrecht,2021-12-28
3104,Sara,Kuiper,+31600003104,sara.kuiper3104@example.com,Tilburg,2023-09-25
3105,Levi,Peters,+31600003105,levi.peters3105@example.com,Eindhoven,2020-11-15
3106,Daan,Dekker,+31600003106,daan.dekker3106@example.com,Eindhoven,2021-03-06
3107,Lucas,Bakker,+31600003107,lucas.bakker3107@example.com,Rotterdam,2020-06-19
3108,Milan,Bos,+31600003108,milan.bos3108@example.com,The Hague,2022-02-12
3109,Daan,Prins,+31600003109,daan.prins3109@example.com,Amsterdam,2020-09-18
3110,Finn,Smit,+31600003110,finn.smit3110@example.com,Amsterdam,2020-07-15
3111,Liam,Hendriks,+31600003111,liam.hendriks3111@example.com,Breda,2024-04-22
3112,Eva,Mulder,+31600003112,eva.mulder3112@example.com,Rotterdam,2023-10-11
3113,Emma,De Boer,+31600003113,emma.de boer3113@example.com,Amsterdam,2020-02-26
3114,Mason,Jansen,+31600003114,mason.jansen3114@example.com,Tilburg,2024-02-25
3115,Emma,Peters,+31600003115,emma.peters3115@example.com,Almere,2021-03-21
3116,Julia,Visser,+31600003116,julia.visser3116@example.com,The Hague,2022-07-28
3117,Nina,Visser,+31600003117,nina.visser3117@example.com,Rotterdam,2022-01-20
3118,Levi,Vos,+31600003118,levi.vos3118@example.com,Utrecht,2021-04-30
3119,Ethan,Bos,+31600003119,ethan.bos3119@example.com,Groningen,2024-01-28
3120,Lucas,Smit,+31600003120,lucas.smit3120@example.com,The Hague,2023-07-02
3121,Olivia,Van Dijk,+31600003121,olivia.van dijk3121@example.com,Amsterdam,2022-02-18
3122,Emma,Schouten,+31600003122,emma.schouten3122@example.com,Groningen,2021-06-01
3123,Lucas,Mulder,+31600003123,lucas.mulder3123@example.com,The Hague,2020-12-18
3124,Anna,Mulder,+31600003124,anna.mulder3124@example.com,Amsterdam,2021-05-11
3125,Finn,Visser,+31600003125,finn.visser3125@example.com,Amsterdam,2024-08-21
3126,Milan,Vos,+31600003126,milan.vos3126@example.com,Amsterdam,2022-03-04
3127,Sophia,Schouten,+31600003127,sophia.schouten3127@example.com,Eindhoven,2022-04-24
3128,Sophia,Mulder,+31600003128,sophia.mulder3128@example.com,Tilburg,2020-06-10
3129,Liam,Mulder,+31600003129,liam.mulder3129@example.com,Utrecht,2021-10-13
3130,Ethan,De Boer,+31600003130,ethan.de boer3130@example.com,Amsterdam,2022-03-20
3131,Daan,Mulder,+31600003131,daan.mulder3131@example.com,Groningen,2020-07-24
3132,Liam,Prins,+31600003132,liam.prins3132@example.com,Tilburg,2023-04-18
3133,Oliver,Mulder,+31600003133,oliver.mulder3133@example.com,Amsterdam,2020-03-13
3134,Emma,Dekker,+31600003134,emma.dekker3134@example.com,Tilburg,2024-06-09
3135,Eva,De Vries,+31600003135,eva.de vries3135@example.com,Utrecht,2020-06-04
3136,Ethan,Visser,+31600003136,ethan.visser3136@example.com,Tilburg,2023-08-13
3137,Olivia,Vos,+31600003137,olivia.vos3137@example.com,Nijmegen,2020-04-25
3138,Mason,De Vries,+31600003138,mason.de vries3138@example.com,Eindhoven,2023-10-07
3139,Oliver,Peters,+31600003139,oliver.peters3139@example.com,Eindhoven,2021-08-09
3140,Emma,Bos,+31600003140,emma.bos3140@example.com,Nijmegen,2020-05-14
3141,Oliver,Meijer,+31600003141,oliver.meijer3141@example.com,Breda,2021-12-02
3142,Daan,Meijer,+31600003142,daan.meijer3142@example.com,Groningen,2021-02-09
3143,Olivia,Visser,+31600003143,olivia.visser3143@example.com,Breda,2024-07-23
3144,Milan,Schouten,+31600003144,milan.schouten3144@example.com,Tilburg,2024-10-02
3145,Sophia,Prins,+31600003145,sophia.prins3145@example.com,Amsterdam,2024-03-26
3146,Daan,Dekker,+31600003146,daan.dekker3146@example.com,The Hague,2023-06-08
3147,Sophia,Mulder,+31600003147,sophia.mulder3147@example.com,Tilburg,2020-04-02
3148,Lucas,Willems,+31600003148,lucas.willems3148@example.com,Eindhoven,2021-09-19
3149,Ethan,Smit,+31600003149,ethan.smit3149@example.com,The Hague,2020-06-30
3150,Liam,Van Dijk,+31600003150,liam.van dijk3150@example.com,Utrecht,2023-02-14
3151,Liam,De Vries,+31600003151,liam.de vries3151@example.com,The Hague,2021-03-10
3152,Lotte,Peters,+31600003152,lotte.peters3152@example.com,Almere,2023-10-28
3153,Nina,Prins,+31600003153,nina.prins3153@example.com,Utrecht,2020-11-06
3154,Emma,Bos,+31600003154,emma.bos3154@example.com,The Hague,2020-06-05
3155,Mason,Jansen,+31600003155,mason.jansen3155@example.com,Utrecht,2023-02-14
3156,Daan,Vos,+31600003156,daan.vos3156@example.com,Tilburg,2022-05-10
3157,Emma,Mulder,+31600003157,emma.mulder3157@example.com,Breda,2022-05-27
3158,Levi,Hendriks,+31600003158,levi.hendriks3158@example.com,Breda,2023-03-23
3159,Nina,Jansen,+31600003159,nina.jansen3159@example.com,Tilburg,2023-10-12
3160,Noah,Schouten,+31600003160,noah.schouten3160@example.com,Eindhoven,2022-03-22
3161,Olivia,Bakker,+31600003161,olivia.bakker3161@example.com,Rotterdam,2021-03-31
3162,Noah,Schouten,+31600003162,noah.schouten3162@example.com,Amsterdam,2021-11-22
3163,Oliver,Prins,+31600003163,oliver.prins3163@example.com,Nijmegen,2021-12-23
3164,Noah,Jacobs,+31600003164,noah.jacobs3164@example.com,Tilburg,2024-08-03
3165,Eva,Willems,+31600003165,eva.willems3165@example.com,Amsterdam,2020-08-23
3166,Ethan,Prins,+31600003166,ethan.prins3166@example.com,Tilburg,2022-11-05
3167,Daan,Willems,+31600003167,daan.willems3167@example.com,Amsterdam,2021-11-22
3168,Olivia,Hendriks,+31600003168,olivia.hendriks3168@example.com,Eindhoven,2024-05-06
3169,Emma,Schouten,+31600003169,emma.schouten3169@example.com,The Hague,2024-08-15
3170,Julia,Kok,+31600003170,julia.kok3170@example.com,Almere,2024-08-09
3171,Julia,Bakker,+31600003171,julia.bakker3171@example.com,Rotterdam,2022-09-27
3172,Daan,Dekker,+31600003172,daan.dekker3172@example.com,Nijmegen,2023-04-13
3173,Sophia,Jansen,+31600003173,sophia.jansen3173@example.com,Utrecht,2022-08-23
3174,Mason,Kuiper,+31600003174,mason.kuiper3174@example.com,Utrecht,2021-03-13
3175,Sara,Bos,+31600003175,sara.bos3175@example.com,Eindhoven,2023-02-02
3176,Levi,Mulder,+31600003176,levi.mulder3176@example.com,Utrecht,2022-07-06
3177,Oliver,De Vries,+31600003177,oliver.de vries3177@example.com,Eindhoven,2023-08-21
3178,Levi,Bos,+31600003178,levi.bos3178@example.com,Eindhoven,2020-01-04
3179,Mason,Prins,+31600003179,mason.prins3179@example.com,Utrecht,2023-07-06
3180,Mila,Peters,+31600003180,mila.peters3180@example.com,The Hague,2024-04-18
3181,Eva,Dekker,+31600003181,eva.dekker3181@example.com,Almere,2024-02-17
3182,Milan,Kok,+31600003182,milan.kok3182@example.com,Rotterdam,2021-03-25
3183,Lotte,Jansen,+31600003183,lotte.jansen3183@example.com,Nijmegen,2021-01-09
3184,Levi,Jacobs,+31600003184,levi.jacobs3184@example.com,The Hague,2023-05-12
3185,Lotte,Meijer,+31600003185,lotte.meijer3185@example.com,Almere,2024-10-15
3186,Daan,Hendriks,+31600003186,daan.hendriks3186@example.com,Nijmegen,2022-07-12
3187,Lotte,Prins,+31600003187,lotte.prins3187@example.com,Rotterdam,2020-12-23
3188,Emma,Jansen,+31600003188,emma.jansen3188@example.com,Groningen,2024-05-20
3189,Ethan,Meijer,+31600003189,ethan.meijer3189@example.com,Rotterdam,2021-08-16
3190,Nina,Van Dijk,+31600003190,nina.van dijk3190@example.com,Amsterdam,2022-04-17
3191,Mila,Bos,+31600003191,mila.bos3191@example.com,Breda,2022-09-16
3192,Emma,Van Dijk,+31600003192,emma.van dijk3192@example.com,Tilburg,2020-06-17
3193,Mason,Hendriks,+31600003193,mason.hendriks3193@example.com,Utrecht,2024-05-12
3194,Eva,Bakker,+31600003194,eva.bakker3194@example.com,Breda,2021-05-20
3195,Emma,De Vries,+31600003195,emma.de vries3195@example.com,Groningen,2023-06-13
3196,Finn,Dekker,+31600003196,finn.dekker3196@example.com,Rotterdam,2021-09-04
3197,Liam,Visser,+31600003197,liam.visser3197@example.com,The Hague,2022-11-02
3198,Lotte,Jansen,+31600003198,lotte.jansen3198@example.com,Almere,2020-12-28
3199,Liam,Mulder,+31600003199,liam.mulder3199@example.com,Nijmegen,2020-03-12
3200,Anna,Kuiper,+31600003200,anna.kuiper3200@example.com,Amsterdam,2024-08-20
3201,Mason,Schouten,+31600003201,mason.schouten3201@example.com,Groningen,2021-02-04
3202,Nina,Prins,+31600003202,nina.prins3202@example.com,Eindhoven,2021-04-20
3203,Ethan,De Boer,+31600003203,ethan.de boer3203@example.com,The Hague,2020-05-01
3204,Anna,Vos,+31600003204,anna.vos3204@example.com,Breda,2020-02-25
3205,Lucas,Hendriks,+31600003205,lucas.hendriks3205@example.com,Groningen,2022-07-08
3206,Ethan,Schouten,+31600003206,ethan.schouten3206@example.com,Utrecht,2020-11-22
3207,Mason,Smit,+31600003207,mason.smit3207@example.com,Groningen,2023-10-10
3208,Emma,Kuiper,+31600003208,emma.kuiper3208@example.com,Breda,2021-10-18
3209,Milan,Peters,+31600003209,milan.peters3209@example.com,Nijmegen,2021-07-01
3210,Mila,Willems,+31600003210,mila.willems3210@example.com,Groningen,2020-08-10
3211,Ethan,Bos,+31600003211,ethan.bos3211@example.com,Eindhoven,2021-12-16
3212,Julia,Visser,+31600003212,julia.visser3212@example.com,Rotterdam,2020-06-19
3213,Nina,Van Dijk,+31600003213,nina.van dijk3213@example.com,The Hague,2023-11-20
3214,Anna,Meijer,+31600003214,anna.meijer3214@example.com,Rotterdam,2022-08-30
3215,Oliver,Meijer,+31600003215,oliver.meijer3215@example.com,Nijmegen,2024-01-17
3216,Levi,De Boer,+31600003216,levi.de boer3216@example.com,The Hague,2023-07-17
3217,Emma,Vos,+31600003217,emma.vos3217@example.com,Breda,2024-06-02
3218,Lotte,Kok,+31600003218,lotte.kok3218@example.com,Eindhoven,2024-10-04
3219,Emma,Jacobs,+31600003219,emma.jacobs3219@example.com,Almere,2021-11-09
3220,Sophia,Kok,+31600003220,sophia.kok3220@example.com,Nijmegen,2020-07-12
3221,Lotte,Kok,+31600003221,lotte.kok3221@example.com,Utrecht,2020-09-22
3222,Liam,Bakker,+31600003222,liam.bakker3222@example.com,Tilburg,2022-10-03
3223,Emma,Schouten,+31600003223,emma.schouten3223@example.com,Almere,2020-10-16
3224,Lotte,Jacobs,+31600003224,lotte.jacobs3224@example.com,Nijmegen,2024-04-21
3225,Levi,Prins,+31600003225,levi.prins3225@example.com,Amsterdam,2022-03-28
3226,Noah,Schouten,+31600003226,noah.schouten3226@example.com,Almere,2020-02-21
3227,Nina,Prins,+31600003227,nina.prins3227@example.com,Amsterdam,2022-07-14
3228,Levi,Van Dijk,+31600003228,levi.van dijk3228@example.com,Eindhoven,2022-03-08
3229,Sophia,Kuiper,+31600003229,sophia.kuiper3229@example.com,Utrecht,2024-09-04
3230,Sara,Peters,+31600003230,sara.peters3230@example.com,Amsterdam,2023-03-14
3231,Ethan,Jacobs,+31600003231,ethan.jacobs3231@example.com,Tilburg,2023-06-05
3232,Oliver,Kok,+31600003232,oliver.kok3232@example.com,Eindhoven,2021-12-05
3233,Liam,Bakker,+31600003233,liam.bakker3233@example.com,Groningen,2022-05-29
3234,Eva,Kok,+31600003234,eva.kok3234@example.com,Amsterdam,2024-07-27
3235,Mason,Jansen,+31600003235,mason.jansen3235@example.com,Amsterdam,2022-03-29
3236,Mason,Jacobs,+31600003236,mason.jacobs3236@example.com,Breda,2022-09-01
3237,Emma,Dekker,+31600003237,emma.dekker3237@example.com,Rotterdam,2021-08-29
3238,Sara,Kok,+31600003238,sara.kok3238@example.com,Nijmegen,2023-08-02
3239,Eva,Schouten,+31600003239,eva.schouten3239@example.com,Rotterdam,2022-06-12
3240,Oliver,Dekker,+31600003240,oliver.dekker3240@example.com,Nijmegen,2020-04-23
3241,Lucas,Peters,+31600003241,lucas.peters3241@example.com,Nijmegen,2022-06-17
3242,Lotte,Prins,+31600003242,lotte.prins3242@example.com,Utrecht,2022-08-13
3243,Mason,Schouten,+31600003243,mason.schouten3243@example.com,Groningen,2023-01-27
3244,Daan,De Vries,+31600003244,daan.de vries3244@example.com,Nijmegen,2021-11-04
3245,Sophia,Kok,+31600003245,sophia.kok3245@example.com,Eindhoven,2021-01-21
3246,Ethan,Meijer,+31600003246,ethan.meijer3246@example.com,Groningen,2020-12-28
3247,Sophia,Dekker,+31600003247,sophia.dekker3247@example.com,The Hague,2020-04-27
3248,Oliver,Jansen,+31600003248,oliver.jansen3248@example.com,Breda,2021-01-11
3249,Emma,Hendriks,+31600003249,emma.hendriks3249@example.com,Amsterdam,2024-06-20
3250,Lucas,Willems,+31600003250,lucas.willems3250@example.com,Tilburg,2020-07-13
3251,Nina,Bos,+31600003251,nina.bos3251@example.com,Almere,2024-10-10
3252,Julia,Van Dijk,+31600003252,julia.van dijk3252@example.com,Tilburg,2022-01-11
3253,Nina,Kuiper,+31600003253,nina.kuiper3253@example.com,Amsterdam,2020-01-25
3254,Sara,Van Dijk,+31600003254,sara.van dijk3254@example.com,Eindhoven,2022-06-07
3255,Lotte,Schouten,+31600003255,lotte.schouten3255@example.com,Almere,2024-10-11
3256,Finn,Jansen,+31600003256,finn.jansen3256@example.com,Groningen,2023-07-22
3257,Noah,Willems,+31600003257,noah.willems3257@example.com,The Hague,2020-09-28
3258,Oliver,Kok,+31600003258,oliver.kok3258@example.com,Tilburg,2024-07-06
3259,Milan,Visser,+31600003259,milan.visser3259@example.com,Almere,2023-02-17
3260,Julia,Jansen,+31600003260,julia.jansen3260@example.com,Amsterdam,2022-04-01
3261,Sophia,Prins,+31600003261,sophia.prins3261@example.com,Nijmegen,2024-02-02
3262,Mason,Dekker,+31600003262,mason.dekker3262@example.com,Breda,2022-05-06
3263,Milan,Hendriks,+31600003263,milan.hendriks3263@example.com,Utrecht,2021-11-10
3264,Finn,Peters,+31600003264,finn.peters3264@example.com,Amsterdam,2023-07-02
3265,Milan,Bos,+31600003265,milan.bos3265@example.com,Utrecht,2022-04-19
3266,Nina,Smit,+31600003266,nina.smit3266@example.com,Utrecht,2021-07-03
3267,Lotte,Bos,+31600003267,lotte.bos3267@example.com,Rotterdam,2021-07-10
3268,Sophia,Kok,+31600003268,sophia.kok3268@example.com,Breda,2023-05-23
3269,Daan,Kok,+31600003269,daan.kok3269@example.com,The Hague,2021-01-23
3270,Lotte,Van Dijk,+31600003270,lotte.van dijk3270@example.com,Breda,2021-12-11
3271,Olivia,Meijer,+31600003271,olivia.meijer3271@example.com,Eindhoven,2023-07-22
3272,Lucas,Hendriks,+31600003272,lucas.hendriks3272@example.com,Tilburg,2024-08-11
3273,Sara,Meijer,+31600003273,sara.meijer3273@example.com,Groningen,2022-05-16
3274,Milan,Vos,+31600003274,milan.vos3274@example.com,Breda,2024-07-27
3275,Lotte,Dekker,+31600003275,lotte.dekker3275@example.com,Groningen,2021-09-12
3276,Ethan,Van Dijk,+31600003276,ethan.van dijk3276@example.com,Rotterdam,2021-08-29
3277,Lucas,Willems,+31600003277,lucas.willems3277@example.com,Breda,2024-10-29
3278,Lotte,Dekker,+31600003278,lotte.dekker3278@example.com,Almere,2023-03-27
3279,Liam,Van Dijk,+31600003279,liam.van dijk3279@example.com,The Hague,2024-06-12
3280,Finn,Meijer,+31600003280,finn.meijer3280@example.com,Rotterdam,2024-06-07
3281,Milan,De Boer,+31600003281,milan.de boer3281@example.com,Groningen,2024-11-17
3282,Anna,Hendriks,+31600003282,anna.hendriks3282@example.com,Almere,2022-08-05
3283,Eva,Visser,+31600003283,eva.visser3283@example.com,Tilburg,2023-07-04
3284,Noah,Hendriks,+31600003284,noah.hendriks3284@example.com,Nijmegen,2023-12-21
3285,Olivia,Visser,+31600003285,olivia.visser3285@example.com,Breda,2020-01-05
3286,Sara,Kuiper,+31600003286,sara.kuiper3286@example.com,The Hague,2024-04-09
3287,Sophia,Schouten,+31600003287,sophia.schouten3287@example.com,Almere,2022-05-21
3288,Daan,Schouten,+31600003288,daan.schouten3288@example.com,Amsterdam,2021-02-06
3289,Daan,Willems,+31600003289,daan.willems3289@example.com,The Hague,2021-12-26
3290,Mason,Hendriks,+31600003290,mason.hendriks3290@example.com,Groningen,2022-09-19
3291,Milan,Hendriks,+31600003291,milan.hendriks3291@example.com,Breda,2020-03-08
3292,Daan,Dekker,+31600003292,daan.dekker3292@example.com,Nijmegen,2024-09-05
3293,Liam,Peters,+31600003293,liam.peters3293@example.com,The Hague,2023-05-20
3294,Noah,Jansen,+31600003294,noah.jansen3294@example.com,Rotterdam,2021-06-15
3295,Milan,Mulder,+31600003295,milan.mulder3295@example.com,Almere,2020-05-07
3296,Oliver,Jacobs,+31600003296,oliver.jacobs3296@example.com,Breda,2020-07-08
3297,Daan,Schouten,+31600003297,daan.schouten3297@example.com,Breda,2021-06-20
3298,Oliver,Meijer,+31600003298,oliver.meijer3298@example.com,Rotterdam,2022-07-28
3299,Anna,Kuiper,+31600003299,anna.kuiper3299@example.com,Tilburg,2023-07-04
3300,Anna,Peters,+31600003300,anna.peters3300@example.com,Eindhoven,2020-12-31
3301,Nina,De Boer,+31600003301,nina.de boer3301@example.com,Almere,2023-10-10
3302,Liam,Meijer,+31600003302,liam.meijer3302@example.com,Tilburg,2023-11-17
3303,Eva,Meijer,+31600003303,eva.meijer3303@example.com,Tilburg,2020-06-11
3304,Ethan,Jacobs,+31600003304,ethan.jacobs3304@example.com,Tilburg,2021-09-05
3305,Sara,Bos,+31600003305,sara.bos3305@example.com,Eindhoven,2022-06-10
3306,Sophia,Mulder,+31600003306,sophia.mulder3306@example.com,Breda,2022-05-07
3307,Sara,Kok,+31600003307,sara.kok3307@example.com,The Hague,2021-10-10
3308,Noah,Hendriks,+31600003308,noah.hendriks3308@example.com,Almere,2021-08-14
3309,Olivia,Kuiper,+31600003309,olivia.kuiper3309@example.com,Breda,2024-09-02
3310,Levi,Dekker,+31600003310,levi.dekker3310@example.com,Utrecht,2021-09-15
3311,Milan,Vos,+31600003311,milan.vos3311@example.com,Breda,2020-06-18
3312,Julia,Smit,+31600003312,julia.smit3312@example.com,Eindhoven,2021-07-17
3313,Sara,Bakker,+31600003313,sara.bakker3313@example.com,Almere,2020-10-18
3314,Liam,De Vries,+31600003314,liam.de vries3314@example.com,Rotterdam,2022-07-28
3315,Nina,Willems,+31600003315,nina.willems3315@example.com,Almere,2020-10-22
3316,Levi,Bakker,+31600003316,levi.bakker3316@example.com,The Hague,2020-12-06
3317,Oliver,Bakker,+31600003317,oliver.bakker3317@example.com,Eindhoven,2024-04-18
3318,Liam,Hendriks,+31600003318,liam.hendriks3318@example.com,The Hague,2023-10-09
3319,Nina,Hendriks,+31600003319,nina.hendriks3319@example.com,Utrecht,2023-03-25
3320,Julia,Willems,+31600003320,julia.willems3320@example.com,Tilburg,2023-12-21
3321,Liam,De Boer,+31600003321,liam.de boer3321@example.com,Nijmegen,2022-06-16
3322,Milan,Bakker,+31600003322,milan.bakker3322@example.com,Nijmegen,2023-10-24
3323,Emma,Jansen,+31600003323,emma.jansen3323@example.com,Rotterdam,2020-02-11
3324,Lucas,Visser,+31600003324,lucas.visser3324@example.com,Nijmegen,2024-03-20
3325,Mila,Visser,+31600003325,mila.visser3325@example.com,Almere,2021-02-15
3326,Liam,De Vries,+31600003326,liam.de vries3326@example.com,Breda,2024-10-17
3327,Lotte,Dekker,+31600003327,lotte.dekker3327@example.com,Eindhoven,2020-12-07
3328,Sophia,Hendriks,+31600003328,sophia.hendriks3328@example.com,Amsterdam,2023-06-21
3329,Levi,Dekker,+31600003329,levi.dekker3329@example.com,Almere,2023-10-02
3330,Daan,Schouten,+31600003330,daan.schouten3330@example.com,Almere,2023-07-30
3331,Milan,Hendriks,+31600003331,milan.hendriks3331@example.com,Breda,2022-01-02
3332,Noah,Meijer,+31600003332,noah.meijer3332@example.com,Amsterdam,2024-06-20
3333,Lotte,Van Dijk,+31600003333,lotte.van dijk3333@example.com,Eindhoven,2020-06-04
3334,Ethan,Prins,+31600003334,ethan.prins3334@example.com,Breda,2021-01-16
3335,Ethan,De Boer,+31600003335,ethan.de boer3335@example.com,Utrecht,2021-03-03
3336,Eva,De Vries,+31600003336,eva.de vries3336@example.com,The Hague,2024-10-24
3337,Sara,Mulder,+31600003337,sara.mulder3337@example.com,Groningen,2024-11-04
3338,Finn,Willems,+31600003338,finn.willems3338@example.com,The Hague,2024-01-09
3339,Sophia,Dekker,+31600003339,sophia.dekker3339@example.com,Utrecht,2020-06-30
3340,Anna,Bos,+31600003340,anna.bos3340@example.com,Eindhoven,2020-02-04
3341,Eva,Van Dijk,+31600003341,eva.van dijk3341@example.com,The Hague,2023-08-29
3342,Noah,Prins,+31600003342,noah.prins3342@example.com,The Hague,2024-07-21
3343,Mila,Meijer,+31600003343,mila.meijer3343@example.com,Breda,2023-07-13
3344,Daan,De Boer,+31600003344,daan.de boer3344@example.com,Amsterdam,2020-04-08
3345,Ethan,Van Dijk,+31600003345,ethan.van dijk3345@example.com,Amsterdam,2023-04-02
3346,Sara,Van Dijk,+31600003346,sara.van dijk3346@example.com,Utrecht,2024-05-12
3347,Emma,Jansen,+31600003347,emma.jansen3347@example.com,Almere,2020-01-09
3348,Milan,Kok,+31600003348,milan.kok3348@example.com,Nijmegen,2023-08-13
3349,Emma,Smit,+31600003349,emma.smit3349@example.com,Utrecht,2023-08-15
3350,Finn,Kuiper,+31600003350,finn.kuiper3350@example.com,The Hague,2021-02-03
3351,Ethan,Smit,+31600003351,ethan.smit3351@example.com,The Hague,2020-07-22
3352,Lotte,Peters,+31600003352,lotte.peters3352@example.com,Amsterdam,2023-02-01
3353,Daan,Van Dijk,+31600003353,daan.van dijk3353@example.com,Groningen,2023-11-05
3354,Milan,Meijer,+31600003354,milan.meijer3354@example.com,Almere,2024-07-24
3355,Milan,Smit,+31600003355,milan.smit3355@example.com,Breda,2024-02-17
3356,Julia,De Boer,+31600003356,julia.de boer3356@example.com,Utrecht,2023-01-28
3357,Sophia,Jacobs,+31600003357,sophia.jacobs3357@example.com,Rotterdam,2022-06-17
3358,Milan,Bos,+31600003358,milan.bos3358@example.com,Tilburg,2022-10-30
3359,Ethan,Mulder,+31600003359,ethan.mulder3359@example.com,Nijmegen,2021-12-05
3360,Levi,Smit,+31600003360,levi.smit3360@example.com,Eindhoven,2023-01-08
3361,Liam,Peters,+31600003361,liam.peters3361@example.com,Rotterdam,2021-01-10
3362,Nina,Mulder,+31600003362,nina.mulder3362@example.com,Breda,2023-08-21
3363,Emma,De Boer,+31600003363,emma.de boer3363@example.com,Nijmegen,2023-10-13
3364,Lotte,De Boer,+31600003364,lotte.de boer3364@example.com,Utrecht,2023-07-19
3365,Noah,Smit,+31600003365,noah.smit3365@example.com,Nijmegen,2020-02-21
3366,Sara,Smit,+31600003366,sara.smit3366@example.com,Utrecht,2023-11-07
3367,Eva,De Boer,+31600003367,eva.de boer3367@example.com,Tilburg,2023-12-08
3368,Olivia,Prins,+31600003368,olivia.prins3368@example.com,Rotterdam,2020-07-02
3369,Emma,Meijer,+31600003369,emma.meijer3369@example.com,Eindhoven,2022-09-23
3370,Liam,Willems,+31600003370,liam.willems3370@example.com,The Hague,2023-07-01
3371,Lotte,Bos,+31600003371,lotte.bos3371@example.com,Nijmegen,2021-11-06
3372,Mason,Van Dijk,+31600003372,mason.van dijk3372@example.com,Utrecht,2022-03-06
3373,Anna,Jansen,+31600003373,anna.jansen3373@example.com,Breda,2024-06-26
3374,Emma,Kuiper,+31600003374,emma.kuiper3374@example.com,Groningen,2023-10-07
3375,Noah,Jacobs,+31600003375,noah.jacobs3375@example.com,Groningen,2022-06-10
3376,Olivia,Kuiper,+31600003376,olivia.kuiper3376@example.com,Nijmegen,2024-02-22
3377,Mila,Kuiper,+31600003377,mila.kuiper3377@example.com,Rotterdam,2021-02-16
3378,Olivia,Bakker,+31600003378,olivia.bakker3378@example.com,The Hague,2021-11-11
3379,Julia,Kuiper,+31600003379,julia.kuiper3379@example.com,Nijmegen,2020-11-19
3380,Nina,Mulder,+31600003380,nina.mulder3380@example.com,Nijmegen,2021-03-07
3381,Noah,Jacobs,+31600003381,noah.jacobs3381@example.com,Nijmegen,2021-12-13
3382,Finn,De Boer,+31600003382,finn.de boer3382@example.com,Amsterdam,2023-10-19
3383,Lotte,Jacobs,+31600003383,lotte.jacobs3383@example.com,Rotterdam,2020-08-31
3384,Ethan,Hendriks,+31600003384,ethan.hendriks3384@example.com,Tilburg,2023-12-09
3385,Nina,Jacobs,+31600003385,nina.jacobs3385@example.com,Nijmegen,2023-09-24
3386,Olivia,Willems,+31600003386,olivia.willems3386@example.com,The Hague,2020-04-17
3387,Finn,Willems,+31600003387,finn.willems3387@example.com,Utrecht,2022-07-04
3388,Ethan,De Boer,+31600003388,ethan.de boer3388@example.com,Eindhoven,2021-04-21
3389,Nina,Hendriks,+31600003389,nina.hendriks3389@example.com,Utrecht,2021-10-01
3390,Noah,Jacobs,+31600003390,noah.jacobs3390@example.com,The Hague,2021-06-16
3391,Sophia,Van Dijk,+31600003391,sophia.van dijk3391@example.com,Tilburg,2022-03-04
3392,Mason,Prins,+31600003392,mason.prins3392@example.com,Rotterdam,2021-06-28
3393,Sophia,Bakker,+31600003393,sophia.bakker3393@example.com,Eindhoven,2020-03-07
3394,Sara,Schouten,+31600003394,sara.schouten3394@example.com,Almere,2024-04-05
3395,Sophia,Visser,+31600003395,sophia.visser3395@example.com,Almere,2022-05-28
3396,Sara,De Vries,+31600003396,sara.de vries3396@example.com,Almere,2023-09-28
3397,Ethan,Jacobs,+31600003397,ethan.jacobs3397@example.com,The Hague,2022-05-24
3398,Finn,Schouten,+31600003398,finn.schouten3398@example.com,The Hague,2022-01-10
3399,Levi,De Boer,+31600003399,levi.de boer3399@example.com,Nijmegen,2021-08-14
3400,Mila,De Vries,+31600003400,mila.de vries3400@example.com,Nijmegen,2022-10-09
3401,Liam,Visser,+31600003401,liam.visser3401@example.com,Rotterdam,2021-05-24
3402,Emma,Bos,+31600003402,emma.bos3402@example.com,Eindhoven,2021-01-07
3403,Anna,Prins,+31600003403,anna.prins3403@example.com,Nijmegen,2023-05-21
3404,Sophia,Dekker,+31600003404,sophia.dekker3404@example.com,Eindhoven,2020-03-26
3405,Nina,Smit,+31600003405,nina.smit3405@example.com,Groningen,2022-02-07
3406,Mila,Peters,+31600003406,mila.peters3406@example.com,Nijmegen,2023-08-31
3407,Julia,Van Dijk,+31600003407,julia.van dijk3407@example.com,Utrecht,2021-03-12
3408,Finn,Meijer,+31600003408,finn.meijer3408@example.com,Tilburg,2022-07-29
3409,Finn,Van Dijk,+31600003409,finn.van dijk3409@example.com,Groningen,2021-08-31
3410,Milan,Mulder,+31600003410,milan.mulder3410@example.com,Breda,2023-09-15
3411,Liam,Willems,+31600003411,liam.willems3411@example.com,Breda,2023-05-31
3412,Sara,Kuiper,+31600003412,sara.kuiper3412@example.com,Eindhoven,2020-02-02
3413,Sophia,De Vries,+31600003413,sophia.de vries3413@example.com,Almere,2022-09-28
3414,Eva,Schouten,+31600003414,eva.schouten3414@example.com,Tilburg,2021-03-27
3415,Emma,Kok,+31600003415,emma.kok3415@example.com,Amsterdam,2021-12-10
3416,Julia,Jacobs,+31600003416,julia.jacobs3416@example.com,The Hague,2022-09-04
3417,Milan,Prins,+31600003417,milan.prins3417@example.com,Utrecht,2022-12-03
3418,Mila,Peters,+31600003418,mila.peters3418@example.com,Almere,2021-07-19
3419,Anna,Mulder,+31600003419,anna.mulder3419@example.com,Amsterdam,2023-06-24
3420,Eva,Willems,+31600003420,eva.willems3420@example.com,Breda,2020-01-02
3421,Olivia,Hendriks,+31600003421,olivia.hendriks3421@example.com,Utrecht,2023-01-23
3422,Oliver,Bakker,+31600003422,oliver.bakker3422@example.com,The Hague,2020-10-06
3423,Olivia,Meijer,+31600003423,olivia.meijer3423@example.com,Nijmegen,2023-01-10
3424,Levi,Jansen,+31600003424,levi.jansen3424@example.com,Eindhoven,2020-04-23
3425,Oliver,Willems,+31600003425,oliver.willems3425@example.com,Eindhoven,2024-09-06
3426,Olivia,Mulder,+31600003426,olivia.mulder3426@example.com,Breda,2023-05-15
3427,Nina,Meijer,+31600003427,nina.meijer3427@example.com,The Hague,2020-04-25
3428,Olivia,Prins,+31600003428,olivia.prins3428@example.com,The Hague,2024-10-09
3429,Nina,Vos,+31600003429,nina.vos3429@example.com,Rotterdam,2024-09-04
3430,Levi,Schouten,+31600003430,levi.schouten3430@example.com,Breda,2023-08-17
3431,Liam,Visser,+31600003431,liam.visser3431@example.com,The Hague,2024-10-10
3432,Liam,Jansen,+31600003432,liam.jansen3432@example.com,Groningen,2024-04-15
3433,Oliver,Jansen,+31600003433,oliver.jansen3433@example.com,Amsterdam,2021-04-21
3434,Sophia,Meijer,+31600003434,sophia.meijer3434@example.com,The Hague,2023-01-06
3435,Sara,Jacobs,+31600003435,sara.jacobs3435@example.com,Utrecht,2021-06-06
3436,Ethan,De Boer,+31600003436,ethan.de boer3436@example.com,Utrecht,2024-05-16
3437,Finn,Hendriks,+31600003437,finn.hendriks3437@example.com,Eindhoven,2021-03-15
3438,Eva,Schouten,+31600003438,eva.schouten3438@example.com,The Hague,2024-05-07
3439,Noah,De Boer,+31600003439,noah.de boer3439@example.com,Nijmegen,2021-12-05
3440,Eva,Hendriks,+31600003440,eva.hendriks3440@example.com,Amsterdam,2024-04-07
3441,Daan,Meijer,+31600003441,daan.meijer3441@example.com,Rotterdam,2024-09-01
3442,Sophia,Peters,+31600003442,sophia.peters3442@example.com,Rotterdam,2023-11-01
3443,Noah,Prins,+31600003443,noah.prins3443@example.com,Utrecht,2023-11-15
3444,Lotte,Kuiper,+31600003444,lotte.kuiper3444@example.com,Eindhoven,2022-01-04
3445,Milan,Prins,+31600003445,milan.prins3445@example.com,Amsterdam,2021-08-29
3446,Eva,Visser,+31600003446,eva.visser3446@example.com,Utrecht,2022-07-24
3447,Noah,Van Dijk,+31600003447,noah.van dijk3447@example.com,Amsterdam,2023-06-16
3448,Mila,Peters,+31600003448,mila.peters3448@example.com,Amsterdam,2024-06-26
3449,Ethan,Prins,+31600003449,ethan.prins3449@example.com,Breda,2021-04-04
3450,Sara,Jansen,+31600003450,sara.jansen3450@example.com,Amsterdam,2023-01-02
3451,Nina,Jacobs,+31600003451,nina.jacobs3451@example.com,Groningen,2023-02-19
3452,Mila,Meijer,+31600003452,mila.meijer3452@example.com,Eindhoven,2020-03-19
3453,Oliver,Schouten,+31600003453,oliver.schouten3453@example.com,Tilburg,2024-01-19
3454,Mila,Prins,+31600003454,mila.prins3454@example.com,Tilburg,2024-10-20
3455,Mila,Visser,+31600003455,mila.visser3455@example.com,Eindhoven,2022-11-06
3456,Lotte,De Boer,+31600003456,lotte.de boer3456@example.com,Rotterdam,2023-04-16
3457,Liam,Mulder,+31600003457,liam.mulder3457@example.com,Groningen,2024-07-11
3458,Liam,Jacobs,+31600003458,liam.jacobs3458@example.com,Tilburg,2022-06-17
3459,Lotte,Schouten,+31600003459,lotte.schouten3459@example.com,Tilburg,2021-09-20
3460,Lucas,Mulder,+31600003460,lucas.mulder3460@example.com,Eindhoven,2022-09-01
3461,Ethan,Dekker,+31600003461,ethan.dekker3461@example.com,Almere,2021-11-06
3462,Lucas,Kuiper,+31600003462,lucas.kuiper3462@example.com,Utrecht,2024-03-22
3463,Lucas,Willems,+31600003463,lucas.willems3463@example.com,The Hague,2020-09-10
3464,Julia,Meijer,+31600003464,julia.meijer3464@example.com,Amsterdam,2024-01-24
3465,Oliver,Prins,+31600003465,oliver.prins3465@example.com,Almere,2024-06-07
3466,Sara,Hendriks,+31600003466,sara.hendriks3466@example.com,Tilburg,2020-09-02
3467,Liam,Peters,+31600003467,liam.peters3467@example.com,Almere,2021-03-10
3468,Anna,Kok,+31600003468,anna.kok3468@example.com,Groningen,2023-05-05
3469,Lotte,Kuiper,+31600003469,lotte.kuiper3469@example.com,Amsterdam,2021-05-09
3470,Noah,Van Dijk,+31600003470,noah.van dijk3470@example.com,Rotterdam,2024-01-09
3471,Eva,Smit,+31600003471,eva.smit3471@example.com,Eindhoven,2022-02-12
3472,Sara,De Boer,+31600003472,sara.de boer3472@example.com,Almere,2020-06-10
3473,Finn,Vos,+31600003473,finn.vos3473@example.com,Eindhoven,2021-08-02
3474,Mila,De Boer,+31600003474,mila.de boer3474@example.com,Rotterdam,2024-04-23
3475,Julia,De Vries,+31600003475,julia.de vries3475@example.com,Almere,2024-06-15
3476,Olivia,Peters,+31600003476,olivia.peters3476@example.com,Eindhoven,2024-08-28
3477,Ethan,Hendriks,+31600003477,ethan.hendriks3477@example.com,The Hague,2023-07-15
3478,Anna,Willems,+31600003478,anna.willems3478@example.com,Rotterdam,2020-08-18
3479,Mason,Visser,+31600003479,mason.visser3479@example.com,The Hague,2021-11-19
3480,Sophia,Hendriks,+31600003480,sophia.hendriks3480@example.com,Nijmegen,2023-10-27
3481,Daan,Dekker,+31600003481,daan.dekker3481@example.com,Utrecht,2020-10-09
3482,Emma,Van Dijk,+31600003482,emma.van dijk3482@example.com,Eindhoven,2020-12-12
3483,Olivia,Jacobs,+31600003483,olivia.jacobs3483@example.com,The Hague,2021-06-19
3484,Ethan,Bos,+31600003484,ethan.bos3484@example.com,Tilburg,2022-09-11
3485,Milan,Meijer,+31600003485,milan.meijer3485@example.com,Tilburg,2023-04-28
3486,Ethan,Willems,+31600003486,ethan.willems3486@example.com,Eindhoven,2024-06-11
3487,Eva,Van Dijk,+31600003487,eva.van dijk3487@example.com,Eindhoven,2023-12-05
3488,Mila,Bakker,+31600003488,mila.bakker3488@example.com,Tilburg,2023-10-18
3489,Sara,Mulder,+31600003489,sara.mulder3489@example.com,The Hague,2023-03-08
3490,Oliver,Dekker,+31600003490,oliver.dekker3490@example.com,Utrecht,2023-07-07
3491,Julia,Hendriks,+31600003491,julia.hendriks3491@example.com,Amsterdam,2024-10-29
3492,Olivia,Prins,+31600003492,olivia.prins3492@example.com,Tilburg,2022-12-06
3493,Levi,Kuiper,+31600003493,levi.kuiper3493@example.com,Rotterdam,2024-10-01
3494,Julia,De Boer,+31600003494,julia.de boer3494@example.com,Utrecht,2021-10-31
3495,Liam,Peters,+31600003495,liam.peters3495@example.com,Eindhoven,2024-01-16
3496,Ethan,Dekker,+31600003496,ethan.dekker3496@example.com,The Hague,2021-01-04
3497,Ethan,Jacobs,+31600003497,ethan.jacobs3497@example.com,Amsterdam,2024-11-26
3498,Daan,De Boer,+31600003498,daan.de boer3498@example.com,Almere,2021-11-03
3499,Finn,Prins,+31600003499,finn.prins3499@example.com,Almere,2020-01-03
3500,Julia,De Boer,+31600003500,julia.de boer3500@example.com,The Hague,2022-08-09
3501,Julia,Jacobs,+31600003501,julia.jacobs3501@example.com,Nijmegen,2021-01-18
3502,Olivia,Meijer,+31600003502,olivia.meijer3502@example.com,Nijmegen,2021-07-03
3503,Liam,Smit,+31600003503,liam.smit3503@example.com,Almere,2020-01-15
3504,Milan,Smit,+31600003504,milan.smit3504@example.com,Nijmegen,2024-08-28
3505,Lotte,Schouten,+31600003505,lotte.schouten3505@example.com,Breda,2024-02-06
3506,Nina,De Vries,+31600003506,nina.de vries3506@example.com,Tilburg,2020-06-22
3507,Emma,Hendriks,+31600003507,emma.hendriks3507@example.com,The Hague,2021-11-03
3508,Mason,Jacobs,+31600003508,mason.jacobs3508@example.com,Rotterdam,2024-05-22
3509,Oliver,Bos,+31600003509,oliver.bos3509@example.com,Tilburg,2020-05-03
3510,Lotte,Bos,+31600003510,lotte.bos3510@example.com,Amsterdam,2023-07-29
3511,Olivia,Kok,+31600003511,olivia.kok3511@example.com,Nijmegen,2023-04-16
3512,Olivia,Peters,+31600003512,olivia.peters3512@example.com,Breda,2020-09-29
3513,Mila,Kuiper,+31600003513,mila.kuiper3513@example.com,Nijmegen,2024-12-02
3514,Daan,Hendriks,+31600003514,daan.hendriks3514@example.com,Groningen,2021-08-26
3515,Liam,Hendriks,+31600003515,liam.hendriks3515@example.com,Rotterdam,2022-05-02
3516,Ethan,Schouten,+31600003516,ethan.schouten3516@example.com,Tilburg,2022-10-18
3517,Eva,Smit,+31600003517,eva.smit3517@example.com,Amsterdam,2024-06-20
3518,Emma,Hendriks,+31600003518,emma.hendriks3518@example.com,Eindhoven,2024-02-03
3519,Noah,Vos,+31600003519,noah.vos3519@example.com,Breda,2024-04-13
3520,Ethan,Jansen,+31600003520,ethan.jansen3520@example.com,Eindhoven,2020-06-07
3521,Oliver,Vos,+31600003521,oliver.vos3521@example.com,Tilburg,2020-11-18
3522,Levi,Schouten,+31600003522,levi.schouten3522@example.com,Tilburg,2022-06-21
3523,Ethan,Bakker,+31600003523,ethan.bakker3523@example.com,Amsterdam,2021-11-01
3524,Milan,Visser,+31600003524,milan.visser3524@example.com,Almere,2021-05-02
3525,Sophia,Schouten,+31600003525,sophia.schouten3525@example.com,Tilburg,2021-05-28
3526,Anna,Schouten,+31600003526,anna.schouten3526@example.com,Almere,2023-06-02
3527,Noah,Visser,+31600003527,noah.visser3527@example.com,Amsterdam,2024-10-12
3528,Levi,Visser,+31600003528,levi.visser3528@example.com,Almere,2022-05-31
3529,Finn,Peters,+31600003529,finn.peters3529@example.com,Rotterdam,2023-11-23
3530,Sophia,Prins,+31600003530,sophia.prins3530@example.com,The Hague,2021-01-30
3531,Eva,Mulder,+31600003531,eva.mulder3531@example.com,Groningen,2024-09-14
3532,Noah,Jansen,+31600003532,noah.jansen3532@example.com,The Hague,2020-02-03
3533,Levi,Bakker,+31600003533,levi.bakker3533@example.com,Nijmegen,2023-07-16
3534,Ethan,De Boer,+31600003534,ethan.de boer3534@example.com,Tilburg,2023-02-18
3535,Daan,Bakker,+31600003535,daan.bakker3535@example.com,Nijmegen,2024-09-26
3536,Lotte,Peters,+31600003536,lotte.peters3536@example.com,Breda,2021-10-05
3537,Emma,Bos,+31600003537,emma.bos3537@example.com,Amsterdam,2024-08-22
3538,Lucas,Willems,+31600003538,lucas.willems3538@example.com,Eindhoven,2021-12-03
3539,Eva,Jansen,+31600003539,eva.jansen3539@example.com,Eindhoven,2023-01-26
3540,Milan,Meijer,+31600003540,milan.meijer3540@example.com,Breda,2022-05-04
3541,Emma,Vos,+31600003541,emma.vos3541@example.com,Rotterdam,2022-03-11
3542,Oliver,De Vries,+31600003542,oliver.de vries3542@example.com,Amsterdam,2024-01-29
3543,Mason,De Boer,+31600003543,mason.de boer3543@example.com,Utrecht,2021-12-03
3544,Emma,Bos,+31600003544,emma.bos3544@example.com,Utrecht,2024-08-16
3545,Eva,De Boer,+31600003545,eva.de boer3545@example.com,Groningen,2020-11-25
3546,Finn,Bakker,+31600003546,finn.bakker3546@example.com,Breda,2023-09-11
3547,Liam,Jacobs,+31600003547,liam.jacobs3547@example.com,Tilburg,2021-01-23
3548,Daan,De Vries,+31600003548,daan.de vries3548@example.com,Utrecht,2023-12-01
3549,Milan,Smit,+31600003549,milan.smit3549@example.com,Breda,2021-08-13
3550,Anna,De Vries,+31600003550,anna.de vries3550@example.com,Utrecht,2020-01-27
3551,Ethan,Vos,+31600003551,ethan.vos3551@example.com,Tilburg,2024-11-20
3552,Levi,Willems,+31600003552,levi.willems3552@example.com,Rotterdam,2020-11-30
3553,Lucas,De Boer,+31600003553,lucas.de boer3553@example.com,Rotterdam,2023-06-05
3554,Emma,De Boer,+31600003554,emma.de boer3554@example.com,Rotterdam,2024-07-13
3555,Emma,Van Dijk,+31600003555,emma.van dijk3555@example.com,The Hague,2023-07-04
3556,Nina,Bakker,+31600003556,nina.bakker3556@example.com,Amsterdam,2023-05-17
3557,Sophia,Schouten,+31600003557,sophia.schouten3557@example.com,Nijmegen,2020-07-29
3558,Olivia,Jansen,+31600003558,olivia.jansen3558@example.com,Eindhoven,2022-08-04
3559,Daan,Van Dijk,+31600003559,daan.van dijk3559@example.com,Amsterdam,2020-11-25
3560,Nina,Meijer,+31600003560,nina.meijer3560@example.com,Nijmegen,2022-09-25
3561,Lotte,Dekker,+31600003561,lotte.dekker3561@example.com,Rotterdam,2024-10-09
3562,Mason,De Vries,+31600003562,mason.de vries3562@example.com,Utrecht,2020-08-21
3563,Finn,Jansen,+31600003563,finn.jansen3563@example.com,Nijmegen,2024-07-31
3564,Mason,Hendriks,+31600003564,mason.hendriks3564@example.com,Amsterdam,2021-05-23
3565,Sara,Peters,+31600003565,sara.peters3565@example.com,The Hague,2021-02-06
3566,Mila,Jansen,+31600003566,mila.jansen3566@example.com,Almere,2022-05-15
3567,Nina,Willems,+31600003567,nina.willems3567@example.com,The Hague,2022-08-13
3568,Milan,Prins,+31600003568,milan.prins3568@example.com,Breda,2024-12-03
3569,Mila,Van Dijk,+31600003569,mila.van dijk3569@example.com,Breda,2021-12-11
3570,Sophia,Van Dijk,+31600003570,sophia.van dijk3570@example.com,Nijmegen,2022-04-21
3571,Sophia,Dekker,+31600003571,sophia.dekker3571@example.com,Utrecht,2022-05-27
3572,Oliver,Hendriks,+31600003572,oliver.hendriks3572@example.com,Groningen,2024-05-26
3573,Finn,Hendriks,+31600003573,finn.hendriks3573@example.com,Breda,2023-02-22
3574,Ethan,De Vries,+31600003574,ethan.de vries3574@example.com,Breda,2021-02-26
3575,Eva,De Vries,+31600003575,eva.de vries3575@example.com,Tilburg,2023-06-06
3576,Anna,Bakker,+31600003576,anna.bakker3576@example.com,Groningen,2020-09-25
3577,Sara,De Boer,+31600003577,sara.de boer3577@example.com,Eindhoven,2022-09-26
3578,Milan,Visser,+31600003578,milan.visser3578@example.com,Nijmegen,2020-10-30
3579,Lotte,Schouten,+31600003579,lotte.schouten3579@example.com,Utrecht,2022-12-24
3580,Olivia,Dekker,+31600003580,olivia.dekker3580@example.com,Tilburg,2023-07-03
3581,Liam,Peters,+31600003581,liam.peters3581@example.com,Rotterdam,2021-05-31
3582,Eva,De Vries,+31600003582,eva.de vries3582@example.com,Utrecht,2023-02-08
3583,Finn,Vos,+31600003583,finn.vos3583@example.com,Amsterdam,2021-03-01
3584,Noah,Willems,+31600003584,noah.willems3584@example.com,Tilburg,2021-09-05
3585,Lotte,Van Dijk,+31600003585,lotte.van dijk3585@example.com,Amsterdam,2022-02-02
3586,Ethan,Kuiper,+31600003586,ethan.kuiper3586@example.com,Breda,2020-09-12
3587,Levi,Dekker,+31600003587,levi.dekker3587@example.com,Nijmegen,2020-08-11
3588,Milan,Jansen,+31600003588,milan.jansen3588@example.com,The Hague,2024-01-07
3589,Julia,Vos,+31600003589,julia.vos3589@example.com,The Hague,2020-11-28
3590,Lotte,Smit,+31600003590,lotte.smit3590@example.com,Almere,2020-08-02
3591,Nina,De Boer,+31600003591,nina.de boer3591@example.com,Eindhoven,2023-12-29
3592,Anna,Mulder,+31600003592,anna.mulder3592@example.com,Groningen,2022-12-11
3593,Oliver,Peters,+31600003593,oliver.peters3593@example.com,Utrecht,2021-11-15
3594,Mila,Jacobs,+31600003594,mila.jacobs3594@example.com,Breda,2023-07-26
3595,Ethan,Jansen,+31600003595,ethan.jansen3595@example.com,Amsterdam,2024-07-26
3596,Milan,Jansen,+31600003596,milan.jansen3596@example.com,Groningen,2020-03-07
3597,Lucas,Bos,+31600003597,lucas.bos3597@example.com,Eindhoven,2024-04-24
3598,Noah,Meijer,+31600003598,noah.meijer3598@example.com,Eindhoven,2022-04-16
3599,Sophia,Bos,+31600003599,sophia.bos3599@example.com,Rotterdam,2022-10-14
3600,Ethan,Schouten,+31600003600,ethan.schouten3600@example.com,Almere,2022-10-28
3601,Liam,Bos,+31600003601,liam.bos3601@example.com,Groningen,2020-09-07
3602,Liam,Hendriks,+31600003602,liam.hendriks3602@example.com,Breda,2021-06-14
3603,Sophia,Visser,+31600003603,sophia.visser3603@example.com,Groningen,2023-10-15
3604,Ethan,Bos,+31600003604,ethan.bos3604@example.com,Rotterdam,2024-01-20
3605,Milan,Smit,+31600003605,milan.smit3605@example.com,Rotterdam,2020-08-28
3606,Liam,Vos,+31600003606,liam.vos3606@example.com,Almere,2020-03-04
3607,Julia,De Vries,+31600003607,julia.de vries3607@example.com,Almere,2023-09-28
3608,Sara,Hendriks,+31600003608,sara.hendriks3608@example.com,Rotterdam,2021-10-26
3609,Sophia,Schouten,+31600003609,sophia.schouten3609@example.com,Eindhoven,2023-09-26
3610,Lotte,Meijer,+31600003610,lotte.meijer3610@example.com,Almere,2020-08-20
3611,Sophia,De Vries,+31600003611,sophia.de vries3611@example.com,Breda,2020-01-19
3612,Liam,Peters,+31600003612,liam.peters3612@example.com,Tilburg,2020-12-15
3613,Finn,De Boer,+31600003613,finn.de boer3613@example.com,Utrecht,2020-08-11
3614,Milan,Vos,+31600003614,milan.vos3614@example.com,Amsterdam,2024-02-24
3615,Mila,Van Dijk,+31600003615,mila.van dijk3615@example.com,Rotterdam,2020-02-21
3616,Julia,Prins,+31600003616,julia.prins3616@example.com,The Hague,2022-07-04
3617,Sophia,Kuiper,+31600003617,sophia.kuiper3617@example.com,Almere,2020-06-25
3618,Finn,Bos,+31600003618,finn.bos3618@example.com,Eindhoven,2022-04-06
3619,Julia,Dekker,+31600003619,julia.dekker3619@example.com,Breda,2022-09-09
3620,Liam,Bakker,+31600003620,liam.bakker3620@example.com,Tilburg,2024-10-13
3621,Oliver,Dekker,+31600003621,oliver.dekker3621@example.com,Nijmegen,2020-03-18
3622,Olivia,Dekker,+31600003622,olivia.dekker3622@example.com,Rotterdam,2020-08-27
3623,Anna,Mulder,+31600003623,anna.mulder3623@example.com,Tilburg,2024-07-28
3624,Lucas,Mulder,+31600003624,lucas.mulder3624@example.com,Amsterdam,2022-12-12
3625,Emma,Visser,+31600003625,emma.visser3625@example.com,Groningen,2021-04-16
3626,Nina,Vos,+31600003626,nina.vos3626@example.com,Utrecht,2020-05-16
3627,Oliver,Bakker,+31600003627,oliver.bakker3627@example.com,Breda,2024-02-04
3628,Mason,Bos,+31600003628,mason.bos3628@example.com,Rotterdam,2024-12-01
3629,Levi,Willems,+31600003629,levi.willems3629@example.com,Breda,2020-10-18
3630,Mason,Jacobs,+31600003630,mason.jacobs3630@example.com,Breda,2022-07-23
3631,Julia,De Boer,+31600003631,julia.de boer3631@example.com,Tilburg,2021-05-28
3632,Finn,Visser,+31600003632,finn.visser3632@example.com,Breda,2020-03-22
3633,Emma,Meijer,+31600003633,emma.meijer3633@example.com,The Hague,2024-09-18
3634,Ethan,Dekker,+31600003634,ethan.dekker3634@example.com,Groningen,2023-11-21
3635,Sara,Smit,+31600003635,sara.smit3635@example.com,Almere,2022-07-07
3636,Lucas,Meijer,+31600003636,lucas.meijer3636@example.com,Utrecht,2024-06-05
3637,Eva,Jansen,+31600003637,eva.jansen3637@example.com,Amsterdam,2024-11-17
3638,Milan,Bos,+31600003638,milan.bos3638@example.com,The Hague,2020-01-06
3639,Eva,Kuiper,+31600003639,eva.kuiper3639@example.com,Almere,2023-09-27
3640,Levi,Vos,+31600003640,levi.vos3640@example.com,Amsterdam,2021-07-18
3641,Mason,Bakker,+31600003641,mason.bakker3641@example.com,Breda,2024-08-31
3642,Lucas,Dekker,+31600003642,lucas.dekker3642@example.com,Utrecht,2023-11-28
3643,Liam,Bos,+31600003643,liam.bos3643@example.com,Nijmegen,2022-04-09
3644,Daan,Vos,+31600003644,daan.vos3644@example.com,Breda,2022-08-31
3645,Olivia,Van Dijk,+31600003645,olivia.van dijk3645@example.com,Eindhoven,2023-10-10
3646,Sara,Bos,+31600003646,sara.bos3646@example.com,Breda,2021-06-16
3647,Sophia,Hendriks,+31600003647,sophia.hendriks3647@example.com,Breda,2022-09-03
3648,Lucas,Vos,+31600003648,lucas.vos3648@example.com,Tilburg,2023-01-13
3649,Emma,Kuiper,+31600003649,emma.kuiper3649@example.com,Almere,2022-04-16
3650,Lotte,Dekker,+31600003650,lotte.dekker3650@example.com,Almere,2023-06-29
3651,Lotte,Kok,+31600003651,lotte.kok3651@example.com,Nijmegen,2024-07-18
3652,Ethan,Kuiper,+31600003652,ethan.kuiper3652@example.com,Rotterdam,2020-10-13
3653,Eva,Schouten,+31600003653,eva.schouten3653@example.com,Tilburg,2020-10-12
3654,Mila,Smit,+31600003654,mila.smit3654@example.com,Rotterdam,2021-03-22
3655,Nina,Schouten,+31600003655,nina.schouten3655@example.com,Almere,2021-11-13
3656,Anna,Jansen,+31600003656,anna.jansen3656@example.com,Rotterdam,2020-12-10
3657,Ethan,Willems,+31600003657,ethan.willems3657@example.com,Tilburg,2024-02-24
3658,Eva,Peters,+31600003658,eva.peters3658@example.com,Tilburg,2021-06-18
3659,Lucas,Prins,+31600003659,lucas.prins3659@example.com,Nijmegen,2023-07-17
3660,Ethan,Jansen,+31600003660,ethan.jansen3660@example.com,The Hague,2022-11-07
3661,Emma,Jansen,+31600003661,emma.jansen3661@example.com,Amsterdam,2020-01-03
3662,Julia,Peters,+31600003662,julia.peters3662@example.com,Nijmegen,2023-06-02
3663,Oliver,Van Dijk,+31600003663,oliver.van dijk3663@example.com,Breda,2024-06-28
3664,Finn,Prins,+31600003664,finn.prins3664@example.com,Eindhoven,2020-08-15
3665,Oliver,De Boer,+31600003665,oliver.de boer3665@example.com,Rotterdam,2020-05-08
3666,Noah,De Vries,+31600003666,noah.de vries3666@example.com,Tilburg,2022-07-04
3667,Nina,De Vries,+31600003667,nina.de vries3667@example.com,Nijmegen,2020-10-09
3668,Oliver,De Boer,+31600003668,oliver.de boer3668@example.com,Utrecht,2024-05-18
3669,Finn,Van Dijk,+31600003669,finn.van dijk3669@example.com,Tilburg,2021-02-15
3670,Lotte,Jacobs,+31600003670,lotte.jacobs3670@example.com,Almere,2020-09-12
3671,Sara,Kuiper,+31600003671,sara.kuiper3671@example.com,Rotterdam,2020-11-29
3672,Mila,Jansen,+31600003672,mila.jansen3672@example.com,Rotterdam,2022-10-15
3673,Noah,Peters,+31600003673,noah.peters3673@example.com,The Hague,2023-08-23
3674,Oliver,Vos,+31600003674,oliver.vos3674@example.com,Utrecht,2021-10-11
3675,Lucas,Peters,+31600003675,lucas.peters3675@example.com,Amsterdam,2024-02-24
3676,Eva,Prins,+31600003676,eva.prins3676@example.com,Eindhoven,2022-01-27
3677,Mila,De Vries,+31600003677,mila.de vries3677@example.com,Almere,2021-02-28
3678,Olivia,Mulder,+31600003678,olivia.mulder3678@example.com,Tilburg,2020-08-23
3679,Oliver,Jacobs,+31600003679,oliver.jacobs3679@example.com,Nijmegen,2021-04-18
3680,Liam,Bos,+31600003680,liam.bos3680@example.com,Amsterdam,2024-11-18
3681,Milan,Smit,+31600003681,milan.smit3681@example.com,Almere,2020-04-01
3682,Olivia,De Vries,+31600003682,olivia.de vries3682@example.com,The Hague,2020-08-21
3683,Daan,Schouten,+31600003683,daan.schouten3683@example.com,Nijmegen,2022-05-17
3684,Eva,Peters,+31600003684,eva.peters3684@example.com,Utrecht,2021-09-12
3685,Sophia,De Vries,+31600003685,sophia.de vries3685@example.com,Rotterdam,2024-02-28
3686,Daan,Visser,+31600003686,daan.visser3686@example.com,The Hague,2024-01-23
3687,Lucas,Bakker,+31600003687,lucas.bakker3687@example.com,Nijmegen,2023-12-24
3688,Lucas,Mulder,+31600003688,lucas.mulder3688@example.com,Tilburg,2020-03-11
3689,Sara,Smit,+31600003689,sara.smit3689@example.com,Amsterdam,2020-04-16
3690,Emma,Peters,+31600003690,emma.peters3690@example.com,The Hague,2021-11-11
3691,Noah,Bos,+31600003691,noah.bos3691@example.com,Utrecht,2021-10-14
3692,Lotte,Meijer,+31600003692,lotte.meijer3692@example.com,Groningen,2022-10-12
3693,Lucas,Jansen,+31600003693,lucas.jansen3693@example.com,Amsterdam,2020-08-25
3694,Oliver,Smit,+31600003694,oliver.smit3694@example.com,Rotterdam,2021-08-05
3695,Noah,Schouten,+31600003695,noah.schouten3695@example.com,Nijmegen,2021-04-30
3696,Ethan,Jansen,+31600003696,ethan.jansen3696@example.com,Tilburg,2021-02-02
3697,Emma,Jacobs,+31600003697,emma.jacobs3697@example.com,Groningen,2024-11-28
3698,Levi,Van Dijk,+31600003698,levi.van dijk3698@example.com,Breda,2024-09-13
3699,Oliver,Van Dijk,+31600003699,oliver.van dijk3699@example.com,Eindhoven,2020-05-31
3700,Olivia,Schouten,+31600003700,olivia.schouten3700@example.com,Amsterdam,2022-10-15
3701,Lucas,Vos,+31600003701,lucas.vos3701@example.com,Nijmegen,2023-06-23
3702,Liam,Jacobs,+31600003702,liam.jacobs3702@example.com,Utrecht,2024-08-09
3703,Milan,Kok,+31600003703,milan.kok3703@example.com,Almere,2021-01-29
3704,Lucas,De Vries,+31600003704,lucas.de vries3704@example.com,Almere,2024-12-01
3705,Levi,Prins,+31600003705,levi.prins3705@example.com,Rotterdam,2022-07-15
3706,Sophia,Willems,+31600003706,sophia.willems3706@example.com,Almere,2020-07-06
3707,Mila,Kok,+31600003707,mila.kok3707@example.com,Amsterdam,2021-07-15
3708,Sara,Mulder,+31600003708,sara.mulder3708@example.com,Eindhoven,2022-10-08
3709,Levi,Dekker,+31600003709,levi.dekker3709@example.com,Eindhoven,2022-09-04
3710,Milan,Van Dijk,+31600003710,milan.van dijk3710@example.com,The Hague,2021-09-13
3711,Anna,Prins,+31600003711,anna.prins3711@example.com,Rotterdam,2022-01-10
3712,Eva,Jacobs,+31600003712,eva.jacobs3712@example.com,Rotterdam,2024-10-14
3713,Mason,Jansen,+31600003713,mason.jansen3713@example.com,Rotterdam,2023-05-30
3714,Sophia,Peters,+31600003714,sophia.peters3714@example.com,Tilburg,2024-11-25
3715,Finn,Hendriks,+31600003715,finn.hendriks3715@example.com,Utrecht,2024-01-29
3716,Mason,De Vries,+31600003716,mason.de vries3716@example.com,Groningen,2024-12-05
3717,Sara,Hendriks,+31600003717,sara.hendriks3717@example.com,Rotterdam,2024-02-19
3718,Olivia,Kok,+31600003718,olivia.kok3718@example.com,Tilburg,2021-08-08
3719,Nina,Vos,+31600003719,nina.vos3719@example.com,Rotterdam,2023-10-29
3720,Finn,Van Dijk,+31600003720,finn.van dijk3720@example.com,Groningen,2021-12-29
3721,Noah,Bos,+31600003721,noah.bos3721@example.com,Amsterdam,2023-02-24
3722,Lotte,Meijer,+31600003722,lotte.meijer3722@example.com,Almere,2020-06-15
3723,Nina,Bos,+31600003723,nina.bos3723@example.com,Groningen,2023-03-24
3724,Lucas,Kuiper,+31600003724,lucas.kuiper3724@example.com,Tilburg,2021-08-04
3725,Olivia,Bakker,+31600003725,olivia.bakker3725@example.com,Amsterdam,2022-05-15
3726,Daan,Kok,+31600003726,daan.kok3726@example.com,Breda,2021-08-15
3727,Oliver,Kok,+31600003727,oliver.kok3727@example.com,Groningen,2023-06-26
3728,Finn,Prins,+31600003728,finn.prins3728@example.com,Utrecht,2020-03-15
3729,Levi,Kuiper,+31600003729,levi.kuiper3729@example.com,Tilburg,2023-03-20
3730,Daan,Bos,+31600003730,daan.bos3730@example.com,Groningen,2020-07-05
3731,Sara,Mulder,+31600003731,sara.mulder3731@example.com,The Hague,2022-12-03
3732,Sara,Kok,+31600003732,sara.kok3732@example.com,Almere,2022-06-22
3733,Julia,Jacobs,+31600003733,julia.jacobs3733@example.com,Nijmegen,2023-01-26
3734,Julia,Mulder,+31600003734,julia.mulder3734@example.com,Groningen,2023-12-28
3735,Levi,Bakker,+31600003735,levi.bakker3735@example.com,Almere,2023-01-15
3736,Julia,Willems,+31600003736,julia.willems3736@example.com,Amsterdam,2023-07-22
3737,Eva,Smit,+31600003737,eva.smit3737@example.com,Nijmegen,2024-10-29
3738,Eva,Bos,+31600003738,eva.bos3738@example.com,The Hague,2022-06-09
3739,Finn,Dekker,+31600003739,finn.dekker3739@example.com,Groningen,2021-10-10
3740,Daan,Kuiper,+31600003740,daan.kuiper3740@example.com,Utrecht,2023-07-11
3741,Daan,Dekker,+31600003741,daan.dekker3741@example.com,Utrecht,2022-12-15
3742,Mila,Dekker,+31600003742,mila.dekker3742@example.com,Tilburg,2021-12-10
3743,Lotte,Meijer,+31600003743,lotte.meijer3743@example.com,The Hague,2020-03-04
3744,Mila,Visser,+31600003744,mila.visser3744@example.com,Amsterdam,2020-04-07
3745,Oliver,Kuiper,+31600003745,oliver.kuiper3745@example.com,Groningen,2022-02-21
3746,Emma,Jansen,+31600003746,emma.jansen3746@example.com,Rotterdam,2023-09-11
3747,Oliver,Visser,+31600003747,oliver.visser3747@example.com,Nijmegen,2024-11-02
3748,Sophia,Mulder,+31600003748,sophia.mulder3748@example.com,Utrecht,2021-12-17
3749,Mason,Meijer,+31600003749,mason.meijer3749@example.com,Nijmegen,2022-03-18
3750,Noah,Willems,+31600003750,noah.willems3750@example.com,Almere,2024-11-10
3751,Sophia,Willems,+31600003751,sophia.willems3751@example.com,Nijmegen,2023-11-15
3752,Oliver,Schouten,+31600003752,oliver.schouten3752@example.com,The Hague,2020-10-10
3753,Eva,De Boer,+31600003753,eva.de boer3753@example.com,Eindhoven,2022-01-27
3754,Milan,Peters,+31600003754,milan.peters3754@example.com,The Hague,2021-05-02
3755,Noah,Schouten,+31600003755,noah.schouten3755@example.com,Groningen,2024-03-03
3756,Sara,Bos,+31600003756,sara.bos3756@example.com,Utrecht,2021-05-28
3757,Sophia,Jacobs,+31600003757,sophia.jacobs3757@example.com,Rotterdam,2024-05-05
3758,Finn,Peters,+31600003758,finn.peters3758@example.com,Groningen,2022-11-12
3759,Anna,Mulder,+31600003759,anna.mulder3759@example.com,Almere,2024-09-23
3760,Julia,Peters,+31600003760,julia.peters3760@example.com,Groningen,2024-01-27
3761,Lotte,Kok,+31600003761,lotte.kok3761@example.com,Rotterdam,2021-12-28
3762,Emma,Jacobs,+31600003762,emma.jacobs3762@example.com,Groningen,2023-11-05
3763,Lotte,Van Dijk,+31600003763,lotte.van dijk3763@example.com,Groningen,2022-09-22
3764,Mason,Smit,+31600003764,mason.smit3764@example.com,Amsterdam,2022-02-11
3765,Ethan,Vos,+31600003765,ethan.vos3765@example.com,Amsterdam,2020-02-15
3766,Mason,Smit,+31600003766,mason.smit3766@example.com,Groningen,2023-06-05
3767,Noah,Hendriks,+31600003767,noah.hendriks3767@example.com,Utrecht,2021-09-29
3768,Nina,Meijer,+31600003768,nina.meijer3768@example.com,Eindhoven,2023-05-19
3769,Sophia,Vos,+31600003769,sophia.vos3769@example.com,Rotterdam,2022-01-29
3770,Olivia,Kuiper,+31600003770,olivia.kuiper3770@example.com,Eindhoven,2020-12-31
3771,Oliver,Kuiper,+31600003771,oliver.kuiper3771@example.com,Almere,2024-10-08
3772,Noah,Bos,+31600003772,noah.bos3772@example.com,Amsterdam,2024-05-22
3773,Finn,Vos,+31600003773,finn.vos3773@example.com,Almere,2023-07-18
3774,Nina,Schouten,+31600003774,nina.schouten3774@example.com,Breda,2023-08-07
3775,Levi,Van Dijk,+31600003775,levi.van dijk3775@example.com,Breda,2022-11-18
3776,Liam,Van Dijk,+31600003776,liam.van dijk3776@example.com,Breda,2021-03-15
3777,Anna,Peters,+31600003777,anna.peters3777@example.com,Groningen,2020-06-06
3778,Mason,Jansen,+31600003778,mason.jansen3778@example.com,Groningen,2021-06-20
3779,Sophia,De Boer,+31600003779,sophia.de boer3779@example.com,Nijmegen,2024-07-23
3780,Liam,Bos,+31600003780,liam.bos3780@example.com,Groningen,2023-10-16
3781,Mila,Peters,+31600003781,mila.peters3781@example.com,The Hague,2021-08-28
3782,Ethan,Kuiper,+31600003782,ethan.kuiper3782@example.com,Nijmegen,2024-03-09
3783,Milan,Schouten,+31600003783,milan.schouten3783@example.com,Nijmegen,2023-03-25
3784,Milan,Schouten,+31600003784,milan.schouten3784@example.com,Tilburg,2022-03-27
3785,Eva,Bos,+31600003785,eva.bos3785@example.com,Amsterdam,2022-10-15
3786,Emma,Peters,+31600003786,emma.peters3786@example.com,Groningen,2022-07-27
3787,Liam,Dekker,+31600003787,liam.dekker3787@example.com,Tilburg,2020-08-06
3788,Levi,Jansen,+31600003788,levi.jansen3788@example.com,Groningen,2022-04-23
3789,Noah,Willems,+31600003789,noah.willems3789@example.com,Breda,2022-03-15
3790,Ethan,De Vries,+31600003790,ethan.de vries3790@example.com,Almere,2021-03-18
3791,Nina,Schouten,+31600003791,nina.schouten3791@example.com,Breda,2021-01-30
3792,Lotte,Schouten,+31600003792,lotte.schouten3792@example.com,Nijmegen,2022-08-01
3793,Mila,Jacobs,+31600003793,mila.jacobs3793@example.com,The Hague,2021-11-20
3794,Ethan,Schouten,+31600003794,ethan.schouten3794@example.com,Nijmegen,2021-04-21
3795,Mason,De Vries,+31600003795,mason.de vries3795@example.com,Almere,2023-05-16
3796,Daan,Peters,+31600003796,daan.peters3796@example.com,Rotterdam,2024-08-12
3797,Sophia,De Boer,+31600003797,sophia.de boer3797@example.com,The Hague,2020-08-02
3798,Mason,Willems,+31600003798,mason.willems3798@example.com,Tilburg,2023-08-06
3799,Sara,Jansen,+31600003799,sara.jansen3799@example.com,Breda,2020-05-29
3800,Ethan,Kuiper,+31600003800,ethan.kuiper3800@example.com,Amsterdam,2020-03-21
3801,Lotte,Jacobs,+31600003801,lotte.jacobs3801@example.com,Eindhoven,2023-11-30
3802,Emma,De Vries,+31600003802,emma.de vries3802@example.com,Tilburg,2024-05-24
3803,Anna,Van Dijk,+31600003803,anna.van dijk3803@example.com,The Hague,2020-03-09
3804,Olivia,Mulder,+31600003804,olivia.mulder3804@example.com,Amsterdam,2023-09-19
3805,Emma,Prins,+31600003805,emma.prins3805@example.com,Rotterdam,2021-08-25
3806,Noah,Kok,+31600003806,noah.kok3806@example.com,Almere,2021-02-01
3807,Finn,Prins,+31600003807,finn.prins3807@example.com,Breda,2020-01-04
3808,Lotte,Prins,+31600003808,lotte.prins3808@example.com,Utrecht,2023-02-25
3809,Ethan,Meijer,+31600003809,ethan.meijer3809@example.com,Rotterdam,2021-06-04
3810,Ethan,Kok,+31600003810,ethan.kok3810@example.com,The Hague,2024-04-10
3811,Lotte,Bakker,+31600003811,lotte.bakker3811@example.com,Amsterdam,2024-11-20
3812,Levi,Dekker,+31600003812,levi.dekker3812@example.com,Almere,2022-09-02
3813,Eva,Bos,+31600003813,eva.bos3813@example.com,Rotterdam,2020-11-20
3814,Julia,Van Dijk,+31600003814,julia.van dijk3814@example.com,The Hague,2024-01-31
3815,Anna,Jacobs,+31600003815,anna.jacobs3815@example.com,Almere,2021-11-28
3816,Julia,De Vries,+31600003816,julia.de vries3816@example.com,Breda,2022-03-22
3817,Julia,Schouten,+31600003817,julia.schouten3817@example.com,Almere,2024-06-20
3818,Milan,Schouten,+31600003818,milan.schouten3818@example.com,Groningen,2023-03-02
3819,Mason,Vos,+31600003819,mason.vos3819@example.com,Breda,2021-03-26
3820,Sara,Jacobs,+31600003820,sara.jacobs3820@example.com,Almere,2022-03-25
3821,Olivia,Schouten,+31600003821,olivia.schouten3821@example.com,Utrecht,2020-10-20
3822,Sophia,Bakker,+31600003822,sophia.bakker3822@example.com,Utrecht,2023-07-03
3823,Sara,Prins,+31600003823,sara.prins3823@example.com,Breda,2020-01-31
3824,Noah,Hendriks,+31600003824,noah.hendriks3824@example.com,Tilburg,2023-12-28
3825,Milan,Van Dijk,+31600003825,milan.van dijk3825@example.com,The Hague,2021-09-23
3826,Lotte,Meijer,+31600003826,lotte.meijer3826@example.com,Utrecht,2024-02-04
3827,Finn,Visser,+31600003827,finn.visser3827@example.com,Groningen,2023-08-08
3828,Nina,Van Dijk,+31600003828,nina.van dijk3828@example.com,Rotterdam,2024-06-24
3829,Daan,Vos,+31600003829,daan.vos3829@example.com,Nijmegen,2020-09-02
3830,Julia,Bos,+31600003830,julia.bos3830@example.com,Nijmegen,2022-08-04
3831,Sara,De Boer,+31600003831,sara.de boer3831@example.com,Tilburg,2020-07-16
3832,Ethan,De Vries,+31600003832,ethan.de vries3832@example.com,Utrecht,2022-06-17
3833,Mila,Jansen,+31600003833,mila.jansen3833@example.com,The Hague,2021-05-22
3834,Sara,Mulder,+31600003834,sara.mulder3834@example.com,The Hague,2023-01-03
3835,Mason,Mulder,+31600003835,mason.mulder3835@example.com,Groningen,2023-01-20
3836,Levi,Kok,+31600003836,levi.kok3836@example.com,Tilburg,2024-03-11
3837,Emma,Kok,+31600003837,emma.kok3837@example.com,Eindhoven,2024-06-11
3838,Mila,Jansen,+31600003838,mila.jansen3838@example.com,The Hague,2023-07-25
3839,Eva,De Vries,+31600003839,eva.de vries3839@example.com,Utrecht,2024-06-27
3840,Mila,Mulder,+31600003840,mila.mulder3840@example.com,Groningen,2023-11-01
3841,Olivia,Peters,+31600003841,olivia.peters3841@example.com,Tilburg,2020-06-19
3842,Milan,Bakker,+31600003842,milan.bakker3842@example.com,Breda,2023-06-15
3843,Liam,Bakker,+31600003843,liam.bakker3843@example.com,Breda,2023-08-07
3844,Ethan,Bakker,+31600003844,ethan.bakker3844@example.com,Eindhoven,2020-12-21
3845,Ethan,Bakker,+31600003845,ethan.bakker3845@example.com,Tilburg,2024-01-12
3846,Ethan,Van Dijk,+31600003846,ethan.van dijk3846@example.com,Amsterdam,2024-05-22
3847,Liam,Bos,+31600003847,liam.bos3847@example.com,Rotterdam,2023-05-20
3848,Lucas,Jansen,+31600003848,lucas.jansen3848@example.com,Almere,2023-06-02
3849,Lucas,Van Dijk,+31600003849,lucas.van dijk3849@example.com,The Hague,2022-08-28
3850,Eva,Bos,+31600003850,eva.bos3850@example.com,Rotterdam,2023-01-30
3851,Finn,De Boer,+31600003851,finn.de boer3851@example.com,Tilburg,2021-06-02
3852,Milan,Vos,+31600003852,milan.vos3852@example.com,Utrecht,2022-08-11
3853,Mila,Visser,+31600003853,mila.visser3853@example.com,Breda,2021-08-14
3854,Julia,Bos,+31600003854,julia.bos3854@example.com,Nijmegen,2024-10-28
3855,Sara,Willems,+31600003855,sara.willems3855@example.com,Rotterdam,2023-08-09
3856,Nina,De Vries,+31600003856,nina.de vries3856@example.com,Rotterdam,2023-04-26
3857,Noah,Hendriks,+31600003857,noah.hendriks3857@example.com,Rotterdam,2021-02-07
3858,Lotte,Schouten,+31600003858,lotte.schouten3858@example.com,Almere,2023-12-26
3859,Lotte,Kuiper,+31600003859,lotte.kuiper3859@example.com,Nijmegen,2021-09-10
3860,Noah,Bakker,+31600003860,noah.bakker3860@example.com,Amsterdam,2024-10-13
3861,Levi,Willems,+31600003861,levi.willems3861@example.com,Almere,2023-07-07
3862,Mila,Prins,+31600003862,mila.prins3862@example.com,Utrecht,2024-07-26
3863,Sophia,Meijer,+31600003863,sophia.meijer3863@example.com,Rotterdam,2024-06-25
3864,Milan,Mulder,+31600003864,milan.mulder3864@example.com,The Hague,2020-11-20
3865,Nina,Kok,+31600003865,nina.kok3865@example.com,Rotterdam,2022-01-02
3866,Sophia,Peters,+31600003866,sophia.peters3866@example.com,Eindhoven,2023-03-13
3867,Milan,De Boer,+31600003867,milan.de boer3867@example.com,The Hague,2024-05-15
3868,Anna,Jacobs,+31600003868,anna.jacobs3868@example.com,Breda,2023-10-23
3869,Noah,De Boer,+31600003869,noah.de boer3869@example.com,The Hague,2022-07-28
3870,Oliver,Van Dijk,+31600003870,oliver.van dijk3870@example.com,Almere,2020-07-30
3871,Noah,Willems,+31600003871,noah.willems3871@example.com,Rotterdam,2023-03-20
3872,Olivia,Visser,+31600003872,olivia.visser3872@example.com,Eindhoven,2023-05-10
3873,Lotte,Schouten,+31600003873,lotte.schouten3873@example.com,Nijmegen,2024-04-07
3874,Lotte,Van Dijk,+31600003874,lotte.van dijk3874@example.com,Groningen,2023-12-24
3875,Sophia,Peters,+31600003875,sophia.peters3875@example.com,Groningen,2024-01-30
3876,Julia,De Boer,+31600003876,julia.de boer3876@example.com,Groningen,2022-05-14
3877,Noah,Visser,+31600003877,noah.visser3877@example.com,Rotterdam,2023-11-07
3878,Emma,Dekker,+31600003878,emma.dekker3878@example.com,Groningen,2022-07-18
3879,Emma,Visser,+31600003879,emma.visser3879@example.com,Tilburg,2020-02-19
3880,Sara,Jansen,+31600003880,sara.jansen3880@example.com,Amsterdam,2024-05-16
3881,Lotte,De Vries,+31600003881,lotte.de vries3881@example.com,Amsterdam,2020-06-30
3882,Lucas,De Vries,+31600003882,lucas.de vries3882@example.com,Almere,2023-12-21
3883,Olivia,Bakker,+31600003883,olivia.bakker3883@example.com,Amsterdam,2020-11-20
3884,Lotte,Bakker,+31600003884,lotte.bakker3884@example.com,Groningen,2020-08-14
3885,Mila,De Boer,+31600003885,mila.de boer3885@example.com,The Hague,2022-04-29
3886,Sara,Mulder,+31600003886,sara.mulder3886@example.com,Groningen,2022-03-24
3887,Nina,Willems,+31600003887,nina.willems3887@example.com,Eindhoven,2022-01-23
3888,Oliver,Vos,+31600003888,oliver.vos3888@example.com,Almere,2021-10-17
3889,Emma,Hendriks,+31600003889,emma.hendriks3889@example.com,Tilburg,2020-07-23
3890,Mason,Hendriks,+31600003890,mason.hendriks3890@example.com,Nijmegen,2020-01-21
3891,Sophia,Visser,+31600003891,sophia.visser3891@example.com,Tilburg,2024-10-05
3892,Daan,Kok,+31600003892,daan.kok3892@example.com,Rotterdam,2021-12-23
3893,Olivia,Peters,+31600003893,olivia.peters3893@example.com,Eindhoven,2020-05-26
3894,Emma,Kuiper,+31600003894,emma.kuiper3894@example.com,Rotterdam,2023-04-07
3895,Julia,Prins,+31600003895,julia.prins3895@example.com,Rotterdam,2023-03-29
3896,Nina,Dekker,+31600003896,nina.dekker3896@example.com,Rotterdam,2022-08-06
3897,Sophia,Kok,+31600003897,sophia.kok3897@example.com,Utrecht,2022-02-20
3898,Anna,Jansen,+31600003898,anna.jansen3898@example.com,Groningen,2020-09-29
3899,Lotte,De Boer,+31600003899,lotte.de boer3899@example.com,Rotterdam,2024-05-12
3900,Sophia,Kok,+31600003900,sophia.kok3900@example.com,Nijmegen,2021-03-03
3901,Anna,Kuiper,+31600003901,anna.kuiper3901@example.com,Utrecht,2023-02-21
3902,Oliver,Peters,+31600003902,oliver.peters3902@example.com,Eindhoven,2020-07-12
3903,Mason,Kuiper,+31600003903,mason.kuiper3903@example.com,Utrecht,2020-03-05
3904,Daan,Visser,+31600003904,daan.visser3904@example.com,Utrecht,2023-04-26
3905,Mila,Visser,+31600003905,mila.visser3905@example.com,Utrecht,2023-05-10
3906,Mason,Peters,+31600003906,mason.peters3906@example.com,Eindhoven,2021-12-16
3907,Lotte,Willems,+31600003907,lotte.willems3907@example.com,Tilburg,2024-11-24
3908,Nina,Smit,+31600003908,nina.smit3908@example.com,Rotterdam,2021-03-30
3909,Anna,Smit,+31600003909,anna.smit3909@example.com,Breda,2023-01-09
3910,Levi,Hendriks,+31600003910,levi.hendriks3910@example.com,Utrecht,2021-04-09
3911,Sara,Smit,+31600003911,sara.smit3911@example.com,Almere,2021-04-19
3912,Nina,Dekker,+31600003912,nina.dekker3912@example.com,Nijmegen,2024-11-19
3913,Daan,Schouten,+31600003913,daan.schouten3913@example.com,Tilburg,2023-06-03
3914,Julia,De Vries,+31600003914,julia.de vries3914@example.com,The Hague,2023-07-06
3915,Sara,Kuiper,+31600003915,sara.kuiper3915@example.com,Breda,2020-01-29
3916,Emma,Meijer,+31600003916,emma.meijer3916@example.com,Breda,2020-12-20
3917,Lucas,Dekker,+31600003917,lucas.dekker3917@example.com,Rotterdam,2023-07-20
3918,Eva,Peters,+31600003918,eva.peters3918@example.com,Groningen,2023-04-22
3919,Daan,Bakker,+31600003919,daan.bakker3919@example.com,Rotterdam,2023-12-05
3920,Lotte,De Vries,+31600003920,lotte.de vries3920@example.com,Almere,2021-03-19
3921,Mason,Visser,+31600003921,mason.visser3921@example.com,Nijmegen,2024-04-30
3922,Olivia,De Vries,+31600003922,olivia.de vries3922@example.com,Utrecht,2020-01-22
3923,Lotte,Kuiper,+31600003923,lotte.kuiper3923@example.com,The Hague,2024-09-21
3924,Lotte,Mulder,+31600003924,lotte.mulder3924@example.com,Groningen,2022-07-11
3925,Noah,Jacobs,+31600003925,noah.jacobs3925@example.com,The Hague,2022-05-14
3926,Lucas,Kok,+31600003926,lucas.kok3926@example.com,Almere,2022-08-17
3927,Lucas,Smit,+31600003927,lucas.smit3927@example.com,Utrecht,2022-01-02
3928,Nina,Kok,+31600003928,nina.kok3928@example.com,The Hague,2021-06-04
3929,Sara,Kuiper,+31600003929,sara.kuiper3929@example.com,The Hague,2021-09-15
3930,Mila,Jansen,+31600003930,mila.jansen3930@example.com,Breda,2020-11-03
3931,Sophia,Kok,+31600003931,sophia.kok3931@example.com,Nijmegen,2020-10-08
3932,Mila,Peters,+31600003932,mila.peters3932@example.com,Almere,2023-05-11
3933,Liam,Schouten,+31600003933,liam.schouten3933@example.com,Tilburg,2023-03-09
3934,Finn,De Boer,+31600003934,finn.de boer3934@example.com,Almere,2022-08-17
3935,Lotte,Prins,+31600003935,lotte.prins3935@example.com,Eindhoven,2022-02-24
3936,Eva,Kuiper,+31600003936,eva.kuiper3936@example.com,Nijmegen,2023-06-05
3937,Eva,Bos,+31600003937,eva.bos3937@example.com,Almere,2020-12-07
3938,Liam,Hendriks,+31600003938,liam.hendriks3938@example.com,Almere,2022-09-04
3939,Anna,Vos,+31600003939,anna.vos3939@example.com,The Hague,2021-02-13
3940,Lotte,Hendriks,+31600003940,lotte.hendriks3940@example.com,Eindhoven,2023-08-29
3941,Daan,Willems,+31600003941,daan.willems3941@example.com,Amsterdam,2021-02-06
3942,Sara,Vos,+31600003942,sara.vos3942@example.com,Utrecht,2024-03-01
3943,Noah,Jansen,+31600003943,noah.jansen3943@example.com,The Hague,2021-07-18
3944,Finn,Peters,+31600003944,finn.peters3944@example.com,The Hague,2021-07-21
3945,Milan,Hendriks,+31600003945,milan.hendriks3945@example.com,Nijmegen,2021-02-04
3946,Olivia,De Vries,+31600003946,olivia.de vries3946@example.com,Nijmegen,2023-07-04
3947,Lotte,De Boer,+31600003947,lotte.de boer3947@example.com,Eindhoven,2021-12-18
3948,Oliver,Jacobs,+31600003948,oliver.jacobs3948@example.com,Almere,2023-07-10
3949,Julia,Vos,+31600003949,julia.vos3949@example.com,Breda,2022-04-04
3950,Oliver,Vos,+31600003950,oliver.vos3950@example.com,Breda,2020-05-10
3951,Lotte,Hendriks,+31600003951,lotte.hendriks3951@example.com,Groningen,2024-03-23
3952,Daan,Jansen,+31600003952,daan.jansen3952@example.com,Almere,2021-03-15
3953,Noah,Bakker,+31600003953,noah.bakker3953@example.com,Eindhoven,2021-02-27
3954,Sophia,Bakker,+31600003954,sophia.bakker3954@example.com,Utrecht,2023-07-04
3955,Olivia,Mulder,+31600003955,olivia.mulder3955@example.com,Almere,2020-07-15
3956,Daan,Bakker,+31600003956,daan.bakker3956@example.com,Almere,2022-11-04
3957,Mila,De Boer,+31600003957,mila.de boer3957@example.com,Rotterdam,2020-07-16
3958,Julia,Meijer,+31600003958,julia.meijer3958@example.com,Utrecht,2024-08-14
3959,Sara,De Boer,+31600003959,sara.de boer3959@example.com,Tilburg,2022-08-01
3960,Liam,Prins,+31600003960,liam.prins3960@example.com,Nijmegen,2023-11-24
3961,Oliver,Dekker,+31600003961,oliver.dekker3961@example.com,Utrecht,2021-03-31
3962,Lucas,Bos,+31600003962,lucas.bos3962@example.com,Rotterdam,2021-08-18
3963,Eva,Kok,+31600003963,eva.kok3963@example.com,Tilburg,2023-05-09
3964,Noah,Bos,+31600003964,noah.bos3964@example.com,Amsterdam,2022-01-26
3965,Mason,Visser,+31600003965,mason.visser3965@example.com,The Hague,2023-12-23
3966,Milan,Mulder,+31600003966,milan.mulder3966@example.com,Utrecht,2021-11-14
3967,Liam,Hendriks,+31600003967,liam.hendriks3967@example.com,Almere,2022-05-13
3968,Milan,Prins,+31600003968,milan.prins3968@example.com,Amsterdam,2021-09-26
3969,Mila,Willems,+31600003969,mila.willems3969@example.com,Utrecht,2022-04-22
3970,Nina,Prins,+31600003970,nina.prins3970@example.com,Breda,2020-12-07
3971,Anna,Willems,+31600003971,anna.willems3971@example.com,Groningen,2022-10-28
3972,Sophia,De Boer,+31600003972,sophia.de boer3972@example.com,The Hague,2021-10-17
3973,Lucas,Mulder,+31600003973,lucas.mulder3973@example.com,Tilburg,2024-03-14
3974,Finn,Jacobs,+31600003974,finn.jacobs3974@example.com,Rotterdam,2023-01-23
3975,Oliver,Van Dijk,+31600003975,oliver.van dijk3975@example.com,The Hague,2022-12-29
3976,Olivia,Van Dijk,+31600003976,olivia.van dijk3976@example.com,The Hague,2021-07-03
3977,Mila,Meijer,+31600003977,mila.meijer3977@example.com,Amsterdam,2024-02-17
3978,Lucas,De Vries,+31600003978,lucas.de vries3978@example.com,Eindhoven,2023-12-11
3979,Olivia,Bakker,+31600003979,olivia.bakker3979@example.com,The Hague,2020-07-27
3980,Liam,De Boer,+31600003980,liam.de boer3980@example.com,Nijmegen,2020-08-13
3981,Sophia,Smit,+31600003981,sophia.smit3981@example.com,Eindhoven,2020-02-07
3982,Oliver,Visser,+31600003982,oliver.visser3982@example.com,Tilburg,2024-09-22
3983,Anna,Kuiper,+31600003983,anna.kuiper3983@example.com,Utrecht,2024-04-09
3984,Olivia,Vos,+31600003984,olivia.vos3984@example.com,Rotterdam,2021-04-09
3985,Lotte,Vos,+31600003985,lotte.vos3985@example.com,The Hague,2020-10-20
3986,Lotte,Peters,+31600003986,lotte.peters3986@example.com,Breda,2023-01-25
3987,Eva,Schouten,+31600003987,eva.schouten3987@example.com,The Hague,2021-04-04
3988,Mason,Van Dijk,+31600003988,mason.van dijk3988@example.com,Amsterdam,2022-10-22
3989,Olivia,Bos,+31600003989,olivia.bos3989@example.com,Almere,2022-09-17
3990,Liam,Van Dijk,+31600003990,liam.van dijk3990@example.com,The Hague,2022-12-12
3991,Sara,Visser,+31600003991,sara.visser3991@example.com,Nijmegen,2020-03-09
3992,Lucas,Visser,+31600003992,lucas.visser3992@example.com,Tilburg,2021-07-02
3993,Mason,Bos,+31600003993,mason.bos3993@example.com,Utrecht,2024-06-19
3994,Liam,De Boer,+31600003994,liam.de boer3994@example.com,Groningen,2024-10-22
3995,Julia,Bos,+31600003995,julia.bos3995@example.com,Eindhoven,2024-10-19
3996,Liam,Hendriks,+31600003996,liam.hendriks3996@example.com,Nijmegen,2020-05-02
3997,Lotte,Schouten,+31600003997,lotte.schouten3997@example.com,The Hague,2022-11-15
3998,Julia,Kuiper,+31600003998,julia.kuiper3998@example.com,Groningen,2022-10-06
3999,Finn,Peters,+31600003999,finn.peters3999@example.com,The Hague,2024-05-12
4000,Oliver,Visser,+31600004000,oliver.visser4000@example.com,Tilburg,2022-01-08
4001,Eva,Bos,+31600004001,eva.bos4001@example.com,Rotterdam,2020-04-16
4002,Lucas,Kok,+31600004002,lucas.kok4002@example.com,Rotterdam,2024-07-08
4003,Lucas,Jansen,+31600004003,lucas.jansen4003@example.com,Almere,2024-09-06
4004,Liam,De Vries,+31600004004,liam.de vries4004@example.com,Nijmegen,2022-07-18
4005,Sophia,Jansen,+31600004005,sophia.jansen4005@example.com,Nijmegen,2021-03-05
4006,Daan,Jacobs,+31600004006,daan.jacobs4006@example.com,Amsterdam,2020-07-31
4007,Nina,Bakker,+31600004007,nina.bakker4007@example.com,Eindhoven,2022-06-11
4008,Julia,Willems,+31600004008,julia.willems4008@example.com,Breda,2024-08-05
4009,Levi,Peters,+31600004009,levi.peters4009@example.com,Breda,2022-03-17
4010,Nina,Bos,+31600004010,nina.bos4010@example.com,Groningen,2022-01-01
4011,Julia,Kok,+31600004011,julia.kok4011@example.com,Nijmegen,2021-03-21
4012,Lucas,Meijer,+31600004012,lucas.meijer4012@example.com,Breda,2023-07-07
4013,Ethan,Bos,+31600004013,ethan.bos4013@example.com,The Hague,2021-08-15
4014,Oliver,Schouten,+31600004014,oliver.schouten4014@example.com,The Hague,2024-05-17
4015,Lucas,Schouten,+31600004015,lucas.schouten4015@example.com,Eindhoven,2020-01-07
4016,Mila,De Boer,+31600004016,mila.de boer4016@example.com,The Hague,2024-04-12
4017,Noah,Schouten,+31600004017,noah.schouten4017@example.com,Amsterdam,2021-04-25
4018,Eva,Meijer,+31600004018,eva.meijer4018@example.com,The Hague,2021-12-07
4019,Sara,Schouten,+31600004019,sara.schouten4019@example.com,Nijmegen,2023-06-06
4020,Julia,Kuiper,+31600004020,julia.kuiper4020@example.com,Tilburg,2020-03-22
4021,Mason,Dekker,+31600004021,mason.dekker4021@example.com,Rotterdam,2024-03-31
4022,Julia,Kuiper,+31600004022,julia.kuiper4022@example.com,Rotterdam,2022-06-01
4023,Anna,Vos,+31600004023,anna.vos4023@example.com,Groningen,2023-08-07
4024,Mason,Van Dijk,+31600004024,mason.van dijk4024@example.com,Nijmegen,2021-12-21
4025,Emma,Kuiper,+31600004025,emma.kuiper4025@example.com,The Hague,2022-11-30
4026,Olivia,Schouten,+31600004026,olivia.schouten4026@example.com,The Hague,2022-07-08
4027,Sophia,Meijer,+31600004027,sophia.meijer4027@example.com,Amsterdam,2023-03-24
4028,Ethan,Dekker,+31600004028,ethan.dekker4028@example.com,Rotterdam,2023-10-07
4029,Nina,Peters,+31600004029,nina.peters4029@example.com,Groningen,2020-02-14
4030,Oliver,Mulder,+31600004030,oliver.mulder4030@example.com,Tilburg,2023-02-17
4031,Emma,Vos,+31600004031,emma.vos4031@example.com,Groningen,2024-04-03
4032,Anna,Meijer,+31600004032,anna.meijer4032@example.com,The Hague,2023-06-21
4033,Anna,Kok,+31600004033,anna.kok4033@example.com,Eindhoven,2024-01-17
4034,Mila,Vos,+31600004034,mila.vos4034@example.com,The Hague,2021-07-07
4035,Mason,Prins,+31600004035,mason.prins4035@example.com,Amsterdam,2020-04-24
4036,Lotte,Dekker,+31600004036,lotte.dekker4036@example.com,Almere,2020-10-09
4037,Sara,Kok,+31600004037,sara.kok4037@example.com,Nijmegen,2024-10-27
4038,Finn,Jansen,+31600004038,finn.jansen4038@example.com,Amsterdam,2021-06-23
4039,Finn,Jacobs,+31600004039,finn.jacobs4039@example.com,Utrecht,2021-09-19
4040,Noah,Prins,+31600004040,noah.prins4040@example.com,Tilburg,2022-05-29
4041,Lotte,De Boer,+31600004041,lotte.de boer4041@example.com,Tilburg,2020-06-22
4042,Lucas,Smit,+31600004042,lucas.smit4042@example.com,Groningen,2023-09-12
4043,Mila,Peters,+31600004043,mila.peters4043@example.com,Groningen,2023-04-19
4044,Emma,Peters,+31600004044,emma.peters4044@example.com,The Hague,2020-01-31
4045,Mila,Jansen,+31600004045,mila.jansen4045@example.com,Eindhoven,2022-11-08
4046,Julia,Schouten,+31600004046,julia.schouten4046@example.com,Breda,2024-10-24
4047,Nina,Kok,+31600004047,nina.kok4047@example.com,Breda,2024-03-13
4048,Lucas,Peters,+31600004048,lucas.peters4048@example.com,The Hague,2024-02-26
4049,Nina,Meijer,+31600004049,nina.meijer4049@example.com,Almere,2021-01-24
4050,Ethan,Visser,+31600004050,ethan.visser4050@example.com,Utrecht,2020-05-28
4051,Nina,Mulder,+31600004051,nina.mulder4051@example.com,Rotterdam,2021-03-29
4052,Oliver,Schouten,+31600004052,oliver.schouten4052@example.com,Almere,2023-04-10
4053,Julia,Dekker,+31600004053,julia.dekker4053@example.com,The Hague,2023-05-02
4054,Sophia,Mulder,+31600004054,sophia.mulder4054@example.com,Eindhoven,2020-05-22
4055,Levi,Bakker,+31600004055,levi.bakker4055@example.com,Amsterdam,2021-05-05
4056,Olivia,Vos,+31600004056,olivia.vos4056@example.com,Nijmegen,2023-04-02
4057,Mila,Dekker,+31600004057,mila.dekker4057@example.com,The Hague,2022-11-16
4058,Sara,Bos,+31600004058,sara.bos4058@example.com,The Hague,2023-12-20
4059,Sara,Bakker,+31600004059,sara.bakker4059@example.com,Groningen,2024-04-24
4060,Finn,Vos,+31600004060,finn.vos4060@example.com,Breda,2024-06-02
4061,Sophia,Bos,+31600004061,sophia.bos4061@example.com,The Hague,2023-02-23
4062,Lucas,Van Dijk,+31600004062,lucas.van dijk4062@example.com,Eindhoven,2022-10-21
4063,Eva,Smit,+31600004063,eva.smit4063@example.com,Tilburg,2022-05-19
4064,Lucas,Vos,+31600004064,lucas.vos4064@example.com,Utrecht,2021-09-15
4065,Finn,De Boer,+31600004065,finn.de boer4065@example.com,Tilburg,2022-06-13
4066,Oliver,Willems,+31600004066,oliver.willems4066@example.com,Rotterdam,2021-11-09
4067,Lucas,De Vries,+31600004067,lucas.de vries4067@example.com,The Hague,2021-03-05
4068,Anna,Meijer,+31600004068,anna.meijer4068@example.com,Amsterdam,2022-09-16
4069,Noah,Kuiper,+31600004069,noah.kuiper4069@example.com,The Hague,2020-06-08
4070,Levi,Smit,+31600004070,levi.smit4070@example.com,Breda,2022-09-08
4071,Lotte,Vos,+31600004071,lotte.vos4071@example.com,Tilburg,2022-02-27
4072,Anna,Mulder,+31600004072,anna.mulder4072@example.com,Utrecht,2023-07-11
4073,Sara,Bakker,+31600004073,sara.bakker4073@example.com,Utrecht,2024-07-28
4074,Nina,Kok,+31600004074,nina.kok4074@example.com,Amsterdam,2020-08-25
4075,Liam,Smit,+31600004075,liam.smit4075@example.com,Utrecht,2024-06-10
4076,Julia,Bos,+31600004076,julia.bos4076@example.com,Rotterdam,2023-04-13
4077,Nina,De Vries,+31600004077,nina.de vries4077@example.com,Amsterdam,2023-05-04
4078,Olivia,Willems,+31600004078,olivia.willems4078@example.com,Nijmegen,2022-09-08
4079,Oliver,De Vries,+31600004079,oliver.de vries4079@example.com,The Hague,2021-08-30
4080,Lotte,Peters,+31600004080,lotte.peters4080@example.com,The Hague,2021-07-29
4081,Finn,Kuiper,+31600004081,finn.kuiper4081@example.com,Eindhoven,2021-07-02
4082,Daan,Jansen,+31600004082,daan.jansen4082@example.com,Utrecht,2020-05-10
4083,Daan,Schouten,+31600004083,daan.schouten4083@example.com,Almere,2021-06-09
4084,Anna,Jansen,+31600004084,anna.jansen4084@example.com,Tilburg,2020-02-12
4085,Emma,Mulder,+31600004085,emma.mulder4085@example.com,Groningen,2020-07-11
4086,Mason,Mulder,+31600004086,mason.mulder4086@example.com,The Hague,2024-10-20
4087,Julia,Kok,+31600004087,julia.kok4087@example.com,The Hague,2024-03-12
4088,Finn,Bakker,+31600004088,finn.bakker4088@example.com,Amsterdam,2020-05-06
4089,Olivia,Jacobs,+31600004089,olivia.jacobs4089@example.com,Breda,2020-02-07
4090,Mila,Mulder,+31600004090,mila.mulder4090@example.com,Nijmegen,2024-07-31
4091,Oliver,Van Dijk,+31600004091,oliver.van dijk4091@example.com,The Hague,2024-11-26
4092,Finn,Jacobs,+31600004092,finn.jacobs4092@example.com,Nijmegen,2023-01-18
4093,Ethan,Kok,+31600004093,ethan.kok4093@example.com,Almere,2020-01-13
4094,Lucas,Schouten,+31600004094,lucas.schouten4094@example.com,Amsterdam,2020-10-26
4095,Liam,Mulder,+31600004095,liam.mulder4095@example.com,Utrecht,2021-12-25
4096,Noah,De Boer,+31600004096,noah.de boer4096@example.com,Eindhoven,2024-09-16
4097,Noah,Jacobs,+31600004097,noah.jacobs4097@example.com,Almere,2021-01-01
4098,Lotte,Smit,+31600004098,lotte.smit4098@example.com,Almere,2022-12-24
4099,Nina,Hendriks,+31600004099,nina.hendriks4099@example.com,Tilburg,2024-11-04
4100,Nina,Van Dijk,+31600004100,nina.van dijk4100@example.com,Utrecht,2023-05-28
4101,Lotte,Prins,+31600004101,lotte.prins4101@example.com,Breda,2021-01-05
4102,Mila,Visser,+31600004102,mila.visser4102@example.com,Utrecht,2024-06-15
4103,Milan,Peters,+31600004103,milan.peters4103@example.com,Utrecht,2024-03-28
4104,Lotte,Hendriks,+31600004104,lotte.hendriks4104@example.com,Tilburg,2024-05-26
4105,Ethan,Dekker,+31600004105,ethan.dekker4105@example.com,Tilburg,2023-03-06
4106,Julia,Hendriks,+31600004106,julia.hendriks4106@example.com,Groningen,2021-02-15
4107,Julia,Bakker,+31600004107,julia.bakker4107@example.com,Nijmegen,2020-04-15
4108,Oliver,Prins,+31600004108,oliver.prins4108@example.com,Amsterdam,2022-06-12
4109,Anna,Meijer,+31600004109,anna.meijer4109@example.com,Utrecht,2020-04-02
4110,Emma,Dekker,+31600004110,emma.dekker4110@example.com,The Hague,2020-12-17
4111,Sophia,Bos,+31600004111,sophia.bos4111@example.com,Rotterdam,2020-09-18
4112,Levi,Meijer,+31600004112,levi.meijer4112@example.com,Groningen,2020-09-18
4113,Anna,Peters,+31600004113,anna.peters4113@example.com,Amsterdam,2023-11-19
4114,Mila,Bakker,+31600004114,mila.bakker4114@example.com,Eindhoven,2022-08-18
4115,Olivia,De Vries,+31600004115,olivia.de vries4115@example.com,Rotterdam,2024-07-18
4116,Liam,Hendriks,+31600004116,liam.hendriks4116@example.com,Almere,2021-10-12
4117,Ethan,Meijer,+31600004117,ethan.meijer4117@example.com,Utrecht,2022-02-02
4118,Olivia,Jansen,+31600004118,olivia.jansen4118@example.com,Amsterdam,2020-02-01
4119,Mila,Bakker,+31600004119,mila.bakker4119@example.com,Groningen,2022-07-27
4120,Sara,Kuiper,+31600004120,sara.kuiper4120@example.com,Almere,2024-06-28
4121,Finn,Kuiper,+31600004121,finn.kuiper4121@example.com,Groningen,2022-07-06
4122,Eva,Willems,+31600004122,eva.willems4122@example.com,Tilburg,2020-04-28
4123,Sophia,Vos,+31600004123,sophia.vos4123@example.com,Amsterdam,2020-09-08
4124,Daan,Hendriks,+31600004124,daan.hendriks4124@example.com,Eindhoven,2024-04-01
4125,Milan,Smit,+31600004125,milan.smit4125@example.com,Eindhoven,2021-08-10
4126,Sara,Prins,+31600004126,sara.prins4126@example.com,Eindhoven,2024-10-11
4127,Sara,Peters,+31600004127,sara.peters4127@example.com,Groningen,2023-10-14
4128,Mason,Visser,+31600004128,mason.visser4128@example.com,Breda,2021-08-15
4129,Milan,Bakker,+31600004129,milan.bakker4129@example.com,Eindhoven,2024-10-18
4130,Lotte,Hendriks,+31600004130,lotte.hendriks4130@example.com,Groningen,2020-02-25
4131,Liam,Prins,+31600004131,liam.prins4131@example.com,Amsterdam,2021-12-17
4132,Daan,Kok,+31600004132,daan.kok4132@example.com,Groningen,2023-04-13
4133,Levi,Hendriks,+31600004133,levi.hendriks4133@example.com,Rotterdam,2024-08-25
4134,Anna,Mulder,+31600004134,anna.mulder4134@example.com,Tilburg,2022-09-09
4135,Ethan,Smit,+31600004135,ethan.smit4135@example.com,Groningen,2022-09-08
4136,Noah,Dekker,+31600004136,noah.dekker4136@example.com,Groningen,2023-05-10
4137,Julia,Hendriks,+31600004137,julia.hendriks4137@example.com,Rotterdam,2023-12-05
4138,Finn,Meijer,+31600004138,finn.meijer4138@example.com,Breda,2023-07-29
4139,Lucas,Jansen,+31600004139,lucas.jansen4139@example.com,Nijmegen,2022-01-29
4140,Lucas,Bos,+31600004140,lucas.bos4140@example.com,Utrecht,2023-07-29
4141,Ethan,Vos,+31600004141,ethan.vos4141@example.com,Eindhoven,2021-05-08
4142,Lotte,Van Dijk,+31600004142,lotte.van dijk4142@example.com,Rotterdam,2021-12-08
4143,Lotte,Mulder,+31600004143,lotte.mulder4143@example.com,Tilburg,2021-01-30
4144,Mason,Smit,+31600004144,mason.smit4144@example.com,Eindhoven,2022-08-22
4145,Anna,Dekker,+31600004145,anna.dekker4145@example.com,Rotterdam,2023-02-13
4146,Emma,Jansen,+31600004146,emma.jansen4146@example.com,Tilburg,2023-05-05
4147,Liam,Prins,+31600004147,liam.prins4147@example.com,Tilburg,2022-11-08
4148,Noah,Kok,+31600004148,noah.kok4148@example.com,Nijmegen,2021-06-12
4149,Nina,Vos,+31600004149,nina.vos4149@example.com,Amsterdam,2023-05-18
4150,Eva,Vos,+31600004150,eva.vos4150@example.com,Nijmegen,2024-09-25
4151,Sophia,Smit,+31600004151,sophia.smit4151@example.com,Eindhoven,2021-10-13
4152,Emma,Schouten,+31600004152,emma.schouten4152@example.com,Almere,2020-12-15
4153,Eva,Van Dijk,+31600004153,eva.van dijk4153@example.com,Rotterdam,2024-07-08
4154,Olivia,Van Dijk,+31600004154,olivia.van dijk4154@example.com,Utrecht,2023-10-29
4155,Oliver,Bakker,+31600004155,oliver.bakker4155@example.com,Nijmegen,2022-01-27
4156,Sophia,Meijer,+31600004156,sophia.meijer4156@example.com,Amsterdam,2022-02-13
4157,Noah,Vos,+31600004157,noah.vos4157@example.com,Breda,2021-08-07
4158,Levi,Kuiper,+31600004158,levi.kuiper4158@example.com,The Hague,2023-05-04
4159,Mila,De Vries,+31600004159,mila.de vries4159@example.com,Amsterdam,2022-11-18
4160,Lotte,Jacobs,+31600004160,lotte.jacobs4160@example.com,Tilburg,2021-09-17
4161,Olivia,Smit,+31600004161,olivia.smit4161@example.com,Breda,2021-03-10
4162,Lotte,De Vries,+31600004162,lotte.de vries4162@example.com,Rotterdam,2023-01-24
4163,Emma,Van Dijk,+31600004163,emma.van dijk4163@example.com,Nijmegen,2020-03-26
4164,Levi,Dekker,+31600004164,levi.dekker4164@example.com,Amsterdam,2023-01-31
4165,Liam,Schouten,+31600004165,liam.schouten4165@example.com,Rotterdam,2024-03-12
4166,Eva,Smit,+31600004166,eva.smit4166@example.com,Rotterdam,2023-01-23
4167,Julia,Van Dijk,+31600004167,julia.van dijk4167@example.com,Breda,2023-07-03
4168,Noah,Hendriks,+31600004168,noah.hendriks4168@example.com,Eindhoven,2022-10-02
4169,Nina,Peters,+31600004169,nina.peters4169@example.com,Utrecht,2023-04-07
4170,Levi,Kuiper,+31600004170,levi.kuiper4170@example.com,Groningen,2020-05-27
4171,Finn,Bakker,+31600004171,finn.bakker4171@example.com,Eindhoven,2024-09-27
4172,Olivia,Jansen,+31600004172,olivia.jansen4172@example.com,Almere,2024-11-21
4173,Milan,Jacobs,+31600004173,milan.jacobs4173@example.com,Utrecht,2024-01-21
4174,Liam,De Boer,+31600004174,liam.de boer4174@example.com,Groningen,2022-04-14
4175,Milan,Peters,+31600004175,milan.peters4175@example.com,Eindhoven,2021-02-21
4176,Olivia,Jansen,+31600004176,olivia.jansen4176@example.com,Amsterdam,2020-04-02
4177,Eva,Willems,+31600004177,eva.willems4177@example.com,Breda,2024-04-19
4178,Liam,Van Dijk,+31600004178,liam.van dijk4178@example.com,Amsterdam,2020-01-31
4179,Sara,Meijer,+31600004179,sara.meijer4179@example.com,Breda,2023-04-08
4180,Oliver,De Vries,+31600004180,oliver.de vries4180@example.com,The Hague,2021-04-16
4181,Daan,Kok,+31600004181,daan.kok4181@example.com,The Hague,2022-05-05
4182,Mila,Hendriks,+31600004182,mila.hendriks4182@example.com,Breda,2022-11-07
4183,Daan,Bakker,+31600004183,daan.bakker4183@example.com,Nijmegen,2020-07-26
4184,Mila,Jansen,+31600004184,mila.jansen4184@example.com,Amsterdam,2021-11-27
4185,Ethan,Mulder,+31600004185,ethan.mulder4185@example.com,Nijmegen,2022-10-31
4186,Levi,De Boer,+31600004186,levi.de boer4186@example.com,Amsterdam,2024-04-28
4187,Noah,Peters,+31600004187,noah.peters4187@example.com,Eindhoven,2023-07-20
4188,Sophia,Smit,+31600004188,sophia.smit4188@example.com,Nijmegen,2024-01-07
4189,Eva,Kok,+31600004189,eva.kok4189@example.com,The Hague,2022-11-19
4190,Milan,Willems,+31600004190,milan.willems4190@example.com,Rotterdam,2022-06-13
4191,Liam,De Boer,+31600004191,liam.de boer4191@example.com,Groningen,2022-11-05
4192,Lotte,Peters,+31600004192,lotte.peters4192@example.com,Utrecht,2024-11-14
4193,Julia,Schouten,+31600004193,julia.schouten4193@example.com,Almere,2021-11-02
4194,Liam,Vos,+31600004194,liam.vos4194@example.com,Nijmegen,2022-09-16
4195,Eva,Vos,+31600004195,eva.vos4195@example.com,Rotterdam,2021-04-27
4196,Milan,Jacobs,+31600004196,milan.jacobs4196@example.com,Tilburg,2024-01-11
4197,Noah,Kok,+31600004197,noah.kok4197@example.com,Breda,2020-10-18
4198,Milan,Kuiper,+31600004198,milan.kuiper4198@example.com,Groningen,2024-07-25
4199,Emma,Bos,+31600004199,emma.bos4199@example.com,Rotterdam,2023-04-27
4200,Lotte,Prins,+31600004200,lotte.prins4200@example.com,Rotterdam,2024-11-08
4201,Milan,Willems,+31600004201,milan.willems4201@example.com,Tilburg,2021-03-06
4202,Mason,Peters,+31600004202,mason.peters4202@example.com,Amsterdam,2024-09-10
4203,Sara,Meijer,+31600004203,sara.meijer4203@example.com,The Hague,2020-03-12
4204,Sophia,Jacobs,+31600004204,sophia.jacobs4204@example.com,Amsterdam,2021-01-29
4205,Emma,Peters,+31600004205,emma.peters4205@example.com,Almere,2024-06-23
4206,Nina,Bakker,+31600004206,nina.bakker4206@example.com,Groningen,2023-09-19
4207,Mason,Bakker,+31600004207,mason.bakker4207@example.com,Eindhoven,2021-10-03
4208,Ethan,De Vries,+31600004208,ethan.de vries4208@example.com,Almere,2022-12-24
4209,Julia,Kok,+31600004209,julia.kok4209@example.com,Eindhoven,2023-11-06
4210,Noah,Vos,+31600004210,noah.vos4210@example.com,Eindhoven,2021-09-27
4211,Eva,Hendriks,+31600004211,eva.hendriks4211@example.com,Amsterdam,2020-12-18
4212,Mila,Kok,+31600004212,mila.kok4212@example.com,Amsterdam,2020-06-11
4213,Eva,Vos,+31600004213,eva.vos4213@example.com,Rotterdam,2022-05-10
4214,Milan,Kok,+31600004214,milan.kok4214@example.com,Amsterdam,2022-03-01
4215,Oliver,Kuiper,+31600004215,oliver.kuiper4215@example.com,Rotterdam,2023-09-11
4216,Daan,Jacobs,+31600004216,daan.jacobs4216@example.com,Amsterdam,2021-11-04
4217,Milan,Peters,+31600004217,milan.peters4217@example.com,Amsterdam,2024-12-03
4218,Ethan,Hendriks,+31600004218,ethan.hendriks4218@example.com,Groningen,2023-03-24
4219,Ethan,Prins,+31600004219,ethan.prins4219@example.com,Tilburg,2021-02-22
4220,Ethan,Kok,+31600004220,ethan.kok4220@example.com,Eindhoven,2021-09-05
4221,Levi,Dekker,+31600004221,levi.dekker4221@example.com,Utrecht,2020-02-03
4222,Oliver,Meijer,+31600004222,oliver.meijer4222@example.com,The Hague,2023-09-16
4223,Milan,Prins,+31600004223,milan.prins4223@example.com,Nijmegen,2021-04-27
4224,Levi,Vos,+31600004224,levi.vos4224@example.com,Nijmegen,2021-03-15
4225,Noah,Jacobs,+31600004225,noah.jacobs4225@example.com,Breda,2023-12-17
4226,Oliver,De Vries,+31600004226,oliver.de vries4226@example.com,The Hague,2022-10-05
4227,Milan,Bakker,+31600004227,milan.bakker4227@example.com,Rotterdam,2020-03-15
4228,Mason,Bakker,+31600004228,mason.bakker4228@example.com,Breda,2020-03-16
4229,Lucas,Hendriks,+31600004229,lucas.hendriks4229@example.com,Tilburg,2022-07-23
4230,Lucas,Willems,+31600004230,lucas.willems4230@example.com,Tilburg,2021-10-25
4231,Eva,Meijer,+31600004231,eva.meijer4231@example.com,Almere,2024-07-06
4232,Ethan,Mulder,+31600004232,ethan.mulder4232@example.com,Almere,2022-08-04
4233,Milan,Van Dijk,+31600004233,milan.van dijk4233@example.com,Utrecht,2021-10-03
4234,Lotte,Jansen,+31600004234,lotte.jansen4234@example.com,Almere,2023-01-08
4235,Mason,Visser,+31600004235,mason.visser4235@example.com,Amsterdam,2024-02-26
4236,Lotte,De Vries,+31600004236,lotte.de vries4236@example.com,Breda,2020-12-30
4237,Milan,Mulder,+31600004237,milan.mulder4237@example.com,Breda,2020-10-03
4238,Liam,Mulder,+31600004238,liam.mulder4238@example.com,Nijmegen,2020-10-21
4239,Eva,Kuiper,+31600004239,eva.kuiper4239@example.com,Utrecht,2020-02-25
4240,Finn,Schouten,+31600004240,finn.schouten4240@example.com,Nijmegen,2024-04-18
4241,Daan,De Boer,+31600004241,daan.de boer4241@example.com,Groningen,2020-11-22
4242,Sara,Smit,+31600004242,sara.smit4242@example.com,The Hague,2023-02-07
4243,Milan,Van Dijk,+31600004243,milan.van dijk4243@example.com,Nijmegen,2021-02-08
4244,Emma,Dekker,+31600004244,emma.dekker4244@example.com,Nijmegen,2020-01-15
4245,Sophia,De Vries,+31600004245,sophia.de vries4245@example.com,Nijmegen,2022-09-09
4246,Finn,Prins,+31600004246,finn.prins4246@example.com,Utrecht,2021-10-10
4247,Ethan,Visser,+31600004247,ethan.visser4247@example.com,Rotterdam,2024-05-25
4248,Finn,Meijer,+31600004248,finn.meijer4248@example.com,Utrecht,2023-03-24
4249,Ethan,Jacobs,+31600004249,ethan.jacobs4249@example.com,Rotterdam,2022-11-04
4250,Emma,Schouten,+31600004250,emma.schouten4250@example.com,Amsterdam,2022-09-30
4251,Daan,Vos,+31600004251,daan.vos4251@example.com,Breda,2022-04-22
4252,Ethan,Jacobs,+31600004252,ethan.jacobs4252@example.com,Utrecht,2021-11-04
4253,Lucas,Vos,+31600004253,lucas.vos4253@example.com,Utrecht,2020-10-27
4254,Lucas,De Boer,+31600004254,lucas.de boer4254@example.com,Tilburg,2024-02-21
4255,Finn,De Boer,+31600004255,finn.de boer4255@example.com,Tilburg,2021-05-27
4256,Eva,Van Dijk,+31600004256,eva.van dijk4256@example.com,Nijmegen,2024-05-05
4257,Sophia,De Boer,+31600004257,sophia.de boer4257@example.com,Utrecht,2022-06-10
4258,Olivia,Meijer,+31600004258,olivia.meijer4258@example.com,Groningen,2023-06-21
4259,Noah,Smit,+31600004259,noah.smit4259@example.com,The Hague,2024-10-28
4260,Lucas,Prins,+31600004260,lucas.prins4260@example.com,Eindhoven,2020-09-16
4261,Oliver,Visser,+31600004261,oliver.visser4261@example.com,Amsterdam,2021-12-28
4262,Ethan,Vos,+31600004262,ethan.vos4262@example.com,The Hague,2023-07-26
4263,Olivia,Kuiper,+31600004263,olivia.kuiper4263@example.com,Groningen,2021-01-25
4264,Noah,Jansen,+31600004264,noah.jansen4264@example.com,Eindhoven,2024-06-01
4265,Oliver,Bos,+31600004265,oliver.bos4265@example.com,The Hague,2023-09-08
4266,Lotte,Prins,+31600004266,lotte.prins4266@example.com,The Hague,2023-05-23
4267,Eva,Prins,+31600004267,eva.prins4267@example.com,Breda,2023-11-26
4268,Sara,Kuiper,+31600004268,sara.kuiper4268@example.com,Rotterdam,2021-11-18
4269,Anna,Prins,+31600004269,anna.prins4269@example.com,Nijmegen,2020-09-16
4270,Finn,Dekker,+31600004270,finn.dekker4270@example.com,Almere,2021-03-16
4271,Noah,Meijer,+31600004271,noah.meijer4271@example.com,Breda,2024-07-12
4272,Sophia,Van Dijk,+31600004272,sophia.van dijk4272@example.com,The Hague,2024-10-09
4273,Ethan,Kok,+31600004273,ethan.kok4273@example.com,Rotterdam,2021-01-27
4274,Finn,Hendriks,+31600004274,finn.hendriks4274@example.com,Groningen,2023-09-21
4275,Lotte,Jacobs,+31600004275,lotte.jacobs4275@example.com,Breda,2021-08-09
4276,Sophia,De Boer,+31600004276,sophia.de boer4276@example.com,Utrecht,2022-11-08
4277,Julia,Bakker,+31600004277,julia.bakker4277@example.com,Breda,2021-03-31
4278,Julia,Visser,+31600004278,julia.visser4278@example.com,Eindhoven,2024-07-09
4279,Eva,Van Dijk,+31600004279,eva.van dijk4279@example.com,Breda,2020-04-10
4280,Anna,Visser,+31600004280,anna.visser4280@example.com,The Hague,2023-11-22
4281,Daan,Hendriks,+31600004281,daan.hendriks4281@example.com,The Hague,2021-09-05
4282,Emma,Smit,+31600004282,emma.smit4282@example.com,Utrecht,2020-07-16
4283,Ethan,Bakker,+31600004283,ethan.bakker4283@example.com,Nijmegen,2023-01-08
4284,Nina,Willems,+31600004284,nina.willems4284@example.com,Amsterdam,2020-10-11
4285,Milan,Prins,+31600004285,milan.prins4285@example.com,Groningen,2021-08-01
4286,Liam,Bakker,+31600004286,liam.bakker4286@example.com,Utrecht,2023-05-02
4287,Levi,Meijer,+31600004287,levi.meijer4287@example.com,The Hague,2021-11-04
4288,Mason,Willems,+31600004288,mason.willems4288@example.com,Amsterdam,2022-02-27
4289,Lotte,Vos,+31600004289,lotte.vos4289@example.com,Breda,2023-07-17
4290,Sophia,De Vries,+31600004290,sophia.de vries4290@example.com,Rotterdam,2023-03-22
4291,Mila,De Vries,+31600004291,mila.de vries4291@example.com,Rotterdam,2020-02-26
4292,Oliver,Bos,+31600004292,oliver.bos4292@example.com,Nijmegen,2024-11-01
4293,Nina,De Vries,+31600004293,nina.de vries4293@example.com,Tilburg,2022-11-28
4294,Lotte,Peters,+31600004294,lotte.peters4294@example.com,Rotterdam,2023-08-04
4295,Julia,Visser,+31600004295,julia.visser4295@example.com,Amsterdam,2020-01-29
4296,Noah,De Boer,+31600004296,noah.de boer4296@example.com,Rotterdam,2020-07-08
4297,Sara,Smit,+31600004297,sara.smit4297@example.com,The Hague,2022-04-06
4298,Liam,Van Dijk,+31600004298,liam.van dijk4298@example.com,The Hague,2021-11-04
4299,Nina,Hendriks,+31600004299,nina.hendriks4299@example.com,Utrecht,2022-10-12
4300,Noah,Hendriks,+31600004300,noah.hendriks4300@example.com,Eindhoven,2024-01-13
4301,Lotte,De Vries,+31600004301,lotte.de vries4301@example.com,Utrecht,2020-06-26
4302,Oliver,Prins,+31600004302,oliver.prins4302@example.com,The Hague,2022-08-01
4303,Noah,Schouten,+31600004303,noah.schouten4303@example.com,Nijmegen,2020-03-12
4304,Lotte,Vos,+31600004304,lotte.vos4304@example.com,Utrecht,2021-11-15
4305,Oliver,Jansen,+31600004305,oliver.jansen4305@example.com,The Hague,2021-07-18
4306,Sara,Smit,+31600004306,sara.smit4306@example.com,Rotterdam,2023-12-10
4307,Oliver,Hendriks,+31600004307,oliver.hendriks4307@example.com,Tilburg,2021-04-02
4308,Ethan,Kok,+31600004308,ethan.kok4308@example.com,Groningen,2020-09-16
4309,Anna,De Vries,+31600004309,anna.de vries4309@example.com,Rotterdam,2023-05-30
4310,Oliver,Jansen,+31600004310,oliver.jansen4310@example.com,Eindhoven,2021-01-08
4311,Lotte,De Boer,+31600004311,lotte.de boer4311@example.com,Almere,2020-10-04
4312,Mason,Schouten,+31600004312,mason.schouten4312@example.com,Tilburg,2020-01-07
4313,Emma,De Boer,+31600004313,emma.de boer4313@example.com,The Hague,2020-08-23
4314,Mila,De Vries,+31600004314,mila.de vries4314@example.com,Groningen,2023-03-10
4315,Ethan,Hendriks,+31600004315,ethan.hendriks4315@example.com,Breda,2022-09-25
4316,Mason,Kok,+31600004316,mason.kok4316@example.com,Nijmegen,2022-07-22
4317,Emma,Dekker,+31600004317,emma.dekker4317@example.com,Tilburg,2022-07-30
4318,Levi,Jansen,+31600004318,levi.jansen4318@example.com,The Hague,2024-10-08
4319,Anna,Smit,+31600004319,anna.smit4319@example.com,Groningen,2022-10-24
4320,Mila,Meijer,+31600004320,mila.meijer4320@example.com,Groningen,2024-03-15
4321,Liam,Hendriks,+31600004321,liam.hendriks4321@example.com,Almere,2023-04-05
4322,Daan,Smit,+31600004322,daan.smit4322@example.com,Breda,2020-02-21
4323,Olivia,Visser,+31600004323,olivia.visser4323@example.com,Utrecht,2023-06-26
4324,Nina,Mulder,+31600004324,nina.mulder4324@example.com,Amsterdam,2021-11-19
4325,Olivia,Smit,+31600004325,olivia.smit4325@example.com,Utrecht,2023-02-08
4326,Olivia,Kuiper,+31600004326,olivia.kuiper4326@example.com,Utrecht,2023-01-05
4327,Julia,Visser,+31600004327,julia.visser4327@example.com,The Hague,2021-01-29
4328,Mila,Bakker,+31600004328,mila.bakker4328@example.com,Groningen,2023-12-13
4329,Lotte,Prins,+31600004329,lotte.prins4329@example.com,The Hague,2021-02-01
4330,Sophia,Willems,+31600004330,sophia.willems4330@example.com,Breda,2023-06-17
4331,Liam,Meijer,+31600004331,liam.meijer4331@example.com,The Hague,2022-06-23
4332,Ethan,Meijer,+31600004332,ethan.meijer4332@example.com,Amsterdam,2022-07-20
4333,Liam,Jansen,+31600004333,liam.jansen4333@example.com,Amsterdam,2022-09-14
4334,Ethan,Bos,+31600004334,ethan.bos4334@example.com,Breda,2020-04-17
4335,Olivia,Peters,+31600004335,olivia.peters4335@example.com,Utrecht,2023-11-01
4336,Lotte,Bos,+31600004336,lotte.bos4336@example.com,Eindhoven,2020-06-15
4337,Lotte,Willems,+31600004337,lotte.willems4337@example.com,Utrecht,2022-05-07
4338,Lucas,Dekker,+31600004338,lucas.dekker4338@example.com,Rotterdam,2023-06-14
4339,Sophia,Jansen,+31600004339,sophia.jansen4339@example.com,Rotterdam,2022-10-06
4340,Daan,Jansen,+31600004340,daan.jansen4340@example.com,Nijmegen,2022-03-29
4341,Lotte,De Boer,+31600004341,lotte.de boer4341@example.com,Tilburg,2020-05-11
4342,Finn,Visser,+31600004342,finn.visser4342@example.com,Almere,2020-06-18
4343,Sara,Van Dijk,+31600004343,sara.van dijk4343@example.com,Amsterdam,2021-01-30
4344,Noah,Hendriks,+31600004344,noah.hendriks4344@example.com,Utrecht,2024-11-06
4345,Levi,Meijer,+31600004345,levi.meijer4345@example.com,Amsterdam,2023-11-09
4346,Mila,Peters,+31600004346,mila.peters4346@example.com,Tilburg,2022-06-08
4347,Ethan,Van Dijk,+31600004347,ethan.van dijk4347@example.com,Utrecht,2020-07-21
4348,Milan,Hendriks,+31600004348,milan.hendriks4348@example.com,The Hague,2023-02-05
4349,Mila,Hendriks,+31600004349,mila.hendriks4349@example.com,Breda,2020-03-15
4350,Lotte,Jacobs,+31600004350,lotte.jacobs4350@example.com,Groningen,2020-08-27
4351,Noah,De Vries,+31600004351,noah.de vries4351@example.com,Groningen,2024-06-19
4352,Sophia,Bos,+31600004352,sophia.bos4352@example.com,Nijmegen,2024-04-12
4353,Levi,Visser,+31600004353,levi.visser4353@example.com,Rotterdam,2021-12-19
4354,Liam,Hendriks,+31600004354,liam.hendriks4354@example.com,Utrecht,2022-08-05
4355,Lotte,Van Dijk,+31600004355,lotte.van dijk4355@example.com,Rotterdam,2022-09-12
4356,Olivia,Kok,+31600004356,olivia.kok4356@example.com,Groningen,2024-11-07
4357,Levi,Schouten,+31600004357,levi.schouten4357@example.com,Utrecht,2020-01-09
4358,Liam,Bakker,+31600004358,liam.bakker4358@example.com,Eindhoven,2022-03-23
4359,Julia,Willems,+31600004359,julia.willems4359@example.com,Breda,2020-12-19
4360,Lotte,Peters,+31600004360,lotte.peters4360@example.com,Tilburg,2024-02-22
4361,Olivia,De Boer,+31600004361,olivia.de boer4361@example.com,Nijmegen,2024-05-06
4362,Finn,Bos,+31600004362,finn.bos4362@example.com,Rotterdam,2023-04-03
4363,Sara,Vos,+31600004363,sara.vos4363@example.com,Groningen,2021-11-27
4364,Milan,Kok,+31600004364,milan.kok4364@example.com,Tilburg,2024-07-21
4365,Finn,Smit,+31600004365,finn.smit4365@example.com,Utrecht,2024-07-28
4366,Mason,Meijer,+31600004366,mason.meijer4366@example.com,Amsterdam,2022-02-23
4367,Liam,Jacobs,+31600004367,liam.jacobs4367@example.com,Amsterdam,2020-07-23
4368,Lucas,Kuiper,+31600004368,lucas.kuiper4368@example.com,Rotterdam,2021-09-17
4369,Noah,Schouten,+31600004369,noah.schouten4369@example.com,Groningen,2023-10-27
4370,Levi,Schouten,+31600004370,levi.schouten4370@example.com,Eindhoven,2020-08-12
4371,Sara,Visser,+31600004371,sara.visser4371@example.com,Amsterdam,2022-12-23
4372,Sophia,Visser,+31600004372,sophia.visser4372@example.com,Breda,2021-11-29
4373,Ethan,Willems,+31600004373,ethan.willems4373@example.com,Rotterdam,2021-05-13
4374,Olivia,Mulder,+31600004374,olivia.mulder4374@example.com,Nijmegen,2020-05-22
4375,Anna,Kuiper,+31600004375,anna.kuiper4375@example.com,The Hague,2024-10-03
4376,Anna,Prins,+31600004376,anna.prins4376@example.com,The Hague,2024-03-04
4377,Emma,Peters,+31600004377,emma.peters4377@example.com,Breda,2024-08-30
4378,Sophia,Schouten,+31600004378,sophia.schouten4378@example.com,Tilburg,2021-03-29
4379,Julia,Meijer,+31600004379,julia.meijer4379@example.com,Amsterdam,2020-12-29
4380,Daan,Visser,+31600004380,daan.visser4380@example.com,Almere,2020-09-03
4381,Sara,Smit,+31600004381,sara.smit4381@example.com,Rotterdam,2020-02-10
4382,Lucas,Jansen,+31600004382,lucas.jansen4382@example.com,Almere,2023-08-13
4383,Mila,Jansen,+31600004383,mila.jansen4383@example.com,Almere,2022-07-03
4384,Finn,Willems,+31600004384,finn.willems4384@example.com,Almere,2021-08-08
4385,Mason,Dekker,+31600004385,mason.dekker4385@example.com,The Hague,2023-03-06
4386,Mason,Hendriks,+31600004386,mason.hendriks4386@example.com,Rotterdam,2020-03-08
4387,Sara,De Boer,+31600004387,sara.de boer4387@example.com,Rotterdam,2021-08-15
4388,Finn,Jansen,+31600004388,finn.jansen4388@example.com,Utrecht,2021-03-01
4389,Sophia,Willems,+31600004389,sophia.willems4389@example.com,Groningen,2023-09-07
4390,Olivia,Mulder,+31600004390,olivia.mulder4390@example.com,Utrecht,2024-05-06
4391,Sophia,Hendriks,+31600004391,sophia.hendriks4391@example.com,Utrecht,2023-12-11
4392,Julia,Dekker,+31600004392,julia.dekker4392@example.com,Nijmegen,2024-01-26
4393,Mason,Dekker,+31600004393,mason.dekker4393@example.com,Breda,2024-07-14
4394,Ethan,Peters,+31600004394,ethan.peters4394@example.com,Rotterdam,2021-10-23
4395,Anna,De Vries,+31600004395,anna.de vries4395@example.com,The Hague,2021-06-05
4396,Lucas,Smit,+31600004396,lucas.smit4396@example.com,Nijmegen,2024-05-20
4397,Milan,Hendriks,+31600004397,milan.hendriks4397@example.com,Amsterdam,2022-06-24
4398,Lucas,Schouten,+31600004398,lucas.schouten4398@example.com,Nijmegen,2024-03-19
4399,Julia,De Vries,+31600004399,julia.de vries4399@example.com,Almere,2024-01-29
4400,Ethan,De Boer,+31600004400,ethan.de boer4400@example.com,Breda,2021-03-04
4401,Eva,Jansen,+31600004401,eva.jansen4401@example.com,Almere,2022-04-07
4402,Lotte,Bakker,+31600004402,lotte.bakker4402@example.com,Amsterdam,2023-09-20
4403,Ethan,Dekker,+31600004403,ethan.dekker4403@example.com,Breda,2022-01-17
4404,Lucas,De Vries,+31600004404,lucas.de vries4404@example.com,Eindhoven,2022-12-16
4405,Lucas,Schouten,+31600004405,lucas.schouten4405@example.com,The Hague,2023-08-25
4406,Anna,Vos,+31600004406,anna.vos4406@example.com,Tilburg,2023-08-16
4407,Oliver,Van Dijk,+31600004407,oliver.van dijk4407@example.com,Tilburg,2021-07-07
4408,Sara,Bakker,+31600004408,sara.bakker4408@example.com,Nijmegen,2020-08-14
4409,Olivia,Jacobs,+31600004409,olivia.jacobs4409@example.com,Groningen,2021-10-30
4410,Finn,Jacobs,+31600004410,finn.jacobs4410@example.com,Rotterdam,2022-08-19
4411,Milan,Vos,+31600004411,milan.vos4411@example.com,Amsterdam,2023-08-28
4412,Emma,Prins,+31600004412,emma.prins4412@example.com,Amsterdam,2023-04-24
4413,Olivia,De Vries,+31600004413,olivia.de vries4413@example.com,Nijmegen,2024-06-13
4414,Anna,Jacobs,+31600004414,anna.jacobs4414@example.com,Almere,2020-10-09
4415,Liam,Willems,+31600004415,liam.willems4415@example.com,The Hague,2021-10-05
4416,Oliver,Bos,+31600004416,oliver.bos4416@example.com,Utrecht,2023-08-06
4417,Nina,Meijer,+31600004417,nina.meijer4417@example.com,Groningen,2023-04-25
4418,Ethan,De Vries,+31600004418,ethan.de vries4418@example.com,The Hague,2023-05-01
4419,Sophia,Smit,+31600004419,sophia.smit4419@example.com,Tilburg,2022-03-11
4420,Sophia,Dekker,+31600004420,sophia.dekker4420@example.com,Eindhoven,2023-07-03
4421,Eva,Kuiper,+31600004421,eva.kuiper4421@example.com,Eindhoven,2022-03-14
4422,Noah,Jacobs,+31600004422,noah.jacobs4422@example.com,Almere,2021-12-14
4423,Mila,Bakker,+31600004423,mila.bakker4423@example.com,Rotterdam,2023-09-03
4424,Lucas,Dekker,+31600004424,lucas.dekker4424@example.com,Breda,2024-09-23
4425,Eva,Kok,+31600004425,eva.kok4425@example.com,The Hague,2021-01-18
4426,Daan,Jacobs,+31600004426,daan.jacobs4426@example.com,Nijmegen,2022-04-04
4427,Nina,Visser,+31600004427,nina.visser4427@example.com,Rotterdam,2023-11-16
4428,Daan,Smit,+31600004428,daan.smit4428@example.com,Breda,2023-07-17
4429,Finn,Kuiper,+31600004429,finn.kuiper4429@example.com,Breda,2020-02-13
4430,Ethan,Prins,+31600004430,ethan.prins4430@example.com,Nijmegen,2022-11-17
4431,Oliver,Jacobs,+31600004431,oliver.jacobs4431@example.com,Groningen,2024-07-12
4432,Sara,Kok,+31600004432,sara.kok4432@example.com,Eindhoven,2020-12-27
4433,Daan,Prins,+31600004433,daan.prins4433@example.com,Almere,2020-04-23
4434,Lotte,Dekker,+31600004434,lotte.dekker4434@example.com,Eindhoven,2022-02-27
4435,Sara,De Vries,+31600004435,sara.de vries4435@example.com,Almere,2023-12-27
4436,Oliver,Jansen,+31600004436,oliver.jansen4436@example.com,Nijmegen,2023-11-20
4437,Emma,Prins,+31600004437,emma.prins4437@example.com,Almere,2020-03-05
4438,Finn,De Vries,+31600004438,finn.de vries4438@example.com,The Hague,2022-12-24
4439,Lotte,Hendriks,+31600004439,lotte.hendriks4439@example.com,Amsterdam,2024-08-04
4440,Mila,Jansen,+31600004440,mila.jansen4440@example.com,Rotterdam,2021-09-04
4441,Sophia,Smit,+31600004441,sophia.smit4441@example.com,Groningen,2022-02-03
4442,Finn,Dekker,+31600004442,finn.dekker4442@example.com,Groningen,2022-03-06
4443,Lucas,Jacobs,+31600004443,lucas.jacobs4443@example.com,Groningen,2021-07-02
4444,Noah,Hendriks,+31600004444,noah.hendriks4444@example.com,Breda,2023-07-13
4445,Anna,Willems,+31600004445,anna.willems4445@example.com,Rotterdam,2022-04-01
4446,Nina,Willems,+31600004446,nina.willems4446@example.com,Almere,2021-09-20
4447,Olivia,Visser,+31600004447,olivia.visser4447@example.com,The Hague,2022-02-03
4448,Olivia,Vos,+31600004448,olivia.vos4448@example.com,Breda,2023-07-23
4449,Anna,Jacobs,+31600004449,anna.jacobs4449@example.com,The Hague,2023-12-05
4450,Mila,Vos,+31600004450,mila.vos4450@example.com,The Hague,2021-04-11
4451,Oliver,De Vries,+31600004451,oliver.de vries4451@example.com,Utrecht,2024-07-03
4452,Levi,Hendriks,+31600004452,levi.hendriks4452@example.com,Almere,2023-07-05
4453,Sara,Visser,+31600004453,sara.visser4453@example.com,Utrecht,2023-05-10
4454,Liam,Van Dijk,+31600004454,liam.van dijk4454@example.com,Groningen,2024-01-17
4455,Lotte,Visser,+31600004455,lotte.visser4455@example.com,Amsterdam,2024-07-10
4456,Levi,Schouten,+31600004456,levi.schouten4456@example.com,Almere,2021-06-26
4457,Julia,Kuiper,+31600004457,julia.kuiper4457@example.com,Breda,2021-01-11
4458,Olivia,De Vries,+31600004458,olivia.de vries4458@example.com,Amsterdam,2024-07-01
4459,Noah,Mulder,+31600004459,noah.mulder4459@example.com,Groningen,2020-06-03
4460,Sophia,Hendriks,+31600004460,sophia.hendriks4460@example.com,Rotterdam,2023-04-24
4461,Sara,Van Dijk,+31600004461,sara.van dijk4461@example.com,Almere,2023-03-09
4462,Eva,Schouten,+31600004462,eva.schouten4462@example.com,Groningen,2024-10-01
4463,Levi,Kok,+31600004463,levi.kok4463@example.com,Nijmegen,2020-01-27
4464,Olivia,Peters,+31600004464,olivia.peters4464@example.com,Utrecht,2023-09-27
4465,Mila,Hendriks,+31600004465,mila.hendriks4465@example.com,Utrecht,2023-05-19
4466,Milan,Kok,+31600004466,milan.kok4466@example.com,Rotterdam,2020-06-17
4467,Levi,Dekker,+31600004467,levi.dekker4467@example.com,Almere,2020-04-22
4468,Lucas,Bakker,+31600004468,lucas.bakker4468@example.com,Groningen,2022-06-22
4469,Noah,Bos,+31600004469,noah.bos4469@example.com,Eindhoven,2024-07-19
4470,Finn,Van Dijk,+31600004470,finn.van dijk4470@example.com,Almere,2023-02-24
4471,Lotte,Hendriks,+31600004471,lotte.hendriks4471@example.com,Utrecht,2021-08-05
4472,Lotte,Bakker,+31600004472,lotte.bakker4472@example.com,Breda,2020-10-30
4473,Nina,Prins,+31600004473,nina.prins4473@example.com,Eindhoven,2023-06-16
4474,Sara,Prins,+31600004474,sara.prins4474@example.com,Rotterdam,2020-12-06
4475,Lucas,Dekker,+31600004475,lucas.dekker4475@example.com,The Hague,2022-05-20
4476,Nina,Kuiper,+31600004476,nina.kuiper4476@example.com,Eindhoven,2020-05-12
4477,Sophia,Meijer,+31600004477,sophia.meijer4477@example.com,Amsterdam,2020-05-27
4478,Daan,Dekker,+31600004478,daan.dekker4478@example.com,Nijmegen,2021-01-17
4479,Emma,Bakker,+31600004479,emma.bakker4479@example.com,Nijmegen,2023-10-27
4480,Daan,Bakker,+31600004480,daan.bakker4480@example.com,Nijmegen,2023-07-10
4481,Liam,Smit,+31600004481,liam.smit4481@example.com,Rotterdam,2024-02-20
4482,Sara,Van Dijk,+31600004482,sara.van dijk4482@example.com,Tilburg,2020-02-08
4483,Julia,Schouten,+31600004483,julia.schouten4483@example.com,Utrecht,2021-02-06
4484,Liam,Schouten,+31600004484,liam.schouten4484@example.com,The Hague,2024-08-11
4485,Milan,Willems,+31600004485,milan.willems4485@example.com,Rotterdam,2022-04-27
4486,Julia,Schouten,+31600004486,julia.schouten4486@example.com,Groningen,2020-09-10
4487,Liam,Schouten,+31600004487,liam.schouten4487@example.com,Tilburg,2020-10-18
4488,Ethan,Smit,+31600004488,ethan.smit4488@example.com,Utrecht,2021-06-06
4489,Sophia,Meijer,+31600004489,sophia.meijer4489@example.com,Amsterdam,2022-01-12
4490,Oliver,Dekker,+31600004490,oliver.dekker4490@example.com,Eindhoven,2020-11-15
4491,Lotte,Jansen,+31600004491,lotte.jansen4491@example.com,Groningen,2024-05-31
4492,Eva,Meijer,+31600004492,eva.meijer4492@example.com,Nijmegen,2020-07-24
4493,Nina,Mulder,+31600004493,nina.mulder4493@example.com,Nijmegen,2020-07-30
4494,Julia,Bakker,+31600004494,julia.bakker4494@example.com,Amsterdam,2021-01-31
4495,Nina,Smit,+31600004495,nina.smit4495@example.com,Almere,2021-04-29
4496,Julia,Prins,+31600004496,julia.prins4496@example.com,Amsterdam,2022-07-16
4497,Noah,Jansen,+31600004497,noah.jansen4497@example.com,Nijmegen,2024-02-23
4498,Daan,Dekker,+31600004498,daan.dekker4498@example.com,Eindhoven,2020-07-16
4499,Sophia,Meijer,+31600004499,sophia.meijer4499@example.com,Breda,2020-07-25
4500,Lotte,Schouten,+31600004500,lotte.schouten4500@example.com,Utrecht,2023-05-30
4501,Mason,Dekker,+31600004501,mason.dekker4501@example.com,The Hague,2024-10-12
4502,Levi,Hendriks,+31600004502,levi.hendriks4502@example.com,Nijmegen,2022-03-26
4503,Emma,Visser,+31600004503,emma.visser4503@example.com,Groningen,2024-07-18
4504,Ethan,Jansen,+31600004504,ethan.jansen4504@example.com,Eindhoven,2021-04-08
4505,Emma,Kok,+31600004505,emma.kok4505@example.com,Rotterdam,2020-05-13
4506,Liam,De Vries,+31600004506,liam.de vries4506@example.com,Nijmegen,2022-01-18
4507,Oliver,De Boer,+31600004507,oliver.de boer4507@example.com,The Hague,2021-04-04
4508,Lotte,Meijer,+31600004508,lotte.meijer4508@example.com,Amsterdam,2021-06-30
4509,Oliver,Visser,+31600004509,oliver.visser4509@example.com,Rotterdam,2024-03-25
4510,Julia,Van Dijk,+31600004510,julia.van dijk4510@example.com,Rotterdam,2021-12-24
4511,Daan,Bakker,+31600004511,daan.bakker4511@example.com,Nijmegen,2024-01-02
4512,Oliver,Kuiper,+31600004512,oliver.kuiper4512@example.com,Rotterdam,2021-09-01
4513,Sophia,Bakker,+31600004513,sophia.bakker4513@example.com,Almere,2022-06-10
4514,Ethan,De Boer,+31600004514,ethan.de boer4514@example.com,Nijmegen,2020-05-09
4515,Levi,Vos,+31600004515,levi.vos4515@example.com,Nijmegen,2022-03-17
4516,Anna,De Vries,+31600004516,anna.de vries4516@example.com,The Hague,2023-08-13
4517,Sara,Dekker,+31600004517,sara.dekker4517@example.com,Utrecht,2022-06-11
4518,Lucas,Willems,+31600004518,lucas.willems4518@example.com,Nijmegen,2024-05-31
4519,Anna,Hendriks,+31600004519,anna.hendriks4519@example.com,Amsterdam,2023-11-25
4520,Daan,Van Dijk,+31600004520,daan.van dijk4520@example.com,Almere,2020-04-10
4521,Sara,Schouten,+31600004521,sara.schouten4521@example.com,Tilburg,2020-06-27
4522,Julia,Kok,+31600004522,julia.kok4522@example.com,Tilburg,2021-09-19
4523,Olivia,Jacobs,+31600004523,olivia.jacobs4523@example.com,Nijmegen,2022-07-20
4524,Lucas,Bakker,+31600004524,lucas.bakker4524@example.com,Utrecht,2021-12-22
4525,Lucas,De Boer,+31600004525,lucas.de boer4525@example.com,Rotterdam,2024-07-23
4526,Ethan,Dekker,+31600004526,ethan.dekker4526@example.com,Almere,2021-09-27
4527,Noah,Jansen,+31600004527,noah.jansen4527@example.com,Rotterdam,2024-07-05
4528,Sara,Schouten,+31600004528,sara.schouten4528@example.com,Utrecht,2023-04-25
4529,Eva,Jacobs,+31600004529,eva.jacobs4529@example.com,Rotterdam,2020-02-17
4530,Lotte,Bos,+31600004530,lotte.bos4530@example.com,Nijmegen,2021-03-14
4531,Emma,Dekker,+31600004531,emma.dekker4531@example.com,Almere,2023-11-10
4532,Julia,Mulder,+31600004532,julia.mulder4532@example.com,Groningen,2020-11-15
4533,Oliver,Bos,+31600004533,oliver.bos4533@example.com,Tilburg,2023-09-07
4534,Mason,Prins,+31600004534,mason.prins4534@example.com,Nijmegen,2022-01-12
4535,Noah,Hendriks,+31600004535,noah.hendriks4535@example.com,Groningen,2020-04-26
4536,Julia,Schouten,+31600004536,julia.schouten4536@example.com,Almere,2022-08-26
4537,Julia,Peters,+31600004537,julia.peters4537@example.com,Utrecht,2024-07-19
4538,Mason,Jacobs,+31600004538,mason.jacobs4538@example.com,Nijmegen,2024-03-30
4539,Levi,De Vries,+31600004539,levi.de vries4539@example.com,Eindhoven,2020-01-17
4540,Sophia,Visser,+31600004540,sophia.visser4540@example.com,Amsterdam,2024-02-20
4541,Olivia,Jansen,+31600004541,olivia.jansen4541@example.com,Tilburg,2020-04-03
4542,Daan,De Boer,+31600004542,daan.de boer4542@example.com,Tilburg,2023-08-19
4543,Lucas,De Boer,+31600004543,lucas.de boer4543@example.com,Groningen,2023-03-10
4544,Milan,Prins,+31600004544,milan.prins4544@example.com,Almere,2021-12-01
4545,Finn,Peters,+31600004545,finn.peters4545@example.com,Almere,2022-01-01
4546,Milan,Willems,+31600004546,milan.willems4546@example.com,Eindhoven,2021-05-26
4547,Lotte,Jansen,+31600004547,lotte.jansen4547@example.com,The Hague,2022-02-16
4548,Oliver,Van Dijk,+31600004548,oliver.van dijk4548@example.com,Rotterdam,2023-05-14
4549,Mila,Van Dijk,+31600004549,mila.van dijk4549@example.com,Groningen,2024-09-26
4550,Emma,Bos,+31600004550,emma.bos4550@example.com,Tilburg,2021-01-15
4551,Levi,Smit,+31600004551,levi.smit4551@example.com,Eindhoven,2021-12-08
4552,Sophia,Kok,+31600004552,sophia.kok4552@example.com,Utrecht,2022-09-11
4553,Oliver,Meijer,+31600004553,oliver.meijer4553@example.com,Nijmegen,2021-04-09
4554,Sara,Vos,+31600004554,sara.vos4554@example.com,Rotterdam,2024-09-10
4555,Ethan,Van Dijk,+31600004555,ethan.van dijk4555@example.com,Nijmegen,2021-10-21
4556,Lucas,Schouten,+31600004556,lucas.schouten4556@example.com,Rotterdam,2020-05-04
4557,Sara,Bakker,+31600004557,sara.bakker4557@example.com,Almere,2022-01-24
4558,Lucas,Vos,+31600004558,lucas.vos4558@example.com,The Hague,2024-03-09
4559,Noah,Schouten,+31600004559,noah.schouten4559@example.com,Nijmegen,2024-05-28
4560,Eva,Kok,+31600004560,eva.kok4560@example.com,Almere,2022-02-13
4561,Daan,Mulder,+31600004561,daan.mulder4561@example.com,Utrecht,2024-03-18
4562,Levi,Kok,+31600004562,levi.kok4562@example.com,Tilburg,2024-06-01
4563,Julia,Jacobs,+31600004563,julia.jacobs4563@example.com,Almere,2023-07-06
4564,Milan,Willems,+31600004564,milan.willems4564@example.com,Breda,2023-11-11
4565,Liam,Van Dijk,+31600004565,liam.van dijk4565@example.com,Tilburg,2021-09-19
4566,Mila,Jacobs,+31600004566,mila.jacobs4566@example.com,Rotterdam,2020-03-22
4567,Emma,De Vries,+31600004567,emma.de vries4567@example.com,Tilburg,2021-01-04
4568,Finn,Bakker,+31600004568,finn.bakker4568@example.com,Amsterdam,2021-01-02
4569,Lotte,Vos,+31600004569,lotte.vos4569@example.com,Tilburg,2020-07-12
4570,Nina,Jacobs,+31600004570,nina.jacobs4570@example.com,The Hague,2024-04-10
4571,Mason,Jansen,+31600004571,mason.jansen4571@example.com,Breda,2021-06-26
4572,Finn,Schouten,+31600004572,finn.schouten4572@example.com,Nijmegen,2021-02-27
4573,Mila,Dekker,+31600004573,mila.dekker4573@example.com,Breda,2024-01-27
4574,Lotte,Kuiper,+31600004574,lotte.kuiper4574@example.com,Tilburg,2020-04-26
4575,Mason,Visser,+31600004575,mason.visser4575@example.com,The Hague,2020-05-19
4576,Anna,Hendriks,+31600004576,anna.hendriks4576@example.com,The Hague,2021-11-25
4577,Milan,Hendriks,+31600004577,milan.hendriks4577@example.com,Almere,2021-05-24
4578,Anna,Smit,+31600004578,anna.smit4578@example.com,Almere,2022-09-18
4579,Julia,Hendriks,+31600004579,julia.hendriks4579@example.com,Nijmegen,2024-06-27
4580,Oliver,Van Dijk,+31600004580,oliver.van dijk4580@example.com,Tilburg,2020-01-21
4581,Sophia,Visser,+31600004581,sophia.visser4581@example.com,Tilburg,2020-04-22
4582,Noah,Hendriks,+31600004582,noah.hendriks4582@example.com,Groningen,2024-02-09
4583,Sophia,Meijer,+31600004583,sophia.meijer4583@example.com,Rotterdam,2023-04-30
4584,Sara,De Boer,+31600004584,sara.de boer4584@example.com,Almere,2023-09-27
4585,Nina,Meijer,+31600004585,nina.meijer4585@example.com,Groningen,2021-07-09
4586,Ethan,Visser,+31600004586,ethan.visser4586@example.com,Groningen,2020-05-24
4587,Milan,Jansen,+31600004587,milan.jansen4587@example.com,Groningen,2021-03-15
4588,Sophia,Van Dijk,+31600004588,sophia.van dijk4588@example.com,Eindhoven,2024-02-15
4589,Ethan,Dekker,+31600004589,ethan.dekker4589@example.com,Nijmegen,2020-06-20
4590,Lucas,Visser,+31600004590,lucas.visser4590@example.com,Tilburg,2023-08-20
4591,Emma,Willems,+31600004591,emma.willems4591@example.com,Rotterdam,2024-11-18
4592,Ethan,Hendriks,+31600004592,ethan.hendriks4592@example.com,Breda,2021-10-28
4593,Ethan,De Boer,+31600004593,ethan.de boer4593@example.com,Tilburg,2021-11-29
4594,Nina,Mulder,+31600004594,nina.mulder4594@example.com,Utrecht,2020-10-05
4595,Levi,Hendriks,+31600004595,levi.hendriks4595@example.com,The Hague,2022-01-20
4596,Nina,De Vries,+31600004596,nina.de vries4596@example.com,Eindhoven,2022-03-31
4597,Oliver,Kok,+31600004597,oliver.kok4597@example.com,Rotterdam,2022-06-15
4598,Lucas,Smit,+31600004598,lucas.smit4598@example.com,The Hague,2021-12-07
4599,Milan,Hendriks,+31600004599,milan.hendriks4599@example.com,Utrecht,2021-01-09
4600,Finn,Jacobs,+31600004600,finn.jacobs4600@example.com,Eindhoven,2024-11-02
4601,Levi,Hendriks,+31600004601,levi.hendriks4601@example.com,The Hague,2020-08-11
4602,Eva,De Vries,+31600004602,eva.de vries4602@example.com,Breda,2024-09-11
4603,Emma,De Boer,+31600004603,emma.de boer4603@example.com,Almere,2021-07-17
4604,Eva,Willems,+31600004604,eva.willems4604@example.com,Almere,2021-07-05
4605,Emma,Bakker,+31600004605,emma.bakker4605@example.com,Nijmegen,2021-09-13
4606,Nina,Hendriks,+31600004606,nina.hendriks4606@example.com,Groningen,2020-08-05
4607,Liam,Bakker,+31600004607,liam.bakker4607@example.com,Groningen,2021-03-11
4608,Eva,Dekker,+31600004608,eva.dekker4608@example.com,Groningen,2023-02-11
4609,Milan,Jacobs,+31600004609,milan.jacobs4609@example.com,Almere,2024-07-13
4610,Sara,Prins,+31600004610,sara.prins4610@example.com,Tilburg,2022-08-23
4611,Lotte,Visser,+31600004611,lotte.visser4611@example.com,The Hague,2024-05-06
4612,Nina,Smit,+31600004612,nina.smit4612@example.com,Almere,2020-10-28
4613,Nina,Bos,+31600004613,nina.bos4613@example.com,The Hague,2022-09-27
4614,Ethan,Kuiper,+31600004614,ethan.kuiper4614@example.com,Tilburg,2022-06-15
4615,Anna,Mulder,+31600004615,anna.mulder4615@example.com,The Hague,2022-05-09
4616,Lotte,Bakker,+31600004616,lotte.bakker4616@example.com,Groningen,2021-03-11
4617,Ethan,Kuiper,+31600004617,ethan.kuiper4617@example.com,Breda,2022-03-27
4618,Sophia,Visser,+31600004618,sophia.visser4618@example.com,Amsterdam,2023-03-06
4619,Nina,De Boer,+31600004619,nina.de boer4619@example.com,The Hague,2020-02-04
4620,Nina,Bos,+31600004620,nina.bos4620@example.com,Nijmegen,2023-01-08
4621,Mila,Peters,+31600004621,mila.peters4621@example.com,The Hague,2023-06-14
4622,Sophia,Jansen,+31600004622,sophia.jansen4622@example.com,Breda,2021-08-10
4623,Milan,Jacobs,+31600004623,milan.jacobs4623@example.com,Utrecht,2024-06-12
4624,Finn,Peters,+31600004624,finn.peters4624@example.com,Eindhoven,2023-07-07
4625,Daan,De Boer,+31600004625,daan.de boer4625@example.com,Amsterdam,2024-06-30
4626,Lucas,Mulder,+31600004626,lucas.mulder4626@example.com,The Hague,2024-07-29
4627,Oliver,Schouten,+31600004627,oliver.schouten4627@example.com,The Hague,2021-04-06
4628,Finn,Kuiper,+31600004628,finn.kuiper4628@example.com,Utrecht,2024-03-16
4629,Mila,Dekker,+31600004629,mila.dekker4629@example.com,Rotterdam,2021-06-15
4630,Lucas,Van Dijk,+31600004630,lucas.van dijk4630@example.com,Tilburg,2021-04-18
4631,Milan,Kok,+31600004631,milan.kok4631@example.com,Eindhoven,2023-02-19
4632,Liam,Hendriks,+31600004632,liam.hendriks4632@example.com,The Hague,2024-05-05
4633,Lotte,Kuiper,+31600004633,lotte.kuiper4633@example.com,Tilburg,2022-11-30
4634,Lucas,Bakker,+31600004634,lucas.bakker4634@example.com,Nijmegen,2020-08-16
4635,Oliver,Jansen,+31600004635,oliver.jansen4635@example.com,Nijmegen,2022-06-27
4636,Lucas,Hendriks,+31600004636,lucas.hendriks4636@example.com,Breda,2021-11-01
4637,Julia,Bos,+31600004637,julia.bos4637@example.com,Amsterdam,2023-07-11
4638,Nina,De Boer,+31600004638,nina.de boer4638@example.com,The Hague,2020-10-06
4639,Eva,Mulder,+31600004639,eva.mulder4639@example.com,The Hague,2022-01-03
4640,Sophia,Schouten,+31600004640,sophia.schouten4640@example.com,Amsterdam,2022-02-20
4641,Sophia,Mulder,+31600004641,sophia.mulder4641@example.com,Nijmegen,2023-05-14
4642,Lotte,Willems,+31600004642,lotte.willems4642@example.com,The Hague,2020-11-20
4643,Julia,Dekker,+31600004643,julia.dekker4643@example.com,Eindhoven,2022-01-03
4644,Mason,Prins,+31600004644,mason.prins4644@example.com,Groningen,2021-01-26
4645,Noah,De Boer,+31600004645,noah.de boer4645@example.com,Rotterdam,2021-02-17
4646,Lotte,Kok,+31600004646,lotte.kok4646@example.com,Utrecht,2020-04-08
4647,Finn,Vos,+31600004647,finn.vos4647@example.com,Amsterdam,2022-09-25
4648,Anna,Dekker,+31600004648,anna.dekker4648@example.com,Nijmegen,2023-11-19
4649,Levi,Kok,+31600004649,levi.kok4649@example.com,Almere,2023-12-20
4650,Milan,De Vries,+31600004650,milan.de vries4650@example.com,Nijmegen,2024-06-13
4651,Anna,Schouten,+31600004651,anna.schouten4651@example.com,The Hague,2024-04-03
4652,Milan,Smit,+31600004652,milan.smit4652@example.com,Rotterdam,2021-03-31
4653,Mason,Schouten,+31600004653,mason.schouten4653@example.com,Tilburg,2020-09-16
4654,Nina,Kok,+31600004654,nina.kok4654@example.com,Rotterdam,2022-02-07
4655,Ethan,Bakker,+31600004655,ethan.bakker4655@example.com,Rotterdam,2023-02-19
4656,Oliver,Prins,+31600004656,oliver.prins4656@example.com,Eindhoven,2021-04-01
4657,Finn,Jansen,+31600004657,finn.jansen4657@example.com,Breda,2021-10-11
4658,Eva,Kok,+31600004658,eva.kok4658@example.com,Groningen,2023-09-02
4659,Olivia,Smit,+31600004659,olivia.smit4659@example.com,Rotterdam,2024-10-23
4660,Levi,Visser,+31600004660,levi.visser4660@example.com,Breda,2020-02-04
4661,Levi,Van Dijk,+31600004661,levi.van dijk4661@example.com,Nijmegen,2022-07-02
4662,Sara,Hendriks,+31600004662,sara.hendriks4662@example.com,Rotterdam,2022-11-22
4663,Mason,Jansen,+31600004663,mason.jansen4663@example.com,Utrecht,2024-07-04
4664,Mila,Vos,+31600004664,mila.vos4664@example.com,The Hague,2021-09-30
4665,Sara,Dekker,+31600004665,sara.dekker4665@example.com,Nijmegen,2022-04-25
4666,Nina,Kuiper,+31600004666,nina.kuiper4666@example.com,Rotterdam,2020-07-22
4667,Oliver,Jansen,+31600004667,oliver.jansen4667@example.com,Nijmegen,2021-08-09
4668,Milan,Vos,+31600004668,milan.vos4668@example.com,Rotterdam,2022-11-19
4669,Nina,Smit,+31600004669,nina.smit4669@example.com,Groningen,2024-08-24
4670,Anna,Kuiper,+31600004670,anna.kuiper4670@example.com,Rotterdam,2022-11-10
4671,Sara,Bos,+31600004671,sara.bos4671@example.com,Utrecht,2021-07-19
4672,Nina,Bos,+31600004672,nina.bos4672@example.com,Breda,2021-03-26
4673,Anna,Kok,+31600004673,anna.kok4673@example.com,Rotterdam,2020-04-15
4674,Finn,Bos,+31600004674,finn.bos4674@example.com,Amsterdam,2021-10-12
4675,Sara,Jacobs,+31600004675,sara.jacobs4675@example.com,Breda,2020-09-27
4676,Sara,Jacobs,+31600004676,sara.jacobs4676@example.com,Eindhoven,2021-10-02
4677,Finn,De Boer,+31600004677,finn.de boer4677@example.com,Eindhoven,2021-12-18
4678,Finn,Kok,+31600004678,finn.kok4678@example.com,Almere,2023-06-02
4679,Julia,Van Dijk,+31600004679,julia.van dijk4679@example.com,Eindhoven,2021-06-17
4680,Julia,Meijer,+31600004680,julia.meijer4680@example.com,Breda,2023-10-07
4681,Olivia,Smit,+31600004681,olivia.smit4681@example.com,Almere,2020-04-01
4682,Julia,De Vries,+31600004682,julia.de vries4682@example.com,Eindhoven,2023-08-12
4683,Sara,Visser,+31600004683,sara.visser4683@example.com,Breda,2021-03-27
4684,Levi,De Boer,+31600004684,levi.de boer4684@example.com,The Hague,2020-10-02
4685,Mason,Mulder,+31600004685,mason.mulder4685@example.com,Nijmegen,2023-02-25
4686,Julia,Willems,+31600004686,julia.willems4686@example.com,Breda,2021-11-28
4687,Milan,Vos,+31600004687,milan.vos4687@example.com,Rotterdam,2024-12-05
4688,Finn,Kuiper,+31600004688,finn.kuiper4688@example.com,The Hague,2023-12-17
4689,Anna,Peters,+31600004689,anna.peters4689@example.com,Tilburg,2021-07-09
4690,Anna,Kok,+31600004690,anna.kok4690@example.com,Breda,2021-08-16
4691,Levi,Prins,+31600004691,levi.prins4691@example.com,Nijmegen,2023-05-11
4692,Noah,Hendriks,+31600004692,noah.hendriks4692@example.com,Breda,2020-10-18
4693,Emma,Hendriks,+31600004693,emma.hendriks4693@example.com,Nijmegen,2022-07-04
4694,Ethan,Kok,+31600004694,ethan.kok4694@example.com,Almere,2022-08-31
4695,Eva,Prins,+31600004695,eva.prins4695@example.com,Breda,2022-04-06
4696,Ethan,Meijer,+31600004696,ethan.meijer4696@example.com,Nijmegen,2024-01-31
4697,Ethan,Willems,+31600004697,ethan.willems4697@example.com,Rotterdam,2020-01-05
4698,Liam,Peters,+31600004698,liam.peters4698@example.com,Utrecht,2023-03-26
4699,Ethan,Schouten,+31600004699,ethan.schouten4699@example.com,Groningen,2022-04-16
4700,Lotte,Bos,+31600004700,lotte.bos4700@example.com,Amsterdam,2022-05-18
4701,Sara,Van Dijk,+31600004701,sara.van dijk4701@example.com,Almere,2021-11-19
4702,Olivia,Van Dijk,+31600004702,olivia.van dijk4702@example.com,Almere,2024-01-17
4703,Mason,Smit,+31600004703,mason.smit4703@example.com,Eindhoven,2021-12-15
4704,Olivia,Mulder,+31600004704,olivia.mulder4704@example.com,Breda,2020-03-17
4705,Milan,Van Dijk,+31600004705,milan.van dijk4705@example.com,Amsterdam,2023-10-20
4706,Mason,Kok,+31600004706,mason.kok4706@example.com,Breda,2023-04-18
4707,Levi,Kuiper,+31600004707,levi.kuiper4707@example.com,Tilburg,2020-05-15
4708,Eva,Mulder,+31600004708,eva.mulder4708@example.com,Almere,2020-10-26
4709,Emma,Van Dijk,+31600004709,emma.van dijk4709@example.com,Nijmegen,2023-09-07
4710,Nina,Smit,+31600004710,nina.smit4710@example.com,Groningen,2024-04-07
4711,Sara,Willems,+31600004711,sara.willems4711@example.com,Breda,2022-01-30
4712,Noah,Van Dijk,+31600004712,noah.van dijk4712@example.com,Nijmegen,2024-05-31
4713,Oliver,Smit,+31600004713,oliver.smit4713@example.com,Groningen,2021-08-27
4714,Milan,Schouten,+31600004714,milan.schouten4714@example.com,Utrecht,2020-11-18
4715,Sophia,Jacobs,+31600004715,sophia.jacobs4715@example.com,The Hague,2024-11-02
4716,Sophia,Prins,+31600004716,sophia.prins4716@example.com,Breda,2023-06-19
4717,Julia,Peters,+31600004717,julia.peters4717@example.com,Breda,2024-08-09
4718,Mason,Schouten,+31600004718,mason.schouten4718@example.com,Tilburg,2022-11-13
4719,Ethan,Dekker,+31600004719,ethan.dekker4719@example.com,Almere,2021-06-04
4720,Eva,De Vries,+31600004720,eva.de vries4720@example.com,Utrecht,2023-10-29
4721,Sophia,De Boer,+31600004721,sophia.de boer4721@example.com,Breda,2022-11-03
4722,Oliver,Bos,+31600004722,oliver.bos4722@example.com,Rotterdam,2022-10-14
4723,Julia,Van Dijk,+31600004723,julia.van dijk4723@example.com,Utrecht,2020-06-06
4724,Liam,Visser,+31600004724,liam.visser4724@example.com,Almere,2020-02-22
4725,Emma,Smit,+31600004725,emma.smit4725@example.com,Utrecht,2021-07-23
4726,Mila,De Boer,+31600004726,mila.de boer4726@example.com,Groningen,2024-03-06
4727,Mila,Vos,+31600004727,mila.vos4727@example.com,Utrecht,2021-12-31
4728,Eva,Visser,+31600004728,eva.visser4728@example.com,The Hague,2020-05-28
4729,Anna,Bos,+31600004729,anna.bos4729@example.com,Nijmegen,2020-11-13
4730,Oliver,Schouten,+31600004730,oliver.schouten4730@example.com,Amsterdam,2024-04-02
4731,Ethan,Bos,+31600004731,ethan.bos4731@example.com,The Hague,2022-01-12
4732,Olivia,Vos,+31600004732,olivia.vos4732@example.com,Utrecht,2020-08-31
4733,Olivia,Mulder,+31600004733,olivia.mulder4733@example.com,Utrecht,2023-04-01
4734,Levi,De Boer,+31600004734,levi.de boer4734@example.com,Tilburg,2020-01-08
4735,Mila,Schouten,+31600004735,mila.schouten4735@example.com,Breda,2023-11-17
4736,Lucas,Meijer,+31600004736,lucas.meijer4736@example.com,Breda,2021-04-13
4737,Anna,Hendriks,+31600004737,anna.hendriks4737@example.com,Utrecht,2024-10-23
4738,Liam,Kuiper,+31600004738,liam.kuiper4738@example.com,Tilburg,2020-09-14
4739,Lucas,Peters,+31600004739,lucas.peters4739@example.com,The Hague,2021-07-09
4740,Nina,Smit,+31600004740,nina.smit4740@example.com,Tilburg,2021-09-01
4741,Mason,Mulder,+31600004741,mason.mulder4741@example.com,Almere,2020-09-05
4742,Mason,Meijer,+31600004742,mason.meijer4742@example.com,Rotterdam,2022-05-27
4743,Finn,Peters,+31600004743,finn.peters4743@example.com,Amsterdam,2020-08-06
4744,Noah,Schouten,+31600004744,noah.schouten4744@example.com,Eindhoven,2022-07-28
4745,Julia,Willems,+31600004745,julia.willems4745@example.com,Almere,2023-06-18
4746,Milan,Vos,+31600004746,milan.vos4746@example.com,Tilburg,2021-06-18
4747,Liam,Willems,+31600004747,liam.willems4747@example.com,Groningen,2024-09-07
4748,Lotte,Jacobs,+31600004748,lotte.jacobs4748@example.com,Eindhoven,2023-06-11
4749,Levi,Smit,+31600004749,levi.smit4749@example.com,Tilburg,2020-08-07
4750,Sophia,Jacobs,+31600004750,sophia.jacobs4750@example.com,Eindhoven,2020-02-16
4751,Eva,Hendriks,+31600004751,eva.hendriks4751@example.com,The Hague,2023-08-12
4752,Lucas,Dekker,+31600004752,lucas.dekker4752@example.com,Eindhoven,2023-08-04
4753,Levi,Peters,+31600004753,levi.peters4753@example.com,Breda,2022-01-17
4754,Julia,Van Dijk,+31600004754,julia.van dijk4754@example.com,Nijmegen,2021-09-12
4755,Nina,De Vries,+31600004755,nina.de vries4755@example.com,Breda,2021-01-02
4756,Milan,Hendriks,+31600004756,milan.hendriks4756@example.com,Almere,2022-11-21
4757,Levi,Kuiper,+31600004757,levi.kuiper4757@example.com,Breda,2020-10-21
4758,Oliver,Prins,+31600004758,oliver.prins4758@example.com,Nijmegen,2024-06-23
4759,Oliver,Peters,+31600004759,oliver.peters4759@example.com,Groningen,2023-04-07
4760,Sophia,Vos,+31600004760,sophia.vos4760@example.com,Groningen,2021-10-01
4761,Eva,Van Dijk,+31600004761,eva.van dijk4761@example.com,Breda,2023-09-12
4762,Milan,Vos,+31600004762,milan.vos4762@example.com,Utrecht,2020-06-07
4763,Ethan,Kok,+31600004763,ethan.kok4763@example.com,Groningen,2022-09-19
4764,Emma,Willems,+31600004764,emma.willems4764@example.com,Amsterdam,2022-07-19
4765,Oliver,Van Dijk,+31600004765,oliver.van dijk4765@example.com,Eindhoven,2023-01-14
4766,Sara,Smit,+31600004766,sara.smit4766@example.com,Nijmegen,2023-02-05
4767,Nina,Meijer,+31600004767,nina.meijer4767@example.com,Almere,2021-04-22
4768,Mila,Bos,+31600004768,mila.bos4768@example.com,Breda,2022-03-24
4769,Eva,Van Dijk,+31600004769,eva.van dijk4769@example.com,Eindhoven,2024-02-06
4770,Noah,Prins,+31600004770,noah.prins4770@example.com,Groningen,2021-07-11
4771,Ethan,Van Dijk,+31600004771,ethan.van dijk4771@example.com,Groningen,2023-06-19
4772,Levi,Jansen,+31600004772,levi.jansen4772@example.com,Rotterdam,2023-03-16
4773,Eva,Hendriks,+31600004773,eva.hendriks4773@example.com,Utrecht,2020-08-19
4774,Emma,Meijer,+31600004774,emma.meijer4774@example.com,The Hague,2020-01-20
4775,Mason,Meijer,+31600004775,mason.meijer4775@example.com,Utrecht,2024-10-12
4776,Liam,Mulder,+31600004776,liam.mulder4776@example.com,Rotterdam,2021-12-20
4777,Eva,Dekker,+31600004777,eva.dekker4777@example.com,Groningen,2023-01-27
4778,Sara,Hendriks,+31600004778,sara.hendriks4778@example.com,Breda,2020-07-06
4779,Julia,Schouten,+31600004779,julia.schouten4779@example.com,Tilburg,2022-11-08
4780,Oliver,Dekker,+31600004780,oliver.dekker4780@example.com,Tilburg,2022-10-23
4781,Liam,Hendriks,+31600004781,liam.hendriks4781@example.com,Rotterdam,2022-03-07
4782,Lucas,Prins,+31600004782,lucas.prins4782@example.com,Tilburg,2021-12-02
4783,Liam,Peters,+31600004783,liam.peters4783@example.com,The Hague,2020-01-09
4784,Julia,De Vries,+31600004784,julia.de vries4784@example.com,The Hague,2020-03-15
4785,Julia,Kok,+31600004785,julia.kok4785@example.com,The Hague,2024-05-05
4786,Ethan,Vos,+31600004786,ethan.vos4786@example.com,Tilburg,2024-02-28
4787,Olivia,Vos,+31600004787,olivia.vos4787@example.com,Amsterdam,2023-06-30
4788,Noah,Bos,+31600004788,noah.bos4788@example.com,Almere,2021-01-01
4789,Sara,Vos,+31600004789,sara.vos4789@example.com,Almere,2024-09-03
4790,Mason,De Boer,+31600004790,mason.de boer4790@example.com,Almere,2022-05-12
4791,Milan,Prins,+31600004791,milan.prins4791@example.com,Nijmegen,2023-04-20
4792,Mila,Bos,+31600004792,mila.bos4792@example.com,Rotterdam,2022-09-09
4793,Daan,Jansen,+31600004793,daan.jansen4793@example.com,Amsterdam,2022-09-21
4794,Sophia,Vos,+31600004794,sophia.vos4794@example.com,Tilburg,2023-08-10
4795,Daan,Visser,+31600004795,daan.visser4795@example.com,Almere,2020-05-28
4796,Noah,Van Dijk,+31600004796,noah.van dijk4796@example.com,Breda,2021-07-12
4797,Milan,Kok,+31600004797,milan.kok4797@example.com,Utrecht,2022-01-25
4798,Julia,Mulder,+31600004798,julia.mulder4798@example.com,Amsterdam,2022-06-27
4799,Sophia,Hendriks,+31600004799,sophia.hendriks4799@example.com,Groningen,2024-10-17
4800,Finn,Mulder,+31600004800,finn.mulder4800@example.com,Rotterdam,2024-10-09
4801,Finn,Visser,+31600004801,finn.visser4801@example.com,Utrecht,2023-08-13
4802,Emma,Kuiper,+31600004802,emma.kuiper4802@example.com,Utrecht,2022-05-23
4803,Daan,Smit,+31600004803,daan.smit4803@example.com,The Hague,2020-10-17
4804,Lucas,Willems,+31600004804,lucas.willems4804@example.com,Almere,2020-06-03
4805,Noah,Kuiper,+31600004805,noah.kuiper4805@example.com,Eindhoven,2023-10-25
4806,Anna,Bakker,+31600004806,anna.bakker4806@example.com,Rotterdam,2024-01-28
4807,Nina,Schouten,+31600004807,nina.schouten4807@example.com,Almere,2023-05-09
4808,Oliver,Jacobs,+31600004808,oliver.jacobs4808@example.com,Utrecht,2022-12-11
4809,Julia,Mulder,+31600004809,julia.mulder4809@example.com,Nijmegen,2023-09-05
4810,Oliver,Jacobs,+31600004810,oliver.jacobs4810@example.com,Utrecht,2023-06-02
4811,Finn,Jacobs,+31600004811,finn.jacobs4811@example.com,Breda,2021-10-20
4812,Sara,De Boer,+31600004812,sara.de boer4812@example.com,The Hague,2022-06-22
4813,Sophia,Van Dijk,+31600004813,sophia.van dijk4813@example.com,Almere,2023-11-01
4814,Julia,Bos,+31600004814,julia.bos4814@example.com,Almere,2022-04-13
4815,Anna,Dekker,+31600004815,anna.dekker4815@example.com,Rotterdam,2021-11-04
4816,Finn,De Boer,+31600004816,finn.de boer4816@example.com,Nijmegen,2023-06-08
4817,Julia,Van Dijk,+31600004817,julia.van dijk4817@example.com,Rotterdam,2021-03-30
4818,Anna,Willems,+31600004818,anna.willems4818@example.com,Eindhoven,2021-05-23
4819,Mila,Kok,+31600004819,mila.kok4819@example.com,Eindhoven,2020-08-15
4820,Lucas,Jacobs,+31600004820,lucas.jacobs4820@example.com,Nijmegen,2021-02-24
4821,Sophia,Visser,+31600004821,sophia.visser4821@example.com,The Hague,2021-05-04
4822,Lucas,Smit,+31600004822,lucas.smit4822@example.com,Groningen,2020-11-08
4823,Emma,Visser,+31600004823,emma.visser4823@example.com,Amsterdam,2021-10-15
4824,Noah,Meijer,+31600004824,noah.meijer4824@example.com,Nijmegen,2022-04-19
4825,Julia,Dekker,+31600004825,julia.dekker4825@example.com,The Hague,2023-06-06
4826,Julia,Bakker,+31600004826,julia.bakker4826@example.com,Breda,2023-04-14
4827,Olivia,Van Dijk,+31600004827,olivia.van dijk4827@example.com,Almere,2024-07-02
4828,Noah,Prins,+31600004828,noah.prins4828@example.com,Breda,2020-04-12
4829,Emma,Jansen,+31600004829,emma.jansen4829@example.com,Breda,2023-09-11
4830,Mason,De Vries,+31600004830,mason.de vries4830@example.com,Utrecht,2020-12-18
4831,Daan,Vos,+31600004831,daan.vos4831@example.com,Groningen,2022-02-20
4832,Mason,Van Dijk,+31600004832,mason.van dijk4832@example.com,Nijmegen,2021-09-15
4833,Olivia,Mulder,+31600004833,olivia.mulder4833@example.com,The Hague,2021-06-06
4834,Olivia,Jacobs,+31600004834,olivia.jacobs4834@example.com,Breda,2021-04-06
4835,Emma,Jansen,+31600004835,emma.jansen4835@example.com,Almere,2023-12-16
4836,Julia,Mulder,+31600004836,julia.mulder4836@example.com,Breda,2021-11-17
4837,Noah,De Boer,+31600004837,noah.de boer4837@example.com,Almere,2021-01-12
4838,Finn,Willems,+31600004838,finn.willems4838@example.com,Groningen,2023-01-20
4839,Julia,Jansen,+31600004839,julia.jansen4839@example.com,Nijmegen,2023-05-09
4840,Anna,Bakker,+31600004840,anna.bakker4840@example.com,Rotterdam,2023-12-25
4841,Eva,Dekker,+31600004841,eva.dekker4841@example.com,Utrecht,2023-09-18
4842,Daan,Kok,+31600004842,daan.kok4842@example.com,Rotterdam,2024-09-07
4843,Liam,Schouten,+31600004843,liam.schouten4843@example.com,Almere,2021-06-21
4844,Ethan,Van Dijk,+31600004844,ethan.van dijk4844@example.com,Utrecht,2021-01-27
4845,Nina,Van Dijk,+31600004845,nina.van dijk4845@example.com,The Hague,2023-05-15
4846,Milan,Mulder,+31600004846,milan.mulder4846@example.com,Groningen,2023-04-06
4847,Finn,Jacobs,+31600004847,finn.jacobs4847@example.com,Amsterdam,2022-12-08
4848,Oliver,Mulder,+31600004848,oliver.mulder4848@example.com,Eindhoven,2023-07-22
4928,Nina,Bos,+31600004928,nina.bos4928@example.com,Nijmegen,2021-05-01
4849,Mason,Mulder,+31600004849,mason.mulder4849@example.com,Rotterdam,2021-09-10
4850,Eva,De Boer,+31600004850,eva.de boer4850@example.com,Amsterdam,2022-01-06
4851,Nina,Smit,+31600004851,nina.smit4851@example.com,Nijmegen,2021-12-12
4852,Mila,Kuiper,+31600004852,mila.kuiper4852@example.com,Almere,2020-03-02
4853,Milan,Vos,+31600004853,milan.vos4853@example.com,Tilburg,2022-12-03
4854,Oliver,De Vries,+31600004854,oliver.de vries4854@example.com,Breda,2024-11-10
4855,Lotte,Dekker,+31600004855,lotte.dekker4855@example.com,Rotterdam,2024-05-05
4856,Lotte,De Boer,+31600004856,lotte.de boer4856@example.com,Breda,2022-10-22
4857,Sara,De Boer,+31600004857,sara.de boer4857@example.com,Amsterdam,2023-01-19
4858,Emma,De Boer,+31600004858,emma.de boer4858@example.com,Tilburg,2021-01-23
4859,Finn,Kok,+31600004859,finn.kok4859@example.com,The Hague,2021-02-07
4860,Sophia,Bakker,+31600004860,sophia.bakker4860@example.com,Eindhoven,2023-03-13
4861,Nina,Schouten,+31600004861,nina.schouten4861@example.com,Tilburg,2024-10-24
4862,Noah,Bos,+31600004862,noah.bos4862@example.com,Nijmegen,2021-05-28
4863,Finn,Vos,+31600004863,finn.vos4863@example.com,Groningen,2022-05-26
4864,Mason,Dekker,+31600004864,mason.dekker4864@example.com,Breda,2024-10-11
4865,Mason,Hendriks,+31600004865,mason.hendriks4865@example.com,Amsterdam,2024-01-13
4866,Sara,Schouten,+31600004866,sara.schouten4866@example.com,Eindhoven,2023-06-09
4867,Mason,De Vries,+31600004867,mason.de vries4867@example.com,Almere,2020-11-23
4868,Emma,Willems,+31600004868,emma.willems4868@example.com,Groningen,2022-02-25
4869,Julia,Vos,+31600004869,julia.vos4869@example.com,Almere,2023-04-18
4870,Oliver,Mulder,+31600004870,oliver.mulder4870@example.com,Tilburg,2021-07-01
4871,Lotte,Prins,+31600004871,lotte.prins4871@example.com,Nijmegen,2021-07-09
4872,Emma,Schouten,+31600004872,emma.schouten4872@example.com,Groningen,2021-08-16
4873,Julia,Mulder,+31600004873,julia.mulder4873@example.com,Eindhoven,2022-04-28
4874,Sophia,Bakker,+31600004874,sophia.bakker4874@example.com,Eindhoven,2020-11-13
4875,Eva,Kok,+31600004875,eva.kok4875@example.com,Rotterdam,2020-06-26
4876,Lucas,Visser,+31600004876,lucas.visser4876@example.com,The Hague,2021-12-20
4877,Milan,Mulder,+31600004877,milan.mulder4877@example.com,Groningen,2023-01-22
4878,Julia,Prins,+31600004878,julia.prins4878@example.com,Eindhoven,2020-08-08
4879,Noah,Smit,+31600004879,noah.smit4879@example.com,Utrecht,2023-07-16
4880,Oliver,Willems,+31600004880,oliver.willems4880@example.com,Utrecht,2024-09-03
4881,Emma,Kok,+31600004881,emma.kok4881@example.com,Groningen,2021-05-07
4882,Daan,Jacobs,+31600004882,daan.jacobs4882@example.com,Groningen,2024-09-28
4883,Oliver,Schouten,+31600004883,oliver.schouten4883@example.com,Amsterdam,2020-08-15
4884,Noah,Jansen,+31600004884,noah.jansen4884@example.com,Groningen,2020-02-08
4885,Finn,Prins,+31600004885,finn.prins4885@example.com,Utrecht,2022-01-30
4886,Mason,De Boer,+31600004886,mason.de boer4886@example.com,Almere,2024-04-03
4887,Daan,Hendriks,+31600004887,daan.hendriks4887@example.com,Amsterdam,2024-07-28
4888,Eva,Van Dijk,+31600004888,eva.van dijk4888@example.com,Tilburg,2024-01-05
4889,Julia,Mulder,+31600004889,julia.mulder4889@example.com,Nijmegen,2020-04-19
4890,Sophia,Prins,+31600004890,sophia.prins4890@example.com,Amsterdam,2020-09-27
4891,Ethan,Bos,+31600004891,ethan.bos4891@example.com,Amsterdam,2020-07-04
4892,Noah,Kuiper,+31600004892,noah.kuiper4892@example.com,Eindhoven,2024-11-25
4893,Julia,Bakker,+31600004893,julia.bakker4893@example.com,Groningen,2020-08-17
4894,Olivia,Dekker,+31600004894,olivia.dekker4894@example.com,The Hague,2020-12-19
4895,Lucas,Smit,+31600004895,lucas.smit4895@example.com,Amsterdam,2022-06-13
4896,Eva,Bos,+31600004896,eva.bos4896@example.com,Eindhoven,2022-03-20
4897,Emma,Schouten,+31600004897,emma.schouten4897@example.com,Nijmegen,2023-01-29
4898,Levi,Vos,+31600004898,levi.vos4898@example.com,Breda,2023-10-01
4899,Oliver,Hendriks,+31600004899,oliver.hendriks4899@example.com,Breda,2023-03-03
4900,Olivia,De Boer,+31600004900,olivia.de boer4900@example.com,Tilburg,2021-01-04
4901,Anna,Peters,+31600004901,anna.peters4901@example.com,Groningen,2023-12-10
4902,Milan,Meijer,+31600004902,milan.meijer4902@example.com,Nijmegen,2024-10-01
4903,Levi,Schouten,+31600004903,levi.schouten4903@example.com,Amsterdam,2023-05-22
4904,Julia,Dekker,+31600004904,julia.dekker4904@example.com,The Hague,2022-03-21
4905,Liam,De Vries,+31600004905,liam.de vries4905@example.com,Utrecht,2024-12-01
4906,Milan,De Boer,+31600004906,milan.de boer4906@example.com,The Hague,2024-05-02
4907,Ethan,Kuiper,+31600004907,ethan.kuiper4907@example.com,Rotterdam,2021-06-01
4908,Mason,Mulder,+31600004908,mason.mulder4908@example.com,Utrecht,2020-05-03
4909,Lotte,Hendriks,+31600004909,lotte.hendriks4909@example.com,Eindhoven,2022-03-08
4910,Anna,Kuiper,+31600004910,anna.kuiper4910@example.com,Breda,2023-05-09
4911,Anna,Jacobs,+31600004911,anna.jacobs4911@example.com,Utrecht,2021-04-29
4912,Julia,Kok,+31600004912,julia.kok4912@example.com,Nijmegen,2020-09-29
4913,Mason,Meijer,+31600004913,mason.meijer4913@example.com,Eindhoven,2023-02-12
4914,Lotte,Dekker,+31600004914,lotte.dekker4914@example.com,Utrecht,2024-03-16
4915,Lotte,De Vries,+31600004915,lotte.de vries4915@example.com,Groningen,2022-06-09
4916,Emma,Smit,+31600004916,emma.smit4916@example.com,Eindhoven,2024-01-30
4917,Daan,Kuiper,+31600004917,daan.kuiper4917@example.com,Eindhoven,2022-09-13
4918,Olivia,Bos,+31600004918,olivia.bos4918@example.com,Tilburg,2021-04-23
4919,Lotte,Meijer,+31600004919,lotte.meijer4919@example.com,Nijmegen,2020-09-27
4920,Julia,Kok,+31600004920,julia.kok4920@example.com,Almere,2021-07-31
4921,Liam,Vos,+31600004921,liam.vos4921@example.com,Amsterdam,2021-12-04
4922,Ethan,Kok,+31600004922,ethan.kok4922@example.com,The Hague,2023-06-10
4923,Anna,De Vries,+31600004923,anna.de vries4923@example.com,Groningen,2022-04-09
4924,Nina,Peters,+31600004924,nina.peters4924@example.com,Rotterdam,2020-03-29
4925,Oliver,Meijer,+31600004925,oliver.meijer4925@example.com,Groningen,2020-03-14
4926,Eva,Mulder,+31600004926,eva.mulder4926@example.com,The Hague,2021-08-21
4927,Levi,Kok,+31600004927,levi.kok4927@example.com,Nijmegen,2020-01-21
4929,Finn,Willems,+31600004929,finn.willems4929@example.com,Almere,2021-12-19
4930,Liam,Meijer,+31600004930,liam.meijer4930@example.com,Rotterdam,2024-02-08
4931,Emma,Dekker,+31600004931,emma.dekker4931@example.com,Almere,2024-01-31
4932,Eva,Prins,+31600004932,eva.prins4932@example.com,Tilburg,2023-08-01
4933,Anna,Willems,+31600004933,anna.willems4933@example.com,Groningen,2024-03-05
4934,Mason,Kok,+31600004934,mason.kok4934@example.com,Breda,2024-02-10
4935,Oliver,Jacobs,+31600004935,oliver.jacobs4935@example.com,Utrecht,2022-03-10
4936,Milan,Bakker,+31600004936,milan.bakker4936@example.com,Rotterdam,2023-03-12
4937,Eva,Willems,+31600004937,eva.willems4937@example.com,Almere,2021-05-21
4938,Mason,Vos,+31600004938,mason.vos4938@example.com,Utrecht,2022-02-10
4939,Milan,Dekker,+31600004939,milan.dekker4939@example.com,Breda,2020-06-18
4940,Eva,Prins,+31600004940,eva.prins4940@example.com,Groningen,2021-09-17
4941,Mila,Meijer,+31600004941,mila.meijer4941@example.com,Eindhoven,2021-12-24
4942,Eva,Kok,+31600004942,eva.kok4942@example.com,Utrecht,2024-04-05
4943,Oliver,Mulder,+31600004943,oliver.mulder4943@example.com,Groningen,2021-09-15
4944,Finn,Willems,+31600004944,finn.willems4944@example.com,Breda,2023-06-11
4945,Sophia,De Boer,+31600004945,sophia.de boer4945@example.com,Breda,2022-08-22
4946,Eva,Schouten,+31600004946,eva.schouten4946@example.com,Tilburg,2023-08-15
4947,Oliver,Vos,+31600004947,oliver.vos4947@example.com,Tilburg,2023-01-16
4948,Sophia,Hendriks,+31600004948,sophia.hendriks4948@example.com,Rotterdam,2022-05-31
4949,Olivia,Jacobs,+31600004949,olivia.jacobs4949@example.com,Almere,2020-01-07
4950,Finn,Vos,+31600004950,finn.vos4950@example.com,Eindhoven,2021-10-20
4951,Liam,De Boer,+31600004951,liam.de boer4951@example.com,Breda,2021-10-19
4952,Sophia,Meijer,+31600004952,sophia.meijer4952@example.com,Almere,2023-09-08
4953,Daan,Jacobs,+31600004953,daan.jacobs4953@example.com,Eindhoven,2020-12-21
4954,Mason,Dekker,+31600004954,mason.dekker4954@example.com,Tilburg,2021-05-27
4955,Finn,Vos,+31600004955,finn.vos4955@example.com,Almere,2020-01-23
4956,Levi,Meijer,+31600004956,levi.meijer4956@example.com,Almere,2020-05-09
4957,Mason,Schouten,+31600004957,mason.schouten4957@example.com,Amsterdam,2024-04-03
4958,Olivia,Jacobs,+31600004958,olivia.jacobs4958@example.com,Almere,2024-03-15
4959,Emma,Hendriks,+31600004959,emma.hendriks4959@example.com,Amsterdam,2024-07-22
4960,Eva,Vos,+31600004960,eva.vos4960@example.com,Rotterdam,2024-01-28
4961,Lucas,Vos,+31600004961,lucas.vos4961@example.com,Rotterdam,2021-06-30
4962,Olivia,Bos,+31600004962,olivia.bos4962@example.com,Tilburg,2023-05-15
4963,Levi,Vos,+31600004963,levi.vos4963@example.com,The Hague,2020-01-17
4964,Nina,Hendriks,+31600004964,nina.hendriks4964@example.com,Utrecht,2020-02-17
4965,Nina,Bakker,+31600004965,nina.bakker4965@example.com,Eindhoven,2020-07-29
4966,Eva,Prins,+31600004966,eva.prins4966@example.com,Utrecht,2022-03-26
4967,Levi,Kuiper,+31600004967,levi.kuiper4967@example.com,Almere,2023-11-17
4968,Sara,Smit,+31600004968,sara.smit4968@example.com,The Hague,2021-07-24
4969,Levi,Van Dijk,+31600004969,levi.van dijk4969@example.com,Almere,2022-10-25
4970,Julia,Van Dijk,+31600004970,julia.van dijk4970@example.com,Nijmegen,2024-09-01
4971,Oliver,Visser,+31600004971,oliver.visser4971@example.com,Utrecht,2024-02-25
4972,Mason,Schouten,+31600004972,mason.schouten4972@example.com,Breda,2024-08-19
4973,Finn,Dekker,+31600004973,finn.dekker4973@example.com,Amsterdam,2022-06-23
4974,Milan,De Vries,+31600004974,milan.de vries4974@example.com,Almere,2020-10-02
4975,Levi,Jacobs,+31600004975,levi.jacobs4975@example.com,Rotterdam,2023-01-29
4976,Levi,Mulder,+31600004976,levi.mulder4976@example.com,Almere,2021-08-15
4977,Nina,Vos,+31600004977,nina.vos4977@example.com,Eindhoven,2024-03-16
4978,Liam,Bakker,+31600004978,liam.bakker4978@example.com,Breda,2021-03-11
4979,Oliver,Kuiper,+31600004979,oliver.kuiper4979@example.com,Almere,2023-12-21
4980,Emma,Prins,+31600004980,emma.prins4980@example.com,Eindhoven,2020-01-10
4981,Sophia,Meijer,+31600004981,sophia.meijer4981@example.com,Almere,2023-07-03
4982,Liam,Kok,+31600004982,liam.kok4982@example.com,Eindhoven,2023-04-15
4983,Olivia,Prins,+31600004983,olivia.prins4983@example.com,Almere,2023-07-08
4984,Sophia,Kok,+31600004984,sophia.kok4984@example.com,Almere,2020-08-20
4985,Mason,Mulder,+31600004985,mason.mulder4985@example.com,Nijmegen,2024-09-16
4986,Ethan,Vos,+31600004986,ethan.vos4986@example.com,Eindhoven,2020-06-04
4987,Olivia,Jansen,+31600004987,olivia.jansen4987@example.com,The Hague,2020-05-25
4988,Anna,Mulder,+31600004988,anna.mulder4988@example.com,Tilburg,2023-10-18
4989,Nina,Hendriks,+31600004989,nina.hendriks4989@example.com,Groningen,2024-08-26
4990,Mila,Meijer,+31600004990,mila.meijer4990@example.com,Breda,2020-08-13
4991,Sara,Schouten,+31600004991,sara.schouten4991@example.com,Almere,2021-08-30
4992,Oliver,Kuiper,+31600004992,oliver.kuiper4992@example.com,Tilburg,2022-06-23
4993,Emma,Bakker,+31600004993,emma.bakker4993@example.com,Rotterdam,2024-05-26
4994,Olivia,Kuiper,+31600004994,olivia.kuiper4994@example.com,Almere,2020-05-12
4995,Milan,Schouten,+31600004995,milan.schouten4995@example.com,Utrecht,2021-06-09
4996,Ethan,Dekker,+31600004996,ethan.dekker4996@example.com,Tilburg,2020-09-24
4997,Mila,Kuiper,+31600004997,mila.kuiper4997@example.com,Breda,2024-07-11
4998,Nina,Hendriks,+31600004998,nina.hendriks4998@example.com,Almere,2020-10-18
4999,Milan,De Vries,+31600004999,milan.de vries4999@example.com,The Hague,2024-05-28
5000,Anna,Jansen,+31600005000,anna.jansen5000@example.com,Amsterdam,2024-03-01
5001,Liam,Willems,+31600005001,liam.willems5001@example.com,Nijmegen,2020-04-28
5002,Mila,Meijer,+31600005002,mila.meijer5002@example.com,The Hague,2022-05-28
5003,Emma,Kok,+31600005003,emma.kok5003@example.com,Breda,2024-10-11
5004,Noah,Meijer,+31600005004,noah.meijer5004@example.com,Rotterdam,2020-06-02
5005,Oliver,Bakker,+31600005005,oliver.bakker5005@example.com,The Hague,2023-08-23
5006,Levi,Jacobs,+31600005006,levi.jacobs5006@example.com,Amsterdam,2021-05-17
5007,Levi,Vos,+31600005007,levi.vos5007@example.com,Rotterdam,2021-11-19
5008,Sophia,Meijer,+31600005008,sophia.meijer5008@example.com,Eindhoven,2022-01-09
5009,Liam,Visser,+31600005009,liam.visser5009@example.com,Breda,2024-07-29
5010,Lotte,Prins,+31600005010,lotte.prins5010@example.com,The Hague,2020-06-09
5011,Sophia,Meijer,+31600005011,sophia.meijer5011@example.com,Eindhoven,2021-04-14
5012,Ethan,Jacobs,+31600005012,ethan.jacobs5012@example.com,Amsterdam,2021-07-16
5013,Lucas,Willems,+31600005013,lucas.willems5013@example.com,Eindhoven,2022-05-27
5014,Oliver,Prins,+31600005014,oliver.prins5014@example.com,Nijmegen,2020-06-23
5015,Nina,Smit,+31600005015,nina.smit5015@example.com,Groningen,2021-08-12
5016,Ethan,Willems,+31600005016,ethan.willems5016@example.com,Almere,2021-04-12
5017,Milan,Dekker,+31600005017,milan.dekker5017@example.com,Almere,2020-01-27
5018,Lucas,Jacobs,+31600005018,lucas.jacobs5018@example.com,Rotterdam,2022-07-08
5019,Sophia,Van Dijk,+31600005019,sophia.van dijk5019@example.com,Eindhoven,2024-03-24
5020,Olivia,Willems,+31600005020,olivia.willems5020@example.com,Utrecht,2022-08-16
5021,Levi,Kok,+31600005021,levi.kok5021@example.com,Rotterdam,2020-09-14
5022,Nina,Kok,+31600005022,nina.kok5022@example.com,Almere,2023-08-29
5023,Liam,Kuiper,+31600005023,liam.kuiper5023@example.com,Rotterdam,2020-08-29
5024,Finn,Dekker,+31600005024,finn.dekker5024@example.com,Amsterdam,2024-07-18
5025,Nina,Jansen,+31600005025,nina.jansen5025@example.com,Tilburg,2020-05-28
5026,Olivia,Bos,+31600005026,olivia.bos5026@example.com,Nijmegen,2024-10-11
5027,Mila,Prins,+31600005027,mila.prins5027@example.com,Amsterdam,2023-05-22
5028,Finn,Mulder,+31600005028,finn.mulder5028@example.com,Eindhoven,2022-04-18
5029,Ethan,Kok,+31600005029,ethan.kok5029@example.com,Amsterdam,2024-11-29
5030,Lucas,Schouten,+31600005030,lucas.schouten5030@example.com,Almere,2022-06-20
5031,Sara,Mulder,+31600005031,sara.mulder5031@example.com,Groningen,2024-05-06
5032,Emma,Meijer,+31600005032,emma.meijer5032@example.com,Rotterdam,2024-07-28
5033,Mason,Schouten,+31600005033,mason.schouten5033@example.com,Tilburg,2023-03-07
5034,Julia,Willems,+31600005034,julia.willems5034@example.com,Amsterdam,2021-10-08
5035,Oliver,Jacobs,+31600005035,oliver.jacobs5035@example.com,Rotterdam,2023-04-13
5036,Emma,Van Dijk,+31600005036,emma.van dijk5036@example.com,Tilburg,2023-05-27
5037,Milan,Meijer,+31600005037,milan.meijer5037@example.com,The Hague,2023-12-21
5038,Mason,De Boer,+31600005038,mason.de boer5038@example.com,Amsterdam,2021-06-02
5039,Ethan,Schouten,+31600005039,ethan.schouten5039@example.com,Nijmegen,2022-12-16
5040,Mason,Smit,+31600005040,mason.smit5040@example.com,Utrecht,2022-11-20
5041,Oliver,Meijer,+31600005041,oliver.meijer5041@example.com,Breda,2022-04-24
5042,Julia,Bos,+31600005042,julia.bos5042@example.com,Groningen,2023-07-24
5043,Mila,De Vries,+31600005043,mila.de vries5043@example.com,Tilburg,2022-06-27
5044,Noah,Hendriks,+31600005044,noah.hendriks5044@example.com,Amsterdam,2023-01-15
5045,Finn,Hendriks,+31600005045,finn.hendriks5045@example.com,The Hague,2023-08-09
5046,Anna,Bakker,+31600005046,anna.bakker5046@example.com,Utrecht,2022-08-07
5047,Daan,Schouten,+31600005047,daan.schouten5047@example.com,Breda,2020-09-06
5048,Emma,De Boer,+31600005048,emma.de boer5048@example.com,Eindhoven,2021-01-27
5049,Daan,Visser,+31600005049,daan.visser5049@example.com,Breda,2020-10-25
5050,Emma,Dekker,+31600005050,emma.dekker5050@example.com,Utrecht,2024-08-31
5051,Oliver,Meijer,+31600005051,oliver.meijer5051@example.com,Nijmegen,2021-06-21
5052,Daan,Dekker,+31600005052,daan.dekker5052@example.com,Nijmegen,2024-04-21
5053,Lucas,Vos,+31600005053,lucas.vos5053@example.com,Eindhoven,2020-07-08
5054,Mila,Van Dijk,+31600005054,mila.van dijk5054@example.com,Amsterdam,2020-03-27
5055,Daan,Smit,+31600005055,daan.smit5055@example.com,Breda,2024-01-11
5056,Sophia,Jacobs,+31600005056,sophia.jacobs5056@example.com,Eindhoven,2020-01-29
5057,Oliver,Kok,+31600005057,oliver.kok5057@example.com,Tilburg,2021-07-04
5058,Olivia,Jacobs,+31600005058,olivia.jacobs5058@example.com,Amsterdam,2023-06-27
5059,Emma,Meijer,+31600005059,emma.meijer5059@example.com,Breda,2021-07-17
5060,Milan,Jansen,+31600005060,milan.jansen5060@example.com,Utrecht,2021-11-16
5061,Eva,Kuiper,+31600005061,eva.kuiper5061@example.com,Amsterdam,2024-02-23
5062,Nina,Van Dijk,+31600005062,nina.van dijk5062@example.com,Nijmegen,2023-05-20
5063,Noah,De Vries,+31600005063,noah.de vries5063@example.com,Almere,2023-10-03
5064,Mila,Smit,+31600005064,mila.smit5064@example.com,Almere,2021-05-09
5065,Emma,Mulder,+31600005065,emma.mulder5065@example.com,Groningen,2020-11-21
5066,Olivia,Jansen,+31600005066,olivia.jansen5066@example.com,The Hague,2020-01-06
5067,Finn,Bos,+31600005067,finn.bos5067@example.com,Eindhoven,2021-12-14
5068,Lucas,Meijer,+31600005068,lucas.meijer5068@example.com,Nijmegen,2020-06-27
5069,Anna,De Boer,+31600005069,anna.de boer5069@example.com,Amsterdam,2024-04-22
5070,Anna,Jacobs,+31600005070,anna.jacobs5070@example.com,Nijmegen,2020-08-10
5071,Eva,Jacobs,+31600005071,eva.jacobs5071@example.com,Tilburg,2021-04-05
5072,Emma,Prins,+31600005072,emma.prins5072@example.com,Nijmegen,2024-06-30
5073,Milan,Dekker,+31600005073,milan.dekker5073@example.com,Rotterdam,2022-07-30
5074,Liam,Peters,+31600005074,liam.peters5074@example.com,Tilburg,2021-06-18
5075,Ethan,Schouten,+31600005075,ethan.schouten5075@example.com,Rotterdam,2024-03-20
5076,Eva,Smit,+31600005076,eva.smit5076@example.com,Nijmegen,2020-07-07
5077,Emma,Smit,+31600005077,emma.smit5077@example.com,The Hague,2021-10-01
5078,Sara,Visser,+31600005078,sara.visser5078@example.com,Utrecht,2023-10-14
5079,Oliver,Meijer,+31600005079,oliver.meijer5079@example.com,Utrecht,2023-05-06
5080,Levi,De Boer,+31600005080,levi.de boer5080@example.com,Eindhoven,2020-10-13
5081,Lotte,Hendriks,+31600005081,lotte.hendriks5081@example.com,Breda,2021-11-21
5082,Julia,Willems,+31600005082,julia.willems5082@example.com,Eindhoven,2022-08-15
5083,Sara,Van Dijk,+31600005083,sara.van dijk5083@example.com,Tilburg,2023-07-13
5084,Lucas,Schouten,+31600005084,lucas.schouten5084@example.com,Groningen,2021-05-24
5085,Eva,Schouten,+31600005085,eva.schouten5085@example.com,Groningen,2022-01-27
5086,Mason,Bakker,+31600005086,mason.bakker5086@example.com,Nijmegen,2022-05-12
5087,Sara,Bos,+31600005087,sara.bos5087@example.com,Breda,2023-04-12
5088,Eva,Bakker,+31600005088,eva.bakker5088@example.com,Tilburg,2023-04-02
5089,Noah,Meijer,+31600005089,noah.meijer5089@example.com,Amsterdam,2024-04-19
5090,Olivia,Prins,+31600005090,olivia.prins5090@example.com,Eindhoven,2020-12-22
5091,Lucas,Van Dijk,+31600005091,lucas.van dijk5091@example.com,Rotterdam,2022-04-01
5092,Finn,Schouten,+31600005092,finn.schouten5092@example.com,Nijmegen,2024-01-27
5093,Mason,Meijer,+31600005093,mason.meijer5093@example.com,Amsterdam,2021-02-22
5094,Anna,Jacobs,+31600005094,anna.jacobs5094@example.com,The Hague,2024-01-26
5095,Ethan,Willems,+31600005095,ethan.willems5095@example.com,Nijmegen,2020-03-27
5096,Anna,Bakker,+31600005096,anna.bakker5096@example.com,Nijmegen,2023-07-26
5097,Oliver,De Boer,+31600005097,oliver.de boer5097@example.com,The Hague,2022-03-31
5098,Finn,Jacobs,+31600005098,finn.jacobs5098@example.com,Breda,2021-12-14
5099,Noah,Jacobs,+31600005099,noah.jacobs5099@example.com,Rotterdam,2021-07-29
5100,Mason,Jansen,+31600005100,mason.jansen5100@example.com,Breda,2020-08-18
5101,Sophia,Dekker,+31600005101,sophia.dekker5101@example.com,Groningen,2020-03-07
5102,Oliver,Peters,+31600005102,oliver.peters5102@example.com,Rotterdam,2022-03-24
5103,Mila,Prins,+31600005103,mila.prins5103@example.com,Tilburg,2022-03-04
5104,Emma,Jansen,+31600005104,emma.jansen5104@example.com,Amsterdam,2023-11-29
5105,Mason,Prins,+31600005105,mason.prins5105@example.com,Rotterdam,2020-09-10
5106,Julia,De Vries,+31600005106,julia.de vries5106@example.com,Almere,2023-07-09
5107,Mason,Peters,+31600005107,mason.peters5107@example.com,Breda,2023-11-06
5108,Sophia,Kuiper,+31600005108,sophia.kuiper5108@example.com,Breda,2022-01-02
5109,Anna,Dekker,+31600005109,anna.dekker5109@example.com,Breda,2024-11-01
5110,Ethan,Schouten,+31600005110,ethan.schouten5110@example.com,Groningen,2023-05-28
5111,Anna,Willems,+31600005111,anna.willems5111@example.com,Tilburg,2023-06-25
5112,Sophia,Jacobs,+31600005112,sophia.jacobs5112@example.com,Tilburg,2020-09-02
5113,Sara,De Boer,+31600005113,sara.de boer5113@example.com,Nijmegen,2022-12-23
5114,Lotte,Dekker,+31600005114,lotte.dekker5114@example.com,Utrecht,2023-12-24
5115,Levi,Van Dijk,+31600005115,levi.van dijk5115@example.com,Groningen,2023-11-04
5116,Finn,Willems,+31600005116,finn.willems5116@example.com,Rotterdam,2020-09-03
5117,Lucas,Kok,+31600005117,lucas.kok5117@example.com,Nijmegen,2022-06-23
5118,Liam,Willems,+31600005118,liam.willems5118@example.com,Amsterdam,2024-11-25
5119,Sophia,Kok,+31600005119,sophia.kok5119@example.com,Nijmegen,2024-03-03
5120,Finn,Smit,+31600005120,finn.smit5120@example.com,Groningen,2020-05-18
5121,Ethan,De Vries,+31600005121,ethan.de vries5121@example.com,Breda,2020-11-25
5122,Oliver,Prins,+31600005122,oliver.prins5122@example.com,Amsterdam,2021-04-03
5123,Olivia,Smit,+31600005123,olivia.smit5123@example.com,Rotterdam,2023-09-23
5124,Noah,Prins,+31600005124,noah.prins5124@example.com,Tilburg,2020-09-27
5125,Liam,Kok,+31600005125,liam.kok5125@example.com,Eindhoven,2023-04-12
5126,Eva,Bakker,+31600005126,eva.bakker5126@example.com,Almere,2024-03-29
5127,Julia,Smit,+31600005127,julia.smit5127@example.com,Tilburg,2021-10-02
5128,Liam,Smit,+31600005128,liam.smit5128@example.com,Nijmegen,2023-08-06
5129,Milan,Dekker,+31600005129,milan.dekker5129@example.com,Groningen,2024-07-06
5130,Olivia,Bakker,+31600005130,olivia.bakker5130@example.com,Eindhoven,2021-06-05
5131,Ethan,Bakker,+31600005131,ethan.bakker5131@example.com,Nijmegen,2023-10-17
5132,Sara,De Vries,+31600005132,sara.de vries5132@example.com,Nijmegen,2020-06-16
5133,Ethan,Jacobs,+31600005133,ethan.jacobs5133@example.com,Tilburg,2021-12-31
5134,Eva,Willems,+31600005134,eva.willems5134@example.com,Rotterdam,2023-11-13
5135,Nina,Kuiper,+31600005135,nina.kuiper5135@example.com,Breda,2023-09-10
5136,Julia,Dekker,+31600005136,julia.dekker5136@example.com,Nijmegen,2020-01-27
5137,Olivia,Van Dijk,+31600005137,olivia.van dijk5137@example.com,Amsterdam,2022-09-01
5138,Milan,Kok,+31600005138,milan.kok5138@example.com,Utrecht,2021-12-23
5139,Daan,Jacobs,+31600005139,daan.jacobs5139@example.com,Nijmegen,2023-07-28
5140,Noah,Bos,+31600005140,noah.bos5140@example.com,Breda,2021-07-10
5141,Emma,Bos,+31600005141,emma.bos5141@example.com,Rotterdam,2021-06-06
5142,Lucas,Dekker,+31600005142,lucas.dekker5142@example.com,Almere,2021-12-10
5143,Sara,Smit,+31600005143,sara.smit5143@example.com,Utrecht,2024-02-18
5144,Sara,Dekker,+31600005144,sara.dekker5144@example.com,Rotterdam,2024-09-12
5145,Lotte,Bos,+31600005145,lotte.bos5145@example.com,The Hague,2021-08-31
5146,Mila,Jacobs,+31600005146,mila.jacobs5146@example.com,Eindhoven,2023-10-15
5147,Noah,Van Dijk,+31600005147,noah.van dijk5147@example.com,Breda,2023-01-20
5148,Lotte,Meijer,+31600005148,lotte.meijer5148@example.com,Tilburg,2021-12-25
5149,Levi,Bakker,+31600005149,levi.bakker5149@example.com,The Hague,2021-10-06
5150,Emma,De Boer,+31600005150,emma.de boer5150@example.com,Groningen,2021-07-01
5151,Sophia,Mulder,+31600005151,sophia.mulder5151@example.com,Utrecht,2024-10-03
5152,Eva,Meijer,+31600005152,eva.meijer5152@example.com,Groningen,2023-06-26
5153,Eva,Hendriks,+31600005153,eva.hendriks5153@example.com,Utrecht,2024-02-20
5154,Mila,Bos,+31600005154,mila.bos5154@example.com,Eindhoven,2024-09-02
5155,Anna,Dekker,+31600005155,anna.dekker5155@example.com,Amsterdam,2022-10-31
5156,Sara,Jacobs,+31600005156,sara.jacobs5156@example.com,Almere,2023-09-06
5157,Nina,Visser,+31600005157,nina.visser5157@example.com,Groningen,2020-03-10
5158,Nina,Visser,+31600005158,nina.visser5158@example.com,Tilburg,2023-08-10
5159,Milan,Mulder,+31600005159,milan.mulder5159@example.com,Breda,2022-08-19
5160,Lucas,Van Dijk,+31600005160,lucas.van dijk5160@example.com,Nijmegen,2022-05-28
5161,Liam,Dekker,+31600005161,liam.dekker5161@example.com,Breda,2024-03-03
5162,Nina,De Vries,+31600005162,nina.de vries5162@example.com,Almere,2020-07-19
5163,Eva,Peters,+31600005163,eva.peters5163@example.com,Almere,2022-10-02
5164,Milan,Bos,+31600005164,milan.bos5164@example.com,Utrecht,2023-01-02
5165,Daan,Hendriks,+31600005165,daan.hendriks5165@example.com,Eindhoven,2020-12-23
5166,Anna,Prins,+31600005166,anna.prins5166@example.com,The Hague,2023-01-07
5167,Sophia,Hendriks,+31600005167,sophia.hendriks5167@example.com,Utrecht,2022-11-06
5168,Liam,Van Dijk,+31600005168,liam.van dijk5168@example.com,Rotterdam,2023-03-10
5169,Milan,Schouten,+31600005169,milan.schouten5169@example.com,Breda,2020-02-22
5170,Oliver,De Boer,+31600005170,oliver.de boer5170@example.com,Tilburg,2022-01-25
5171,Liam,Mulder,+31600005171,liam.mulder5171@example.com,Breda,2021-06-23
5172,Nina,Prins,+31600005172,nina.prins5172@example.com,Tilburg,2021-06-10
5173,Sophia,Dekker,+31600005173,sophia.dekker5173@example.com,Breda,2021-09-12
5174,Daan,Schouten,+31600005174,daan.schouten5174@example.com,The Hague,2022-04-24
5175,Julia,Schouten,+31600005175,julia.schouten5175@example.com,Groningen,2021-09-11
5176,Nina,Jacobs,+31600005176,nina.jacobs5176@example.com,Breda,2023-09-13
5177,Sara,Prins,+31600005177,sara.prins5177@example.com,Breda,2021-09-13
5178,Noah,Jansen,+31600005178,noah.jansen5178@example.com,Nijmegen,2020-07-13
5179,Eva,Kuiper,+31600005179,eva.kuiper5179@example.com,Tilburg,2021-01-15
5180,Eva,De Vries,+31600005180,eva.de vries5180@example.com,The Hague,2022-02-21
5181,Milan,Mulder,+31600005181,milan.mulder5181@example.com,Tilburg,2023-06-22
5182,Lucas,Mulder,+31600005182,lucas.mulder5182@example.com,Almere,2024-01-13
5183,Eva,Smit,+31600005183,eva.smit5183@example.com,Rotterdam,2023-08-26
5184,Ethan,Meijer,+31600005184,ethan.meijer5184@example.com,Nijmegen,2024-02-19
5185,Finn,Van Dijk,+31600005185,finn.van dijk5185@example.com,Almere,2020-06-12
5186,Eva,Smit,+31600005186,eva.smit5186@example.com,Almere,2021-03-15
5187,Mason,Peters,+31600005187,mason.peters5187@example.com,The Hague,2021-04-23
5188,Lotte,Prins,+31600005188,lotte.prins5188@example.com,The Hague,2020-07-05
5189,Ethan,Bakker,+31600005189,ethan.bakker5189@example.com,Nijmegen,2024-08-25
5190,Emma,Smit,+31600005190,emma.smit5190@example.com,Nijmegen,2023-09-30
5191,Emma,Kok,+31600005191,emma.kok5191@example.com,Utrecht,2024-06-14
5192,Julia,Peters,+31600005192,julia.peters5192@example.com,Breda,2020-10-15
5193,Mila,Jacobs,+31600005193,mila.jacobs5193@example.com,Utrecht,2022-11-04
5194,Olivia,Hendriks,+31600005194,olivia.hendriks5194@example.com,Amsterdam,2023-12-09
5195,Oliver,Mulder,+31600005195,oliver.mulder5195@example.com,Utrecht,2022-03-17
5196,Finn,Bakker,+31600005196,finn.bakker5196@example.com,Eindhoven,2023-06-24
5197,Lotte,Mulder,+31600005197,lotte.mulder5197@example.com,Utrecht,2023-11-25
5198,Milan,De Boer,+31600005198,milan.de boer5198@example.com,Breda,2024-02-11
5199,Sophia,Meijer,+31600005199,sophia.meijer5199@example.com,Eindhoven,2022-06-14
5200,Milan,Meijer,+31600005200,milan.meijer5200@example.com,Breda,2023-12-15
5201,Olivia,Peters,+31600005201,olivia.peters5201@example.com,Rotterdam,2024-08-29
5202,Mila,Willems,+31600005202,mila.willems5202@example.com,Tilburg,2020-06-07
5203,Mila,De Boer,+31600005203,mila.de boer5203@example.com,The Hague,2022-03-19
5204,Ethan,Kuiper,+31600005204,ethan.kuiper5204@example.com,Amsterdam,2021-02-17
5205,Eva,Prins,+31600005205,eva.prins5205@example.com,Tilburg,2023-02-09
5206,Mila,Schouten,+31600005206,mila.schouten5206@example.com,Nijmegen,2024-06-18
5207,Sara,Mulder,+31600005207,sara.mulder5207@example.com,Amsterdam,2021-07-29
5208,Finn,Jacobs,+31600005208,finn.jacobs5208@example.com,Breda,2021-11-23
5209,Mason,Kuiper,+31600005209,mason.kuiper5209@example.com,Utrecht,2023-09-24
5210,Ethan,Willems,+31600005210,ethan.willems5210@example.com,Utrecht,2021-09-08
5211,Mason,Vos,+31600005211,mason.vos5211@example.com,The Hague,2021-05-02
5212,Nina,Kok,+31600005212,nina.kok5212@example.com,Amsterdam,2023-02-27
5213,Finn,Bos,+31600005213,finn.bos5213@example.com,Utrecht,2022-04-16
5214,Lotte,Bakker,+31600005214,lotte.bakker5214@example.com,Eindhoven,2023-10-10
5215,Milan,De Boer,+31600005215,milan.de boer5215@example.com,Eindhoven,2021-05-03
5216,Ethan,Bakker,+31600005216,ethan.bakker5216@example.com,Eindhoven,2024-07-07
5217,Daan,Bos,+31600005217,daan.bos5217@example.com,Tilburg,2020-08-07
5218,Emma,Bos,+31600005218,emma.bos5218@example.com,Utrecht,2024-04-19
5219,Julia,Hendriks,+31600005219,julia.hendriks5219@example.com,Rotterdam,2021-12-01
5220,Levi,Jansen,+31600005220,levi.jansen5220@example.com,Rotterdam,2024-07-24
5221,Anna,Vos,+31600005221,anna.vos5221@example.com,Almere,2024-07-12
5222,Sara,Bos,+31600005222,sara.bos5222@example.com,Rotterdam,2021-08-29
5223,Anna,Bos,+31600005223,anna.bos5223@example.com,Tilburg,2020-11-07
5224,Mason,Jacobs,+31600005224,mason.jacobs5224@example.com,Almere,2022-09-01
5225,Noah,Schouten,+31600005225,noah.schouten5225@example.com,Tilburg,2020-05-20
5226,Olivia,Jacobs,+31600005226,olivia.jacobs5226@example.com,Nijmegen,2021-06-17
5227,Olivia,Meijer,+31600005227,olivia.meijer5227@example.com,Almere,2023-05-31
5228,Milan,Visser,+31600005228,milan.visser5228@example.com,Almere,2024-09-16
5229,Mason,Van Dijk,+31600005229,mason.van dijk5229@example.com,Tilburg,2021-05-21
5230,Milan,Visser,+31600005230,milan.visser5230@example.com,Utrecht,2022-06-30
5231,Anna,Prins,+31600005231,anna.prins5231@example.com,Nijmegen,2021-09-30
5232,Mila,Jansen,+31600005232,mila.jansen5232@example.com,Rotterdam,2021-01-21
5233,Eva,Jansen,+31600005233,eva.jansen5233@example.com,Nijmegen,2022-07-10
5234,Milan,Willems,+31600005234,milan.willems5234@example.com,Amsterdam,2020-04-19
5235,Nina,Dekker,+31600005235,nina.dekker5235@example.com,Utrecht,2024-04-02
5236,Julia,Kuiper,+31600005236,julia.kuiper5236@example.com,Breda,2024-02-01
5237,Milan,Meijer,+31600005237,milan.meijer5237@example.com,Breda,2021-01-16
5238,Mason,De Vries,+31600005238,mason.de vries5238@example.com,Eindhoven,2023-01-19
5239,Lotte,Van Dijk,+31600005239,lotte.van dijk5239@example.com,The Hague,2023-08-23
5240,Daan,Jansen,+31600005240,daan.jansen5240@example.com,Breda,2020-07-07
5241,Lotte,Van Dijk,+31600005241,lotte.van dijk5241@example.com,Tilburg,2024-08-31
5242,Anna,Dekker,+31600005242,anna.dekker5242@example.com,Rotterdam,2022-02-01
5243,Ethan,De Boer,+31600005243,ethan.de boer5243@example.com,Rotterdam,2022-01-16
5244,Levi,Peters,+31600005244,levi.peters5244@example.com,Almere,2022-03-15
5245,Sara,Willems,+31600005245,sara.willems5245@example.com,Nijmegen,2023-06-01
5246,Emma,Meijer,+31600005246,emma.meijer5246@example.com,Tilburg,2023-01-20
5247,Levi,Jansen,+31600005247,levi.jansen5247@example.com,Amsterdam,2022-01-25
5248,Emma,Willems,+31600005248,emma.willems5248@example.com,Groningen,2020-10-23
5249,Julia,Hendriks,+31600005249,julia.hendriks5249@example.com,Groningen,2020-12-04
5250,Anna,Mulder,+31600005250,anna.mulder5250@example.com,Almere,2024-03-09
5251,Ethan,Dekker,+31600005251,ethan.dekker5251@example.com,Utrecht,2022-05-25
5252,Lucas,Willems,+31600005252,lucas.willems5252@example.com,Almere,2022-02-06
5253,Oliver,De Vries,+31600005253,oliver.de vries5253@example.com,Nijmegen,2022-06-12
5254,Emma,Schouten,+31600005254,emma.schouten5254@example.com,Groningen,2020-09-08
5255,Oliver,Willems,+31600005255,oliver.willems5255@example.com,Tilburg,2021-11-25
5256,Anna,Willems,+31600005256,anna.willems5256@example.com,Nijmegen,2024-05-08
5257,Anna,Dekker,+31600005257,anna.dekker5257@example.com,Utrecht,2020-04-02
5258,Mila,Meijer,+31600005258,mila.meijer5258@example.com,Nijmegen,2020-11-29
5259,Sophia,Van Dijk,+31600005259,sophia.van dijk5259@example.com,Almere,2021-12-25
5260,Noah,Smit,+31600005260,noah.smit5260@example.com,Breda,2022-12-26
5261,Oliver,De Vries,+31600005261,oliver.de vries5261@example.com,Tilburg,2020-09-02
5262,Liam,Jansen,+31600005262,liam.jansen5262@example.com,Groningen,2020-05-01
5263,Julia,Prins,+31600005263,julia.prins5263@example.com,Nijmegen,2023-02-26
5264,Sara,De Vries,+31600005264,sara.de vries5264@example.com,Almere,2024-05-05
5265,Milan,Mulder,+31600005265,milan.mulder5265@example.com,Groningen,2021-02-23
5266,Milan,Kuiper,+31600005266,milan.kuiper5266@example.com,Breda,2020-03-30
5267,Finn,De Vries,+31600005267,finn.de vries5267@example.com,Eindhoven,2020-07-27
5268,Liam,Schouten,+31600005268,liam.schouten5268@example.com,Tilburg,2023-03-08
5269,Liam,Peters,+31600005269,liam.peters5269@example.com,The Hague,2020-12-22
5270,Oliver,De Vries,+31600005270,oliver.de vries5270@example.com,Breda,2021-02-25
5271,Daan,Prins,+31600005271,daan.prins5271@example.com,Eindhoven,2023-08-29
5272,Ethan,Smit,+31600005272,ethan.smit5272@example.com,Rotterdam,2023-12-03
5273,Daan,Peters,+31600005273,daan.peters5273@example.com,Tilburg,2024-09-22
5274,Lucas,Meijer,+31600005274,lucas.meijer5274@example.com,The Hague,2024-09-18
5275,Oliver,Kok,+31600005275,oliver.kok5275@example.com,Tilburg,2021-09-26
5276,Mason,Schouten,+31600005276,mason.schouten5276@example.com,Almere,2024-03-24
5277,Mason,Jansen,+31600005277,mason.jansen5277@example.com,Rotterdam,2023-11-09
5278,Milan,Jansen,+31600005278,milan.jansen5278@example.com,Breda,2023-08-29
5279,Liam,Jacobs,+31600005279,liam.jacobs5279@example.com,Groningen,2020-02-06
5280,Sara,De Vries,+31600005280,sara.de vries5280@example.com,The Hague,2020-04-12
5281,Lucas,De Vries,+31600005281,lucas.de vries5281@example.com,Eindhoven,2020-10-07
5282,Sara,Meijer,+31600005282,sara.meijer5282@example.com,Nijmegen,2020-08-06
5283,Levi,De Boer,+31600005283,levi.de boer5283@example.com,Tilburg,2023-03-06
5284,Eva,Meijer,+31600005284,eva.meijer5284@example.com,Almere,2024-10-12
5285,Daan,Smit,+31600005285,daan.smit5285@example.com,Groningen,2020-10-18
5286,Levi,Visser,+31600005286,levi.visser5286@example.com,Rotterdam,2024-07-30
5287,Sophia,Prins,+31600005287,sophia.prins5287@example.com,Breda,2023-06-05
5288,Sara,Bakker,+31600005288,sara.bakker5288@example.com,Tilburg,2024-06-19
5289,Mila,Vos,+31600005289,mila.vos5289@example.com,Amsterdam,2022-08-13
5290,Liam,Willems,+31600005290,liam.willems5290@example.com,Tilburg,2021-08-06
5291,Lotte,Jacobs,+31600005291,lotte.jacobs5291@example.com,Rotterdam,2022-05-06
5292,Olivia,Bos,+31600005292,olivia.bos5292@example.com,Eindhoven,2024-05-01
5293,Olivia,Hendriks,+31600005293,olivia.hendriks5293@example.com,Amsterdam,2020-08-29
5294,Olivia,Kok,+31600005294,olivia.kok5294@example.com,Amsterdam,2021-04-07
5295,Anna,Jansen,+31600005295,anna.jansen5295@example.com,Groningen,2021-05-26
5296,Emma,Van Dijk,+31600005296,emma.van dijk5296@example.com,The Hague,2024-11-13
5297,Levi,Meijer,+31600005297,levi.meijer5297@example.com,Groningen,2024-03-11
5298,Eva,De Boer,+31600005298,eva.de boer5298@example.com,Breda,2020-06-28
5299,Oliver,Jacobs,+31600005299,oliver.jacobs5299@example.com,Rotterdam,2023-08-21
5300,Noah,Kuiper,+31600005300,noah.kuiper5300@example.com,The Hague,2021-05-10
5301,Julia,Hendriks,+31600005301,julia.hendriks5301@example.com,Groningen,2023-09-29
5302,Lucas,Vos,+31600005302,lucas.vos5302@example.com,Utrecht,2020-08-27
5303,Olivia,Prins,+31600005303,olivia.prins5303@example.com,Rotterdam,2021-01-14
5304,Mila,Visser,+31600005304,mila.visser5304@example.com,The Hague,2022-01-22
5305,Mila,De Vries,+31600005305,mila.de vries5305@example.com,Nijmegen,2024-01-12
5306,Sara,Vos,+31600005306,sara.vos5306@example.com,Tilburg,2022-10-29
5307,Ethan,Jansen,+31600005307,ethan.jansen5307@example.com,Utrecht,2021-06-20
5308,Milan,Visser,+31600005308,milan.visser5308@example.com,Breda,2024-03-31
5309,Lotte,Meijer,+31600005309,lotte.meijer5309@example.com,Utrecht,2020-05-11
5310,Oliver,Prins,+31600005310,oliver.prins5310@example.com,Amsterdam,2020-06-22
5311,Ethan,Bos,+31600005311,ethan.bos5311@example.com,Groningen,2023-09-14
5312,Ethan,Dekker,+31600005312,ethan.dekker5312@example.com,Amsterdam,2020-10-16
5313,Milan,Visser,+31600005313,milan.visser5313@example.com,Utrecht,2023-06-10
5314,Oliver,Vos,+31600005314,oliver.vos5314@example.com,Utrecht,2024-06-28
5315,Anna,Willems,+31600005315,anna.willems5315@example.com,Eindhoven,2024-05-26
5316,Mila,Schouten,+31600005316,mila.schouten5316@example.com,Nijmegen,2024-04-06
5317,Mila,Schouten,+31600005317,mila.schouten5317@example.com,Groningen,2024-11-29
5318,Anna,Bos,+31600005318,anna.bos5318@example.com,Rotterdam,2022-05-31
5319,Emma,Willems,+31600005319,emma.willems5319@example.com,Breda,2023-11-09
5320,Lotte,De Vries,+31600005320,lotte.de vries5320@example.com,Tilburg,2022-06-10
5321,Sara,Willems,+31600005321,sara.willems5321@example.com,Almere,2023-07-23
5322,Noah,Bakker,+31600005322,noah.bakker5322@example.com,Breda,2023-10-24
5323,Levi,Prins,+31600005323,levi.prins5323@example.com,Tilburg,2022-10-17
5324,Lotte,Kok,+31600005324,lotte.kok5324@example.com,Utrecht,2023-08-18
5325,Olivia,De Boer,+31600005325,olivia.de boer5325@example.com,Eindhoven,2022-01-20
5326,Mila,De Vries,+31600005326,mila.de vries5326@example.com,Tilburg,2024-06-09
5327,Sara,Bakker,+31600005327,sara.bakker5327@example.com,Tilburg,2022-08-27
5328,Daan,Meijer,+31600005328,daan.meijer5328@example.com,Breda,2021-07-14
5329,Lucas,Smit,+31600005329,lucas.smit5329@example.com,Tilburg,2023-12-02
5330,Ethan,Peters,+31600005330,ethan.peters5330@example.com,The Hague,2022-07-25
5331,Anna,Peters,+31600005331,anna.peters5331@example.com,Groningen,2022-06-10
5332,Lucas,Smit,+31600005332,lucas.smit5332@example.com,Utrecht,2021-06-07
5333,Emma,Visser,+31600005333,emma.visser5333@example.com,The Hague,2023-12-08
5334,Nina,Kok,+31600005334,nina.kok5334@example.com,Utrecht,2024-08-19
5335,Julia,Jansen,+31600005335,julia.jansen5335@example.com,Rotterdam,2021-12-31
5336,Julia,Visser,+31600005336,julia.visser5336@example.com,Nijmegen,2022-01-24
5337,Mason,Peters,+31600005337,mason.peters5337@example.com,Breda,2022-11-22
5338,Levi,Dekker,+31600005338,levi.dekker5338@example.com,Rotterdam,2022-04-02
5339,Sophia,Meijer,+31600005339,sophia.meijer5339@example.com,Groningen,2023-05-14
5340,Eva,Bos,+31600005340,eva.bos5340@example.com,Eindhoven,2022-09-24
5341,Emma,Visser,+31600005341,emma.visser5341@example.com,Almere,2023-12-05
5342,Emma,Bakker,+31600005342,emma.bakker5342@example.com,Groningen,2024-10-02
5343,Sophia,Peters,+31600005343,sophia.peters5343@example.com,Amsterdam,2022-07-27
5344,Lucas,Hendriks,+31600005344,lucas.hendriks5344@example.com,Groningen,2022-02-21
5345,Ethan,Schouten,+31600005345,ethan.schouten5345@example.com,Almere,2024-05-18
5346,Eva,Meijer,+31600005346,eva.meijer5346@example.com,Groningen,2020-06-07
5347,Milan,Smit,+31600005347,milan.smit5347@example.com,Eindhoven,2022-02-06
5348,Sara,De Boer,+31600005348,sara.de boer5348@example.com,Groningen,2021-05-27
5349,Eva,Prins,+31600005349,eva.prins5349@example.com,Tilburg,2020-11-09
5350,Eva,De Boer,+31600005350,eva.de boer5350@example.com,Utrecht,2023-02-03
5351,Sophia,Visser,+31600005351,sophia.visser5351@example.com,Rotterdam,2021-04-04
5352,Emma,Mulder,+31600005352,emma.mulder5352@example.com,The Hague,2021-11-26
5353,Nina,Bakker,+31600005353,nina.bakker5353@example.com,Amsterdam,2023-11-01
5354,Noah,Mulder,+31600005354,noah.mulder5354@example.com,Tilburg,2023-08-07
5355,Lotte,Bos,+31600005355,lotte.bos5355@example.com,Amsterdam,2022-10-19
5356,Finn,Visser,+31600005356,finn.visser5356@example.com,Eindhoven,2024-08-06
5357,Liam,Willems,+31600005357,liam.willems5357@example.com,Utrecht,2022-12-06
5358,Nina,Vos,+31600005358,nina.vos5358@example.com,Utrecht,2024-12-04
5359,Mason,Visser,+31600005359,mason.visser5359@example.com,Rotterdam,2022-08-21
5360,Milan,Smit,+31600005360,milan.smit5360@example.com,Amsterdam,2023-02-20
5361,Daan,Prins,+31600005361,daan.prins5361@example.com,Amsterdam,2024-11-15
5362,Lotte,Kuiper,+31600005362,lotte.kuiper5362@example.com,Eindhoven,2020-02-12
5363,Olivia,Jacobs,+31600005363,olivia.jacobs5363@example.com,Tilburg,2021-06-12
5364,Milan,Mulder,+31600005364,milan.mulder5364@example.com,Groningen,2021-07-22
5365,Ethan,Smit,+31600005365,ethan.smit5365@example.com,Eindhoven,2021-02-07
5366,Milan,Bakker,+31600005366,milan.bakker5366@example.com,Groningen,2021-09-01
5367,Levi,Jansen,+31600005367,levi.jansen5367@example.com,Tilburg,2022-12-04
5368,Emma,Vos,+31600005368,emma.vos5368@example.com,Groningen,2020-03-02
5369,Milan,Bos,+31600005369,milan.bos5369@example.com,The Hague,2021-05-04
5370,Lotte,Meijer,+31600005370,lotte.meijer5370@example.com,Rotterdam,2024-04-05
5371,Milan,Bos,+31600005371,milan.bos5371@example.com,Amsterdam,2024-04-23
5372,Eva,Schouten,+31600005372,eva.schouten5372@example.com,Nijmegen,2023-03-17
5373,Lotte,Jansen,+31600005373,lotte.jansen5373@example.com,Nijmegen,2020-08-08
5374,Finn,Bos,+31600005374,finn.bos5374@example.com,Tilburg,2021-05-01
5375,Emma,De Vries,+31600005375,emma.de vries5375@example.com,Utrecht,2022-08-05
5376,Noah,Hendriks,+31600005376,noah.hendriks5376@example.com,Amsterdam,2020-10-09
5377,Julia,De Boer,+31600005377,julia.de boer5377@example.com,Groningen,2022-07-26
5378,Eva,Hendriks,+31600005378,eva.hendriks5378@example.com,Almere,2023-10-13
5379,Nina,Hendriks,+31600005379,nina.hendriks5379@example.com,Eindhoven,2022-09-26
5380,Olivia,Jansen,+31600005380,olivia.jansen5380@example.com,Almere,2022-04-03
5381,Ethan,Smit,+31600005381,ethan.smit5381@example.com,Rotterdam,2020-05-07
5382,Emma,Vos,+31600005382,emma.vos5382@example.com,Breda,2021-12-04
5383,Lucas,Jacobs,+31600005383,lucas.jacobs5383@example.com,Breda,2020-07-23
5384,Liam,Smit,+31600005384,liam.smit5384@example.com,Tilburg,2023-04-01
5385,Lotte,Mulder,+31600005385,lotte.mulder5385@example.com,Amsterdam,2020-11-09
5386,Levi,Jacobs,+31600005386,levi.jacobs5386@example.com,Utrecht,2021-06-25
5387,Oliver,Kok,+31600005387,oliver.kok5387@example.com,Rotterdam,2024-09-24
5388,Oliver,Willems,+31600005388,oliver.willems5388@example.com,Breda,2024-03-13
5389,Anna,Hendriks,+31600005389,anna.hendriks5389@example.com,Groningen,2021-09-25
5390,Liam,Bos,+31600005390,liam.bos5390@example.com,Breda,2023-12-02
5391,Sophia,Van Dijk,+31600005391,sophia.van dijk5391@example.com,Eindhoven,2020-04-19
5392,Olivia,Vos,+31600005392,olivia.vos5392@example.com,Almere,2023-10-17
5393,Julia,Jacobs,+31600005393,julia.jacobs5393@example.com,The Hague,2023-01-05
5394,Noah,Prins,+31600005394,noah.prins5394@example.com,Nijmegen,2023-06-14
5395,Lucas,Kok,+31600005395,lucas.kok5395@example.com,Breda,2021-04-16
5396,Mila,Peters,+31600005396,mila.peters5396@example.com,The Hague,2024-02-26
5397,Daan,Jansen,+31600005397,daan.jansen5397@example.com,Almere,2021-03-16
5398,Ethan,Visser,+31600005398,ethan.visser5398@example.com,Groningen,2020-09-30
5399,Oliver,Jansen,+31600005399,oliver.jansen5399@example.com,Eindhoven,2024-07-04
5400,Ethan,Kuiper,+31600005400,ethan.kuiper5400@example.com,Nijmegen,2020-11-23
5401,Daan,Dekker,+31600005401,daan.dekker5401@example.com,Eindhoven,2024-09-12
5402,Sara,Meijer,+31600005402,sara.meijer5402@example.com,Rotterdam,2020-02-04
5403,Milan,Schouten,+31600005403,milan.schouten5403@example.com,Breda,2021-06-21
5404,Milan,Hendriks,+31600005404,milan.hendriks5404@example.com,Breda,2024-10-13
5484,Finn,Smit,+31600005484,finn.smit5484@example.com,Breda,2023-09-05
5405,Emma,Hendriks,+31600005405,emma.hendriks5405@example.com,Rotterdam,2021-01-02
5406,Lucas,Bakker,+31600005406,lucas.bakker5406@example.com,Breda,2022-04-06
5407,Milan,Kuiper,+31600005407,milan.kuiper5407@example.com,The Hague,2024-10-20
5408,Milan,Schouten,+31600005408,milan.schouten5408@example.com,Almere,2020-03-26
5409,Lucas,Jacobs,+31600005409,lucas.jacobs5409@example.com,Eindhoven,2022-10-25
5410,Mila,Bos,+31600005410,mila.bos5410@example.com,Rotterdam,2024-05-24
5411,Liam,Hendriks,+31600005411,liam.hendriks5411@example.com,Utrecht,2022-01-06
5412,Nina,Meijer,+31600005412,nina.meijer5412@example.com,Nijmegen,2020-02-05
5413,Milan,Smit,+31600005413,milan.smit5413@example.com,Eindhoven,2022-03-28
5414,Mila,Bakker,+31600005414,mila.bakker5414@example.com,Tilburg,2021-10-30
5415,Ethan,Prins,+31600005415,ethan.prins5415@example.com,Eindhoven,2022-06-04
5416,Eva,Jacobs,+31600005416,eva.jacobs5416@example.com,Utrecht,2022-10-13
5417,Noah,De Boer,+31600005417,noah.de boer5417@example.com,Groningen,2022-05-13
5418,Mila,Kuiper,+31600005418,mila.kuiper5418@example.com,Amsterdam,2021-06-14
5419,Levi,Jansen,+31600005419,levi.jansen5419@example.com,Breda,2022-09-06
5420,Ethan,Prins,+31600005420,ethan.prins5420@example.com,Rotterdam,2020-11-02
5421,Lucas,Kuiper,+31600005421,lucas.kuiper5421@example.com,Groningen,2021-09-19
5422,Liam,Van Dijk,+31600005422,liam.van dijk5422@example.com,The Hague,2021-02-01
5423,Levi,Smit,+31600005423,levi.smit5423@example.com,Amsterdam,2021-10-18
5424,Julia,De Vries,+31600005424,julia.de vries5424@example.com,Amsterdam,2023-11-30
5425,Noah,Mulder,+31600005425,noah.mulder5425@example.com,Utrecht,2023-11-20
5426,Daan,Hendriks,+31600005426,daan.hendriks5426@example.com,Tilburg,2023-07-13
5427,Levi,Prins,+31600005427,levi.prins5427@example.com,Eindhoven,2020-08-05
5428,Levi,Visser,+31600005428,levi.visser5428@example.com,Utrecht,2020-10-09
5429,Daan,Vos,+31600005429,daan.vos5429@example.com,Groningen,2020-11-07
5430,Finn,De Vries,+31600005430,finn.de vries5430@example.com,Breda,2020-04-15
5431,Mila,Hendriks,+31600005431,mila.hendriks5431@example.com,Tilburg,2024-07-08
5432,Lotte,Smit,+31600005432,lotte.smit5432@example.com,Tilburg,2023-09-19
5433,Ethan,Meijer,+31600005433,ethan.meijer5433@example.com,Amsterdam,2024-10-31
5434,Ethan,Bos,+31600005434,ethan.bos5434@example.com,Eindhoven,2022-12-19
5435,Mila,Dekker,+31600005435,mila.dekker5435@example.com,Eindhoven,2022-06-10
5436,Julia,Bos,+31600005436,julia.bos5436@example.com,Amsterdam,2022-09-06
5437,Oliver,Kok,+31600005437,oliver.kok5437@example.com,Tilburg,2021-03-30
5438,Eva,Visser,+31600005438,eva.visser5438@example.com,Breda,2020-01-26
5439,Milan,Schouten,+31600005439,milan.schouten5439@example.com,Almere,2022-10-04
5440,Julia,Kuiper,+31600005440,julia.kuiper5440@example.com,Breda,2022-07-16
5441,Nina,Jacobs,+31600005441,nina.jacobs5441@example.com,Tilburg,2024-07-03
5442,Milan,Visser,+31600005442,milan.visser5442@example.com,Groningen,2020-11-14
5443,Noah,Kuiper,+31600005443,noah.kuiper5443@example.com,Breda,2020-05-22
5444,Milan,Bakker,+31600005444,milan.bakker5444@example.com,Rotterdam,2020-06-14
5445,Lucas,Peters,+31600005445,lucas.peters5445@example.com,Groningen,2024-02-11
5446,Lotte,Kok,+31600005446,lotte.kok5446@example.com,Groningen,2024-06-14
5447,Eva,Smit,+31600005447,eva.smit5447@example.com,Almere,2020-03-15
5448,Finn,Smit,+31600005448,finn.smit5448@example.com,Groningen,2021-11-12
5449,Olivia,Peters,+31600005449,olivia.peters5449@example.com,Almere,2021-08-03
5450,Mila,Prins,+31600005450,mila.prins5450@example.com,Almere,2023-12-31
5451,Lotte,Vos,+31600005451,lotte.vos5451@example.com,Breda,2021-06-29
5452,Eva,Schouten,+31600005452,eva.schouten5452@example.com,The Hague,2021-11-20
5453,Sophia,Peters,+31600005453,sophia.peters5453@example.com,Eindhoven,2020-10-14
5454,Milan,Prins,+31600005454,milan.prins5454@example.com,Breda,2020-06-19
5455,Anna,Smit,+31600005455,anna.smit5455@example.com,Amsterdam,2020-06-08
5456,Nina,Hendriks,+31600005456,nina.hendriks5456@example.com,Groningen,2020-03-25
5457,Mason,Smit,+31600005457,mason.smit5457@example.com,Amsterdam,2023-07-30
5458,Olivia,Mulder,+31600005458,olivia.mulder5458@example.com,Amsterdam,2024-05-26
5459,Julia,De Boer,+31600005459,julia.de boer5459@example.com,Utrecht,2023-09-28
5460,Emma,Kok,+31600005460,emma.kok5460@example.com,Almere,2021-08-21
5461,Noah,Meijer,+31600005461,noah.meijer5461@example.com,Eindhoven,2022-12-12
5462,Nina,Jacobs,+31600005462,nina.jacobs5462@example.com,Utrecht,2020-08-08
5463,Olivia,Jacobs,+31600005463,olivia.jacobs5463@example.com,The Hague,2020-06-28
5464,Lotte,Jacobs,+31600005464,lotte.jacobs5464@example.com,Groningen,2020-08-10
5465,Sophia,Meijer,+31600005465,sophia.meijer5465@example.com,Rotterdam,2024-06-20
5466,Noah,Peters,+31600005466,noah.peters5466@example.com,Almere,2020-04-23
5467,Julia,Dekker,+31600005467,julia.dekker5467@example.com,Almere,2023-08-07
5468,Levi,Schouten,+31600005468,levi.schouten5468@example.com,Almere,2022-07-10
5469,Emma,Visser,+31600005469,emma.visser5469@example.com,Groningen,2022-10-15
5470,Lucas,Kok,+31600005470,lucas.kok5470@example.com,Almere,2023-03-19
5471,Milan,Meijer,+31600005471,milan.meijer5471@example.com,Groningen,2024-04-23
5472,Julia,Vos,+31600005472,julia.vos5472@example.com,Tilburg,2020-10-26
5473,Noah,Willems,+31600005473,noah.willems5473@example.com,Breda,2021-03-21
5474,Nina,Van Dijk,+31600005474,nina.van dijk5474@example.com,The Hague,2023-02-09
5475,Sophia,Hendriks,+31600005475,sophia.hendriks5475@example.com,Nijmegen,2022-03-28
5476,Oliver,De Vries,+31600005476,oliver.de vries5476@example.com,Tilburg,2020-07-14
5477,Oliver,Visser,+31600005477,oliver.visser5477@example.com,Eindhoven,2021-02-11
5478,Noah,Bos,+31600005478,noah.bos5478@example.com,Utrecht,2020-01-28
5479,Lotte,Dekker,+31600005479,lotte.dekker5479@example.com,Tilburg,2023-07-06
5480,Anna,Mulder,+31600005480,anna.mulder5480@example.com,Utrecht,2020-10-16
5481,Noah,Jansen,+31600005481,noah.jansen5481@example.com,Tilburg,2024-07-03
5482,Nina,Visser,+31600005482,nina.visser5482@example.com,Almere,2024-02-13
5483,Anna,Bakker,+31600005483,anna.bakker5483@example.com,Almere,2023-06-23
5485,Daan,Mulder,+31600005485,daan.mulder5485@example.com,The Hague,2023-06-02
5486,Emma,Schouten,+31600005486,emma.schouten5486@example.com,Tilburg,2024-11-07
5487,Oliver,Dekker,+31600005487,oliver.dekker5487@example.com,Almere,2023-02-25
5488,Sara,Jansen,+31600005488,sara.jansen5488@example.com,Tilburg,2020-11-16
5489,Sara,Smit,+31600005489,sara.smit5489@example.com,Amsterdam,2021-02-06
5490,Olivia,Jacobs,+31600005490,olivia.jacobs5490@example.com,The Hague,2022-08-01
5491,Noah,Schouten,+31600005491,noah.schouten5491@example.com,Groningen,2020-01-01
5492,Mason,Smit,+31600005492,mason.smit5492@example.com,Tilburg,2022-12-25
5493,Oliver,Bakker,+31600005493,oliver.bakker5493@example.com,Eindhoven,2023-03-23
5494,Olivia,Visser,+31600005494,olivia.visser5494@example.com,Groningen,2022-02-13
5495,Noah,Bakker,+31600005495,noah.bakker5495@example.com,The Hague,2023-05-23
5496,Nina,Meijer,+31600005496,nina.meijer5496@example.com,Eindhoven,2023-02-01
5497,Eva,Visser,+31600005497,eva.visser5497@example.com,Tilburg,2020-03-19
5498,Anna,Peters,+31600005498,anna.peters5498@example.com,The Hague,2022-07-15
5499,Emma,Kok,+31600005499,emma.kok5499@example.com,Nijmegen,2022-10-27
5500,Noah,Bos,+31600005500,noah.bos5500@example.com,Breda,2020-09-28
5501,Mila,Prins,+31600005501,mila.prins5501@example.com,Eindhoven,2021-05-17
5502,Nina,Schouten,+31600005502,nina.schouten5502@example.com,Nijmegen,2022-02-20
5503,Emma,Kok,+31600005503,emma.kok5503@example.com,Breda,2021-09-11
5504,Sophia,Van Dijk,+31600005504,sophia.van dijk5504@example.com,Breda,2023-09-21
5505,Eva,Jacobs,+31600005505,eva.jacobs5505@example.com,Tilburg,2021-08-23
5506,Daan,Dekker,+31600005506,daan.dekker5506@example.com,Eindhoven,2023-12-22
5507,Emma,Jansen,+31600005507,emma.jansen5507@example.com,Breda,2024-11-24
5508,Lotte,De Boer,+31600005508,lotte.de boer5508@example.com,Amsterdam,2023-08-05
5509,Mason,Kuiper,+31600005509,mason.kuiper5509@example.com,Breda,2020-11-02
5510,Daan,Peters,+31600005510,daan.peters5510@example.com,Amsterdam,2021-07-26
5511,Lotte,Schouten,+31600005511,lotte.schouten5511@example.com,The Hague,2020-08-06
5512,Julia,Dekker,+31600005512,julia.dekker5512@example.com,Nijmegen,2023-10-07
5513,Milan,Dekker,+31600005513,milan.dekker5513@example.com,Breda,2021-05-09
5514,Mason,Prins,+31600005514,mason.prins5514@example.com,Tilburg,2020-06-07
5515,Nina,Willems,+31600005515,nina.willems5515@example.com,Groningen,2024-04-01
5516,Levi,Mulder,+31600005516,levi.mulder5516@example.com,Almere,2021-05-30
5517,Mila,De Vries,+31600005517,mila.de vries5517@example.com,Eindhoven,2021-03-26
5518,Liam,Mulder,+31600005518,liam.mulder5518@example.com,Rotterdam,2024-07-20
5519,Sophia,Willems,+31600005519,sophia.willems5519@example.com,Groningen,2021-01-12
5520,Lucas,Jacobs,+31600005520,lucas.jacobs5520@example.com,The Hague,2020-05-22
5521,Nina,Peters,+31600005521,nina.peters5521@example.com,Tilburg,2024-12-03
5522,Mason,Mulder,+31600005522,mason.mulder5522@example.com,Almere,2020-09-21
5523,Nina,Mulder,+31600005523,nina.mulder5523@example.com,Eindhoven,2022-05-14
5524,Oliver,Prins,+31600005524,oliver.prins5524@example.com,Rotterdam,2022-03-03
5525,Emma,Willems,+31600005525,emma.willems5525@example.com,The Hague,2023-09-01
5526,Lucas,Willems,+31600005526,lucas.willems5526@example.com,Almere,2021-11-03
5527,Lotte,De Boer,+31600005527,lotte.de boer5527@example.com,Nijmegen,2024-02-16
5528,Levi,Van Dijk,+31600005528,levi.van dijk5528@example.com,Almere,2021-11-27
5529,Mila,De Boer,+31600005529,mila.de boer5529@example.com,Tilburg,2023-08-19
5530,Liam,Jansen,+31600005530,liam.jansen5530@example.com,Nijmegen,2024-05-30
5531,Emma,Peters,+31600005531,emma.peters5531@example.com,Almere,2021-12-29
5532,Noah,Vos,+31600005532,noah.vos5532@example.com,Nijmegen,2023-10-17
5533,Daan,De Vries,+31600005533,daan.de vries5533@example.com,Nijmegen,2023-03-30
5534,Emma,Kuiper,+31600005534,emma.kuiper5534@example.com,Utrecht,2024-06-09
5535,Eva,Vos,+31600005535,eva.vos5535@example.com,Rotterdam,2024-09-08
5536,Julia,Visser,+31600005536,julia.visser5536@example.com,Amsterdam,2021-11-09
5537,Sophia,Jacobs,+31600005537,sophia.jacobs5537@example.com,Breda,2021-02-07
5538,Milan,Kok,+31600005538,milan.kok5538@example.com,The Hague,2023-08-02
5539,Anna,Meijer,+31600005539,anna.meijer5539@example.com,Eindhoven,2021-06-03
5540,Sophia,Meijer,+31600005540,sophia.meijer5540@example.com,Eindhoven,2023-10-09
5541,Oliver,Van Dijk,+31600005541,oliver.van dijk5541@example.com,The Hague,2022-11-02
5542,Ethan,Schouten,+31600005542,ethan.schouten5542@example.com,Amsterdam,2021-09-14
5543,Julia,Kuiper,+31600005543,julia.kuiper5543@example.com,Eindhoven,2023-12-17
5544,Nina,Vos,+31600005544,nina.vos5544@example.com,Almere,2023-09-28
5545,Mason,Hendriks,+31600005545,mason.hendriks5545@example.com,Tilburg,2020-09-08
5546,Lucas,Schouten,+31600005546,lucas.schouten5546@example.com,Eindhoven,2021-08-13
5547,Finn,Bakker,+31600005547,finn.bakker5547@example.com,Utrecht,2023-10-15
5548,Lotte,Prins,+31600005548,lotte.prins5548@example.com,The Hague,2022-10-22
5549,Milan,Peters,+31600005549,milan.peters5549@example.com,Nijmegen,2021-04-15
5550,Mila,Kuiper,+31600005550,mila.kuiper5550@example.com,Rotterdam,2022-06-04
5551,Nina,Willems,+31600005551,nina.willems5551@example.com,Rotterdam,2020-11-24
5552,Milan,Prins,+31600005552,milan.prins5552@example.com,The Hague,2022-04-30
5553,Julia,Visser,+31600005553,julia.visser5553@example.com,Rotterdam,2023-06-09
5554,Nina,Bakker,+31600005554,nina.bakker5554@example.com,Breda,2024-03-05
5555,Sophia,Peters,+31600005555,sophia.peters5555@example.com,Eindhoven,2023-11-25
5556,Daan,Visser,+31600005556,daan.visser5556@example.com,Almere,2024-03-27
5557,Eva,Hendriks,+31600005557,eva.hendriks5557@example.com,Utrecht,2022-08-04
5558,Mila,Vos,+31600005558,mila.vos5558@example.com,Almere,2023-05-03
5559,Mila,Vos,+31600005559,mila.vos5559@example.com,Rotterdam,2023-11-02
5560,Sophia,Hendriks,+31600005560,sophia.hendriks5560@example.com,Nijmegen,2020-12-18
5561,Sophia,Visser,+31600005561,sophia.visser5561@example.com,The Hague,2024-05-16
5562,Levi,Meijer,+31600005562,levi.meijer5562@example.com,Rotterdam,2023-09-30
5563,Mila,Bos,+31600005563,mila.bos5563@example.com,Nijmegen,2020-09-12
5564,Mila,Bos,+31600005564,mila.bos5564@example.com,Rotterdam,2023-09-24
5565,Finn,Mulder,+31600005565,finn.mulder5565@example.com,Utrecht,2022-09-23
5566,Ethan,Mulder,+31600005566,ethan.mulder5566@example.com,Nijmegen,2020-04-22
5567,Nina,Jansen,+31600005567,nina.jansen5567@example.com,Nijmegen,2020-08-27
5568,Milan,De Vries,+31600005568,milan.de vries5568@example.com,Eindhoven,2024-05-29
5569,Finn,Willems,+31600005569,finn.willems5569@example.com,Groningen,2024-07-12
5570,Daan,De Boer,+31600005570,daan.de boer5570@example.com,Tilburg,2024-02-12
5571,Emma,Peters,+31600005571,emma.peters5571@example.com,Eindhoven,2023-09-06
5572,Anna,Smit,+31600005572,anna.smit5572@example.com,Amsterdam,2021-03-28
5573,Julia,Visser,+31600005573,julia.visser5573@example.com,Almere,2023-12-24
5574,Oliver,Visser,+31600005574,oliver.visser5574@example.com,Utrecht,2020-08-10
5575,Lotte,Mulder,+31600005575,lotte.mulder5575@example.com,Rotterdam,2022-06-14
5576,Noah,Meijer,+31600005576,noah.meijer5576@example.com,Amsterdam,2021-04-24
5577,Oliver,Peters,+31600005577,oliver.peters5577@example.com,Almere,2022-01-28
5578,Sophia,Prins,+31600005578,sophia.prins5578@example.com,Nijmegen,2024-05-21
5579,Anna,Willems,+31600005579,anna.willems5579@example.com,Eindhoven,2023-06-26
5580,Lotte,Bos,+31600005580,lotte.bos5580@example.com,The Hague,2020-01-17
5581,Milan,Vos,+31600005581,milan.vos5581@example.com,Rotterdam,2020-08-29
5582,Sophia,Visser,+31600005582,sophia.visser5582@example.com,Tilburg,2020-09-29
5583,Finn,Kuiper,+31600005583,finn.kuiper5583@example.com,Eindhoven,2023-11-28
5584,Olivia,Prins,+31600005584,olivia.prins5584@example.com,Nijmegen,2020-03-23
5585,Julia,Kuiper,+31600005585,julia.kuiper5585@example.com,Almere,2023-12-01
5586,Milan,Hendriks,+31600005586,milan.hendriks5586@example.com,Rotterdam,2022-08-08
5587,Ethan,Peters,+31600005587,ethan.peters5587@example.com,Almere,2021-02-12
5588,Sara,Schouten,+31600005588,sara.schouten5588@example.com,Breda,2023-08-26
5589,Lotte,Peters,+31600005589,lotte.peters5589@example.com,The Hague,2021-01-11
5590,Daan,Bos,+31600005590,daan.bos5590@example.com,The Hague,2021-04-24
5591,Nina,Jacobs,+31600005591,nina.jacobs5591@example.com,Breda,2024-01-09
5592,Oliver,Kok,+31600005592,oliver.kok5592@example.com,Eindhoven,2021-07-03
5593,Sara,Willems,+31600005593,sara.willems5593@example.com,The Hague,2024-02-27
5594,Liam,Willems,+31600005594,liam.willems5594@example.com,Eindhoven,2023-10-01
5595,Sara,Prins,+31600005595,sara.prins5595@example.com,Amsterdam,2022-09-12
5596,Olivia,Vos,+31600005596,olivia.vos5596@example.com,The Hague,2023-05-12
5597,Julia,Kok,+31600005597,julia.kok5597@example.com,Utrecht,2020-10-06
5598,Ethan,De Boer,+31600005598,ethan.de boer5598@example.com,Rotterdam,2023-08-13
5599,Julia,Mulder,+31600005599,julia.mulder5599@example.com,Eindhoven,2024-03-07
5600,Finn,Bos,+31600005600,finn.bos5600@example.com,Breda,2020-05-18
5601,Olivia,Vos,+31600005601,olivia.vos5601@example.com,The Hague,2020-03-29
5602,Olivia,Kok,+31600005602,olivia.kok5602@example.com,Utrecht,2024-03-25
5603,Nina,Bos,+31600005603,nina.bos5603@example.com,The Hague,2022-01-23
5604,Emma,Bos,+31600005604,emma.bos5604@example.com,Breda,2024-02-11
5605,Milan,Jansen,+31600005605,milan.jansen5605@example.com,Almere,2023-08-08
5606,Levi,Kok,+31600005606,levi.kok5606@example.com,Utrecht,2020-01-24
5607,Levi,Dekker,+31600005607,levi.dekker5607@example.com,Breda,2024-09-24
5608,Lucas,Bakker,+31600005608,lucas.bakker5608@example.com,Rotterdam,2021-07-18
5609,Eva,Van Dijk,+31600005609,eva.van dijk5609@example.com,Rotterdam,2022-02-11
5610,Emma,Hendriks,+31600005610,emma.hendriks5610@example.com,Amsterdam,2020-02-28
5611,Lotte,Kok,+31600005611,lotte.kok5611@example.com,Groningen,2023-06-28
5612,Anna,Hendriks,+31600005612,anna.hendriks5612@example.com,Tilburg,2023-09-23
5613,Olivia,Mulder,+31600005613,olivia.mulder5613@example.com,Tilburg,2021-01-08
5614,Noah,Vos,+31600005614,noah.vos5614@example.com,Eindhoven,2020-10-18
5615,Lotte,Kuiper,+31600005615,lotte.kuiper5615@example.com,Rotterdam,2023-09-23
5616,Anna,Mulder,+31600005616,anna.mulder5616@example.com,Tilburg,2021-06-05
5617,Mila,Smit,+31600005617,mila.smit5617@example.com,Tilburg,2024-08-31
5618,Emma,Vos,+31600005618,emma.vos5618@example.com,Eindhoven,2020-10-07
5619,Julia,Willems,+31600005619,julia.willems5619@example.com,Tilburg,2022-10-27
5620,Emma,Willems,+31600005620,emma.willems5620@example.com,The Hague,2021-11-17
5621,Liam,Schouten,+31600005621,liam.schouten5621@example.com,Utrecht,2020-10-05
5622,Lucas,Vos,+31600005622,lucas.vos5622@example.com,Amsterdam,2023-09-28
5623,Mila,Dekker,+31600005623,mila.dekker5623@example.com,Nijmegen,2024-11-08
5624,Levi,Van Dijk,+31600005624,levi.van dijk5624@example.com,Nijmegen,2023-07-31
5625,Oliver,Bos,+31600005625,oliver.bos5625@example.com,Groningen,2021-04-14
5626,Olivia,Prins,+31600005626,olivia.prins5626@example.com,The Hague,2020-07-02
5627,Finn,Willems,+31600005627,finn.willems5627@example.com,Rotterdam,2024-07-15
5628,Mila,Prins,+31600005628,mila.prins5628@example.com,Rotterdam,2021-07-29
5629,Milan,De Boer,+31600005629,milan.de boer5629@example.com,Almere,2021-05-19
5630,Nina,Prins,+31600005630,nina.prins5630@example.com,Groningen,2020-10-08
5631,Liam,Van Dijk,+31600005631,liam.van dijk5631@example.com,Utrecht,2020-01-01
5632,Mason,Dekker,+31600005632,mason.dekker5632@example.com,The Hague,2021-08-03
5633,Mason,Schouten,+31600005633,mason.schouten5633@example.com,Tilburg,2022-08-02
5634,Daan,Peters,+31600005634,daan.peters5634@example.com,Amsterdam,2023-08-03
5635,Milan,Willems,+31600005635,milan.willems5635@example.com,Nijmegen,2023-09-26
5636,Ethan,Visser,+31600005636,ethan.visser5636@example.com,Nijmegen,2020-04-08
5637,Daan,Schouten,+31600005637,daan.schouten5637@example.com,Nijmegen,2023-02-15
5638,Milan,Schouten,+31600005638,milan.schouten5638@example.com,Amsterdam,2022-08-10
5639,Mila,De Boer,+31600005639,mila.de boer5639@example.com,Nijmegen,2023-11-12
5640,Levi,Van Dijk,+31600005640,levi.van dijk5640@example.com,Nijmegen,2024-09-29
5641,Mason,Prins,+31600005641,mason.prins5641@example.com,Breda,2022-07-18
5642,Julia,Peters,+31600005642,julia.peters5642@example.com,The Hague,2021-03-12
5643,Sara,Jacobs,+31600005643,sara.jacobs5643@example.com,Almere,2023-07-19
5644,Daan,Bos,+31600005644,daan.bos5644@example.com,Almere,2023-04-12
5645,Milan,Bos,+31600005645,milan.bos5645@example.com,Amsterdam,2021-11-25
5646,Mila,Jansen,+31600005646,mila.jansen5646@example.com,Groningen,2023-07-24
5647,Sara,Meijer,+31600005647,sara.meijer5647@example.com,Rotterdam,2024-10-07
5648,Sophia,Jacobs,+31600005648,sophia.jacobs5648@example.com,Amsterdam,2024-10-08
5649,Nina,Kok,+31600005649,nina.kok5649@example.com,Eindhoven,2020-03-06
5650,Sara,De Boer,+31600005650,sara.de boer5650@example.com,Amsterdam,2021-07-11
5651,Mason,Bos,+31600005651,mason.bos5651@example.com,Almere,2023-07-09
5652,Daan,Jansen,+31600005652,daan.jansen5652@example.com,Eindhoven,2020-04-22
5653,Olivia,Peters,+31600005653,olivia.peters5653@example.com,Nijmegen,2023-11-29
5654,Ethan,Mulder,+31600005654,ethan.mulder5654@example.com,Breda,2023-08-28
5655,Levi,Smit,+31600005655,levi.smit5655@example.com,Almere,2021-03-27
5656,Levi,Mulder,+31600005656,levi.mulder5656@example.com,Amsterdam,2020-12-26
5657,Sara,Meijer,+31600005657,sara.meijer5657@example.com,Breda,2022-05-08
5658,Mila,Peters,+31600005658,mila.peters5658@example.com,Amsterdam,2020-01-03
5659,Anna,Schouten,+31600005659,anna.schouten5659@example.com,Utrecht,2024-03-20
5660,Eva,Willems,+31600005660,eva.willems5660@example.com,Rotterdam,2023-10-14
5661,Finn,Hendriks,+31600005661,finn.hendriks5661@example.com,The Hague,2023-06-06
5662,Anna,Schouten,+31600005662,anna.schouten5662@example.com,Breda,2020-10-26
5663,Julia,Dekker,+31600005663,julia.dekker5663@example.com,Amsterdam,2021-10-22
5664,Oliver,Vos,+31600005664,oliver.vos5664@example.com,Tilburg,2021-07-27
5665,Liam,Jacobs,+31600005665,liam.jacobs5665@example.com,The Hague,2024-04-07
5666,Liam,Dekker,+31600005666,liam.dekker5666@example.com,Eindhoven,2021-10-16
5667,Nina,Hendriks,+31600005667,nina.hendriks5667@example.com,Tilburg,2023-08-13
5668,Emma,Peters,+31600005668,emma.peters5668@example.com,The Hague,2023-03-30
5669,Daan,De Boer,+31600005669,daan.de boer5669@example.com,Almere,2023-08-28
5670,Noah,Peters,+31600005670,noah.peters5670@example.com,Tilburg,2022-09-19
5671,Mila,Hendriks,+31600005671,mila.hendriks5671@example.com,Rotterdam,2022-10-31
5672,Julia,Bakker,+31600005672,julia.bakker5672@example.com,Nijmegen,2023-04-01
5673,Noah,Bos,+31600005673,noah.bos5673@example.com,Amsterdam,2023-03-20
5674,Oliver,Jacobs,+31600005674,oliver.jacobs5674@example.com,The Hague,2020-04-14
5675,Lotte,Bos,+31600005675,lotte.bos5675@example.com,The Hague,2022-07-21
5676,Anna,Prins,+31600005676,anna.prins5676@example.com,Amsterdam,2024-09-18
5677,Noah,Jacobs,+31600005677,noah.jacobs5677@example.com,Utrecht,2022-11-21
5678,Oliver,Dekker,+31600005678,oliver.dekker5678@example.com,Rotterdam,2020-11-02
5679,Finn,Kok,+31600005679,finn.kok5679@example.com,Eindhoven,2021-04-22
5680,Julia,Mulder,+31600005680,julia.mulder5680@example.com,Amsterdam,2021-06-19
5681,Oliver,Dekker,+31600005681,oliver.dekker5681@example.com,Almere,2023-05-11
5682,Nina,De Vries,+31600005682,nina.de vries5682@example.com,Utrecht,2021-02-01
5683,Milan,Hendriks,+31600005683,milan.hendriks5683@example.com,Utrecht,2022-04-13
5684,Emma,Smit,+31600005684,emma.smit5684@example.com,Rotterdam,2020-11-05
5685,Lucas,Willems,+31600005685,lucas.willems5685@example.com,Tilburg,2022-05-11
5686,Liam,Bakker,+31600005686,liam.bakker5686@example.com,The Hague,2024-09-21
5687,Levi,Kuiper,+31600005687,levi.kuiper5687@example.com,Amsterdam,2022-08-18
5688,Sara,Jacobs,+31600005688,sara.jacobs5688@example.com,Amsterdam,2024-11-08
5689,Noah,Bos,+31600005689,noah.bos5689@example.com,Nijmegen,2024-04-06
5690,Ethan,Prins,+31600005690,ethan.prins5690@example.com,Tilburg,2024-11-13
5691,Olivia,Vos,+31600005691,olivia.vos5691@example.com,Amsterdam,2024-09-21
5692,Eva,De Vries,+31600005692,eva.de vries5692@example.com,Nijmegen,2021-10-27
5693,Eva,Peters,+31600005693,eva.peters5693@example.com,Groningen,2020-11-05
5694,Olivia,Mulder,+31600005694,olivia.mulder5694@example.com,Nijmegen,2023-10-02
5695,Ethan,Willems,+31600005695,ethan.willems5695@example.com,The Hague,2021-12-16
5696,Lotte,Hendriks,+31600005696,lotte.hendriks5696@example.com,Almere,2020-02-23
5697,Anna,Visser,+31600005697,anna.visser5697@example.com,Almere,2023-10-16
5698,Lucas,Smit,+31600005698,lucas.smit5698@example.com,Utrecht,2023-06-30
5699,Oliver,Bos,+31600005699,oliver.bos5699@example.com,Almere,2023-04-28
5700,Daan,Hendriks,+31600005700,daan.hendriks5700@example.com,Almere,2020-03-22
5701,Olivia,Bos,+31600005701,olivia.bos5701@example.com,Nijmegen,2021-04-11
5702,Eva,De Boer,+31600005702,eva.de boer5702@example.com,Rotterdam,2024-01-12
5703,Lotte,Peters,+31600005703,lotte.peters5703@example.com,The Hague,2023-01-30
5704,Mason,Schouten,+31600005704,mason.schouten5704@example.com,Utrecht,2023-12-31
5705,Mila,Mulder,+31600005705,mila.mulder5705@example.com,Eindhoven,2023-01-11
5706,Milan,Hendriks,+31600005706,milan.hendriks5706@example.com,Groningen,2021-08-11
5707,Mila,Bakker,+31600005707,mila.bakker5707@example.com,Eindhoven,2024-07-16
5708,Anna,Bakker,+31600005708,anna.bakker5708@example.com,The Hague,2023-06-04
5709,Eva,Kuiper,+31600005709,eva.kuiper5709@example.com,Amsterdam,2020-11-15
5710,Julia,De Vries,+31600005710,julia.de vries5710@example.com,Eindhoven,2020-11-29
5711,Eva,Prins,+31600005711,eva.prins5711@example.com,Groningen,2021-10-28
5712,Lotte,Vos,+31600005712,lotte.vos5712@example.com,Rotterdam,2023-01-20
5713,Ethan,Kuiper,+31600005713,ethan.kuiper5713@example.com,Eindhoven,2021-12-31
5714,Oliver,Jacobs,+31600005714,oliver.jacobs5714@example.com,Breda,2024-07-01
5715,Ethan,Hendriks,+31600005715,ethan.hendriks5715@example.com,Utrecht,2021-05-01
5716,Levi,Peters,+31600005716,levi.peters5716@example.com,Utrecht,2022-11-07
5717,Noah,Meijer,+31600005717,noah.meijer5717@example.com,Amsterdam,2024-02-27
5718,Nina,Jacobs,+31600005718,nina.jacobs5718@example.com,Almere,2022-04-06
5719,Lotte,Prins,+31600005719,lotte.prins5719@example.com,Rotterdam,2023-06-27
5720,Finn,Prins,+31600005720,finn.prins5720@example.com,Utrecht,2023-02-22
5721,Daan,Prins,+31600005721,daan.prins5721@example.com,Tilburg,2021-04-04
5722,Lotte,Van Dijk,+31600005722,lotte.van dijk5722@example.com,Breda,2022-09-19
5723,Oliver,Kuiper,+31600005723,oliver.kuiper5723@example.com,Breda,2024-02-10
5724,Mason,Smit,+31600005724,mason.smit5724@example.com,Amsterdam,2021-05-20
5725,Anna,Vos,+31600005725,anna.vos5725@example.com,Utrecht,2021-07-25
5726,Oliver,Mulder,+31600005726,oliver.mulder5726@example.com,Groningen,2024-08-24
5727,Ethan,Prins,+31600005727,ethan.prins5727@example.com,Tilburg,2023-09-07
5728,Eva,Prins,+31600005728,eva.prins5728@example.com,Eindhoven,2021-05-01
5729,Lucas,De Vries,+31600005729,lucas.de vries5729@example.com,Utrecht,2021-11-28
5730,Sara,Peters,+31600005730,sara.peters5730@example.com,Rotterdam,2024-08-04
5731,Finn,Van Dijk,+31600005731,finn.van dijk5731@example.com,Rotterdam,2023-10-11
5732,Oliver,De Vries,+31600005732,oliver.de vries5732@example.com,The Hague,2021-06-13
5733,Oliver,Meijer,+31600005733,oliver.meijer5733@example.com,Almere,2022-07-04
5734,Lotte,Dekker,+31600005734,lotte.dekker5734@example.com,Eindhoven,2021-09-22
5735,Levi,Meijer,+31600005735,levi.meijer5735@example.com,Groningen,2020-04-17
5736,Ethan,Smit,+31600005736,ethan.smit5736@example.com,Tilburg,2024-01-13
5737,Milan,Dekker,+31600005737,milan.dekker5737@example.com,Amsterdam,2020-09-18
5738,Eva,Hendriks,+31600005738,eva.hendriks5738@example.com,Rotterdam,2021-02-07
5739,Levi,Mulder,+31600005739,levi.mulder5739@example.com,Amsterdam,2024-08-24
5740,Sara,Mulder,+31600005740,sara.mulder5740@example.com,The Hague,2023-03-21
5741,Julia,Jacobs,+31600005741,julia.jacobs5741@example.com,Rotterdam,2024-10-24
5742,Eva,Jansen,+31600005742,eva.jansen5742@example.com,Tilburg,2023-07-22
5743,Mason,Jacobs,+31600005743,mason.jacobs5743@example.com,Eindhoven,2020-05-22
5744,Ethan,Jansen,+31600005744,ethan.jansen5744@example.com,Nijmegen,2020-04-27
5745,Anna,Smit,+31600005745,anna.smit5745@example.com,Utrecht,2023-10-14
5746,Lucas,De Vries,+31600005746,lucas.de vries5746@example.com,Amsterdam,2021-03-18
5747,Eva,De Vries,+31600005747,eva.de vries5747@example.com,Rotterdam,2023-06-07
5748,Oliver,De Boer,+31600005748,oliver.de boer5748@example.com,Utrecht,2022-11-30
5749,Oliver,Kok,+31600005749,oliver.kok5749@example.com,Rotterdam,2024-07-15
5750,Lotte,Vos,+31600005750,lotte.vos5750@example.com,Rotterdam,2021-06-07
5751,Levi,Jacobs,+31600005751,levi.jacobs5751@example.com,Utrecht,2022-06-25
5752,Liam,De Vries,+31600005752,liam.de vries5752@example.com,The Hague,2020-05-29
5753,Eva,Van Dijk,+31600005753,eva.van dijk5753@example.com,Almere,2023-12-03
5754,Lotte,Kuiper,+31600005754,lotte.kuiper5754@example.com,Utrecht,2021-06-29
5755,Mason,Bos,+31600005755,mason.bos5755@example.com,Rotterdam,2021-09-06
5756,Noah,De Vries,+31600005756,noah.de vries5756@example.com,Rotterdam,2023-04-20
5757,Sophia,Hendriks,+31600005757,sophia.hendriks5757@example.com,Almere,2024-05-23
5758,Liam,Bakker,+31600005758,liam.bakker5758@example.com,Amsterdam,2021-11-28
5759,Mason,Prins,+31600005759,mason.prins5759@example.com,Almere,2024-03-31
5760,Levi,Jacobs,+31600005760,levi.jacobs5760@example.com,Breda,2024-05-25
5761,Finn,Kuiper,+31600005761,finn.kuiper5761@example.com,Rotterdam,2022-06-03
5762,Anna,Jacobs,+31600005762,anna.jacobs5762@example.com,Rotterdam,2021-12-07
5763,Mila,Jacobs,+31600005763,mila.jacobs5763@example.com,Groningen,2022-08-04
5764,Nina,Bos,+31600005764,nina.bos5764@example.com,Amsterdam,2022-02-15
5765,Lotte,Willems,+31600005765,lotte.willems5765@example.com,Eindhoven,2023-06-06
5766,Emma,Kuiper,+31600005766,emma.kuiper5766@example.com,Utrecht,2023-03-10
5767,Liam,Schouten,+31600005767,liam.schouten5767@example.com,Utrecht,2023-10-11
5768,Ethan,Vos,+31600005768,ethan.vos5768@example.com,Amsterdam,2024-03-09
5769,Emma,Vos,+31600005769,emma.vos5769@example.com,The Hague,2023-09-04
5770,Sara,Jansen,+31600005770,sara.jansen5770@example.com,Amsterdam,2022-09-02
5771,Liam,Smit,+31600005771,liam.smit5771@example.com,Rotterdam,2020-04-27
5772,Milan,Vos,+31600005772,milan.vos5772@example.com,Groningen,2020-11-30
5773,Finn,Vos,+31600005773,finn.vos5773@example.com,Rotterdam,2024-09-24
5774,Lotte,Jansen,+31600005774,lotte.jansen5774@example.com,Eindhoven,2024-05-06
5775,Emma,Kok,+31600005775,emma.kok5775@example.com,Rotterdam,2020-01-24
5776,Daan,Van Dijk,+31600005776,daan.van dijk5776@example.com,Utrecht,2022-05-01
5777,Ethan,Peters,+31600005777,ethan.peters5777@example.com,Tilburg,2021-12-25
5778,Mila,Van Dijk,+31600005778,mila.van dijk5778@example.com,Nijmegen,2022-10-11
5779,Levi,Visser,+31600005779,levi.visser5779@example.com,Rotterdam,2020-01-11
5780,Eva,Kok,+31600005780,eva.kok5780@example.com,Rotterdam,2020-03-11
5781,Eva,Hendriks,+31600005781,eva.hendriks5781@example.com,Groningen,2022-12-26
5782,Milan,De Vries,+31600005782,milan.de vries5782@example.com,Eindhoven,2021-05-21
5783,Olivia,Vos,+31600005783,olivia.vos5783@example.com,Groningen,2020-10-05
5784,Levi,Bos,+31600005784,levi.bos5784@example.com,Eindhoven,2022-02-08
5785,Sophia,Prins,+31600005785,sophia.prins5785@example.com,Tilburg,2024-06-07
5786,Nina,Dekker,+31600005786,nina.dekker5786@example.com,Groningen,2024-01-29
5787,Sophia,Willems,+31600005787,sophia.willems5787@example.com,Nijmegen,2023-09-01
5788,Mason,Visser,+31600005788,mason.visser5788@example.com,Groningen,2020-05-10
5789,Mason,Willems,+31600005789,mason.willems5789@example.com,Almere,2021-07-12
5790,Anna,Schouten,+31600005790,anna.schouten5790@example.com,Almere,2023-12-30
5791,Lotte,Dekker,+31600005791,lotte.dekker5791@example.com,Almere,2021-04-11
5792,Eva,Bakker,+31600005792,eva.bakker5792@example.com,Amsterdam,2023-11-17
5793,Liam,Kuiper,+31600005793,liam.kuiper5793@example.com,Amsterdam,2022-01-16
5794,Nina,Jansen,+31600005794,nina.jansen5794@example.com,Nijmegen,2024-08-04
5795,Anna,Prins,+31600005795,anna.prins5795@example.com,Amsterdam,2020-02-09
5796,Anna,De Boer,+31600005796,anna.de boer5796@example.com,Breda,2023-04-11
5797,Lotte,Hendriks,+31600005797,lotte.hendriks5797@example.com,Utrecht,2021-12-14
5798,Lucas,Kok,+31600005798,lucas.kok5798@example.com,Breda,2020-10-31
5799,Lucas,Smit,+31600005799,lucas.smit5799@example.com,Amsterdam,2020-05-19
5800,Olivia,Jansen,+31600005800,olivia.jansen5800@example.com,Utrecht,2021-10-19
5801,Levi,Kuiper,+31600005801,levi.kuiper5801@example.com,Utrecht,2024-06-06
5802,Ethan,Van Dijk,+31600005802,ethan.van dijk5802@example.com,Utrecht,2023-03-24
5803,Anna,Dekker,+31600005803,anna.dekker5803@example.com,Eindhoven,2021-09-04
5804,Mila,Smit,+31600005804,mila.smit5804@example.com,Eindhoven,2020-02-04
5805,Finn,Van Dijk,+31600005805,finn.van dijk5805@example.com,Nijmegen,2021-09-19
5806,Mila,De Boer,+31600005806,mila.de boer5806@example.com,The Hague,2022-09-13
5807,Mason,Meijer,+31600005807,mason.meijer5807@example.com,Amsterdam,2023-05-01
5808,Daan,Jacobs,+31600005808,daan.jacobs5808@example.com,Amsterdam,2020-03-14
5809,Julia,Visser,+31600005809,julia.visser5809@example.com,Amsterdam,2024-07-16
5810,Emma,De Boer,+31600005810,emma.de boer5810@example.com,Breda,2021-05-02
5811,Oliver,Dekker,+31600005811,oliver.dekker5811@example.com,Eindhoven,2020-08-10
5812,Noah,Kok,+31600005812,noah.kok5812@example.com,The Hague,2022-09-13
5813,Olivia,Kok,+31600005813,olivia.kok5813@example.com,Groningen,2024-06-11
5814,Mason,Dekker,+31600005814,mason.dekker5814@example.com,Nijmegen,2023-04-16
5815,Lucas,Dekker,+31600005815,lucas.dekker5815@example.com,Rotterdam,2020-12-05
5816,Levi,Mulder,+31600005816,levi.mulder5816@example.com,Breda,2021-04-17
5817,Eva,Smit,+31600005817,eva.smit5817@example.com,Tilburg,2022-03-23
5818,Eva,Visser,+31600005818,eva.visser5818@example.com,Eindhoven,2020-12-26
5819,Liam,Bos,+31600005819,liam.bos5819@example.com,Rotterdam,2024-07-25
5820,Milan,De Vries,+31600005820,milan.de vries5820@example.com,The Hague,2022-10-22
5821,Lotte,Smit,+31600005821,lotte.smit5821@example.com,Groningen,2020-01-21
5822,Finn,Meijer,+31600005822,finn.meijer5822@example.com,Breda,2021-01-26
5823,Liam,Mulder,+31600005823,liam.mulder5823@example.com,Groningen,2021-02-15
5824,Noah,Peters,+31600005824,noah.peters5824@example.com,Eindhoven,2023-05-12
5825,Nina,Bakker,+31600005825,nina.bakker5825@example.com,Groningen,2020-01-11
5826,Sophia,De Boer,+31600005826,sophia.de boer5826@example.com,Eindhoven,2024-02-17
5827,Ethan,Kuiper,+31600005827,ethan.kuiper5827@example.com,Amsterdam,2022-10-18
5828,Olivia,Peters,+31600005828,olivia.peters5828@example.com,Groningen,2024-08-08
5829,Mason,Bakker,+31600005829,mason.bakker5829@example.com,The Hague,2023-09-17
5830,Olivia,Hendriks,+31600005830,olivia.hendriks5830@example.com,Amsterdam,2023-04-17
5831,Finn,Kuiper,+31600005831,finn.kuiper5831@example.com,Utrecht,2022-03-22
5832,Sophia,Jacobs,+31600005832,sophia.jacobs5832@example.com,Rotterdam,2022-02-28
5833,Finn,Meijer,+31600005833,finn.meijer5833@example.com,Groningen,2022-07-09
5834,Noah,Visser,+31600005834,noah.visser5834@example.com,Eindhoven,2020-10-28
5835,Levi,Kok,+31600005835,levi.kok5835@example.com,Tilburg,2022-01-07
5836,Lotte,Dekker,+31600005836,lotte.dekker5836@example.com,Tilburg,2022-12-30
5837,Oliver,Bos,+31600005837,oliver.bos5837@example.com,The Hague,2023-12-10
5838,Finn,Vos,+31600005838,finn.vos5838@example.com,Breda,2020-04-22
5839,Olivia,Meijer,+31600005839,olivia.meijer5839@example.com,Groningen,2022-03-27
5840,Ethan,Schouten,+31600005840,ethan.schouten5840@example.com,Groningen,2024-11-12
5841,Daan,Vos,+31600005841,daan.vos5841@example.com,Breda,2020-07-20
5842,Liam,Van Dijk,+31600005842,liam.van dijk5842@example.com,Amsterdam,2021-02-26
5843,Lotte,Smit,+31600005843,lotte.smit5843@example.com,Almere,2023-01-03
5844,Lucas,Mulder,+31600005844,lucas.mulder5844@example.com,The Hague,2021-11-12
5845,Lotte,De Vries,+31600005845,lotte.de vries5845@example.com,Amsterdam,2023-09-16
5846,Daan,Jacobs,+31600005846,daan.jacobs5846@example.com,Amsterdam,2020-03-21
5847,Lotte,Dekker,+31600005847,lotte.dekker5847@example.com,Rotterdam,2021-12-05
5848,Eva,Visser,+31600005848,eva.visser5848@example.com,Tilburg,2023-06-06
5849,Levi,Meijer,+31600005849,levi.meijer5849@example.com,Amsterdam,2020-06-01
5850,Sophia,Van Dijk,+31600005850,sophia.van dijk5850@example.com,Rotterdam,2021-03-12
5851,Liam,Prins,+31600005851,liam.prins5851@example.com,Breda,2024-02-11
5852,Olivia,Schouten,+31600005852,olivia.schouten5852@example.com,Tilburg,2024-11-22
5853,Lotte,Bos,+31600005853,lotte.bos5853@example.com,Almere,2024-02-21
5854,Sophia,Schouten,+31600005854,sophia.schouten5854@example.com,Amsterdam,2023-02-25
5855,Sophia,Kok,+31600005855,sophia.kok5855@example.com,Rotterdam,2022-06-29
5856,Mila,De Boer,+31600005856,mila.de boer5856@example.com,Amsterdam,2021-05-22
5857,Daan,Kuiper,+31600005857,daan.kuiper5857@example.com,Utrecht,2023-01-12
5858,Lotte,De Boer,+31600005858,lotte.de boer5858@example.com,Utrecht,2020-07-24
5859,Levi,Visser,+31600005859,levi.visser5859@example.com,Groningen,2022-11-23
5860,Finn,Prins,+31600005860,finn.prins5860@example.com,Groningen,2020-06-08
5861,Mason,Smit,+31600005861,mason.smit5861@example.com,Nijmegen,2021-03-07
5862,Olivia,Vos,+31600005862,olivia.vos5862@example.com,Utrecht,2020-01-24
5863,Oliver,Jacobs,+31600005863,oliver.jacobs5863@example.com,Utrecht,2020-09-10
5864,Liam,Smit,+31600005864,liam.smit5864@example.com,Breda,2022-10-20
5865,Eva,Peters,+31600005865,eva.peters5865@example.com,Amsterdam,2021-02-14
5866,Lucas,Vos,+31600005866,lucas.vos5866@example.com,The Hague,2022-04-08
5867,Mason,Hendriks,+31600005867,mason.hendriks5867@example.com,Rotterdam,2021-12-25
5868,Mila,Jansen,+31600005868,mila.jansen5868@example.com,Rotterdam,2021-09-24
5869,Emma,Smit,+31600005869,emma.smit5869@example.com,Breda,2023-06-25
5870,Lucas,Vos,+31600005870,lucas.vos5870@example.com,Eindhoven,2022-01-09
5871,Anna,Bos,+31600005871,anna.bos5871@example.com,Eindhoven,2023-04-11
5872,Olivia,Van Dijk,+31600005872,olivia.van dijk5872@example.com,Amsterdam,2022-05-15
5873,Mila,Van Dijk,+31600005873,mila.van dijk5873@example.com,Breda,2020-10-19
5874,Mason,Willems,+31600005874,mason.willems5874@example.com,Almere,2020-03-15
5875,Milan,Jacobs,+31600005875,milan.jacobs5875@example.com,Breda,2023-12-26
5876,Nina,Jacobs,+31600005876,nina.jacobs5876@example.com,Amsterdam,2023-05-27
5877,Levi,Van Dijk,+31600005877,levi.van dijk5877@example.com,Groningen,2024-07-12
5878,Olivia,De Vries,+31600005878,olivia.de vries5878@example.com,Almere,2022-12-10
5879,Finn,Willems,+31600005879,finn.willems5879@example.com,Groningen,2023-01-21
5880,Oliver,Jansen,+31600005880,oliver.jansen5880@example.com,Eindhoven,2021-04-29
5881,Emma,Visser,+31600005881,emma.visser5881@example.com,Breda,2020-12-28
5882,Lucas,Jacobs,+31600005882,lucas.jacobs5882@example.com,Amsterdam,2024-03-24
5883,Milan,Schouten,+31600005883,milan.schouten5883@example.com,Groningen,2021-04-03
5884,Oliver,Prins,+31600005884,oliver.prins5884@example.com,Breda,2020-08-04
5885,Ethan,Prins,+31600005885,ethan.prins5885@example.com,The Hague,2022-10-13
5886,Olivia,Prins,+31600005886,olivia.prins5886@example.com,Almere,2022-11-30
5887,Liam,Bakker,+31600005887,liam.bakker5887@example.com,Almere,2024-01-15
5888,Nina,Kok,+31600005888,nina.kok5888@example.com,Rotterdam,2020-12-24
5889,Anna,Schouten,+31600005889,anna.schouten5889@example.com,Utrecht,2020-04-01
5890,Liam,Willems,+31600005890,liam.willems5890@example.com,Groningen,2020-03-28
5891,Nina,Bos,+31600005891,nina.bos5891@example.com,Rotterdam,2020-11-30
5892,Oliver,Hendriks,+31600005892,oliver.hendriks5892@example.com,Almere,2020-07-03
5893,Lucas,Mulder,+31600005893,lucas.mulder5893@example.com,Almere,2020-01-12
5894,Oliver,Willems,+31600005894,oliver.willems5894@example.com,Groningen,2021-02-12
5895,Liam,Hendriks,+31600005895,liam.hendriks5895@example.com,Groningen,2024-05-25
5896,Lotte,Kuiper,+31600005896,lotte.kuiper5896@example.com,Breda,2023-09-12
5897,Oliver,Kuiper,+31600005897,oliver.kuiper5897@example.com,Tilburg,2023-03-07
5898,Liam,Schouten,+31600005898,liam.schouten5898@example.com,Breda,2022-10-05
5899,Anna,Schouten,+31600005899,anna.schouten5899@example.com,Eindhoven,2022-12-29
5900,Oliver,Schouten,+31600005900,oliver.schouten5900@example.com,Breda,2022-02-27
5901,Nina,Jacobs,+31600005901,nina.jacobs5901@example.com,The Hague,2020-10-29
5902,Sophia,Bos,+31600005902,sophia.bos5902@example.com,Rotterdam,2021-09-14
5903,Finn,Willems,+31600005903,finn.willems5903@example.com,Nijmegen,2021-06-26
5904,Liam,Peters,+31600005904,liam.peters5904@example.com,Utrecht,2021-07-17
5905,Anna,Bos,+31600005905,anna.bos5905@example.com,Groningen,2020-11-04
5906,Lucas,Willems,+31600005906,lucas.willems5906@example.com,Breda,2024-04-20
5907,Nina,Jansen,+31600005907,nina.jansen5907@example.com,Tilburg,2020-04-06
5908,Oliver,Kuiper,+31600005908,oliver.kuiper5908@example.com,The Hague,2021-08-12
5909,Nina,Prins,+31600005909,nina.prins5909@example.com,The Hague,2020-06-24
5910,Lucas,Kok,+31600005910,lucas.kok5910@example.com,Utrecht,2020-11-04
5911,Milan,Bos,+31600005911,milan.bos5911@example.com,Groningen,2023-02-27
5912,Finn,Smit,+31600005912,finn.smit5912@example.com,Groningen,2022-12-13
5913,Mason,Prins,+31600005913,mason.prins5913@example.com,Breda,2022-01-04
5914,Mila,Jacobs,+31600005914,mila.jacobs5914@example.com,Tilburg,2022-03-22
5915,Ethan,Bos,+31600005915,ethan.bos5915@example.com,The Hague,2023-09-08
5916,Mason,De Boer,+31600005916,mason.de boer5916@example.com,Breda,2022-03-12
5917,Emma,Bakker,+31600005917,emma.bakker5917@example.com,The Hague,2023-01-09
5918,Sophia,Jacobs,+31600005918,sophia.jacobs5918@example.com,Groningen,2024-05-16
5919,Liam,Meijer,+31600005919,liam.meijer5919@example.com,Breda,2021-08-26
5920,Lucas,Smit,+31600005920,lucas.smit5920@example.com,Nijmegen,2022-09-29
5921,Olivia,Van Dijk,+31600005921,olivia.van dijk5921@example.com,The Hague,2024-02-20
5922,Eva,Jansen,+31600005922,eva.jansen5922@example.com,Groningen,2022-10-02
5923,Lucas,Meijer,+31600005923,lucas.meijer5923@example.com,Almere,2022-07-24
5924,Eva,Kok,+31600005924,eva.kok5924@example.com,Eindhoven,2024-08-10
5925,Anna,Meijer,+31600005925,anna.meijer5925@example.com,Breda,2024-07-07
5926,Sophia,Hendriks,+31600005926,sophia.hendriks5926@example.com,Utrecht,2021-11-26
5927,Nina,Van Dijk,+31600005927,nina.van dijk5927@example.com,Eindhoven,2023-05-07
5928,Nina,Van Dijk,+31600005928,nina.van dijk5928@example.com,Eindhoven,2023-02-15
5929,Olivia,Mulder,+31600005929,olivia.mulder5929@example.com,Amsterdam,2020-02-28
5930,Sophia,De Boer,+31600005930,sophia.de boer5930@example.com,Utrecht,2020-06-21
5931,Ethan,De Vries,+31600005931,ethan.de vries5931@example.com,Eindhoven,2024-06-17
5932,Mason,Bakker,+31600005932,mason.bakker5932@example.com,Tilburg,2020-03-21
5933,Julia,Peters,+31600005933,julia.peters5933@example.com,Amsterdam,2024-03-15
5934,Nina,Smit,+31600005934,nina.smit5934@example.com,Eindhoven,2024-08-09
5935,Nina,Van Dijk,+31600005935,nina.van dijk5935@example.com,Nijmegen,2024-08-24
5936,Anna,Bakker,+31600005936,anna.bakker5936@example.com,Tilburg,2024-06-15
5937,Olivia,De Boer,+31600005937,olivia.de boer5937@example.com,Groningen,2022-09-08
5938,Noah,De Vries,+31600005938,noah.de vries5938@example.com,Utrecht,2022-11-16
5939,Levi,Dekker,+31600005939,levi.dekker5939@example.com,Almere,2024-06-11
5940,Noah,Meijer,+31600005940,noah.meijer5940@example.com,Nijmegen,2024-12-01
5941,Liam,De Boer,+31600005941,liam.de boer5941@example.com,Breda,2023-07-29
5942,Finn,Kok,+31600005942,finn.kok5942@example.com,Tilburg,2024-06-18
5943,Oliver,Jacobs,+31600005943,oliver.jacobs5943@example.com,Tilburg,2023-07-19
5944,Mason,Meijer,+31600005944,mason.meijer5944@example.com,Tilburg,2023-07-23
5945,Ethan,Vos,+31600005945,ethan.vos5945@example.com,Rotterdam,2022-12-26
5946,Olivia,Meijer,+31600005946,olivia.meijer5946@example.com,Rotterdam,2024-07-31
5947,Daan,Jansen,+31600005947,daan.jansen5947@example.com,Groningen,2023-10-20
5948,Mason,Jansen,+31600005948,mason.jansen5948@example.com,Breda,2024-01-18
5949,Sara,Meijer,+31600005949,sara.meijer5949@example.com,Rotterdam,2020-09-15
5950,Levi,De Boer,+31600005950,levi.de boer5950@example.com,Nijmegen,2020-02-11
5951,Noah,Kuiper,+31600005951,noah.kuiper5951@example.com,Almere,2022-10-12
5952,Finn,Kuiper,+31600005952,finn.kuiper5952@example.com,Almere,2020-05-28
5953,Nina,Meijer,+31600005953,nina.meijer5953@example.com,Almere,2023-01-06
5954,Emma,Kuiper,+31600005954,emma.kuiper5954@example.com,Eindhoven,2022-10-27
5955,Eva,Kuiper,+31600005955,eva.kuiper5955@example.com,Almere,2024-04-22
5956,Emma,Kuiper,+31600005956,emma.kuiper5956@example.com,Rotterdam,2024-06-07
5957,Milan,Prins,+31600005957,milan.prins5957@example.com,Almere,2023-01-27
5958,Anna,Jansen,+31600005958,anna.jansen5958@example.com,Groningen,2020-10-01
5959,Sara,Jansen,+31600005959,sara.jansen5959@example.com,Nijmegen,2021-10-20
5960,Julia,De Boer,+31600005960,julia.de boer5960@example.com,Nijmegen,2021-11-28
5961,Milan,Visser,+31600005961,milan.visser5961@example.com,Utrecht,2023-10-25
5962,Julia,Bakker,+31600005962,julia.bakker5962@example.com,Nijmegen,2023-07-04
5963,Mason,Schouten,+31600005963,mason.schouten5963@example.com,Tilburg,2023-09-07
5964,Lotte,Bakker,+31600005964,lotte.bakker5964@example.com,Breda,2021-01-24
5965,Mason,Bakker,+31600005965,mason.bakker5965@example.com,Nijmegen,2022-08-16
5966,Liam,Bos,+31600005966,liam.bos5966@example.com,The Hague,2023-01-22
5967,Ethan,Mulder,+31600005967,ethan.mulder5967@example.com,Almere,2022-09-08
5968,Mason,Peters,+31600005968,mason.peters5968@example.com,Eindhoven,2024-05-20
5969,Milan,Schouten,+31600005969,milan.schouten5969@example.com,The Hague,2022-06-30
5970,Olivia,Willems,+31600005970,olivia.willems5970@example.com,Utrecht,2024-07-13
5971,Emma,Bakker,+31600005971,emma.bakker5971@example.com,Nijmegen,2022-09-11
5972,Ethan,Mulder,+31600005972,ethan.mulder5972@example.com,The Hague,2021-12-01
5973,Eva,Jansen,+31600005973,eva.jansen5973@example.com,Eindhoven,2022-01-25
5974,Milan,Bos,+31600005974,milan.bos5974@example.com,Nijmegen,2024-09-22
5975,Ethan,Vos,+31600005975,ethan.vos5975@example.com,Almere,2021-02-26
5976,Mason,Dekker,+31600005976,mason.dekker5976@example.com,Groningen,2022-02-18
5977,Oliver,Willems,+31600005977,oliver.willems5977@example.com,Nijmegen,2023-12-10
5978,Sophia,Vos,+31600005978,sophia.vos5978@example.com,The Hague,2020-03-25
5979,Sophia,Van Dijk,+31600005979,sophia.van dijk5979@example.com,Utrecht,2020-12-10
5980,Liam,Smit,+31600005980,liam.smit5980@example.com,Nijmegen,2022-04-23
5981,Emma,Van Dijk,+31600005981,emma.van dijk5981@example.com,Nijmegen,2024-02-18
5982,Eva,Bakker,+31600005982,eva.bakker5982@example.com,Amsterdam,2023-06-29
5983,Emma,Dekker,+31600005983,emma.dekker5983@example.com,The Hague,2024-08-18
5984,Lotte,Bakker,+31600005984,lotte.bakker5984@example.com,Almere,2022-12-10
5985,Mason,Jansen,+31600005985,mason.jansen5985@example.com,Almere,2020-06-11
5986,Noah,Mulder,+31600005986,noah.mulder5986@example.com,Eindhoven,2021-06-27
5987,Lucas,Prins,+31600005987,lucas.prins5987@example.com,Almere,2024-11-09
5988,Ethan,Vos,+31600005988,ethan.vos5988@example.com,Almere,2021-09-27
5989,Liam,De Boer,+31600005989,liam.de boer5989@example.com,Utrecht,2021-03-09
5990,Liam,De Vries,+31600005990,liam.de vries5990@example.com,Almere,2023-11-11
5991,Mason,Bakker,+31600005991,mason.bakker5991@example.com,Groningen,2022-07-23
5992,Julia,Prins,+31600005992,julia.prins5992@example.com,Amsterdam,2023-03-26
5993,Mila,Peters,+31600005993,mila.peters5993@example.com,Rotterdam,2023-05-18
5994,Olivia,Smit,+31600005994,olivia.smit5994@example.com,Amsterdam,2024-03-20
5995,Mila,Willems,+31600005995,mila.willems5995@example.com,Eindhoven,2021-02-17
5996,Lucas,Hendriks,+31600005996,lucas.hendriks5996@example.com,Groningen,2023-04-04
5997,Levi,Van Dijk,+31600005997,levi.van dijk5997@example.com,Groningen,2022-01-20
5998,Milan,Jacobs,+31600005998,milan.jacobs5998@example.com,Nijmegen,2021-02-10
5999,Lucas,Hendriks,+31600005999,lucas.hendriks5999@example.com,Rotterdam,2020-11-19
6000,Daan,Meijer,+31600006000,daan.meijer6000@example.com,Almere,2023-07-17
6001,Sophia,De Vries,+31600006001,sophia.de vries6001@example.com,Rotterdam,2022-11-29
6002,Finn,Kok,+31600006002,finn.kok6002@example.com,Eindhoven,2021-05-23
6003,Emma,Smit,+31600006003,emma.smit6003@example.com,Utrecht,2022-12-03
6004,Daan,Kuiper,+31600006004,daan.kuiper6004@example.com,Breda,2022-10-07
6005,Lucas,Bos,+31600006005,lucas.bos6005@example.com,Tilburg,2020-03-07
6006,Finn,Vos,+31600006006,finn.vos6006@example.com,Breda,2023-03-06
6007,Liam,De Vries,+31600006007,liam.de vries6007@example.com,Tilburg,2023-06-11
6008,Mason,Jansen,+31600006008,mason.jansen6008@example.com,Nijmegen,2021-01-27
6009,Mila,Schouten,+31600006009,mila.schouten6009@example.com,Tilburg,2024-07-02
6010,Olivia,Bos,+31600006010,olivia.bos6010@example.com,Groningen,2021-03-17
6011,Julia,Van Dijk,+31600006011,julia.van dijk6011@example.com,Groningen,2020-08-26
6012,Mila,Schouten,+31600006012,mila.schouten6012@example.com,Tilburg,2020-12-12
6013,Liam,Kok,+31600006013,liam.kok6013@example.com,Almere,2022-12-18
6014,Oliver,De Vries,+31600006014,oliver.de vries6014@example.com,Utrecht,2024-12-03
6015,Julia,Peters,+31600006015,julia.peters6015@example.com,Groningen,2021-01-18
6016,Emma,Dekker,+31600006016,emma.dekker6016@example.com,Amsterdam,2024-08-23
6017,Julia,Mulder,+31600006017,julia.mulder6017@example.com,Almere,2023-11-07
6018,Ethan,Dekker,+31600006018,ethan.dekker6018@example.com,Groningen,2024-04-22
6019,Julia,Peters,+31600006019,julia.peters6019@example.com,Rotterdam,2024-01-01
6020,Daan,De Boer,+31600006020,daan.de boer6020@example.com,Eindhoven,2024-10-13
6021,Julia,Meijer,+31600006021,julia.meijer6021@example.com,Amsterdam,2023-09-29
6022,Mason,Dekker,+31600006022,mason.dekker6022@example.com,Rotterdam,2024-04-02
6023,Milan,Mulder,+31600006023,milan.mulder6023@example.com,The Hague,2021-10-27
6024,Julia,Schouten,+31600006024,julia.schouten6024@example.com,Utrecht,2023-06-15
6025,Emma,De Boer,+31600006025,emma.de boer6025@example.com,The Hague,2022-12-26
6026,Anna,Schouten,+31600006026,anna.schouten6026@example.com,Tilburg,2020-12-17
6027,Sara,Mulder,+31600006027,sara.mulder6027@example.com,Eindhoven,2023-10-21
6028,Julia,De Vries,+31600006028,julia.de vries6028@example.com,Eindhoven,2023-02-01
6029,Sophia,De Vries,+31600006029,sophia.de vries6029@example.com,Breda,2021-04-07
6030,Mason,Bakker,+31600006030,mason.bakker6030@example.com,Nijmegen,2022-06-29
6031,Anna,Smit,+31600006031,anna.smit6031@example.com,Amsterdam,2023-10-19
6032,Sara,Vos,+31600006032,sara.vos6032@example.com,Nijmegen,2022-03-08
6033,Finn,Vos,+31600006033,finn.vos6033@example.com,Groningen,2024-09-10
6034,Sara,De Vries,+31600006034,sara.de vries6034@example.com,Nijmegen,2022-03-25
6035,Noah,Kok,+31600006035,noah.kok6035@example.com,Groningen,2022-03-02
6036,Nina,Visser,+31600006036,nina.visser6036@example.com,Nijmegen,2021-08-13
6037,Lotte,De Boer,+31600006037,lotte.de boer6037@example.com,Eindhoven,2020-07-17
6038,Sara,Visser,+31600006038,sara.visser6038@example.com,Nijmegen,2024-06-02
6039,Sophia,Vos,+31600006039,sophia.vos6039@example.com,Breda,2021-01-21
6040,Noah,Vos,+31600006040,noah.vos6040@example.com,Amsterdam,2023-10-20
6041,Noah,De Boer,+31600006041,noah.de boer6041@example.com,Eindhoven,2023-11-03
6042,Noah,Meijer,+31600006042,noah.meijer6042@example.com,Rotterdam,2020-06-02
6043,Noah,Jacobs,+31600006043,noah.jacobs6043@example.com,Amsterdam,2023-08-18
6044,Noah,Jacobs,+31600006044,noah.jacobs6044@example.com,Rotterdam,2020-11-29
6045,Oliver,Dekker,+31600006045,oliver.dekker6045@example.com,Amsterdam,2022-09-17
6046,Lucas,Hendriks,+31600006046,lucas.hendriks6046@example.com,Eindhoven,2020-03-08
6047,Ethan,Van Dijk,+31600006047,ethan.van dijk6047@example.com,Tilburg,2023-01-13
6048,Levi,Bakker,+31600006048,levi.bakker6048@example.com,Tilburg,2020-01-04
6049,Daan,Mulder,+31600006049,daan.mulder6049@example.com,Groningen,2020-05-24
6050,Mila,Kok,+31600006050,mila.kok6050@example.com,Tilburg,2024-09-07
6051,Ethan,Dekker,+31600006051,ethan.dekker6051@example.com,Groningen,2020-09-25
6052,Milan,Hendriks,+31600006052,milan.hendriks6052@example.com,Almere,2022-10-24
6053,Olivia,Mulder,+31600006053,olivia.mulder6053@example.com,Rotterdam,2024-10-06
6054,Liam,Jacobs,+31600006054,liam.jacobs6054@example.com,Utrecht,2022-03-26
6055,Liam,De Boer,+31600006055,liam.de boer6055@example.com,Amsterdam,2024-06-18
6056,Milan,Dekker,+31600006056,milan.dekker6056@example.com,Groningen,2021-01-10
6057,Lucas,Jacobs,+31600006057,lucas.jacobs6057@example.com,Nijmegen,2023-02-28
6058,Lucas,Smit,+31600006058,lucas.smit6058@example.com,Almere,2022-03-15
6059,Anna,Schouten,+31600006059,anna.schouten6059@example.com,Rotterdam,2022-07-02
6060,Emma,Visser,+31600006060,emma.visser6060@example.com,The Hague,2021-01-27
6061,Eva,Kok,+31600006061,eva.kok6061@example.com,Breda,2021-07-06
6062,Julia,De Vries,+31600006062,julia.de vries6062@example.com,Nijmegen,2024-06-12
6063,Sara,Jacobs,+31600006063,sara.jacobs6063@example.com,Utrecht,2022-02-03
6064,Mila,Bakker,+31600006064,mila.bakker6064@example.com,Rotterdam,2022-01-22
6065,Mila,Peters,+31600006065,mila.peters6065@example.com,Tilburg,2024-07-30
6066,Oliver,Jansen,+31600006066,oliver.jansen6066@example.com,Nijmegen,2024-08-16
6067,Liam,Meijer,+31600006067,liam.meijer6067@example.com,Rotterdam,2021-12-08
6068,Finn,Jacobs,+31600006068,finn.jacobs6068@example.com,The Hague,2023-11-08
6069,Ethan,Bos,+31600006069,ethan.bos6069@example.com,The Hague,2021-11-07
6070,Finn,Visser,+31600006070,finn.visser6070@example.com,Nijmegen,2021-03-04
6071,Lucas,Bakker,+31600006071,lucas.bakker6071@example.com,Rotterdam,2022-05-29
6072,Emma,Kuiper,+31600006072,emma.kuiper6072@example.com,Groningen,2021-01-29
6073,Ethan,De Boer,+31600006073,ethan.de boer6073@example.com,Rotterdam,2020-11-27
6074,Milan,Dekker,+31600006074,milan.dekker6074@example.com,Nijmegen,2023-06-12
6075,Olivia,Bakker,+31600006075,olivia.bakker6075@example.com,Almere,2024-08-21
6076,Lotte,Jansen,+31600006076,lotte.jansen6076@example.com,Amsterdam,2023-05-13
6077,Lotte,Vos,+31600006077,lotte.vos6077@example.com,Tilburg,2020-05-23
6078,Lotte,Hendriks,+31600006078,lotte.hendriks6078@example.com,Rotterdam,2020-12-27
6079,Ethan,De Boer,+31600006079,ethan.de boer6079@example.com,The Hague,2020-11-21
6080,Sophia,De Vries,+31600006080,sophia.de vries6080@example.com,Nijmegen,2021-09-14
6081,Levi,Dekker,+31600006081,levi.dekker6081@example.com,Groningen,2020-07-08
6082,Liam,De Boer,+31600006082,liam.de boer6082@example.com,Utrecht,2023-03-20
6083,Olivia,Kuiper,+31600006083,olivia.kuiper6083@example.com,Tilburg,2020-10-25
6084,Levi,Bos,+31600006084,levi.bos6084@example.com,Nijmegen,2024-03-14
6085,Milan,Jansen,+31600006085,milan.jansen6085@example.com,Amsterdam,2021-10-04
6086,Noah,Bos,+31600006086,noah.bos6086@example.com,Groningen,2022-06-12
6087,Noah,Jacobs,+31600006087,noah.jacobs6087@example.com,Nijmegen,2022-03-16
6088,Mason,Meijer,+31600006088,mason.meijer6088@example.com,Breda,2024-09-18
6089,Levi,Vos,+31600006089,levi.vos6089@example.com,The Hague,2023-10-27
6090,Emma,Van Dijk,+31600006090,emma.van dijk6090@example.com,Nijmegen,2022-11-04
6091,Daan,De Vries,+31600006091,daan.de vries6091@example.com,Almere,2021-12-02
6092,Lotte,Bos,+31600006092,lotte.bos6092@example.com,Amsterdam,2023-03-17
6093,Lotte,Mulder,+31600006093,lotte.mulder6093@example.com,Almere,2023-04-28
6094,Emma,Schouten,+31600006094,emma.schouten6094@example.com,Eindhoven,2023-11-23
6095,Mason,Peters,+31600006095,mason.peters6095@example.com,Breda,2021-07-09
6096,Finn,De Vries,+31600006096,finn.de vries6096@example.com,Groningen,2024-04-04
6097,Sara,Meijer,+31600006097,sara.meijer6097@example.com,Tilburg,2020-12-05
6098,Nina,Van Dijk,+31600006098,nina.van dijk6098@example.com,The Hague,2022-07-11
6099,Oliver,Visser,+31600006099,oliver.visser6099@example.com,Rotterdam,2021-06-22
6100,Finn,Schouten,+31600006100,finn.schouten6100@example.com,Almere,2022-08-05
6101,Anna,Vos,+31600006101,anna.vos6101@example.com,Breda,2023-07-17
6102,Milan,Visser,+31600006102,milan.visser6102@example.com,Almere,2024-07-29
6103,Levi,Schouten,+31600006103,levi.schouten6103@example.com,Tilburg,2024-05-28
6104,Lotte,Kok,+31600006104,lotte.kok6104@example.com,Groningen,2023-05-06
6105,Oliver,Mulder,+31600006105,oliver.mulder6105@example.com,Almere,2021-10-15
6106,Eva,Vos,+31600006106,eva.vos6106@example.com,Breda,2022-09-15
6107,Olivia,Peters,+31600006107,olivia.peters6107@example.com,Nijmegen,2023-09-23
6108,Finn,Mulder,+31600006108,finn.mulder6108@example.com,The Hague,2024-01-19
6109,Lucas,Bakker,+31600006109,lucas.bakker6109@example.com,Eindhoven,2024-03-03
6110,Nina,Bos,+31600006110,nina.bos6110@example.com,Groningen,2023-03-23
6111,Milan,Mulder,+31600006111,milan.mulder6111@example.com,Almere,2020-01-28
6112,Daan,Jansen,+31600006112,daan.jansen6112@example.com,Eindhoven,2021-02-22
6113,Lucas,Mulder,+31600006113,lucas.mulder6113@example.com,Utrecht,2020-03-04
6114,Lotte,Mulder,+31600006114,lotte.mulder6114@example.com,Breda,2021-09-24
6115,Sara,Visser,+31600006115,sara.visser6115@example.com,Rotterdam,2021-12-29
6116,Mason,Willems,+31600006116,mason.willems6116@example.com,Breda,2021-11-21
6117,Levi,Jansen,+31600006117,levi.jansen6117@example.com,Rotterdam,2024-04-03
6118,Mason,Smit,+31600006118,mason.smit6118@example.com,Almere,2022-05-01
6119,Sara,Peters,+31600006119,sara.peters6119@example.com,Tilburg,2022-03-04
6120,Noah,Jansen,+31600006120,noah.jansen6120@example.com,The Hague,2020-03-23
6121,Daan,Schouten,+31600006121,daan.schouten6121@example.com,Tilburg,2020-02-12
6122,Olivia,Mulder,+31600006122,olivia.mulder6122@example.com,The Hague,2020-11-20
6123,Ethan,Hendriks,+31600006123,ethan.hendriks6123@example.com,Groningen,2021-11-03
6124,Emma,Jansen,+31600006124,emma.jansen6124@example.com,Utrecht,2023-04-11
6125,Oliver,Bos,+31600006125,oliver.bos6125@example.com,Almere,2021-06-11
6126,Finn,Dekker,+31600006126,finn.dekker6126@example.com,Almere,2023-09-16
6127,Liam,Kuiper,+31600006127,liam.kuiper6127@example.com,Almere,2022-11-19
6128,Nina,Jansen,+31600006128,nina.jansen6128@example.com,Tilburg,2022-01-26
6129,Daan,Visser,+31600006129,daan.visser6129@example.com,Eindhoven,2024-09-16
6130,Ethan,Schouten,+31600006130,ethan.schouten6130@example.com,Amsterdam,2020-12-25
6131,Emma,Kok,+31600006131,emma.kok6131@example.com,Breda,2023-01-09
6132,Sara,Smit,+31600006132,sara.smit6132@example.com,The Hague,2024-03-26
6133,Oliver,Mulder,+31600006133,oliver.mulder6133@example.com,Breda,2020-11-18
6134,Sara,Kok,+31600006134,sara.kok6134@example.com,Breda,2023-02-03
6135,Emma,Jansen,+31600006135,emma.jansen6135@example.com,Tilburg,2023-03-04
6136,Finn,Kok,+31600006136,finn.kok6136@example.com,Rotterdam,2022-06-24
6137,Ethan,Kok,+31600006137,ethan.kok6137@example.com,Nijmegen,2022-02-15
6138,Eva,Willems,+31600006138,eva.willems6138@example.com,Groningen,2022-02-27
6139,Julia,Mulder,+31600006139,julia.mulder6139@example.com,The Hague,2024-02-28
6140,Olivia,Jansen,+31600006140,olivia.jansen6140@example.com,Nijmegen,2020-09-06
6141,Oliver,Meijer,+31600006141,oliver.meijer6141@example.com,Amsterdam,2020-01-21
6142,Milan,Vos,+31600006142,milan.vos6142@example.com,Utrecht,2021-05-07
6143,Sara,Willems,+31600006143,sara.willems6143@example.com,Eindhoven,2022-05-22
6144,Sophia,Mulder,+31600006144,sophia.mulder6144@example.com,Breda,2021-08-28
6145,Sara,Peters,+31600006145,sara.peters6145@example.com,Almere,2022-11-11
6146,Finn,Smit,+31600006146,finn.smit6146@example.com,Breda,2023-03-01
6147,Nina,Mulder,+31600006147,nina.mulder6147@example.com,Breda,2023-05-29
6148,Noah,Meijer,+31600006148,noah.meijer6148@example.com,Breda,2020-03-12
6149,Liam,Visser,+31600006149,liam.visser6149@example.com,Nijmegen,2021-01-03
6150,Mason,Jansen,+31600006150,mason.jansen6150@example.com,Breda,2022-01-18
6151,Noah,Smit,+31600006151,noah.smit6151@example.com,Eindhoven,2020-06-18
6152,Emma,Prins,+31600006152,emma.prins6152@example.com,Almere,2024-02-17
6153,Anna,Smit,+31600006153,anna.smit6153@example.com,Rotterdam,2024-05-19
6154,Daan,Peters,+31600006154,daan.peters6154@example.com,Breda,2023-02-17
6155,Emma,Kok,+31600006155,emma.kok6155@example.com,Nijmegen,2023-11-23
6156,Sara,Jacobs,+31600006156,sara.jacobs6156@example.com,The Hague,2023-02-16
6157,Noah,Peters,+31600006157,noah.peters6157@example.com,Nijmegen,2022-10-23
6158,Mila,Vos,+31600006158,mila.vos6158@example.com,Tilburg,2022-03-06
6159,Mason,Van Dijk,+31600006159,mason.van dijk6159@example.com,Groningen,2022-06-28
6160,Anna,Prins,+31600006160,anna.prins6160@example.com,Eindhoven,2022-07-17
6161,Daan,Meijer,+31600006161,daan.meijer6161@example.com,Tilburg,2022-10-15
6162,Anna,Jacobs,+31600006162,anna.jacobs6162@example.com,Breda,2022-10-26
6163,Oliver,Kuiper,+31600006163,oliver.kuiper6163@example.com,Almere,2021-04-12
6164,Emma,De Boer,+31600006164,emma.de boer6164@example.com,Groningen,2021-04-29
6165,Oliver,Willems,+31600006165,oliver.willems6165@example.com,The Hague,2024-11-27
6166,Daan,Van Dijk,+31600006166,daan.van dijk6166@example.com,Utrecht,2023-10-24
6167,Eva,Peters,+31600006167,eva.peters6167@example.com,The Hague,2020-06-17
6168,Finn,Bos,+31600006168,finn.bos6168@example.com,Groningen,2020-03-11
6169,Daan,Kok,+31600006169,daan.kok6169@example.com,Utrecht,2024-03-08
6170,Daan,Meijer,+31600006170,daan.meijer6170@example.com,Almere,2023-02-14
6171,Finn,Dekker,+31600006171,finn.dekker6171@example.com,Utrecht,2024-11-07
6172,Mason,Bos,+31600006172,mason.bos6172@example.com,Eindhoven,2024-08-07
6173,Lotte,Prins,+31600006173,lotte.prins6173@example.com,The Hague,2020-10-29
6174,Ethan,Dekker,+31600006174,ethan.dekker6174@example.com,Rotterdam,2022-12-01
6175,Julia,Bos,+31600006175,julia.bos6175@example.com,Rotterdam,2020-06-25
6176,Eva,Bos,+31600006176,eva.bos6176@example.com,Breda,2021-10-28
6177,Noah,Smit,+31600006177,noah.smit6177@example.com,Groningen,2020-03-11
6178,Olivia,Prins,+31600006178,olivia.prins6178@example.com,Almere,2023-04-11
6179,Sophia,Mulder,+31600006179,sophia.mulder6179@example.com,Groningen,2022-10-01
6180,Lucas,Willems,+31600006180,lucas.willems6180@example.com,Tilburg,2020-08-17
6181,Lucas,Dekker,+31600006181,lucas.dekker6181@example.com,Almere,2020-07-27
6182,Liam,Bakker,+31600006182,liam.bakker6182@example.com,Breda,2024-07-22
6183,Eva,Vos,+31600006183,eva.vos6183@example.com,Utrecht,2022-08-29
6184,Levi,De Vries,+31600006184,levi.de vries6184@example.com,Tilburg,2021-08-19
6185,Sophia,Peters,+31600006185,sophia.peters6185@example.com,Almere,2024-04-02
6186,Milan,Peters,+31600006186,milan.peters6186@example.com,Amsterdam,2020-04-21
6187,Lucas,Vos,+31600006187,lucas.vos6187@example.com,The Hague,2024-04-09
6188,Noah,Van Dijk,+31600006188,noah.van dijk6188@example.com,Eindhoven,2023-08-31
6189,Sophia,Mulder,+31600006189,sophia.mulder6189@example.com,Rotterdam,2024-02-11
6190,Liam,Smit,+31600006190,liam.smit6190@example.com,Utrecht,2023-11-28
6191,Liam,Hendriks,+31600006191,liam.hendriks6191@example.com,Nijmegen,2021-11-03
6192,Oliver,De Vries,+31600006192,oliver.de vries6192@example.com,Eindhoven,2023-11-17
6193,Olivia,Dekker,+31600006193,olivia.dekker6193@example.com,Breda,2023-01-08
6194,Mason,Meijer,+31600006194,mason.meijer6194@example.com,Amsterdam,2021-03-05
6195,Mila,Willems,+31600006195,mila.willems6195@example.com,Amsterdam,2023-08-06
6196,Liam,Prins,+31600006196,liam.prins6196@example.com,Groningen,2020-08-06
6197,Mason,Smit,+31600006197,mason.smit6197@example.com,Eindhoven,2023-05-03
6198,Levi,Prins,+31600006198,levi.prins6198@example.com,Breda,2022-09-21
6199,Daan,Smit,+31600006199,daan.smit6199@example.com,Breda,2023-11-08
6200,Anna,Peters,+31600006200,anna.peters6200@example.com,Amsterdam,2023-11-23
6201,Milan,Kuiper,+31600006201,milan.kuiper6201@example.com,Amsterdam,2020-03-18
6202,Nina,Dekker,+31600006202,nina.dekker6202@example.com,Rotterdam,2021-01-23
6203,Sophia,Jansen,+31600006203,sophia.jansen6203@example.com,Nijmegen,2021-11-26
6204,Finn,Smit,+31600006204,finn.smit6204@example.com,Nijmegen,2023-11-27
6205,Liam,Dekker,+31600006205,liam.dekker6205@example.com,Rotterdam,2024-04-01
6206,Lucas,Hendriks,+31600006206,lucas.hendriks6206@example.com,Breda,2020-08-08
6207,Milan,Smit,+31600006207,milan.smit6207@example.com,Eindhoven,2024-01-08
6208,Anna,De Vries,+31600006208,anna.de vries6208@example.com,Tilburg,2024-11-12
6209,Lucas,Jansen,+31600006209,lucas.jansen6209@example.com,Rotterdam,2020-06-13
6210,Milan,Willems,+31600006210,milan.willems6210@example.com,Eindhoven,2023-04-28
6211,Sophia,Kok,+31600006211,sophia.kok6211@example.com,Eindhoven,2022-02-23
6212,Emma,Kuiper,+31600006212,emma.kuiper6212@example.com,Eindhoven,2022-09-04
6213,Milan,Mulder,+31600006213,milan.mulder6213@example.com,Tilburg,2022-04-16
6214,Mila,Bakker,+31600006214,mila.bakker6214@example.com,Almere,2021-01-24
6215,Olivia,Jacobs,+31600006215,olivia.jacobs6215@example.com,Groningen,2022-01-01
6216,Ethan,Smit,+31600006216,ethan.smit6216@example.com,Eindhoven,2021-02-18
6217,Liam,Bakker,+31600006217,liam.bakker6217@example.com,Eindhoven,2020-12-24
6218,Mason,Bakker,+31600006218,mason.bakker6218@example.com,Utrecht,2023-07-10
6219,Finn,Prins,+31600006219,finn.prins6219@example.com,Almere,2022-12-13
6220,Anna,Bos,+31600006220,anna.bos6220@example.com,Tilburg,2021-01-11
6221,Sara,Kuiper,+31600006221,sara.kuiper6221@example.com,The Hague,2021-02-05
6222,Emma,Dekker,+31600006222,emma.dekker6222@example.com,Amsterdam,2022-07-14
6223,Emma,Jansen,+31600006223,emma.jansen6223@example.com,Almere,2022-01-05
6224,Anna,Bos,+31600006224,anna.bos6224@example.com,Amsterdam,2022-02-02
6225,Anna,Jansen,+31600006225,anna.jansen6225@example.com,Amsterdam,2023-12-19
6226,Liam,Dekker,+31600006226,liam.dekker6226@example.com,Nijmegen,2023-03-20
6227,Finn,Peters,+31600006227,finn.peters6227@example.com,Tilburg,2022-06-12
6228,Mason,De Boer,+31600006228,mason.de boer6228@example.com,Amsterdam,2023-03-20
6229,Nina,Kok,+31600006229,nina.kok6229@example.com,Groningen,2021-09-11
6230,Finn,Vos,+31600006230,finn.vos6230@example.com,Rotterdam,2021-05-15
6231,Noah,De Boer,+31600006231,noah.de boer6231@example.com,Utrecht,2024-05-30
6232,Sara,Jansen,+31600006232,sara.jansen6232@example.com,Rotterdam,2020-12-11
6233,Anna,Hendriks,+31600006233,anna.hendriks6233@example.com,Groningen,2021-12-10
6234,Daan,Meijer,+31600006234,daan.meijer6234@example.com,Nijmegen,2020-12-02
6235,Nina,Mulder,+31600006235,nina.mulder6235@example.com,Eindhoven,2023-07-22
6236,Eva,Bos,+31600006236,eva.bos6236@example.com,Groningen,2020-12-02
6237,Sara,Van Dijk,+31600006237,sara.van dijk6237@example.com,The Hague,2022-12-03
6238,Levi,Peters,+31600006238,levi.peters6238@example.com,Amsterdam,2022-12-30
6239,Oliver,Schouten,+31600006239,oliver.schouten6239@example.com,The Hague,2024-06-30
6240,Daan,Peters,+31600006240,daan.peters6240@example.com,Rotterdam,2022-08-07
6241,Mason,Dekker,+31600006241,mason.dekker6241@example.com,Almere,2024-11-25
6242,Finn,Meijer,+31600006242,finn.meijer6242@example.com,Groningen,2024-07-15
6243,Finn,Jacobs,+31600006243,finn.jacobs6243@example.com,Breda,2022-12-05
6244,Sophia,De Vries,+31600006244,sophia.de vries6244@example.com,Breda,2022-07-21
6245,Lotte,De Boer,+31600006245,lotte.de boer6245@example.com,The Hague,2024-04-14
6246,Nina,Meijer,+31600006246,nina.meijer6246@example.com,Almere,2022-09-01
6247,Nina,Hendriks,+31600006247,nina.hendriks6247@example.com,The Hague,2020-01-29
6248,Nina,Smit,+31600006248,nina.smit6248@example.com,Utrecht,2022-07-17
6249,Mason,Schouten,+31600006249,mason.schouten6249@example.com,Breda,2024-05-31
6250,Nina,Smit,+31600006250,nina.smit6250@example.com,Amsterdam,2020-10-25
6251,Daan,De Boer,+31600006251,daan.de boer6251@example.com,Breda,2023-11-01
6252,Oliver,Mulder,+31600006252,oliver.mulder6252@example.com,Utrecht,2020-05-08
6253,Anna,Schouten,+31600006253,anna.schouten6253@example.com,Breda,2024-06-10
6254,Sophia,Bakker,+31600006254,sophia.bakker6254@example.com,Eindhoven,2024-06-16
6255,Daan,Van Dijk,+31600006255,daan.van dijk6255@example.com,Nijmegen,2023-04-18
6256,Liam,Jacobs,+31600006256,liam.jacobs6256@example.com,The Hague,2021-07-05
6257,Finn,Kuiper,+31600006257,finn.kuiper6257@example.com,Rotterdam,2021-11-10
6258,Lotte,Kok,+31600006258,lotte.kok6258@example.com,Utrecht,2023-02-13
6259,Finn,Jansen,+31600006259,finn.jansen6259@example.com,Amsterdam,2020-08-03
6260,Anna,Smit,+31600006260,anna.smit6260@example.com,The Hague,2021-12-06
6261,Oliver,Schouten,+31600006261,oliver.schouten6261@example.com,The Hague,2020-04-09
6262,Daan,Hendriks,+31600006262,daan.hendriks6262@example.com,Amsterdam,2023-01-09
6263,Nina,Visser,+31600006263,nina.visser6263@example.com,Breda,2022-07-04
6264,Olivia,De Vries,+31600006264,olivia.de vries6264@example.com,The Hague,2020-05-13
6265,Ethan,Bos,+31600006265,ethan.bos6265@example.com,Rotterdam,2021-12-20
6266,Lucas,Prins,+31600006266,lucas.prins6266@example.com,Breda,2022-10-25
6267,Julia,Schouten,+31600006267,julia.schouten6267@example.com,Breda,2020-08-07
6268,Nina,De Boer,+31600006268,nina.de boer6268@example.com,Groningen,2022-11-10
6269,Ethan,Prins,+31600006269,ethan.prins6269@example.com,Almere,2020-04-28
6270,Olivia,Peters,+31600006270,olivia.peters6270@example.com,Rotterdam,2021-06-12
6271,Nina,Peters,+31600006271,nina.peters6271@example.com,Breda,2023-01-25
6272,Julia,Peters,+31600006272,julia.peters6272@example.com,Breda,2021-09-19
6273,Sophia,Hendriks,+31600006273,sophia.hendriks6273@example.com,Almere,2022-11-17
6274,Olivia,Visser,+31600006274,olivia.visser6274@example.com,Amsterdam,2020-03-02
6275,Finn,Bakker,+31600006275,finn.bakker6275@example.com,Almere,2020-04-06
6276,Mason,Dekker,+31600006276,mason.dekker6276@example.com,Almere,2023-01-31
6277,Mila,Meijer,+31600006277,mila.meijer6277@example.com,Tilburg,2020-05-25
6278,Eva,Mulder,+31600006278,eva.mulder6278@example.com,Breda,2022-02-11
6279,Finn,De Boer,+31600006279,finn.de boer6279@example.com,Nijmegen,2020-10-13
6280,Daan,Kok,+31600006280,daan.kok6280@example.com,Groningen,2021-09-25
6281,Ethan,Jansen,+31600006281,ethan.jansen6281@example.com,Groningen,2023-09-03
6282,Noah,Jansen,+31600006282,noah.jansen6282@example.com,Nijmegen,2022-01-31
6283,Oliver,Kuiper,+31600006283,oliver.kuiper6283@example.com,Nijmegen,2024-07-07
6284,Julia,De Vries,+31600006284,julia.de vries6284@example.com,Nijmegen,2020-09-15
6285,Finn,Van Dijk,+31600006285,finn.van dijk6285@example.com,Almere,2022-05-30
6286,Noah,Schouten,+31600006286,noah.schouten6286@example.com,Amsterdam,2023-01-12
6287,Lucas,Willems,+31600006287,lucas.willems6287@example.com,Groningen,2023-09-06
6288,Nina,Prins,+31600006288,nina.prins6288@example.com,Nijmegen,2023-12-17
6289,Nina,Peters,+31600006289,nina.peters6289@example.com,Amsterdam,2022-11-19
6290,Noah,Jansen,+31600006290,noah.jansen6290@example.com,Almere,2021-03-28
6291,Oliver,Vos,+31600006291,oliver.vos6291@example.com,Breda,2021-06-14
6292,Mila,Willems,+31600006292,mila.willems6292@example.com,Rotterdam,2022-11-13
6293,Levi,Kok,+31600006293,levi.kok6293@example.com,Nijmegen,2022-06-22
6294,Lucas,De Vries,+31600006294,lucas.de vries6294@example.com,Utrecht,2023-05-13
6295,Mila,Kok,+31600006295,mila.kok6295@example.com,Rotterdam,2023-09-15
6296,Noah,Jansen,+31600006296,noah.jansen6296@example.com,Amsterdam,2020-08-02
6297,Sara,Kok,+31600006297,sara.kok6297@example.com,The Hague,2021-02-26
6298,Mila,Jansen,+31600006298,mila.jansen6298@example.com,Groningen,2020-07-30
6299,Finn,Jacobs,+31600006299,finn.jacobs6299@example.com,Amsterdam,2020-11-10
6300,Milan,Mulder,+31600006300,milan.mulder6300@example.com,Breda,2022-01-02
6301,Anna,Jansen,+31600006301,anna.jansen6301@example.com,Eindhoven,2023-11-03
6302,Ethan,Jansen,+31600006302,ethan.jansen6302@example.com,Breda,2020-01-11
6303,Mila,De Vries,+31600006303,mila.de vries6303@example.com,Rotterdam,2021-01-18
6304,Sophia,De Vries,+31600006304,sophia.de vries6304@example.com,Eindhoven,2020-04-16
6305,Eva,Bakker,+31600006305,eva.bakker6305@example.com,Rotterdam,2022-08-29
6306,Noah,Bakker,+31600006306,noah.bakker6306@example.com,Nijmegen,2023-05-03
6307,Ethan,Bos,+31600006307,ethan.bos6307@example.com,Almere,2022-03-04
6308,Sophia,De Boer,+31600006308,sophia.de boer6308@example.com,Utrecht,2023-10-16
6309,Lotte,Jacobs,+31600006309,lotte.jacobs6309@example.com,Breda,2022-06-25
6310,Sara,Jacobs,+31600006310,sara.jacobs6310@example.com,Breda,2020-03-22
6311,Lucas,Smit,+31600006311,lucas.smit6311@example.com,Groningen,2024-03-01
6312,Daan,Van Dijk,+31600006312,daan.van dijk6312@example.com,Tilburg,2020-09-26
6313,Lucas,Bakker,+31600006313,lucas.bakker6313@example.com,Utrecht,2020-01-01
6314,Noah,Prins,+31600006314,noah.prins6314@example.com,Amsterdam,2023-10-20
6315,Emma,Dekker,+31600006315,emma.dekker6315@example.com,Eindhoven,2022-10-05
6316,Finn,Dekker,+31600006316,finn.dekker6316@example.com,Amsterdam,2023-11-19
6317,Julia,Kok,+31600006317,julia.kok6317@example.com,Almere,2023-05-24
6318,Mason,Vos,+31600006318,mason.vos6318@example.com,Almere,2020-12-14
6319,Daan,Mulder,+31600006319,daan.mulder6319@example.com,Rotterdam,2020-05-03
6320,Daan,De Vries,+31600006320,daan.de vries6320@example.com,Amsterdam,2022-03-29
6321,Levi,Prins,+31600006321,levi.prins6321@example.com,Eindhoven,2024-03-15
6322,Lucas,Bakker,+31600006322,lucas.bakker6322@example.com,Amsterdam,2022-08-22
6323,Nina,Schouten,+31600006323,nina.schouten6323@example.com,Rotterdam,2021-10-20
6324,Lucas,Peters,+31600006324,lucas.peters6324@example.com,Nijmegen,2020-02-26
6325,Eva,Meijer,+31600006325,eva.meijer6325@example.com,Breda,2022-10-15
6326,Sara,Prins,+31600006326,sara.prins6326@example.com,Almere,2022-09-07
6327,Emma,Smit,+31600006327,emma.smit6327@example.com,Rotterdam,2024-03-13
6328,Sara,De Vries,+31600006328,sara.de vries6328@example.com,Tilburg,2024-08-01
6329,Liam,Hendriks,+31600006329,liam.hendriks6329@example.com,Amsterdam,2021-06-01
6330,Emma,Van Dijk,+31600006330,emma.van dijk6330@example.com,Breda,2022-12-27
6331,Noah,Kok,+31600006331,noah.kok6331@example.com,Amsterdam,2022-03-07
6332,Anna,De Boer,+31600006332,anna.de boer6332@example.com,Tilburg,2023-08-05
6333,Anna,Willems,+31600006333,anna.willems6333@example.com,Rotterdam,2024-09-05
6334,Daan,Kok,+31600006334,daan.kok6334@example.com,The Hague,2024-06-30
6335,Daan,Peters,+31600006335,daan.peters6335@example.com,Tilburg,2024-07-12
6336,Levi,Peters,+31600006336,levi.peters6336@example.com,Breda,2021-05-09
6337,Oliver,Visser,+31600006337,oliver.visser6337@example.com,Utrecht,2024-02-15
6338,Nina,Hendriks,+31600006338,nina.hendriks6338@example.com,Tilburg,2022-08-23
6339,Anna,Prins,+31600006339,anna.prins6339@example.com,Tilburg,2020-10-17
6340,Anna,Vos,+31600006340,anna.vos6340@example.com,Nijmegen,2022-08-20
6341,Lucas,Schouten,+31600006341,lucas.schouten6341@example.com,Nijmegen,2024-01-20
6342,Sophia,De Boer,+31600006342,sophia.de boer6342@example.com,Tilburg,2024-05-25
6343,Mason,Bakker,+31600006343,mason.bakker6343@example.com,Rotterdam,2020-11-04
6344,Anna,Jacobs,+31600006344,anna.jacobs6344@example.com,Tilburg,2023-02-08
6345,Nina,Prins,+31600006345,nina.prins6345@example.com,The Hague,2020-06-12
6346,Julia,Prins,+31600006346,julia.prins6346@example.com,Tilburg,2021-11-02
6347,Lotte,Prins,+31600006347,lotte.prins6347@example.com,Tilburg,2020-08-14
6348,Emma,Jansen,+31600006348,emma.jansen6348@example.com,Almere,2023-12-14
6349,Lotte,Mulder,+31600006349,lotte.mulder6349@example.com,Groningen,2024-01-29
6350,Sara,Prins,+31600006350,sara.prins6350@example.com,Groningen,2023-12-08
6351,Finn,Meijer,+31600006351,finn.meijer6351@example.com,Eindhoven,2024-10-29
6352,Oliver,Visser,+31600006352,oliver.visser6352@example.com,Rotterdam,2021-05-06
6353,Olivia,De Vries,+31600006353,olivia.de vries6353@example.com,Eindhoven,2020-06-27
6354,Sara,Hendriks,+31600006354,sara.hendriks6354@example.com,Rotterdam,2021-08-25
6355,Lotte,Bos,+31600006355,lotte.bos6355@example.com,Nijmegen,2021-05-30
6356,Sophia,Jacobs,+31600006356,sophia.jacobs6356@example.com,Eindhoven,2024-01-24
6357,Olivia,Smit,+31600006357,olivia.smit6357@example.com,Eindhoven,2021-04-17
6358,Olivia,De Boer,+31600006358,olivia.de boer6358@example.com,Nijmegen,2023-02-05
6359,Lucas,De Vries,+31600006359,lucas.de vries6359@example.com,Almere,2020-10-06
6360,Julia,Peters,+31600006360,julia.peters6360@example.com,Groningen,2024-05-09
6361,Sara,Dekker,+31600006361,sara.dekker6361@example.com,Amsterdam,2024-10-07
6362,Levi,Hendriks,+31600006362,levi.hendriks6362@example.com,Rotterdam,2023-01-06
6363,Milan,Schouten,+31600006363,milan.schouten6363@example.com,Utrecht,2022-07-20
6364,Eva,Bakker,+31600006364,eva.bakker6364@example.com,Amsterdam,2022-07-30
6365,Sara,Kok,+31600006365,sara.kok6365@example.com,Groningen,2022-09-12
6366,Anna,Van Dijk,+31600006366,anna.van dijk6366@example.com,Amsterdam,2023-11-27
6367,Noah,Smit,+31600006367,noah.smit6367@example.com,Nijmegen,2024-09-29
6368,Sara,Schouten,+31600006368,sara.schouten6368@example.com,Almere,2024-11-05
6369,Mila,Meijer,+31600006369,mila.meijer6369@example.com,Amsterdam,2021-08-22
6370,Nina,Jacobs,+31600006370,nina.jacobs6370@example.com,Almere,2021-01-20
6371,Nina,Hendriks,+31600006371,nina.hendriks6371@example.com,The Hague,2021-02-07
6372,Noah,Visser,+31600006372,noah.visser6372@example.com,Almere,2021-08-25
6373,Daan,Kok,+31600006373,daan.kok6373@example.com,Eindhoven,2023-03-28
6374,Daan,Mulder,+31600006374,daan.mulder6374@example.com,Eindhoven,2022-05-02
6375,Oliver,Bos,+31600006375,oliver.bos6375@example.com,Nijmegen,2023-09-06
6376,Mason,Dekker,+31600006376,mason.dekker6376@example.com,The Hague,2021-03-21
6377,Sophia,Schouten,+31600006377,sophia.schouten6377@example.com,The Hague,2020-09-02
6378,Ethan,Meijer,+31600006378,ethan.meijer6378@example.com,Amsterdam,2020-07-05
6379,Emma,Schouten,+31600006379,emma.schouten6379@example.com,Breda,2022-03-18
6380,Olivia,Willems,+31600006380,olivia.willems6380@example.com,Groningen,2024-01-13
6381,Lotte,Meijer,+31600006381,lotte.meijer6381@example.com,Almere,2024-05-04
6382,Nina,Meijer,+31600006382,nina.meijer6382@example.com,Tilburg,2022-11-19
6383,Daan,Vos,+31600006383,daan.vos6383@example.com,The Hague,2024-12-01
6384,Eva,Hendriks,+31600006384,eva.hendriks6384@example.com,The Hague,2021-03-30
6385,Levi,De Boer,+31600006385,levi.de boer6385@example.com,Nijmegen,2024-01-29
6386,Lucas,Kok,+31600006386,lucas.kok6386@example.com,Utrecht,2023-02-06
6387,Finn,De Boer,+31600006387,finn.de boer6387@example.com,Tilburg,2023-12-21
6388,Daan,Hendriks,+31600006388,daan.hendriks6388@example.com,Utrecht,2024-09-28
6389,Emma,Dekker,+31600006389,emma.dekker6389@example.com,Almere,2020-10-02
6390,Oliver,De Vries,+31600006390,oliver.de vries6390@example.com,Breda,2023-08-25
6391,Sophia,Prins,+31600006391,sophia.prins6391@example.com,Nijmegen,2022-03-28
6392,Olivia,Visser,+31600006392,olivia.visser6392@example.com,Eindhoven,2021-08-04
6393,Sophia,Willems,+31600006393,sophia.willems6393@example.com,Breda,2020-07-15
6394,Sara,Kok,+31600006394,sara.kok6394@example.com,Breda,2022-03-17
6395,Liam,Mulder,+31600006395,liam.mulder6395@example.com,Tilburg,2020-07-25
6396,Levi,Mulder,+31600006396,levi.mulder6396@example.com,Utrecht,2023-03-25
6397,Mason,Kuiper,+31600006397,mason.kuiper6397@example.com,Rotterdam,2024-10-18
6398,Noah,Hendriks,+31600006398,noah.hendriks6398@example.com,Almere,2021-04-28
6399,Sophia,Jacobs,+31600006399,sophia.jacobs6399@example.com,The Hague,2021-10-31
6400,Julia,Kok,+31600006400,julia.kok6400@example.com,Amsterdam,2020-04-12
6401,Eva,De Boer,+31600006401,eva.de boer6401@example.com,Groningen,2020-05-26
6402,Finn,Dekker,+31600006402,finn.dekker6402@example.com,Groningen,2020-01-20
6403,Noah,Bos,+31600006403,noah.bos6403@example.com,Almere,2024-04-10
6404,Olivia,Prins,+31600006404,olivia.prins6404@example.com,Nijmegen,2024-10-20
6405,Nina,Visser,+31600006405,nina.visser6405@example.com,Utrecht,2022-10-02
6406,Mila,Visser,+31600006406,mila.visser6406@example.com,Amsterdam,2021-03-03
6407,Lotte,Jansen,+31600006407,lotte.jansen6407@example.com,Eindhoven,2021-05-05
6408,Emma,Smit,+31600006408,emma.smit6408@example.com,Nijmegen,2024-06-10
6409,Mason,Van Dijk,+31600006409,mason.van dijk6409@example.com,Almere,2022-08-13
6410,Sara,Prins,+31600006410,sara.prins6410@example.com,Nijmegen,2024-07-05
6411,Liam,Bakker,+31600006411,liam.bakker6411@example.com,Groningen,2024-08-14
6412,Mila,Jansen,+31600006412,mila.jansen6412@example.com,Rotterdam,2020-03-25
6413,Sophia,Bos,+31600006413,sophia.bos6413@example.com,Amsterdam,2024-09-12
6414,Eva,Visser,+31600006414,eva.visser6414@example.com,Breda,2020-08-18
6415,Finn,Jansen,+31600006415,finn.jansen6415@example.com,Groningen,2024-06-30
6416,Finn,Meijer,+31600006416,finn.meijer6416@example.com,Eindhoven,2020-07-29
6417,Mason,Willems,+31600006417,mason.willems6417@example.com,The Hague,2020-09-03
6418,Emma,De Boer,+31600006418,emma.de boer6418@example.com,Rotterdam,2020-03-10
6419,Noah,Prins,+31600006419,noah.prins6419@example.com,Breda,2024-04-27
6420,Emma,Schouten,+31600006420,emma.schouten6420@example.com,Breda,2022-07-14
6421,Lucas,Meijer,+31600006421,lucas.meijer6421@example.com,Breda,2024-12-03
6422,Lucas,Jacobs,+31600006422,lucas.jacobs6422@example.com,Eindhoven,2020-10-11
6423,Ethan,Jansen,+31600006423,ethan.jansen6423@example.com,Breda,2021-12-22
6424,Ethan,Bakker,+31600006424,ethan.bakker6424@example.com,Breda,2023-05-29
6425,Milan,Jansen,+31600006425,milan.jansen6425@example.com,Nijmegen,2023-09-14
6426,Emma,Jansen,+31600006426,emma.jansen6426@example.com,Tilburg,2023-09-12
6427,Ethan,Smit,+31600006427,ethan.smit6427@example.com,Breda,2023-10-14
6428,Julia,Schouten,+31600006428,julia.schouten6428@example.com,Utrecht,2021-12-10
6429,Finn,Visser,+31600006429,finn.visser6429@example.com,The Hague,2023-12-24
6430,Finn,Bakker,+31600006430,finn.bakker6430@example.com,Rotterdam,2023-01-31
6431,Lucas,Dekker,+31600006431,lucas.dekker6431@example.com,Breda,2024-05-02
6432,Ethan,Kok,+31600006432,ethan.kok6432@example.com,Breda,2024-11-13
6433,Julia,Smit,+31600006433,julia.smit6433@example.com,Amsterdam,2020-12-14
6434,Julia,De Vries,+31600006434,julia.de vries6434@example.com,Rotterdam,2020-06-01
6435,Mila,Mulder,+31600006435,mila.mulder6435@example.com,Amsterdam,2021-02-22
6436,Milan,Mulder,+31600006436,milan.mulder6436@example.com,Utrecht,2020-05-19
6437,Lotte,De Boer,+31600006437,lotte.de boer6437@example.com,Amsterdam,2020-08-29
6438,Oliver,Mulder,+31600006438,oliver.mulder6438@example.com,Tilburg,2022-02-13
6439,Mason,Smit,+31600006439,mason.smit6439@example.com,Utrecht,2020-04-15
6440,Mason,Kuiper,+31600006440,mason.kuiper6440@example.com,Almere,2021-05-28
6441,Anna,Willems,+31600006441,anna.willems6441@example.com,Groningen,2020-04-25
6442,Emma,Smit,+31600006442,emma.smit6442@example.com,Amsterdam,2023-05-03
6443,Emma,Dekker,+31600006443,emma.dekker6443@example.com,Eindhoven,2023-07-11
6444,Emma,Willems,+31600006444,emma.willems6444@example.com,Amsterdam,2020-03-25
6445,Sophia,Jacobs,+31600006445,sophia.jacobs6445@example.com,Breda,2020-01-15
6446,Anna,Bos,+31600006446,anna.bos6446@example.com,Utrecht,2020-10-31
6447,Sophia,Bos,+31600006447,sophia.bos6447@example.com,Nijmegen,2020-06-17
6448,Mason,Bakker,+31600006448,mason.bakker6448@example.com,Rotterdam,2022-04-24
6449,Finn,De Vries,+31600006449,finn.de vries6449@example.com,Rotterdam,2020-05-24
6450,Finn,Bos,+31600006450,finn.bos6450@example.com,Eindhoven,2021-02-07
6451,Daan,Willems,+31600006451,daan.willems6451@example.com,Tilburg,2024-04-05
6452,Oliver,Mulder,+31600006452,oliver.mulder6452@example.com,Nijmegen,2023-02-01
6453,Mason,De Boer,+31600006453,mason.de boer6453@example.com,Groningen,2023-12-10
6454,Lucas,Mulder,+31600006454,lucas.mulder6454@example.com,The Hague,2023-04-19
6455,Mason,Kuiper,+31600006455,mason.kuiper6455@example.com,Nijmegen,2023-07-16
6456,Lucas,Kok,+31600006456,lucas.kok6456@example.com,Nijmegen,2021-09-30
6457,Eva,Jacobs,+31600006457,eva.jacobs6457@example.com,Amsterdam,2022-08-09
6458,Noah,Vos,+31600006458,noah.vos6458@example.com,Breda,2022-11-19
6459,Sophia,De Vries,+31600006459,sophia.de vries6459@example.com,Utrecht,2020-12-23
6460,Ethan,Willems,+31600006460,ethan.willems6460@example.com,Breda,2023-02-16
6461,Emma,Kok,+31600006461,emma.kok6461@example.com,Eindhoven,2024-03-06
6462,Milan,De Boer,+31600006462,milan.de boer6462@example.com,Breda,2024-11-06
6463,Julia,Kok,+31600006463,julia.kok6463@example.com,Breda,2021-06-04
6464,Noah,Kuiper,+31600006464,noah.kuiper6464@example.com,Nijmegen,2024-08-12
6465,Finn,Van Dijk,+31600006465,finn.van dijk6465@example.com,Utrecht,2022-09-03
6466,Julia,Dekker,+31600006466,julia.dekker6466@example.com,Breda,2021-05-08
6467,Ethan,Dekker,+31600006467,ethan.dekker6467@example.com,Breda,2023-07-30
6468,Julia,Meijer,+31600006468,julia.meijer6468@example.com,Eindhoven,2022-08-20
6469,Mila,Mulder,+31600006469,mila.mulder6469@example.com,Nijmegen,2023-12-11
6470,Eva,Visser,+31600006470,eva.visser6470@example.com,Rotterdam,2023-04-28
6471,Julia,Meijer,+31600006471,julia.meijer6471@example.com,Eindhoven,2023-05-29
6472,Olivia,Schouten,+31600006472,olivia.schouten6472@example.com,Nijmegen,2020-12-14
6473,Olivia,Vos,+31600006473,olivia.vos6473@example.com,Breda,2023-02-02
6474,Eva,Schouten,+31600006474,eva.schouten6474@example.com,Utrecht,2023-05-29
6475,Milan,Vos,+31600006475,milan.vos6475@example.com,Tilburg,2020-04-01
6476,Lotte,Van Dijk,+31600006476,lotte.van dijk6476@example.com,Groningen,2022-03-28
6477,Eva,De Vries,+31600006477,eva.de vries6477@example.com,Nijmegen,2020-11-22
6478,Daan,Visser,+31600006478,daan.visser6478@example.com,Breda,2020-02-02
6479,Noah,Visser,+31600006479,noah.visser6479@example.com,Utrecht,2022-10-23
6480,Milan,Willems,+31600006480,milan.willems6480@example.com,Nijmegen,2020-12-21
6481,Noah,Meijer,+31600006481,noah.meijer6481@example.com,The Hague,2022-10-05
6482,Lotte,Visser,+31600006482,lotte.visser6482@example.com,Groningen,2020-08-20
6483,Mila,Bos,+31600006483,mila.bos6483@example.com,Utrecht,2021-02-17
6484,Milan,Peters,+31600006484,milan.peters6484@example.com,The Hague,2021-05-03
6485,Oliver,Kuiper,+31600006485,oliver.kuiper6485@example.com,Amsterdam,2024-02-26
6486,Sara,Jacobs,+31600006486,sara.jacobs6486@example.com,Nijmegen,2023-05-02
6487,Lucas,Meijer,+31600006487,lucas.meijer6487@example.com,Tilburg,2022-01-21
6488,Liam,Mulder,+31600006488,liam.mulder6488@example.com,Amsterdam,2023-02-04
6489,Sophia,Willems,+31600006489,sophia.willems6489@example.com,Tilburg,2024-06-16
6490,Liam,Kok,+31600006490,liam.kok6490@example.com,Nijmegen,2021-07-01
6491,Daan,Hendriks,+31600006491,daan.hendriks6491@example.com,Nijmegen,2020-07-27
6492,Liam,Visser,+31600006492,liam.visser6492@example.com,Nijmegen,2022-06-30
6493,Ethan,Hendriks,+31600006493,ethan.hendriks6493@example.com,Amsterdam,2021-09-11
6494,Liam,De Boer,+31600006494,liam.de boer6494@example.com,Tilburg,2021-09-19
6495,Levi,Dekker,+31600006495,levi.dekker6495@example.com,Groningen,2022-05-25
6496,Nina,Willems,+31600006496,nina.willems6496@example.com,Rotterdam,2023-01-29
6497,Levi,De Vries,+31600006497,levi.de vries6497@example.com,Groningen,2020-12-08
6498,Nina,Peters,+31600006498,nina.peters6498@example.com,Breda,2020-05-08
6499,Julia,Prins,+31600006499,julia.prins6499@example.com,Rotterdam,2022-11-16
6500,Sophia,De Boer,+31600006500,sophia.de boer6500@example.com,Almere,2020-04-27
6501,Emma,Willems,+31600006501,emma.willems6501@example.com,Eindhoven,2024-11-29
6502,Liam,De Boer,+31600006502,liam.de boer6502@example.com,Tilburg,2023-01-09
6503,Milan,Prins,+31600006503,milan.prins6503@example.com,The Hague,2023-01-02
6504,Emma,Hendriks,+31600006504,emma.hendriks6504@example.com,Utrecht,2020-11-24
6505,Nina,Kuiper,+31600006505,nina.kuiper6505@example.com,Almere,2024-07-24
6506,Mila,Peters,+31600006506,mila.peters6506@example.com,Amsterdam,2020-06-24
6507,Sara,Jacobs,+31600006507,sara.jacobs6507@example.com,Utrecht,2024-08-13
6508,Milan,Bakker,+31600006508,milan.bakker6508@example.com,Amsterdam,2022-01-24
6509,Emma,Van Dijk,+31600006509,emma.van dijk6509@example.com,Rotterdam,2024-02-13
6510,Mila,De Boer,+31600006510,mila.de boer6510@example.com,Almere,2021-07-13
6511,Mila,Kuiper,+31600006511,mila.kuiper6511@example.com,Rotterdam,2021-04-18
6512,Nina,Schouten,+31600006512,nina.schouten6512@example.com,Rotterdam,2024-05-09
6513,Daan,Kuiper,+31600006513,daan.kuiper6513@example.com,Breda,2024-04-13
6514,Mason,Hendriks,+31600006514,mason.hendriks6514@example.com,The Hague,2021-09-18
6515,Lucas,Visser,+31600006515,lucas.visser6515@example.com,The Hague,2024-06-11
6516,Emma,Prins,+31600006516,emma.prins6516@example.com,Breda,2022-07-31
6517,Sophia,Bos,+31600006517,sophia.bos6517@example.com,Rotterdam,2023-04-01
6518,Nina,Visser,+31600006518,nina.visser6518@example.com,Nijmegen,2021-03-30
6519,Lotte,De Vries,+31600006519,lotte.de vries6519@example.com,Utrecht,2021-04-15
6520,Emma,Hendriks,+31600006520,emma.hendriks6520@example.com,Utrecht,2022-10-06
6521,Anna,Kuiper,+31600006521,anna.kuiper6521@example.com,Breda,2021-11-24
6522,Milan,Jansen,+31600006522,milan.jansen6522@example.com,Eindhoven,2022-08-31
6523,Nina,Meijer,+31600006523,nina.meijer6523@example.com,Nijmegen,2021-04-30
6524,Finn,Mulder,+31600006524,finn.mulder6524@example.com,Utrecht,2022-11-25
6525,Emma,Peters,+31600006525,emma.peters6525@example.com,Amsterdam,2021-03-05
6526,Lucas,Willems,+31600006526,lucas.willems6526@example.com,Eindhoven,2022-04-06
6527,Daan,Peters,+31600006527,daan.peters6527@example.com,Groningen,2024-03-23
6528,Levi,Meijer,+31600006528,levi.meijer6528@example.com,Almere,2022-01-23
6529,Sara,Hendriks,+31600006529,sara.hendriks6529@example.com,Almere,2021-05-30
6530,Julia,Vos,+31600006530,julia.vos6530@example.com,Groningen,2021-04-17
6531,Noah,De Vries,+31600006531,noah.de vries6531@example.com,Eindhoven,2023-07-16
6532,Milan,Schouten,+31600006532,milan.schouten6532@example.com,Utrecht,2020-09-26
6533,Liam,Hendriks,+31600006533,liam.hendriks6533@example.com,The Hague,2021-02-19
6534,Milan,Prins,+31600006534,milan.prins6534@example.com,Groningen,2024-07-09
6535,Mason,Kuiper,+31600006535,mason.kuiper6535@example.com,Utrecht,2024-05-01
6536,Levi,Visser,+31600006536,levi.visser6536@example.com,Eindhoven,2020-12-01
6537,Julia,Bos,+31600006537,julia.bos6537@example.com,The Hague,2022-10-01
6538,Levi,Hendriks,+31600006538,levi.hendriks6538@example.com,Amsterdam,2022-08-26
6539,Milan,Vos,+31600006539,milan.vos6539@example.com,Breda,2024-10-11
6540,Lucas,Van Dijk,+31600006540,lucas.van dijk6540@example.com,Nijmegen,2020-11-05
6541,Oliver,Kok,+31600006541,oliver.kok6541@example.com,The Hague,2023-04-15
6542,Sophia,Jansen,+31600006542,sophia.jansen6542@example.com,Groningen,2021-11-23
6543,Oliver,Smit,+31600006543,oliver.smit6543@example.com,Utrecht,2023-06-24
6544,Mila,Peters,+31600006544,mila.peters6544@example.com,Utrecht,2024-01-14
6545,Noah,Peters,+31600006545,noah.peters6545@example.com,Breda,2020-12-25
6546,Sophia,Van Dijk,+31600006546,sophia.van dijk6546@example.com,Utrecht,2021-03-21
6547,Mila,Jacobs,+31600006547,mila.jacobs6547@example.com,Breda,2020-10-05
6548,Mila,Kok,+31600006548,mila.kok6548@example.com,Almere,2023-12-22
6549,Mason,Mulder,+31600006549,mason.mulder6549@example.com,Breda,2022-04-07
6550,Lotte,Visser,+31600006550,lotte.visser6550@example.com,Eindhoven,2020-10-08
6551,Milan,Smit,+31600006551,milan.smit6551@example.com,Groningen,2022-09-27
6552,Anna,Visser,+31600006552,anna.visser6552@example.com,Nijmegen,2022-01-14
6553,Liam,Jacobs,+31600006553,liam.jacobs6553@example.com,Nijmegen,2022-10-02
6554,Milan,Bakker,+31600006554,milan.bakker6554@example.com,Breda,2023-03-28
6555,Noah,Mulder,+31600006555,noah.mulder6555@example.com,Amsterdam,2021-12-15
6556,Milan,De Vries,+31600006556,milan.de vries6556@example.com,Utrecht,2024-03-19
6557,Sara,Dekker,+31600006557,sara.dekker6557@example.com,The Hague,2021-03-25
6558,Mason,Kuiper,+31600006558,mason.kuiper6558@example.com,Nijmegen,2024-09-09
6559,Sophia,Visser,+31600006559,sophia.visser6559@example.com,Amsterdam,2024-07-16
6560,Lotte,Jansen,+31600006560,lotte.jansen6560@example.com,Utrecht,2021-06-02
6561,Nina,Kuiper,+31600006561,nina.kuiper6561@example.com,The Hague,2020-07-31
6562,Lucas,Peters,+31600006562,lucas.peters6562@example.com,Eindhoven,2023-01-14
6563,Noah,De Vries,+31600006563,noah.de vries6563@example.com,Rotterdam,2022-12-19
6564,Mason,Jansen,+31600006564,mason.jansen6564@example.com,Eindhoven,2021-10-24
6565,Noah,Mulder,+31600006565,noah.mulder6565@example.com,Groningen,2024-04-16
6566,Finn,Bakker,+31600006566,finn.bakker6566@example.com,Tilburg,2023-02-22
6567,Sara,De Vries,+31600006567,sara.de vries6567@example.com,Breda,2022-11-28
6568,Levi,Kok,+31600006568,levi.kok6568@example.com,Breda,2022-07-26
6569,Ethan,Smit,+31600006569,ethan.smit6569@example.com,Nijmegen,2024-02-23
6570,Sara,Bos,+31600006570,sara.bos6570@example.com,Eindhoven,2022-09-19
6571,Liam,De Vries,+31600006571,liam.de vries6571@example.com,Rotterdam,2020-06-29
6572,Mason,Bos,+31600006572,mason.bos6572@example.com,The Hague,2021-06-01
6573,Oliver,Kok,+31600006573,oliver.kok6573@example.com,Nijmegen,2020-07-24
6574,Emma,De Vries,+31600006574,emma.de vries6574@example.com,Almere,2023-07-04
6575,Daan,De Boer,+31600006575,daan.de boer6575@example.com,Nijmegen,2021-07-28
6576,Liam,Bakker,+31600006576,liam.bakker6576@example.com,Nijmegen,2022-08-08
6577,Levi,Prins,+31600006577,levi.prins6577@example.com,Amsterdam,2024-05-19
6578,Nina,Hendriks,+31600006578,nina.hendriks6578@example.com,Amsterdam,2020-06-05
6579,Julia,Bakker,+31600006579,julia.bakker6579@example.com,Eindhoven,2020-10-01
6580,Mason,Kuiper,+31600006580,mason.kuiper6580@example.com,Tilburg,2023-04-04
6581,Levi,Schouten,+31600006581,levi.schouten6581@example.com,Almere,2021-07-07
6582,Nina,Vos,+31600006582,nina.vos6582@example.com,Almere,2022-11-04
6583,Eva,Bos,+31600006583,eva.bos6583@example.com,Eindhoven,2023-09-26
6584,Daan,Bos,+31600006584,daan.bos6584@example.com,Almere,2021-06-29
6585,Olivia,Mulder,+31600006585,olivia.mulder6585@example.com,Amsterdam,2021-07-30
6586,Nina,Willems,+31600006586,nina.willems6586@example.com,Amsterdam,2021-03-07
6587,Ethan,Schouten,+31600006587,ethan.schouten6587@example.com,Groningen,2024-08-11
6588,Mila,Kuiper,+31600006588,mila.kuiper6588@example.com,Tilburg,2024-02-12
6589,Julia,Meijer,+31600006589,julia.meijer6589@example.com,The Hague,2020-06-08
6590,Emma,Bakker,+31600006590,emma.bakker6590@example.com,Breda,2022-10-30
6591,Mason,Meijer,+31600006591,mason.meijer6591@example.com,Tilburg,2023-07-29
6592,Mason,Hendriks,+31600006592,mason.hendriks6592@example.com,The Hague,2023-08-08
6593,Ethan,Peters,+31600006593,ethan.peters6593@example.com,Eindhoven,2022-11-10
6674,Olivia,Vos,+31600006674,olivia.vos6674@example.com,Eindhoven,2021-01-22
6594,Oliver,Dekker,+31600006594,oliver.dekker6594@example.com,Rotterdam,2023-12-28
6595,Julia,Dekker,+31600006595,julia.dekker6595@example.com,The Hague,2022-06-26
6596,Mason,Dekker,+31600006596,mason.dekker6596@example.com,Utrecht,2022-12-10
6597,Sara,Schouten,+31600006597,sara.schouten6597@example.com,Tilburg,2024-03-29
6598,Olivia,Smit,+31600006598,olivia.smit6598@example.com,The Hague,2021-01-08
6599,Lucas,Van Dijk,+31600006599,lucas.van dijk6599@example.com,Nijmegen,2020-10-31
6600,Finn,Meijer,+31600006600,finn.meijer6600@example.com,Breda,2020-05-05
6601,Daan,Van Dijk,+31600006601,daan.van dijk6601@example.com,Rotterdam,2020-04-19
6602,Oliver,Visser,+31600006602,oliver.visser6602@example.com,Groningen,2023-04-03
6603,Oliver,Kuiper,+31600006603,oliver.kuiper6603@example.com,The Hague,2022-06-23
6604,Eva,Visser,+31600006604,eva.visser6604@example.com,Amsterdam,2024-09-10
6605,Milan,Bos,+31600006605,milan.bos6605@example.com,Amsterdam,2023-11-20
6606,Sophia,Van Dijk,+31600006606,sophia.van dijk6606@example.com,Nijmegen,2023-04-01
6607,Olivia,Kok,+31600006607,olivia.kok6607@example.com,The Hague,2022-05-11
6608,Levi,Bos,+31600006608,levi.bos6608@example.com,Groningen,2021-05-16
6609,Olivia,De Boer,+31600006609,olivia.de boer6609@example.com,Almere,2022-02-08
6610,Mason,Bakker,+31600006610,mason.bakker6610@example.com,Utrecht,2023-11-29
6611,Emma,Van Dijk,+31600006611,emma.van dijk6611@example.com,Nijmegen,2021-06-06
6612,Sophia,Vos,+31600006612,sophia.vos6612@example.com,Nijmegen,2022-09-02
6613,Lotte,Smit,+31600006613,lotte.smit6613@example.com,Tilburg,2020-09-28
6614,Lucas,Smit,+31600006614,lucas.smit6614@example.com,Groningen,2021-06-03
6615,Finn,Kok,+31600006615,finn.kok6615@example.com,Nijmegen,2021-10-25
6616,Emma,Willems,+31600006616,emma.willems6616@example.com,Utrecht,2020-02-09
6617,Oliver,Vos,+31600006617,oliver.vos6617@example.com,Breda,2023-04-26
6618,Sara,Vos,+31600006618,sara.vos6618@example.com,Utrecht,2021-11-07
6619,Eva,Jansen,+31600006619,eva.jansen6619@example.com,Almere,2024-09-18
6620,Julia,Prins,+31600006620,julia.prins6620@example.com,Nijmegen,2023-07-08
6621,Oliver,Smit,+31600006621,oliver.smit6621@example.com,Tilburg,2020-01-09
6622,Lotte,Vos,+31600006622,lotte.vos6622@example.com,Tilburg,2023-10-01
6623,Anna,Kuiper,+31600006623,anna.kuiper6623@example.com,Rotterdam,2020-02-19
6624,Liam,Kuiper,+31600006624,liam.kuiper6624@example.com,Rotterdam,2022-05-30
6625,Nina,Peters,+31600006625,nina.peters6625@example.com,Breda,2022-03-29
6626,Lucas,Prins,+31600006626,lucas.prins6626@example.com,Almere,2021-01-18
6627,Oliver,Mulder,+31600006627,oliver.mulder6627@example.com,Amsterdam,2022-01-25
6628,Anna,Peters,+31600006628,anna.peters6628@example.com,Almere,2021-07-05
6629,Sara,Kok,+31600006629,sara.kok6629@example.com,Amsterdam,2021-11-17
6630,Sophia,Hendriks,+31600006630,sophia.hendriks6630@example.com,Eindhoven,2022-02-06
6631,Liam,Vos,+31600006631,liam.vos6631@example.com,Utrecht,2022-02-14
6632,Eva,Mulder,+31600006632,eva.mulder6632@example.com,The Hague,2022-06-25
6633,Lotte,Jansen,+31600006633,lotte.jansen6633@example.com,Groningen,2021-06-09
6634,Ethan,Jansen,+31600006634,ethan.jansen6634@example.com,Almere,2022-12-29
6635,Eva,Jacobs,+31600006635,eva.jacobs6635@example.com,Rotterdam,2022-06-26
6636,Daan,Meijer,+31600006636,daan.meijer6636@example.com,Groningen,2023-11-26
6637,Lucas,Hendriks,+31600006637,lucas.hendriks6637@example.com,Almere,2023-11-11
6638,Eva,Smit,+31600006638,eva.smit6638@example.com,Utrecht,2024-09-13
6639,Emma,Peters,+31600006639,emma.peters6639@example.com,Utrecht,2020-04-27
6640,Lucas,Kuiper,+31600006640,lucas.kuiper6640@example.com,The Hague,2022-10-20
6641,Levi,Bakker,+31600006641,levi.bakker6641@example.com,Tilburg,2021-05-04
6642,Emma,Mulder,+31600006642,emma.mulder6642@example.com,The Hague,2023-03-07
6643,Lucas,Smit,+31600006643,lucas.smit6643@example.com,Tilburg,2020-01-03
6644,Liam,Smit,+31600006644,liam.smit6644@example.com,Tilburg,2021-10-11
6645,Mason,Kok,+31600006645,mason.kok6645@example.com,Eindhoven,2022-10-24
6646,Emma,Schouten,+31600006646,emma.schouten6646@example.com,Almere,2022-04-02
6647,Levi,Kok,+31600006647,levi.kok6647@example.com,Breda,2022-02-10
6648,Finn,Schouten,+31600006648,finn.schouten6648@example.com,The Hague,2021-02-11
6649,Mason,Bos,+31600006649,mason.bos6649@example.com,Eindhoven,2024-02-05
6650,Mila,Peters,+31600006650,mila.peters6650@example.com,Tilburg,2022-03-09
6651,Julia,Kok,+31600006651,julia.kok6651@example.com,Amsterdam,2023-11-15
6652,Ethan,Bos,+31600006652,ethan.bos6652@example.com,Tilburg,2020-11-11
6653,Nina,Kok,+31600006653,nina.kok6653@example.com,Groningen,2024-02-27
6654,Oliver,De Boer,+31600006654,oliver.de boer6654@example.com,Nijmegen,2023-09-05
6655,Liam,Bakker,+31600006655,liam.bakker6655@example.com,Tilburg,2020-09-19
6656,Anna,Willems,+31600006656,anna.willems6656@example.com,The Hague,2020-03-06
6657,Liam,Peters,+31600006657,liam.peters6657@example.com,Rotterdam,2020-09-13
6658,Finn,Jacobs,+31600006658,finn.jacobs6658@example.com,Groningen,2021-01-27
6659,Noah,Prins,+31600006659,noah.prins6659@example.com,Almere,2021-12-05
6660,Olivia,Mulder,+31600006660,olivia.mulder6660@example.com,Breda,2020-04-15
6661,Emma,Schouten,+31600006661,emma.schouten6661@example.com,Almere,2023-08-07
6662,Oliver,Visser,+31600006662,oliver.visser6662@example.com,Almere,2024-04-29
6663,Sara,Van Dijk,+31600006663,sara.van dijk6663@example.com,Rotterdam,2020-11-24
6664,Finn,Jacobs,+31600006664,finn.jacobs6664@example.com,Eindhoven,2022-04-06
6665,Liam,Bakker,+31600006665,liam.bakker6665@example.com,Breda,2020-06-04
6666,Olivia,Schouten,+31600006666,olivia.schouten6666@example.com,The Hague,2024-05-17
6667,Sara,Visser,+31600006667,sara.visser6667@example.com,Breda,2020-11-05
6668,Lucas,Meijer,+31600006668,lucas.meijer6668@example.com,Eindhoven,2022-10-28
6669,Levi,De Vries,+31600006669,levi.de vries6669@example.com,Groningen,2024-09-01
6670,Lucas,Vos,+31600006670,lucas.vos6670@example.com,Eindhoven,2023-12-20
6671,Sara,Prins,+31600006671,sara.prins6671@example.com,The Hague,2022-04-07
6672,Noah,Hendriks,+31600006672,noah.hendriks6672@example.com,Utrecht,2024-11-26
6673,Mila,Schouten,+31600006673,mila.schouten6673@example.com,The Hague,2021-12-28
6675,Oliver,Schouten,+31600006675,oliver.schouten6675@example.com,Breda,2021-12-23
6676,Nina,Vos,+31600006676,nina.vos6676@example.com,The Hague,2023-03-08
6677,Lucas,Hendriks,+31600006677,lucas.hendriks6677@example.com,Nijmegen,2020-09-11
6678,Ethan,Peters,+31600006678,ethan.peters6678@example.com,Tilburg,2022-05-29
6679,Daan,Dekker,+31600006679,daan.dekker6679@example.com,Breda,2020-09-09
6680,Anna,Kuiper,+31600006680,anna.kuiper6680@example.com,Utrecht,2022-04-29
6681,Noah,Jacobs,+31600006681,noah.jacobs6681@example.com,Eindhoven,2022-06-29
6682,Ethan,Smit,+31600006682,ethan.smit6682@example.com,Amsterdam,2022-06-03
6683,Julia,Smit,+31600006683,julia.smit6683@example.com,Breda,2024-05-12
6684,Finn,Mulder,+31600006684,finn.mulder6684@example.com,Utrecht,2023-06-10
6685,Lotte,Peters,+31600006685,lotte.peters6685@example.com,The Hague,2021-04-22
6686,Lotte,Visser,+31600006686,lotte.visser6686@example.com,Almere,2021-04-06
6687,Liam,Meijer,+31600006687,liam.meijer6687@example.com,Utrecht,2024-05-25
6688,Mason,Kok,+31600006688,mason.kok6688@example.com,Groningen,2020-05-14
6689,Lucas,Dekker,+31600006689,lucas.dekker6689@example.com,The Hague,2020-01-11
6690,Lucas,Mulder,+31600006690,lucas.mulder6690@example.com,Groningen,2024-06-29
6691,Anna,Prins,+31600006691,anna.prins6691@example.com,Utrecht,2020-02-18
6692,Sara,Prins,+31600006692,sara.prins6692@example.com,Rotterdam,2024-06-07
6693,Nina,Jansen,+31600006693,nina.jansen6693@example.com,Eindhoven,2020-12-14
6694,Eva,Prins,+31600006694,eva.prins6694@example.com,Breda,2024-03-01
6695,Mila,Schouten,+31600006695,mila.schouten6695@example.com,Breda,2024-10-07
6696,Emma,Dekker,+31600006696,emma.dekker6696@example.com,The Hague,2022-12-05
6697,Olivia,Schouten,+31600006697,olivia.schouten6697@example.com,Almere,2024-09-13
6698,Milan,Bakker,+31600006698,milan.bakker6698@example.com,Eindhoven,2020-11-13
6699,Mila,Van Dijk,+31600006699,mila.van dijk6699@example.com,The Hague,2021-01-11
6700,Lucas,De Vries,+31600006700,lucas.de vries6700@example.com,The Hague,2022-10-01
6701,Sara,Schouten,+31600006701,sara.schouten6701@example.com,Rotterdam,2020-11-25
6702,Milan,Kok,+31600006702,milan.kok6702@example.com,Nijmegen,2023-12-10
6703,Emma,De Vries,+31600006703,emma.de vries6703@example.com,Nijmegen,2023-08-27
6704,Noah,Mulder,+31600006704,noah.mulder6704@example.com,Eindhoven,2022-04-06
6705,Sara,Bos,+31600006705,sara.bos6705@example.com,Utrecht,2023-03-12
6706,Mason,Dekker,+31600006706,mason.dekker6706@example.com,Eindhoven,2023-12-06
6707,Sophia,Vos,+31600006707,sophia.vos6707@example.com,Rotterdam,2022-02-12
6708,Nina,Prins,+31600006708,nina.prins6708@example.com,Utrecht,2021-10-24
6709,Olivia,Dekker,+31600006709,olivia.dekker6709@example.com,Almere,2022-08-22
6710,Emma,De Boer,+31600006710,emma.de boer6710@example.com,Rotterdam,2024-05-25
6711,Mila,Jansen,+31600006711,mila.jansen6711@example.com,Breda,2020-09-04
6712,Eva,Jansen,+31600006712,eva.jansen6712@example.com,Utrecht,2023-08-17
6713,Liam,Kok,+31600006713,liam.kok6713@example.com,Nijmegen,2023-08-25
6714,Olivia,Smit,+31600006714,olivia.smit6714@example.com,Nijmegen,2022-02-05
6715,Finn,Smit,+31600006715,finn.smit6715@example.com,Amsterdam,2020-09-06
6716,Nina,Bakker,+31600006716,nina.bakker6716@example.com,Amsterdam,2022-09-04
6717,Levi,Smit,+31600006717,levi.smit6717@example.com,Breda,2021-03-13
6718,Lotte,Vos,+31600006718,lotte.vos6718@example.com,Nijmegen,2022-01-22
6719,Sophia,Visser,+31600006719,sophia.visser6719@example.com,Eindhoven,2020-02-22
6720,Mila,Mulder,+31600006720,mila.mulder6720@example.com,Amsterdam,2022-12-31
6721,Finn,Hendriks,+31600006721,finn.hendriks6721@example.com,Groningen,2023-02-25
6722,Milan,Vos,+31600006722,milan.vos6722@example.com,Utrecht,2023-10-02
6723,Olivia,De Vries,+31600006723,olivia.de vries6723@example.com,Breda,2023-08-04
6724,Milan,Willems,+31600006724,milan.willems6724@example.com,Breda,2022-09-28
6725,Lucas,Mulder,+31600006725,lucas.mulder6725@example.com,Amsterdam,2021-08-19
6726,Noah,De Boer,+31600006726,noah.de boer6726@example.com,Breda,2020-03-12
6727,Sara,Kok,+31600006727,sara.kok6727@example.com,Groningen,2020-05-12
6728,Olivia,Jacobs,+31600006728,olivia.jacobs6728@example.com,Groningen,2022-02-20
6729,Levi,Schouten,+31600006729,levi.schouten6729@example.com,Utrecht,2022-06-13
6730,Noah,Hendriks,+31600006730,noah.hendriks6730@example.com,Eindhoven,2022-03-09
6731,Lotte,Vos,+31600006731,lotte.vos6731@example.com,Amsterdam,2020-01-03
6732,Lotte,Kok,+31600006732,lotte.kok6732@example.com,Rotterdam,2022-11-14
6733,Lotte,Van Dijk,+31600006733,lotte.van dijk6733@example.com,Tilburg,2022-01-16
6734,Nina,Smit,+31600006734,nina.smit6734@example.com,Utrecht,2022-09-11
6735,Anna,Peters,+31600006735,anna.peters6735@example.com,Rotterdam,2022-05-03
6736,Mila,De Boer,+31600006736,mila.de boer6736@example.com,Nijmegen,2024-02-06
6737,Noah,De Vries,+31600006737,noah.de vries6737@example.com,Rotterdam,2020-11-21
6738,Noah,Prins,+31600006738,noah.prins6738@example.com,Amsterdam,2022-08-13
6739,Lucas,Kok,+31600006739,lucas.kok6739@example.com,Utrecht,2022-01-21
6740,Ethan,Jacobs,+31600006740,ethan.jacobs6740@example.com,Nijmegen,2020-10-02
6741,Mason,Jansen,+31600006741,mason.jansen6741@example.com,Nijmegen,2021-05-03
6742,Eva,De Boer,+31600006742,eva.de boer6742@example.com,Tilburg,2023-10-28
6743,Ethan,Smit,+31600006743,ethan.smit6743@example.com,Nijmegen,2020-09-02
6744,Noah,Hendriks,+31600006744,noah.hendriks6744@example.com,Rotterdam,2023-05-01
6745,Mason,Bakker,+31600006745,mason.bakker6745@example.com,Tilburg,2023-08-05
6746,Daan,Vos,+31600006746,daan.vos6746@example.com,Utrecht,2020-05-03
6747,Noah,Dekker,+31600006747,noah.dekker6747@example.com,The Hague,2024-03-29
6748,Levi,Smit,+31600006748,levi.smit6748@example.com,Almere,2023-08-26
6749,Lucas,Jansen,+31600006749,lucas.jansen6749@example.com,Breda,2022-11-10
6750,Milan,Dekker,+31600006750,milan.dekker6750@example.com,Amsterdam,2020-11-29
6751,Noah,Peters,+31600006751,noah.peters6751@example.com,Amsterdam,2023-08-23
6752,Mason,De Vries,+31600006752,mason.de vries6752@example.com,Almere,2023-12-15
6753,Liam,De Vries,+31600006753,liam.de vries6753@example.com,Breda,2020-06-01
6754,Levi,Van Dijk,+31600006754,levi.van dijk6754@example.com,Tilburg,2020-08-26
6755,Sophia,Meijer,+31600006755,sophia.meijer6755@example.com,Rotterdam,2024-01-27
6756,Anna,Van Dijk,+31600006756,anna.van dijk6756@example.com,Nijmegen,2022-05-08
6757,Eva,Meijer,+31600006757,eva.meijer6757@example.com,Nijmegen,2024-05-11
6758,Anna,Hendriks,+31600006758,anna.hendriks6758@example.com,Eindhoven,2020-03-27
6759,Ethan,Willems,+31600006759,ethan.willems6759@example.com,Groningen,2024-08-07
6760,Noah,Kok,+31600006760,noah.kok6760@example.com,Almere,2020-10-04
6761,Ethan,Hendriks,+31600006761,ethan.hendriks6761@example.com,The Hague,2021-02-07
6762,Sophia,Bos,+31600006762,sophia.bos6762@example.com,Groningen,2024-12-04
6763,Emma,Smit,+31600006763,emma.smit6763@example.com,Eindhoven,2020-07-07
6764,Daan,Mulder,+31600006764,daan.mulder6764@example.com,Rotterdam,2023-05-12
6765,Olivia,Jansen,+31600006765,olivia.jansen6765@example.com,Groningen,2023-12-24
6766,Liam,Mulder,+31600006766,liam.mulder6766@example.com,Rotterdam,2024-07-02
6767,Levi,De Vries,+31600006767,levi.de vries6767@example.com,Rotterdam,2020-12-17
6768,Nina,Bakker,+31600006768,nina.bakker6768@example.com,The Hague,2022-09-06
6769,Julia,Bos,+31600006769,julia.bos6769@example.com,Rotterdam,2023-12-20
6770,Sophia,Smit,+31600006770,sophia.smit6770@example.com,Utrecht,2024-01-05
6771,Finn,Schouten,+31600006771,finn.schouten6771@example.com,Utrecht,2023-06-01
6772,Eva,De Vries,+31600006772,eva.de vries6772@example.com,Eindhoven,2022-12-04
6773,Liam,Willems,+31600006773,liam.willems6773@example.com,The Hague,2023-09-17
6774,Liam,Peters,+31600006774,liam.peters6774@example.com,Amsterdam,2023-07-03
6775,Julia,Kok,+31600006775,julia.kok6775@example.com,Rotterdam,2021-01-13
6776,Lucas,Dekker,+31600006776,lucas.dekker6776@example.com,Nijmegen,2024-02-13
6777,Sara,Schouten,+31600006777,sara.schouten6777@example.com,Utrecht,2020-09-16
6778,Daan,De Boer,+31600006778,daan.de boer6778@example.com,Amsterdam,2022-06-28
6779,Sophia,Kok,+31600006779,sophia.kok6779@example.com,Utrecht,2024-10-21
6780,Lotte,Bakker,+31600006780,lotte.bakker6780@example.com,Groningen,2023-04-03
6781,Mason,Prins,+31600006781,mason.prins6781@example.com,Groningen,2024-04-27
6782,Ethan,Bos,+31600006782,ethan.bos6782@example.com,Eindhoven,2024-04-14
6783,Sophia,Schouten,+31600006783,sophia.schouten6783@example.com,Utrecht,2023-05-05
6784,Julia,Peters,+31600006784,julia.peters6784@example.com,Utrecht,2021-10-17
6785,Lucas,Van Dijk,+31600006785,lucas.van dijk6785@example.com,Rotterdam,2022-06-16
6786,Mila,Peters,+31600006786,mila.peters6786@example.com,Eindhoven,2024-01-08
6787,Levi,Kok,+31600006787,levi.kok6787@example.com,Almere,2024-09-15
6788,Milan,De Boer,+31600006788,milan.de boer6788@example.com,Breda,2023-10-16
6789,Liam,Jansen,+31600006789,liam.jansen6789@example.com,The Hague,2021-01-15
6790,Eva,Prins,+31600006790,eva.prins6790@example.com,Amsterdam,2024-03-11
6791,Milan,Schouten,+31600006791,milan.schouten6791@example.com,Almere,2023-09-14
6792,Mason,Jansen,+31600006792,mason.jansen6792@example.com,Groningen,2020-11-12
6793,Ethan,Jansen,+31600006793,ethan.jansen6793@example.com,Almere,2021-04-19
6794,Julia,Jansen,+31600006794,julia.jansen6794@example.com,Rotterdam,2024-02-08
6795,Julia,Kok,+31600006795,julia.kok6795@example.com,Amsterdam,2020-12-04
6796,Julia,Jansen,+31600006796,julia.jansen6796@example.com,Tilburg,2020-09-04
6797,Lucas,Vos,+31600006797,lucas.vos6797@example.com,Groningen,2024-09-10
6798,Finn,Van Dijk,+31600006798,finn.van dijk6798@example.com,Amsterdam,2023-12-08
6799,Milan,Mulder,+31600006799,milan.mulder6799@example.com,Breda,2024-12-04
6800,Oliver,Vos,+31600006800,oliver.vos6800@example.com,Utrecht,2021-10-19
6801,Lucas,Dekker,+31600006801,lucas.dekker6801@example.com,Tilburg,2022-06-30
6802,Anna,Visser,+31600006802,anna.visser6802@example.com,Eindhoven,2021-03-10
6803,Finn,Van Dijk,+31600006803,finn.van dijk6803@example.com,Amsterdam,2021-08-28
6804,Anna,Bos,+31600006804,anna.bos6804@example.com,Groningen,2020-03-12
6805,Mason,Peters,+31600006805,mason.peters6805@example.com,The Hague,2020-01-01
6806,Eva,Bos,+31600006806,eva.bos6806@example.com,Amsterdam,2023-02-24
6807,Mila,Van Dijk,+31600006807,mila.van dijk6807@example.com,Groningen,2023-08-12
6808,Mason,Schouten,+31600006808,mason.schouten6808@example.com,Nijmegen,2021-09-07
6809,Emma,Dekker,+31600006809,emma.dekker6809@example.com,Groningen,2024-08-20
6810,Lucas,Bos,+31600006810,lucas.bos6810@example.com,Rotterdam,2021-01-24
6811,Milan,Smit,+31600006811,milan.smit6811@example.com,Eindhoven,2023-12-14
6812,Mila,Jacobs,+31600006812,mila.jacobs6812@example.com,Utrecht,2024-02-06
6813,Anna,Bos,+31600006813,anna.bos6813@example.com,Tilburg,2022-12-24
6814,Oliver,Jansen,+31600006814,oliver.jansen6814@example.com,Rotterdam,2023-03-26
6815,Milan,De Vries,+31600006815,milan.de vries6815@example.com,Nijmegen,2022-07-24
6816,Lucas,Vos,+31600006816,lucas.vos6816@example.com,The Hague,2023-09-07
6817,Liam,Jansen,+31600006817,liam.jansen6817@example.com,Rotterdam,2022-08-15
6818,Anna,Smit,+31600006818,anna.smit6818@example.com,Amsterdam,2021-05-30
6819,Liam,Prins,+31600006819,liam.prins6819@example.com,Nijmegen,2022-09-01
6820,Emma,Vos,+31600006820,emma.vos6820@example.com,The Hague,2021-09-18
6821,Eva,Kok,+31600006821,eva.kok6821@example.com,Amsterdam,2024-04-03
6822,Mila,Hendriks,+31600006822,mila.hendriks6822@example.com,Tilburg,2024-02-15
6823,Lucas,Willems,+31600006823,lucas.willems6823@example.com,Tilburg,2022-04-20
6824,Levi,De Boer,+31600006824,levi.de boer6824@example.com,Amsterdam,2023-12-05
6825,Oliver,De Boer,+31600006825,oliver.de boer6825@example.com,Rotterdam,2022-06-17
6826,Liam,Meijer,+31600006826,liam.meijer6826@example.com,Amsterdam,2024-05-16
6827,Milan,Willems,+31600006827,milan.willems6827@example.com,Utrecht,2024-08-19
6828,Anna,Kuiper,+31600006828,anna.kuiper6828@example.com,Nijmegen,2022-02-02
6829,Nina,Smit,+31600006829,nina.smit6829@example.com,The Hague,2024-02-27
6830,Oliver,Kok,+31600006830,oliver.kok6830@example.com,Nijmegen,2022-09-02
6831,Ethan,Schouten,+31600006831,ethan.schouten6831@example.com,Almere,2023-06-25
6832,Ethan,Kuiper,+31600006832,ethan.kuiper6832@example.com,The Hague,2024-02-21
6833,Liam,Kok,+31600006833,liam.kok6833@example.com,Breda,2024-10-21
6834,Emma,Jansen,+31600006834,emma.jansen6834@example.com,Nijmegen,2021-10-30
6835,Milan,Bos,+31600006835,milan.bos6835@example.com,Almere,2024-05-05
6836,Lucas,Vos,+31600006836,lucas.vos6836@example.com,Tilburg,2020-04-24
6837,Emma,Kok,+31600006837,emma.kok6837@example.com,Utrecht,2020-01-23
6838,Lotte,Willems,+31600006838,lotte.willems6838@example.com,Breda,2023-02-05
6839,Emma,Prins,+31600006839,emma.prins6839@example.com,Nijmegen,2024-10-22
6840,Eva,Bos,+31600006840,eva.bos6840@example.com,Rotterdam,2021-07-03
6841,Levi,De Boer,+31600006841,levi.de boer6841@example.com,Groningen,2024-06-13
6842,Lotte,Prins,+31600006842,lotte.prins6842@example.com,Breda,2023-09-24
6843,Daan,Bakker,+31600006843,daan.bakker6843@example.com,Breda,2021-04-02
6844,Olivia,Jansen,+31600006844,olivia.jansen6844@example.com,Nijmegen,2021-04-17
6845,Mason,Prins,+31600006845,mason.prins6845@example.com,Nijmegen,2023-01-19
6846,Anna,Van Dijk,+31600006846,anna.van dijk6846@example.com,The Hague,2024-04-30
6847,Ethan,Bakker,+31600006847,ethan.bakker6847@example.com,Rotterdam,2022-06-13
6848,Lotte,Mulder,+31600006848,lotte.mulder6848@example.com,Amsterdam,2022-05-14
6849,Ethan,Dekker,+31600006849,ethan.dekker6849@example.com,The Hague,2020-11-28
6850,Lucas,Willems,+31600006850,lucas.willems6850@example.com,Groningen,2024-05-29
6851,Noah,Bakker,+31600006851,noah.bakker6851@example.com,Tilburg,2020-02-27
6852,Eva,Prins,+31600006852,eva.prins6852@example.com,Amsterdam,2020-10-17
6853,Daan,Kuiper,+31600006853,daan.kuiper6853@example.com,Almere,2021-10-24
6854,Mila,Prins,+31600006854,mila.prins6854@example.com,Groningen,2023-05-13
6855,Milan,Jansen,+31600006855,milan.jansen6855@example.com,Groningen,2024-10-12
6856,Lotte,Smit,+31600006856,lotte.smit6856@example.com,Amsterdam,2020-03-16
6857,Milan,Schouten,+31600006857,milan.schouten6857@example.com,Breda,2022-04-20
6858,Liam,Jacobs,+31600006858,liam.jacobs6858@example.com,Breda,2024-01-04
6859,Anna,Van Dijk,+31600006859,anna.van dijk6859@example.com,Groningen,2023-04-04
6860,Mila,Kuiper,+31600006860,mila.kuiper6860@example.com,Utrecht,2022-03-12
6861,Liam,Prins,+31600006861,liam.prins6861@example.com,Groningen,2022-01-27
6862,Emma,Jacobs,+31600006862,emma.jacobs6862@example.com,Groningen,2023-03-25
6863,Sophia,Schouten,+31600006863,sophia.schouten6863@example.com,Amsterdam,2022-08-26
6864,Julia,Willems,+31600006864,julia.willems6864@example.com,Eindhoven,2022-06-30
6865,Emma,Willems,+31600006865,emma.willems6865@example.com,Nijmegen,2024-06-29
6866,Oliver,Jansen,+31600006866,oliver.jansen6866@example.com,Tilburg,2022-01-02
6867,Lotte,Jacobs,+31600006867,lotte.jacobs6867@example.com,Nijmegen,2021-11-01
6868,Finn,Vos,+31600006868,finn.vos6868@example.com,Groningen,2020-02-23
6869,Sara,Bos,+31600006869,sara.bos6869@example.com,Almere,2021-03-27
6870,Mila,De Boer,+31600006870,mila.de boer6870@example.com,Almere,2024-11-01
6871,Mason,De Vries,+31600006871,mason.de vries6871@example.com,Almere,2022-01-27
6872,Lucas,Schouten,+31600006872,lucas.schouten6872@example.com,Rotterdam,2024-03-23
6873,Levi,Bos,+31600006873,levi.bos6873@example.com,Rotterdam,2024-05-02
6874,Milan,Meijer,+31600006874,milan.meijer6874@example.com,Nijmegen,2020-08-31
6875,Mason,Smit,+31600006875,mason.smit6875@example.com,The Hague,2024-04-27
6876,Lucas,Bos,+31600006876,lucas.bos6876@example.com,The Hague,2022-05-20
6877,Emma,Bakker,+31600006877,emma.bakker6877@example.com,Utrecht,2020-05-16
6878,Finn,Dekker,+31600006878,finn.dekker6878@example.com,Groningen,2023-02-15
6879,Julia,Kuiper,+31600006879,julia.kuiper6879@example.com,Breda,2024-09-02
6880,Ethan,Van Dijk,+31600006880,ethan.van dijk6880@example.com,Groningen,2022-10-27
6881,Eva,Peters,+31600006881,eva.peters6881@example.com,Groningen,2022-07-22
6882,Sophia,Mulder,+31600006882,sophia.mulder6882@example.com,Rotterdam,2021-02-17
6883,Ethan,Schouten,+31600006883,ethan.schouten6883@example.com,Eindhoven,2021-03-12
6884,Mila,Smit,+31600006884,mila.smit6884@example.com,Eindhoven,2022-07-09
6885,Levi,Dekker,+31600006885,levi.dekker6885@example.com,Rotterdam,2022-03-20
6886,Julia,Jacobs,+31600006886,julia.jacobs6886@example.com,Tilburg,2023-06-22
6887,Lotte,Kok,+31600006887,lotte.kok6887@example.com,Amsterdam,2021-09-18
6888,Olivia,Hendriks,+31600006888,olivia.hendriks6888@example.com,Amsterdam,2023-04-12
6889,Noah,Jansen,+31600006889,noah.jansen6889@example.com,Nijmegen,2022-01-05
6890,Finn,Jacobs,+31600006890,finn.jacobs6890@example.com,Groningen,2023-12-21
6891,Finn,Prins,+31600006891,finn.prins6891@example.com,Nijmegen,2021-05-16
6892,Olivia,Kok,+31600006892,olivia.kok6892@example.com,Groningen,2022-03-05
6893,Noah,Bakker,+31600006893,noah.bakker6893@example.com,Nijmegen,2023-09-21
6894,Mason,Meijer,+31600006894,mason.meijer6894@example.com,Eindhoven,2022-10-20
6895,Milan,Bos,+31600006895,milan.bos6895@example.com,Nijmegen,2023-12-26
6896,Eva,Meijer,+31600006896,eva.meijer6896@example.com,Groningen,2020-03-08
6897,Sara,Jansen,+31600006897,sara.jansen6897@example.com,Eindhoven,2021-02-26
6898,Lotte,Mulder,+31600006898,lotte.mulder6898@example.com,Almere,2023-10-15
6899,Oliver,Mulder,+31600006899,oliver.mulder6899@example.com,Utrecht,2020-01-11
6900,Eva,Vos,+31600006900,eva.vos6900@example.com,Almere,2023-12-04
6901,Anna,Bakker,+31600006901,anna.bakker6901@example.com,Nijmegen,2020-09-17
6902,Levi,Hendriks,+31600006902,levi.hendriks6902@example.com,Nijmegen,2023-09-02
6903,Sara,Meijer,+31600006903,sara.meijer6903@example.com,Rotterdam,2023-08-05
6904,Mason,Prins,+31600006904,mason.prins6904@example.com,Groningen,2021-10-17
6905,Ethan,Van Dijk,+31600006905,ethan.van dijk6905@example.com,Eindhoven,2023-01-25
6906,Ethan,Meijer,+31600006906,ethan.meijer6906@example.com,Groningen,2024-09-22
6907,Julia,Prins,+31600006907,julia.prins6907@example.com,Amsterdam,2023-03-26
6908,Lotte,Jansen,+31600006908,lotte.jansen6908@example.com,Tilburg,2021-04-15
6909,Lotte,Willems,+31600006909,lotte.willems6909@example.com,Rotterdam,2021-10-20
6910,Lucas,Prins,+31600006910,lucas.prins6910@example.com,Almere,2024-07-23
6911,Lotte,Prins,+31600006911,lotte.prins6911@example.com,Nijmegen,2024-01-21
6912,Anna,Dekker,+31600006912,anna.dekker6912@example.com,Breda,2024-06-12
6913,Levi,Mulder,+31600006913,levi.mulder6913@example.com,Tilburg,2022-03-24
6914,Emma,Vos,+31600006914,emma.vos6914@example.com,Nijmegen,2021-06-08
6915,Finn,De Vries,+31600006915,finn.de vries6915@example.com,Utrecht,2023-12-31
6916,Noah,Kuiper,+31600006916,noah.kuiper6916@example.com,Amsterdam,2021-02-16
6917,Mason,Peters,+31600006917,mason.peters6917@example.com,The Hague,2023-06-11
6918,Levi,Jansen,+31600006918,levi.jansen6918@example.com,Tilburg,2022-04-04
6919,Oliver,Van Dijk,+31600006919,oliver.van dijk6919@example.com,Tilburg,2024-10-14
6920,Eva,Meijer,+31600006920,eva.meijer6920@example.com,Tilburg,2024-01-12
6921,Oliver,Bos,+31600006921,oliver.bos6921@example.com,Utrecht,2020-12-26
6922,Mila,Prins,+31600006922,mila.prins6922@example.com,Eindhoven,2022-10-11
6923,Finn,Visser,+31600006923,finn.visser6923@example.com,Almere,2021-10-12
6924,Julia,Dekker,+31600006924,julia.dekker6924@example.com,Rotterdam,2022-12-06
6925,Emma,Bos,+31600006925,emma.bos6925@example.com,Breda,2023-02-26
6926,Liam,Jansen,+31600006926,liam.jansen6926@example.com,Breda,2020-11-24
6927,Anna,Meijer,+31600006927,anna.meijer6927@example.com,Rotterdam,2022-09-06
6928,Mila,De Boer,+31600006928,mila.de boer6928@example.com,Groningen,2021-08-07
6929,Nina,Smit,+31600006929,nina.smit6929@example.com,Almere,2020-02-25
6930,Sara,Jacobs,+31600006930,sara.jacobs6930@example.com,Tilburg,2021-02-12
6931,Julia,Jacobs,+31600006931,julia.jacobs6931@example.com,Eindhoven,2023-07-26
6932,Lucas,Meijer,+31600006932,lucas.meijer6932@example.com,Almere,2020-09-22
6933,Liam,De Vries,+31600006933,liam.de vries6933@example.com,Groningen,2021-04-30
6934,Eva,Visser,+31600006934,eva.visser6934@example.com,Amsterdam,2024-01-16
6935,Emma,Visser,+31600006935,emma.visser6935@example.com,Tilburg,2024-02-17
6936,Olivia,Peters,+31600006936,olivia.peters6936@example.com,Breda,2024-02-09
6937,Emma,Kok,+31600006937,emma.kok6937@example.com,Breda,2022-07-13
6938,Nina,Kok,+31600006938,nina.kok6938@example.com,Groningen,2020-04-04
6939,Noah,Vos,+31600006939,noah.vos6939@example.com,Eindhoven,2021-06-21
6940,Lotte,Dekker,+31600006940,lotte.dekker6940@example.com,Eindhoven,2024-09-02
6941,Oliver,Meijer,+31600006941,oliver.meijer6941@example.com,Utrecht,2020-08-04
6942,Finn,Peters,+31600006942,finn.peters6942@example.com,Nijmegen,2024-06-07
6943,Sophia,Visser,+31600006943,sophia.visser6943@example.com,Tilburg,2022-04-08
6944,Julia,Hendriks,+31600006944,julia.hendriks6944@example.com,Rotterdam,2020-12-27
6945,Emma,Meijer,+31600006945,emma.meijer6945@example.com,Almere,2020-02-05
6946,Mason,Mulder,+31600006946,mason.mulder6946@example.com,Breda,2022-11-23
6947,Oliver,Hendriks,+31600006947,oliver.hendriks6947@example.com,Tilburg,2023-10-23
6948,Eva,Jacobs,+31600006948,eva.jacobs6948@example.com,Rotterdam,2024-11-27
6949,Mila,Bos,+31600006949,mila.bos6949@example.com,Breda,2021-04-19
6950,Ethan,Smit,+31600006950,ethan.smit6950@example.com,Rotterdam,2022-12-10
6951,Nina,Dekker,+31600006951,nina.dekker6951@example.com,Utrecht,2022-02-09
6952,Eva,Mulder,+31600006952,eva.mulder6952@example.com,Utrecht,2022-05-14
6953,Daan,Meijer,+31600006953,daan.meijer6953@example.com,Breda,2020-01-17
6954,Julia,Hendriks,+31600006954,julia.hendriks6954@example.com,Amsterdam,2022-06-24
6955,Olivia,Jansen,+31600006955,olivia.jansen6955@example.com,Groningen,2024-05-15
6956,Milan,Hendriks,+31600006956,milan.hendriks6956@example.com,Eindhoven,2021-09-24
6957,Levi,Meijer,+31600006957,levi.meijer6957@example.com,Breda,2024-02-20
6958,Lotte,Prins,+31600006958,lotte.prins6958@example.com,Tilburg,2023-10-14
6959,Sara,Bakker,+31600006959,sara.bakker6959@example.com,Amsterdam,2020-01-29
6960,Oliver,Dekker,+31600006960,oliver.dekker6960@example.com,Tilburg,2024-10-14
6961,Eva,Hendriks,+31600006961,eva.hendriks6961@example.com,Groningen,2022-09-13
6962,Oliver,Van Dijk,+31600006962,oliver.van dijk6962@example.com,Tilburg,2021-01-06
6963,Oliver,Kuiper,+31600006963,oliver.kuiper6963@example.com,Tilburg,2022-01-28
6964,Julia,Schouten,+31600006964,julia.schouten6964@example.com,Nijmegen,2023-01-28
6965,Sara,Kuiper,+31600006965,sara.kuiper6965@example.com,Rotterdam,2023-03-04
6966,Nina,Bakker,+31600006966,nina.bakker6966@example.com,Almere,2022-07-11
6967,Sophia,Prins,+31600006967,sophia.prins6967@example.com,Utrecht,2023-10-03
6968,Noah,Vos,+31600006968,noah.vos6968@example.com,Amsterdam,2022-08-04
6969,Lucas,Hendriks,+31600006969,lucas.hendriks6969@example.com,Eindhoven,2021-12-07
6970,Ethan,Willems,+31600006970,ethan.willems6970@example.com,Rotterdam,2021-06-01
6971,Sara,Smit,+31600006971,sara.smit6971@example.com,Utrecht,2021-03-18
6972,Eva,Hendriks,+31600006972,eva.hendriks6972@example.com,Eindhoven,2020-03-04
6973,Noah,Schouten,+31600006973,noah.schouten6973@example.com,Utrecht,2022-11-06
6974,Lucas,De Vries,+31600006974,lucas.de vries6974@example.com,Breda,2024-10-16
6975,Finn,Hendriks,+31600006975,finn.hendriks6975@example.com,Tilburg,2022-09-18
6976,Nina,Smit,+31600006976,nina.smit6976@example.com,Eindhoven,2023-07-05
6977,Oliver,Dekker,+31600006977,oliver.dekker6977@example.com,Amsterdam,2022-04-29
6978,Olivia,Vos,+31600006978,olivia.vos6978@example.com,Nijmegen,2024-08-22
6979,Levi,Bos,+31600006979,levi.bos6979@example.com,Groningen,2024-05-27
6980,Daan,Bos,+31600006980,daan.bos6980@example.com,Rotterdam,2022-02-26
6981,Julia,Hendriks,+31600006981,julia.hendriks6981@example.com,Amsterdam,2024-03-03
6982,Daan,Vos,+31600006982,daan.vos6982@example.com,Breda,2021-01-02
6983,Lucas,Visser,+31600006983,lucas.visser6983@example.com,Tilburg,2024-07-11
6984,Oliver,Kok,+31600006984,oliver.kok6984@example.com,Nijmegen,2021-02-10
6985,Eva,Kuiper,+31600006985,eva.kuiper6985@example.com,Almere,2024-08-17
6986,Eva,Vos,+31600006986,eva.vos6986@example.com,Tilburg,2023-07-25
6987,Oliver,Bakker,+31600006987,oliver.bakker6987@example.com,Rotterdam,2024-10-18
6988,Emma,Bakker,+31600006988,emma.bakker6988@example.com,Breda,2020-12-03
6989,Nina,De Vries,+31600006989,nina.de vries6989@example.com,Almere,2022-08-20
6990,Sara,Smit,+31600006990,sara.smit6990@example.com,Eindhoven,2020-10-12
6991,Julia,Dekker,+31600006991,julia.dekker6991@example.com,Amsterdam,2020-11-05
6992,Finn,Kok,+31600006992,finn.kok6992@example.com,The Hague,2020-08-05
6993,Eva,Visser,+31600006993,eva.visser6993@example.com,Tilburg,2020-02-26
6994,Emma,Schouten,+31600006994,emma.schouten6994@example.com,Breda,2021-11-07
6995,Milan,Dekker,+31600006995,milan.dekker6995@example.com,Breda,2021-09-20
6996,Oliver,Kok,+31600006996,oliver.kok6996@example.com,The Hague,2022-07-20
6997,Noah,Jansen,+31600006997,noah.jansen6997@example.com,Almere,2022-12-25
6998,Mason,Van Dijk,+31600006998,mason.van dijk6998@example.com,Rotterdam,2020-07-02
6999,Sophia,Meijer,+31600006999,sophia.meijer6999@example.com,The Hague,2023-08-29
7000,Ethan,Bakker,+31600007000,ethan.bakker7000@example.com,Tilburg,2021-11-12
7001,Eva,Visser,+31600007001,eva.visser7001@example.com,Rotterdam,2024-11-22
7002,Lucas,Visser,+31600007002,lucas.visser7002@example.com,Tilburg,2022-08-05
7003,Olivia,Bos,+31600007003,olivia.bos7003@example.com,Utrecht,2024-10-01
7004,Olivia,Willems,+31600007004,olivia.willems7004@example.com,Tilburg,2022-05-11
7005,Nina,Kuiper,+31600007005,nina.kuiper7005@example.com,Nijmegen,2024-08-31
7006,Daan,Bos,+31600007006,daan.bos7006@example.com,Nijmegen,2020-12-06
7007,Liam,De Vries,+31600007007,liam.de vries7007@example.com,Groningen,2023-01-03
7008,Levi,Visser,+31600007008,levi.visser7008@example.com,The Hague,2021-08-13
7009,Nina,Prins,+31600007009,nina.prins7009@example.com,Groningen,2024-09-30
7010,Lotte,Kuiper,+31600007010,lotte.kuiper7010@example.com,Tilburg,2020-09-19
7011,Lotte,De Vries,+31600007011,lotte.de vries7011@example.com,Utrecht,2021-06-05
7012,Daan,Jansen,+31600007012,daan.jansen7012@example.com,Groningen,2023-08-01
7013,Ethan,Bakker,+31600007013,ethan.bakker7013@example.com,The Hague,2022-05-01
7014,Emma,Visser,+31600007014,emma.visser7014@example.com,Tilburg,2023-02-01
7015,Nina,Prins,+31600007015,nina.prins7015@example.com,Eindhoven,2023-06-06
7016,Finn,Prins,+31600007016,finn.prins7016@example.com,Amsterdam,2022-11-14
7017,Anna,Dekker,+31600007017,anna.dekker7017@example.com,Eindhoven,2023-11-30
7018,Lucas,Vos,+31600007018,lucas.vos7018@example.com,Tilburg,2022-07-24
7019,Finn,Visser,+31600007019,finn.visser7019@example.com,Tilburg,2020-08-24
7020,Levi,Dekker,+31600007020,levi.dekker7020@example.com,Nijmegen,2020-01-09
7021,Mason,Bakker,+31600007021,mason.bakker7021@example.com,Groningen,2020-10-28
7022,Oliver,Jansen,+31600007022,oliver.jansen7022@example.com,Eindhoven,2023-01-30
7023,Liam,Schouten,+31600007023,liam.schouten7023@example.com,Groningen,2024-05-30
7024,Mason,Vos,+31600007024,mason.vos7024@example.com,Amsterdam,2021-01-26
7025,Lotte,Bos,+31600007025,lotte.bos7025@example.com,Breda,2021-08-21
7026,Mason,Bos,+31600007026,mason.bos7026@example.com,Almere,2022-03-18
7027,Lotte,Vos,+31600007027,lotte.vos7027@example.com,Almere,2024-02-19
7028,Mason,Jacobs,+31600007028,mason.jacobs7028@example.com,Rotterdam,2023-11-22
7029,Nina,Jansen,+31600007029,nina.jansen7029@example.com,The Hague,2020-07-09
7030,Sara,Jacobs,+31600007030,sara.jacobs7030@example.com,Rotterdam,2021-10-01
7031,Eva,Willems,+31600007031,eva.willems7031@example.com,Almere,2020-03-11
7032,Ethan,Smit,+31600007032,ethan.smit7032@example.com,Amsterdam,2021-08-28
7033,Sophia,Dekker,+31600007033,sophia.dekker7033@example.com,Breda,2022-05-24
7034,Anna,Bakker,+31600007034,anna.bakker7034@example.com,Nijmegen,2024-06-21
7035,Eva,Schouten,+31600007035,eva.schouten7035@example.com,Rotterdam,2023-07-26
7036,Olivia,Hendriks,+31600007036,olivia.hendriks7036@example.com,Tilburg,2023-11-01
7037,Anna,De Vries,+31600007037,anna.de vries7037@example.com,Nijmegen,2021-08-16
7038,Daan,Schouten,+31600007038,daan.schouten7038@example.com,Tilburg,2020-01-10
7039,Oliver,Vos,+31600007039,oliver.vos7039@example.com,Utrecht,2020-08-30
7040,Julia,De Boer,+31600007040,julia.de boer7040@example.com,Groningen,2022-05-22
7041,Lucas,Prins,+31600007041,lucas.prins7041@example.com,Utrecht,2023-02-10
7042,Sophia,Jansen,+31600007042,sophia.jansen7042@example.com,Groningen,2024-01-01
7043,Daan,Smit,+31600007043,daan.smit7043@example.com,Nijmegen,2022-08-16
7044,Lucas,Kuiper,+31600007044,lucas.kuiper7044@example.com,Eindhoven,2020-12-21
7045,Lucas,Jansen,+31600007045,lucas.jansen7045@example.com,Nijmegen,2022-10-31
7046,Olivia,Bakker,+31600007046,olivia.bakker7046@example.com,Rotterdam,2022-10-24
7047,Milan,Jansen,+31600007047,milan.jansen7047@example.com,Utrecht,2023-08-01
7048,Nina,Jacobs,+31600007048,nina.jacobs7048@example.com,Rotterdam,2020-01-06
7049,Nina,Vos,+31600007049,nina.vos7049@example.com,Almere,2023-10-15
7050,Sara,Schouten,+31600007050,sara.schouten7050@example.com,Groningen,2023-12-02
7051,Lucas,Willems,+31600007051,lucas.willems7051@example.com,Almere,2021-03-20
7052,Milan,Bakker,+31600007052,milan.bakker7052@example.com,Almere,2021-12-23
7053,Finn,De Vries,+31600007053,finn.de vries7053@example.com,Rotterdam,2021-07-08
7054,Lucas,Kok,+31600007054,lucas.kok7054@example.com,Nijmegen,2023-05-08
7055,Anna,Willems,+31600007055,anna.willems7055@example.com,Eindhoven,2021-11-07
7056,Sophia,Prins,+31600007056,sophia.prins7056@example.com,Eindhoven,2024-04-12
7057,Liam,Hendriks,+31600007057,liam.hendriks7057@example.com,Breda,2024-06-17
7058,Nina,Jansen,+31600007058,nina.jansen7058@example.com,Breda,2021-02-28
7059,Nina,Kuiper,+31600007059,nina.kuiper7059@example.com,Rotterdam,2023-11-04
7060,Finn,Visser,+31600007060,finn.visser7060@example.com,Eindhoven,2021-08-04
7061,Lucas,Visser,+31600007061,lucas.visser7061@example.com,The Hague,2022-09-28
7062,Nina,Bakker,+31600007062,nina.bakker7062@example.com,Amsterdam,2023-08-17
7063,Lucas,Bos,+31600007063,lucas.bos7063@example.com,Amsterdam,2022-06-15
7064,Lotte,Bos,+31600007064,lotte.bos7064@example.com,Almere,2023-04-27
7065,Sara,Jansen,+31600007065,sara.jansen7065@example.com,The Hague,2021-03-09
7066,Sara,Mulder,+31600007066,sara.mulder7066@example.com,Breda,2022-10-03
7067,Finn,Mulder,+31600007067,finn.mulder7067@example.com,Almere,2023-08-27
7068,Mila,Van Dijk,+31600007068,mila.van dijk7068@example.com,Eindhoven,2023-10-09
7069,Noah,Mulder,+31600007069,noah.mulder7069@example.com,The Hague,2023-12-01
7070,Ethan,Kuiper,+31600007070,ethan.kuiper7070@example.com,Eindhoven,2022-05-25
7071,Julia,Visser,+31600007071,julia.visser7071@example.com,Nijmegen,2021-12-29
7072,Julia,De Vries,+31600007072,julia.de vries7072@example.com,Utrecht,2020-01-27
7073,Finn,De Boer,+31600007073,finn.de boer7073@example.com,Amsterdam,2022-10-24
7074,Nina,Smit,+31600007074,nina.smit7074@example.com,The Hague,2021-06-10
7075,Julia,Kuiper,+31600007075,julia.kuiper7075@example.com,Tilburg,2020-12-09
7076,Oliver,Van Dijk,+31600007076,oliver.van dijk7076@example.com,Groningen,2023-12-13
7077,Noah,Jacobs,+31600007077,noah.jacobs7077@example.com,Breda,2021-03-11
7078,Olivia,Peters,+31600007078,olivia.peters7078@example.com,Tilburg,2022-05-09
7079,Noah,Hendriks,+31600007079,noah.hendriks7079@example.com,The Hague,2023-03-13
7080,Daan,De Vries,+31600007080,daan.de vries7080@example.com,Groningen,2023-11-25
7081,Levi,Dekker,+31600007081,levi.dekker7081@example.com,Breda,2021-10-12
7082,Mason,De Vries,+31600007082,mason.de vries7082@example.com,Tilburg,2022-05-17
7083,Lotte,Meijer,+31600007083,lotte.meijer7083@example.com,Eindhoven,2024-04-03
7084,Lucas,Van Dijk,+31600007084,lucas.van dijk7084@example.com,Almere,2023-08-27
7085,Daan,De Vries,+31600007085,daan.de vries7085@example.com,Utrecht,2021-07-18
7086,Lucas,Jansen,+31600007086,lucas.jansen7086@example.com,Utrecht,2023-01-28
7087,Anna,Smit,+31600007087,anna.smit7087@example.com,The Hague,2021-03-02
7088,Ethan,Schouten,+31600007088,ethan.schouten7088@example.com,The Hague,2023-07-28
7089,Lotte,Peters,+31600007089,lotte.peters7089@example.com,Utrecht,2024-05-03
7090,Liam,Smit,+31600007090,liam.smit7090@example.com,Almere,2020-11-16
7091,Lucas,De Vries,+31600007091,lucas.de vries7091@example.com,The Hague,2021-06-05
7092,Lucas,Hendriks,+31600007092,lucas.hendriks7092@example.com,Groningen,2022-03-09
7093,Eva,Vos,+31600007093,eva.vos7093@example.com,Tilburg,2020-10-03
7094,Oliver,Jacobs,+31600007094,oliver.jacobs7094@example.com,Tilburg,2021-05-20
7095,Julia,Dekker,+31600007095,julia.dekker7095@example.com,Almere,2024-07-09
7096,Lucas,Schouten,+31600007096,lucas.schouten7096@example.com,Groningen,2022-05-06
7097,Ethan,Dekker,+31600007097,ethan.dekker7097@example.com,Utrecht,2020-12-24
7098,Milan,Hendriks,+31600007098,milan.hendriks7098@example.com,Tilburg,2023-11-06
7099,Lucas,Bos,+31600007099,lucas.bos7099@example.com,Nijmegen,2024-08-12
7100,Lotte,Mulder,+31600007100,lotte.mulder7100@example.com,Nijmegen,2020-08-25
7101,Oliver,Vos,+31600007101,oliver.vos7101@example.com,Breda,2021-07-18
7102,Mila,Jansen,+31600007102,mila.jansen7102@example.com,Tilburg,2024-11-18
7103,Ethan,Prins,+31600007103,ethan.prins7103@example.com,Almere,2022-06-17
7104,Lucas,Peters,+31600007104,lucas.peters7104@example.com,Amsterdam,2021-02-17
7105,Mila,Meijer,+31600007105,mila.meijer7105@example.com,Utrecht,2024-09-28
7106,Lotte,Bos,+31600007106,lotte.bos7106@example.com,Breda,2022-03-31
7107,Eva,Jansen,+31600007107,eva.jansen7107@example.com,Amsterdam,2022-11-13
7108,Eva,Kuiper,+31600007108,eva.kuiper7108@example.com,Breda,2022-11-12
7109,Nina,Prins,+31600007109,nina.prins7109@example.com,Tilburg,2021-05-20
7110,Sophia,Mulder,+31600007110,sophia.mulder7110@example.com,Breda,2022-01-30
7111,Ethan,Meijer,+31600007111,ethan.meijer7111@example.com,Rotterdam,2020-10-08
7112,Mason,Schouten,+31600007112,mason.schouten7112@example.com,Utrecht,2020-03-28
7113,Sara,Vos,+31600007113,sara.vos7113@example.com,The Hague,2021-11-14
7114,Noah,Dekker,+31600007114,noah.dekker7114@example.com,Groningen,2024-01-06
7115,Anna,Smit,+31600007115,anna.smit7115@example.com,Almere,2021-06-23
7116,Levi,Prins,+31600007116,levi.prins7116@example.com,Breda,2022-08-12
7117,Eva,Mulder,+31600007117,eva.mulder7117@example.com,Nijmegen,2022-05-08
7118,Finn,Bos,+31600007118,finn.bos7118@example.com,Utrecht,2022-09-15
7119,Emma,Jacobs,+31600007119,emma.jacobs7119@example.com,The Hague,2024-05-20
7120,Nina,Van Dijk,+31600007120,nina.van dijk7120@example.com,Amsterdam,2023-08-05
7121,Daan,Prins,+31600007121,daan.prins7121@example.com,Rotterdam,2024-07-03
7122,Finn,Kuiper,+31600007122,finn.kuiper7122@example.com,Tilburg,2023-04-07
7123,Daan,Smit,+31600007123,daan.smit7123@example.com,Nijmegen,2020-05-26
7124,Ethan,Meijer,+31600007124,ethan.meijer7124@example.com,Tilburg,2024-04-15
7125,Nina,Bakker,+31600007125,nina.bakker7125@example.com,Groningen,2023-01-02
7126,Sara,Visser,+31600007126,sara.visser7126@example.com,Eindhoven,2023-04-22
7127,Noah,Mulder,+31600007127,noah.mulder7127@example.com,Amsterdam,2022-04-30
7128,Daan,Dekker,+31600007128,daan.dekker7128@example.com,Breda,2022-08-20
7129,Sara,Mulder,+31600007129,sara.mulder7129@example.com,Tilburg,2021-02-11
7130,Oliver,Jansen,+31600007130,oliver.jansen7130@example.com,Almere,2024-08-26
7131,Julia,Schouten,+31600007131,julia.schouten7131@example.com,Breda,2024-09-01
7132,Milan,Schouten,+31600007132,milan.schouten7132@example.com,Tilburg,2021-09-23
7133,Levi,Van Dijk,+31600007133,levi.van dijk7133@example.com,Utrecht,2020-01-04
7134,Mila,Kok,+31600007134,mila.kok7134@example.com,Amsterdam,2020-01-06
7135,Anna,De Boer,+31600007135,anna.de boer7135@example.com,Breda,2021-09-19
7136,Oliver,Willems,+31600007136,oliver.willems7136@example.com,The Hague,2024-04-02
7137,Lotte,Schouten,+31600007137,lotte.schouten7137@example.com,Groningen,2020-12-20
7138,Finn,Meijer,+31600007138,finn.meijer7138@example.com,Nijmegen,2021-07-27
7139,Olivia,Smit,+31600007139,olivia.smit7139@example.com,Groningen,2021-03-01
7140,Liam,Dekker,+31600007140,liam.dekker7140@example.com,Tilburg,2024-08-29
7141,Sara,Willems,+31600007141,sara.willems7141@example.com,Utrecht,2024-01-27
7142,Nina,De Boer,+31600007142,nina.de boer7142@example.com,Almere,2020-05-04
7143,Anna,Willems,+31600007143,anna.willems7143@example.com,Almere,2024-11-01
7144,Sophia,Willems,+31600007144,sophia.willems7144@example.com,Utrecht,2020-01-09
7145,Mila,Bakker,+31600007145,mila.bakker7145@example.com,Eindhoven,2023-03-09
7146,Finn,Schouten,+31600007146,finn.schouten7146@example.com,Almere,2021-12-29
7147,Finn,Visser,+31600007147,finn.visser7147@example.com,Tilburg,2022-07-24
7148,Levi,Kok,+31600007148,levi.kok7148@example.com,Rotterdam,2022-01-26
7149,Anna,De Boer,+31600007149,anna.de boer7149@example.com,Almere,2023-11-02
7150,Eva,Schouten,+31600007150,eva.schouten7150@example.com,Groningen,2024-03-11
7151,Lucas,Jansen,+31600007151,lucas.jansen7151@example.com,Rotterdam,2023-09-25
7152,Lucas,Hendriks,+31600007152,lucas.hendriks7152@example.com,Breda,2022-04-15
7153,Oliver,Jacobs,+31600007153,oliver.jacobs7153@example.com,Nijmegen,2024-09-18
7154,Lucas,Jansen,+31600007154,lucas.jansen7154@example.com,Breda,2022-05-24
7155,Sara,Visser,+31600007155,sara.visser7155@example.com,Breda,2020-03-20
7156,Noah,Willems,+31600007156,noah.willems7156@example.com,The Hague,2021-05-24
7157,Sophia,Visser,+31600007157,sophia.visser7157@example.com,Amsterdam,2023-03-18
7158,Julia,Jacobs,+31600007158,julia.jacobs7158@example.com,Rotterdam,2022-12-28
7159,Nina,Van Dijk,+31600007159,nina.van dijk7159@example.com,Almere,2023-04-27
7160,Anna,Smit,+31600007160,anna.smit7160@example.com,Rotterdam,2024-09-21
7161,Levi,Mulder,+31600007161,levi.mulder7161@example.com,Nijmegen,2022-06-28
7162,Noah,Schouten,+31600007162,noah.schouten7162@example.com,Amsterdam,2020-04-19
7163,Emma,Bos,+31600007163,emma.bos7163@example.com,Almere,2024-06-25
7164,Olivia,Meijer,+31600007164,olivia.meijer7164@example.com,Rotterdam,2023-09-01
7165,Eva,Prins,+31600007165,eva.prins7165@example.com,Utrecht,2024-09-13
7166,Emma,Mulder,+31600007166,emma.mulder7166@example.com,Utrecht,2021-07-29
7167,Emma,Schouten,+31600007167,emma.schouten7167@example.com,Amsterdam,2023-05-18
7168,Daan,Kuiper,+31600007168,daan.kuiper7168@example.com,Nijmegen,2021-12-27
7169,Levi,Kuiper,+31600007169,levi.kuiper7169@example.com,The Hague,2021-05-26
7170,Ethan,Kuiper,+31600007170,ethan.kuiper7170@example.com,Nijmegen,2023-12-04
7171,Daan,Vos,+31600007171,daan.vos7171@example.com,Breda,2022-08-20
7172,Mila,Dekker,+31600007172,mila.dekker7172@example.com,Nijmegen,2023-01-31
7173,Noah,Bakker,+31600007173,noah.bakker7173@example.com,Tilburg,2022-06-06
7174,Liam,Jansen,+31600007174,liam.jansen7174@example.com,Amsterdam,2020-09-04
7175,Levi,Smit,+31600007175,levi.smit7175@example.com,Tilburg,2021-02-21
7176,Ethan,Jansen,+31600007176,ethan.jansen7176@example.com,Nijmegen,2021-07-23
7177,Anna,Hendriks,+31600007177,anna.hendriks7177@example.com,Rotterdam,2020-08-22
7178,Oliver,Bakker,+31600007178,oliver.bakker7178@example.com,Breda,2023-08-07
7179,Anna,De Vries,+31600007179,anna.de vries7179@example.com,Groningen,2023-08-02
7180,Liam,Peters,+31600007180,liam.peters7180@example.com,Tilburg,2021-05-08
7181,Mila,Kuiper,+31600007181,mila.kuiper7181@example.com,Breda,2021-01-12
7182,Nina,Mulder,+31600007182,nina.mulder7182@example.com,Tilburg,2023-09-18
7183,Lucas,Mulder,+31600007183,lucas.mulder7183@example.com,Groningen,2024-09-26
7184,Ethan,De Vries,+31600007184,ethan.de vries7184@example.com,Nijmegen,2023-12-13
7185,Mila,De Vries,+31600007185,mila.de vries7185@example.com,Utrecht,2021-12-17
7186,Julia,Prins,+31600007186,julia.prins7186@example.com,The Hague,2020-11-08
7187,Ethan,Visser,+31600007187,ethan.visser7187@example.com,Utrecht,2023-07-31
7188,Sophia,Meijer,+31600007188,sophia.meijer7188@example.com,Groningen,2024-06-12
7189,Lotte,Vos,+31600007189,lotte.vos7189@example.com,Almere,2022-02-25
7190,Nina,Dekker,+31600007190,nina.dekker7190@example.com,Almere,2022-08-24
7191,Levi,Jansen,+31600007191,levi.jansen7191@example.com,The Hague,2020-08-03
7192,Milan,Van Dijk,+31600007192,milan.van dijk7192@example.com,The Hague,2020-11-05
7193,Mila,De Boer,+31600007193,mila.de boer7193@example.com,Almere,2022-09-13
7194,Lotte,Dekker,+31600007194,lotte.dekker7194@example.com,Breda,2021-06-15
7195,Sophia,Smit,+31600007195,sophia.smit7195@example.com,Amsterdam,2021-01-26
7196,Ethan,Visser,+31600007196,ethan.visser7196@example.com,Nijmegen,2024-02-26
7197,Oliver,Mulder,+31600007197,oliver.mulder7197@example.com,Rotterdam,2021-09-02
7198,Milan,Jansen,+31600007198,milan.jansen7198@example.com,Nijmegen,2023-02-22
7199,Julia,Schouten,+31600007199,julia.schouten7199@example.com,Rotterdam,2020-12-05
7200,Lotte,Mulder,+31600007200,lotte.mulder7200@example.com,The Hague,2021-11-19
7201,Noah,Bos,+31600007201,noah.bos7201@example.com,Nijmegen,2020-01-23
7202,Lotte,Visser,+31600007202,lotte.visser7202@example.com,Amsterdam,2020-07-08
7203,Eva,Dekker,+31600007203,eva.dekker7203@example.com,Breda,2023-09-23
7204,Liam,De Boer,+31600007204,liam.de boer7204@example.com,Eindhoven,2021-04-02
7205,Lucas,Visser,+31600007205,lucas.visser7205@example.com,Utrecht,2023-07-20
7206,Lotte,Hendriks,+31600007206,lotte.hendriks7206@example.com,Tilburg,2023-11-13
7207,Daan,Schouten,+31600007207,daan.schouten7207@example.com,Groningen,2022-03-30
7208,Sara,Jansen,+31600007208,sara.jansen7208@example.com,Utrecht,2021-09-04
7209,Julia,De Vries,+31600007209,julia.de vries7209@example.com,Rotterdam,2023-01-26
7210,Olivia,Kuiper,+31600007210,olivia.kuiper7210@example.com,The Hague,2023-07-09
7211,Nina,Hendriks,+31600007211,nina.hendriks7211@example.com,Almere,2022-01-14
7212,Sophia,Smit,+31600007212,sophia.smit7212@example.com,Breda,2021-07-15
7213,Sara,Meijer,+31600007213,sara.meijer7213@example.com,Eindhoven,2023-07-20
7214,Mason,Schouten,+31600007214,mason.schouten7214@example.com,Amsterdam,2023-12-12
7215,Liam,Peters,+31600007215,liam.peters7215@example.com,Groningen,2024-01-21
7216,Sara,Kuiper,+31600007216,sara.kuiper7216@example.com,Amsterdam,2020-09-29
7217,Nina,Hendriks,+31600007217,nina.hendriks7217@example.com,The Hague,2020-12-14
7218,Julia,Smit,+31600007218,julia.smit7218@example.com,Tilburg,2024-08-20
7219,Daan,Bos,+31600007219,daan.bos7219@example.com,The Hague,2020-05-31
7220,Sophia,Kok,+31600007220,sophia.kok7220@example.com,Amsterdam,2024-10-29
7221,Anna,Mulder,+31600007221,anna.mulder7221@example.com,Breda,2020-10-22
7222,Finn,De Boer,+31600007222,finn.de boer7222@example.com,The Hague,2021-09-15
7223,Milan,Peters,+31600007223,milan.peters7223@example.com,The Hague,2020-09-07
7224,Sara,Kok,+31600007224,sara.kok7224@example.com,Tilburg,2023-08-29
7225,Lucas,Peters,+31600007225,lucas.peters7225@example.com,Tilburg,2021-05-30
7226,Mila,Vos,+31600007226,mila.vos7226@example.com,Tilburg,2020-02-16
7227,Emma,Jacobs,+31600007227,emma.jacobs7227@example.com,Nijmegen,2022-04-12
7228,Eva,Bakker,+31600007228,eva.bakker7228@example.com,Tilburg,2024-01-20
7229,Milan,Hendriks,+31600007229,milan.hendriks7229@example.com,Amsterdam,2021-08-01
7230,Oliver,Jansen,+31600007230,oliver.jansen7230@example.com,Amsterdam,2022-03-22
7231,Lucas,Kuiper,+31600007231,lucas.kuiper7231@example.com,Amsterdam,2021-10-23
7232,Liam,Dekker,+31600007232,liam.dekker7232@example.com,Almere,2023-11-07
7233,Olivia,Bakker,+31600007233,olivia.bakker7233@example.com,The Hague,2023-03-24
7234,Nina,Vos,+31600007234,nina.vos7234@example.com,Eindhoven,2024-01-30
7235,Olivia,Visser,+31600007235,olivia.visser7235@example.com,Amsterdam,2021-07-11
7236,Anna,Kuiper,+31600007236,anna.kuiper7236@example.com,Almere,2020-03-30
7237,Ethan,De Vries,+31600007237,ethan.de vries7237@example.com,Rotterdam,2020-08-03
7238,Eva,Schouten,+31600007238,eva.schouten7238@example.com,The Hague,2023-01-19
7239,Sara,Bos,+31600007239,sara.bos7239@example.com,Nijmegen,2022-07-11
7240,Mila,De Vries,+31600007240,mila.de vries7240@example.com,Rotterdam,2024-03-09
7241,Ethan,Bos,+31600007241,ethan.bos7241@example.com,Almere,2021-10-12
7242,Eva,Peters,+31600007242,eva.peters7242@example.com,Amsterdam,2021-08-28
7243,Emma,Dekker,+31600007243,emma.dekker7243@example.com,Amsterdam,2024-07-21
7244,Daan,De Boer,+31600007244,daan.de boer7244@example.com,Breda,2020-10-03
7245,Sara,Kuiper,+31600007245,sara.kuiper7245@example.com,Almere,2022-06-01
7246,Nina,Meijer,+31600007246,nina.meijer7246@example.com,Eindhoven,2023-10-06
7247,Eva,Dekker,+31600007247,eva.dekker7247@example.com,Utrecht,2023-07-09
7248,Anna,Hendriks,+31600007248,anna.hendriks7248@example.com,Eindhoven,2022-12-24
7249,Milan,Smit,+31600007249,milan.smit7249@example.com,Groningen,2021-12-02
7250,Noah,Van Dijk,+31600007250,noah.van dijk7250@example.com,Amsterdam,2022-05-02
7251,Lucas,Schouten,+31600007251,lucas.schouten7251@example.com,Eindhoven,2020-03-27
7252,Oliver,Van Dijk,+31600007252,oliver.van dijk7252@example.com,Almere,2023-02-02
7253,Emma,Jansen,+31600007253,emma.jansen7253@example.com,Nijmegen,2023-05-06
7254,Finn,Mulder,+31600007254,finn.mulder7254@example.com,Almere,2023-07-06
7255,Finn,De Boer,+31600007255,finn.de boer7255@example.com,Eindhoven,2024-04-29
7256,Liam,Kok,+31600007256,liam.kok7256@example.com,Amsterdam,2020-05-22
7257,Sara,Smit,+31600007257,sara.smit7257@example.com,Amsterdam,2020-07-07
7258,Eva,Van Dijk,+31600007258,eva.van dijk7258@example.com,The Hague,2020-10-31
7259,Anna,Jacobs,+31600007259,anna.jacobs7259@example.com,Nijmegen,2022-10-12
7260,Lotte,Jansen,+31600007260,lotte.jansen7260@example.com,Rotterdam,2023-04-24
7261,Daan,Schouten,+31600007261,daan.schouten7261@example.com,Almere,2023-04-09
7262,Mila,Peters,+31600007262,mila.peters7262@example.com,Tilburg,2021-04-12
7263,Julia,Prins,+31600007263,julia.prins7263@example.com,Nijmegen,2022-10-26
7264,Finn,Bakker,+31600007264,finn.bakker7264@example.com,Eindhoven,2022-05-21
7265,Mila,Kuiper,+31600007265,mila.kuiper7265@example.com,The Hague,2023-02-06
7266,Olivia,Meijer,+31600007266,olivia.meijer7266@example.com,The Hague,2022-09-30
7267,Nina,De Vries,+31600007267,nina.de vries7267@example.com,The Hague,2022-07-29
7268,Sophia,Van Dijk,+31600007268,sophia.van dijk7268@example.com,Almere,2023-04-06
7269,Levi,Meijer,+31600007269,levi.meijer7269@example.com,Utrecht,2021-04-26
7270,Eva,De Boer,+31600007270,eva.de boer7270@example.com,Tilburg,2020-03-09
7271,Oliver,Jansen,+31600007271,oliver.jansen7271@example.com,Breda,2023-01-16
7272,Mila,Vos,+31600007272,mila.vos7272@example.com,Utrecht,2020-08-27
7273,Anna,Kok,+31600007273,anna.kok7273@example.com,Utrecht,2020-02-14
7274,Levi,Meijer,+31600007274,levi.meijer7274@example.com,Utrecht,2021-03-30
7275,Ethan,Hendriks,+31600007275,ethan.hendriks7275@example.com,Amsterdam,2020-11-14
7276,Anna,Dekker,+31600007276,anna.dekker7276@example.com,Nijmegen,2020-02-15
7277,Sara,Kuiper,+31600007277,sara.kuiper7277@example.com,Rotterdam,2022-03-03
7278,Anna,Vos,+31600007278,anna.vos7278@example.com,Groningen,2021-08-04
7279,Milan,Jacobs,+31600007279,milan.jacobs7279@example.com,Nijmegen,2021-03-24
7280,Milan,Schouten,+31600007280,milan.schouten7280@example.com,The Hague,2020-01-14
7281,Nina,Meijer,+31600007281,nina.meijer7281@example.com,Tilburg,2020-06-05
7282,Milan,De Vries,+31600007282,milan.de vries7282@example.com,Rotterdam,2021-11-22
7283,Emma,Kok,+31600007283,emma.kok7283@example.com,Rotterdam,2023-06-26
7284,Anna,Hendriks,+31600007284,anna.hendriks7284@example.com,Nijmegen,2023-10-12
7285,Olivia,Bakker,+31600007285,olivia.bakker7285@example.com,Utrecht,2020-07-08
7286,Anna,Hendriks,+31600007286,anna.hendriks7286@example.com,Tilburg,2023-10-13
7287,Oliver,Mulder,+31600007287,oliver.mulder7287@example.com,Rotterdam,2024-01-27
7288,Nina,Schouten,+31600007288,nina.schouten7288@example.com,Breda,2020-08-20
7289,Daan,Kuiper,+31600007289,daan.kuiper7289@example.com,Rotterdam,2021-02-09
7290,Lucas,Willems,+31600007290,lucas.willems7290@example.com,Utrecht,2024-04-18
7291,Liam,Jacobs,+31600007291,liam.jacobs7291@example.com,The Hague,2020-12-08
7292,Julia,Bos,+31600007292,julia.bos7292@example.com,Eindhoven,2020-04-16
7293,Sophia,Dekker,+31600007293,sophia.dekker7293@example.com,Nijmegen,2024-02-01
7294,Sophia,Hendriks,+31600007294,sophia.hendriks7294@example.com,Utrecht,2021-10-27
7295,Olivia,Kok,+31600007295,olivia.kok7295@example.com,Eindhoven,2024-10-17
7296,Lotte,Kok,+31600007296,lotte.kok7296@example.com,Tilburg,2021-11-09
7297,Liam,Kuiper,+31600007297,liam.kuiper7297@example.com,Tilburg,2022-10-08
7298,Ethan,Vos,+31600007298,ethan.vos7298@example.com,Nijmegen,2023-08-12
7299,Lotte,Jacobs,+31600007299,lotte.jacobs7299@example.com,The Hague,2023-04-20
7300,Sara,Bos,+31600007300,sara.bos7300@example.com,Almere,2020-01-09
7301,Lotte,De Boer,+31600007301,lotte.de boer7301@example.com,Eindhoven,2023-10-31
7302,Lotte,Dekker,+31600007302,lotte.dekker7302@example.com,Almere,2021-01-11
7303,Nina,Hendriks,+31600007303,nina.hendriks7303@example.com,Amsterdam,2021-11-11
7304,Liam,Hendriks,+31600007304,liam.hendriks7304@example.com,Utrecht,2020-08-11
7305,Liam,Vos,+31600007305,liam.vos7305@example.com,Rotterdam,2024-07-14
7306,Sara,Bos,+31600007306,sara.bos7306@example.com,Breda,2021-04-03
7307,Liam,Bakker,+31600007307,liam.bakker7307@example.com,Utrecht,2022-05-16
7308,Anna,De Boer,+31600007308,anna.de boer7308@example.com,Groningen,2021-09-16
7309,Olivia,De Vries,+31600007309,olivia.de vries7309@example.com,The Hague,2022-08-18
7310,Emma,Kuiper,+31600007310,emma.kuiper7310@example.com,Nijmegen,2024-06-22
7311,Ethan,De Boer,+31600007311,ethan.de boer7311@example.com,Breda,2024-01-13
7312,Noah,De Vries,+31600007312,noah.de vries7312@example.com,Groningen,2020-08-24
7313,Lotte,Schouten,+31600007313,lotte.schouten7313@example.com,The Hague,2020-11-11
7314,Olivia,Bakker,+31600007314,olivia.bakker7314@example.com,Utrecht,2020-03-02
7315,Lucas,Willems,+31600007315,lucas.willems7315@example.com,Tilburg,2024-06-27
7316,Ethan,De Boer,+31600007316,ethan.de boer7316@example.com,Eindhoven,2023-04-03
7317,Ethan,Meijer,+31600007317,ethan.meijer7317@example.com,Amsterdam,2021-05-02
7318,Ethan,Jansen,+31600007318,ethan.jansen7318@example.com,Groningen,2021-06-22
7319,Levi,Hendriks,+31600007319,levi.hendriks7319@example.com,Breda,2022-05-14
7320,Finn,Kok,+31600007320,finn.kok7320@example.com,Tilburg,2023-12-20
7321,Nina,Jansen,+31600007321,nina.jansen7321@example.com,Tilburg,2022-09-06
7322,Sara,Visser,+31600007322,sara.visser7322@example.com,Tilburg,2024-10-25
7323,Finn,Prins,+31600007323,finn.prins7323@example.com,Almere,2022-02-11
7324,Levi,De Boer,+31600007324,levi.de boer7324@example.com,Tilburg,2023-10-20
7325,Milan,Hendriks,+31600007325,milan.hendriks7325@example.com,Amsterdam,2022-10-08
7326,Daan,Visser,+31600007326,daan.visser7326@example.com,The Hague,2024-11-13
7327,Noah,De Boer,+31600007327,noah.de boer7327@example.com,Groningen,2024-01-07
7328,Sophia,Van Dijk,+31600007328,sophia.van dijk7328@example.com,Eindhoven,2022-11-11
7329,Eva,Bakker,+31600007329,eva.bakker7329@example.com,Nijmegen,2021-06-25
7330,Finn,Visser,+31600007330,finn.visser7330@example.com,Rotterdam,2022-05-19
7331,Lotte,Mulder,+31600007331,lotte.mulder7331@example.com,Tilburg,2024-06-16
7332,Sophia,Schouten,+31600007332,sophia.schouten7332@example.com,Eindhoven,2020-11-29
7333,Lucas,Vos,+31600007333,lucas.vos7333@example.com,Breda,2023-11-24
7334,Eva,Peters,+31600007334,eva.peters7334@example.com,Nijmegen,2020-03-06
7335,Finn,Kok,+31600007335,finn.kok7335@example.com,Almere,2024-06-15
7336,Finn,Smit,+31600007336,finn.smit7336@example.com,Eindhoven,2024-03-18
7337,Milan,Visser,+31600007337,milan.visser7337@example.com,Breda,2024-04-16
7338,Julia,Jacobs,+31600007338,julia.jacobs7338@example.com,Eindhoven,2023-07-22
7339,Eva,Meijer,+31600007339,eva.meijer7339@example.com,Utrecht,2024-10-04
7340,Liam,Kuiper,+31600007340,liam.kuiper7340@example.com,Almere,2021-07-12
7341,Finn,De Boer,+31600007341,finn.de boer7341@example.com,Rotterdam,2023-05-09
7342,Levi,De Vries,+31600007342,levi.de vries7342@example.com,Groningen,2020-09-05
7343,Oliver,Smit,+31600007343,oliver.smit7343@example.com,Nijmegen,2024-04-23
7344,Mila,Van Dijk,+31600007344,mila.van dijk7344@example.com,Almere,2023-09-02
7345,Nina,Visser,+31600007345,nina.visser7345@example.com,Groningen,2021-05-30
7346,Eva,Prins,+31600007346,eva.prins7346@example.com,The Hague,2020-01-01
7347,Nina,Smit,+31600007347,nina.smit7347@example.com,Utrecht,2023-10-26
7348,Daan,Smit,+31600007348,daan.smit7348@example.com,Breda,2024-04-27
7349,Ethan,Hendriks,+31600007349,ethan.hendriks7349@example.com,Almere,2023-02-20
7350,Mason,Smit,+31600007350,mason.smit7350@example.com,Breda,2020-04-09
7351,Noah,Jacobs,+31600007351,noah.jacobs7351@example.com,Utrecht,2024-09-09
7352,Olivia,Schouten,+31600007352,olivia.schouten7352@example.com,Groningen,2021-02-23
7353,Daan,Visser,+31600007353,daan.visser7353@example.com,Utrecht,2023-09-14
7354,Finn,Willems,+31600007354,finn.willems7354@example.com,The Hague,2023-03-21
7355,Nina,Vos,+31600007355,nina.vos7355@example.com,Utrecht,2024-08-09
7356,Lucas,Mulder,+31600007356,lucas.mulder7356@example.com,Amsterdam,2021-07-13
7357,Olivia,Meijer,+31600007357,olivia.meijer7357@example.com,Amsterdam,2023-02-18
7358,Sophia,Prins,+31600007358,sophia.prins7358@example.com,The Hague,2022-12-08
7359,Sara,Peters,+31600007359,sara.peters7359@example.com,Breda,2022-11-18
7360,Oliver,De Vries,+31600007360,oliver.de vries7360@example.com,Rotterdam,2023-06-12
7361,Lotte,Kuiper,+31600007361,lotte.kuiper7361@example.com,Groningen,2020-08-04
7362,Olivia,Visser,+31600007362,olivia.visser7362@example.com,Amsterdam,2020-06-10
7363,Sara,Smit,+31600007363,sara.smit7363@example.com,Almere,2020-10-18
7364,Mila,Jacobs,+31600007364,mila.jacobs7364@example.com,Breda,2020-10-04
7365,Emma,Mulder,+31600007365,emma.mulder7365@example.com,Almere,2021-05-17
7366,Mila,De Vries,+31600007366,mila.de vries7366@example.com,The Hague,2021-03-14
7367,Mila,Bakker,+31600007367,mila.bakker7367@example.com,Utrecht,2024-11-22
7368,Sara,Meijer,+31600007368,sara.meijer7368@example.com,Breda,2023-12-13
7369,Mila,Smit,+31600007369,mila.smit7369@example.com,Tilburg,2020-10-13
7370,Mason,Peters,+31600007370,mason.peters7370@example.com,Groningen,2023-08-21
7371,Oliver,Meijer,+31600007371,oliver.meijer7371@example.com,Nijmegen,2024-03-01
7372,Sophia,Jacobs,+31600007372,sophia.jacobs7372@example.com,Groningen,2021-03-25
7373,Anna,Dekker,+31600007373,anna.dekker7373@example.com,Rotterdam,2022-01-04
7374,Lotte,Willems,+31600007374,lotte.willems7374@example.com,Amsterdam,2024-11-23
7375,Lotte,Hendriks,+31600007375,lotte.hendriks7375@example.com,The Hague,2021-06-06
7376,Ethan,Schouten,+31600007376,ethan.schouten7376@example.com,Amsterdam,2020-09-18
7377,Sophia,Mulder,+31600007377,sophia.mulder7377@example.com,Utrecht,2021-09-15
7378,Noah,Hendriks,+31600007378,noah.hendriks7378@example.com,The Hague,2021-10-31
7379,Oliver,Schouten,+31600007379,oliver.schouten7379@example.com,Amsterdam,2024-10-21
7380,Milan,Kok,+31600007380,milan.kok7380@example.com,The Hague,2024-10-12
7381,Sara,Jansen,+31600007381,sara.jansen7381@example.com,Nijmegen,2020-11-19
7382,Finn,Dekker,+31600007382,finn.dekker7382@example.com,Breda,2020-04-09
7383,Sara,Peters,+31600007383,sara.peters7383@example.com,Rotterdam,2020-09-13
7384,Daan,Vos,+31600007384,daan.vos7384@example.com,Groningen,2020-01-17
7385,Lucas,Hendriks,+31600007385,lucas.hendriks7385@example.com,The Hague,2022-06-10
7386,Sara,Visser,+31600007386,sara.visser7386@example.com,Utrecht,2023-08-23
7387,Ethan,Hendriks,+31600007387,ethan.hendriks7387@example.com,The Hague,2021-01-03
7388,Milan,Prins,+31600007388,milan.prins7388@example.com,Tilburg,2021-07-24
7389,Levi,Kuiper,+31600007389,levi.kuiper7389@example.com,Tilburg,2023-04-17
7390,Sara,Smit,+31600007390,sara.smit7390@example.com,Rotterdam,2022-05-17
7391,Finn,Willems,+31600007391,finn.willems7391@example.com,Eindhoven,2020-10-17
7392,Oliver,Kuiper,+31600007392,oliver.kuiper7392@example.com,Amsterdam,2024-11-04
7393,Mason,De Boer,+31600007393,mason.de boer7393@example.com,Eindhoven,2024-06-26
7394,Noah,Visser,+31600007394,noah.visser7394@example.com,Eindhoven,2023-04-12
7395,Mila,Peters,+31600007395,mila.peters7395@example.com,Tilburg,2024-01-17
7396,Emma,Mulder,+31600007396,emma.mulder7396@example.com,Almere,2021-01-13
7397,Levi,Bakker,+31600007397,levi.bakker7397@example.com,Eindhoven,2023-05-15
7398,Ethan,De Vries,+31600007398,ethan.de vries7398@example.com,Nijmegen,2020-02-01
7399,Liam,Bakker,+31600007399,liam.bakker7399@example.com,Amsterdam,2023-10-13
7400,Julia,Visser,+31600007400,julia.visser7400@example.com,The Hague,2024-10-27
7401,Daan,Meijer,+31600007401,daan.meijer7401@example.com,Groningen,2020-04-17
7402,Noah,Mulder,+31600007402,noah.mulder7402@example.com,Groningen,2022-08-14
7403,Levi,Van Dijk,+31600007403,levi.van dijk7403@example.com,Breda,2023-12-10
7404,Lucas,Van Dijk,+31600007404,lucas.van dijk7404@example.com,Rotterdam,2021-03-09
7405,Levi,Bos,+31600007405,levi.bos7405@example.com,Almere,2024-10-03
7406,Nina,Willems,+31600007406,nina.willems7406@example.com,Utrecht,2024-04-10
7407,Liam,Peters,+31600007407,liam.peters7407@example.com,The Hague,2022-01-27
7408,Levi,Hendriks,+31600007408,levi.hendriks7408@example.com,Tilburg,2020-10-20
7409,Milan,Schouten,+31600007409,milan.schouten7409@example.com,Breda,2022-12-06
7410,Lotte,Willems,+31600007410,lotte.willems7410@example.com,Tilburg,2022-05-30
7411,Sara,Smit,+31600007411,sara.smit7411@example.com,Utrecht,2022-08-29
7412,Lucas,Schouten,+31600007412,lucas.schouten7412@example.com,Utrecht,2022-12-16
7413,Mason,Kok,+31600007413,mason.kok7413@example.com,Amsterdam,2021-06-22
7414,Nina,Vos,+31600007414,nina.vos7414@example.com,Utrecht,2022-06-18
7415,Finn,Kok,+31600007415,finn.kok7415@example.com,Breda,2021-02-07
7416,Oliver,Jansen,+31600007416,oliver.jansen7416@example.com,Tilburg,2020-06-16
7417,Ethan,Schouten,+31600007417,ethan.schouten7417@example.com,Breda,2022-09-19
7418,Julia,Meijer,+31600007418,julia.meijer7418@example.com,Rotterdam,2022-08-07
7419,Finn,Van Dijk,+31600007419,finn.van dijk7419@example.com,Amsterdam,2022-06-29
7420,Lucas,De Boer,+31600007420,lucas.de boer7420@example.com,Nijmegen,2022-12-26
7421,Ethan,Van Dijk,+31600007421,ethan.van dijk7421@example.com,Tilburg,2023-07-28
7422,Finn,Jansen,+31600007422,finn.jansen7422@example.com,Rotterdam,2024-04-27
7423,Emma,Vos,+31600007423,emma.vos7423@example.com,Tilburg,2022-01-04
7424,Levi,De Vries,+31600007424,levi.de vries7424@example.com,Amsterdam,2023-05-28
7425,Olivia,Meijer,+31600007425,olivia.meijer7425@example.com,Amsterdam,2021-05-29
7426,Oliver,Prins,+31600007426,oliver.prins7426@example.com,Breda,2020-10-11
7427,Lotte,Jansen,+31600007427,lotte.jansen7427@example.com,Rotterdam,2021-01-23
7428,Mason,Bos,+31600007428,mason.bos7428@example.com,Breda,2020-11-22
7429,Anna,Kuiper,+31600007429,anna.kuiper7429@example.com,Nijmegen,2021-04-20
7430,Lucas,De Vries,+31600007430,lucas.de vries7430@example.com,Tilburg,2022-03-08
7431,Julia,De Boer,+31600007431,julia.de boer7431@example.com,Nijmegen,2024-07-10
7432,Mila,Peters,+31600007432,mila.peters7432@example.com,Rotterdam,2020-11-16
7433,Liam,Mulder,+31600007433,liam.mulder7433@example.com,Rotterdam,2023-10-08
7434,Nina,Hendriks,+31600007434,nina.hendriks7434@example.com,Tilburg,2021-05-10
7435,Julia,Jansen,+31600007435,julia.jansen7435@example.com,Groningen,2023-04-23
7436,Mila,Meijer,+31600007436,mila.meijer7436@example.com,Eindhoven,2021-03-20
7437,Lotte,Kok,+31600007437,lotte.kok7437@example.com,Eindhoven,2021-07-19
7438,Milan,Mulder,+31600007438,milan.mulder7438@example.com,Nijmegen,2022-03-31
7439,Levi,Vos,+31600007439,levi.vos7439@example.com,Tilburg,2023-11-11
7440,Julia,Jansen,+31600007440,julia.jansen7440@example.com,Eindhoven,2022-02-10
7441,Liam,Peters,+31600007441,liam.peters7441@example.com,Utrecht,2020-06-04
7442,Mason,Willems,+31600007442,mason.willems7442@example.com,Amsterdam,2022-01-21
7443,Milan,Peters,+31600007443,milan.peters7443@example.com,Utrecht,2023-01-16
7444,Eva,Hendriks,+31600007444,eva.hendriks7444@example.com,Groningen,2023-07-16
7445,Mason,Dekker,+31600007445,mason.dekker7445@example.com,Breda,2024-07-13
7446,Daan,Meijer,+31600007446,daan.meijer7446@example.com,Groningen,2023-09-22
7447,Lotte,Mulder,+31600007447,lotte.mulder7447@example.com,Almere,2023-06-11
7448,Sophia,Van Dijk,+31600007448,sophia.van dijk7448@example.com,Groningen,2023-08-27
7449,Lotte,Kuiper,+31600007449,lotte.kuiper7449@example.com,Groningen,2020-01-13
7450,Oliver,Meijer,+31600007450,oliver.meijer7450@example.com,Utrecht,2021-01-19
7451,Noah,Van Dijk,+31600007451,noah.van dijk7451@example.com,Nijmegen,2020-09-08
7452,Daan,Meijer,+31600007452,daan.meijer7452@example.com,Utrecht,2023-07-19
7453,Nina,Willems,+31600007453,nina.willems7453@example.com,The Hague,2024-04-02
7454,Oliver,Jacobs,+31600007454,oliver.jacobs7454@example.com,Eindhoven,2021-11-18
7455,Anna,Van Dijk,+31600007455,anna.van dijk7455@example.com,Nijmegen,2020-02-11
7456,Mila,Prins,+31600007456,mila.prins7456@example.com,Groningen,2021-03-01
7457,Lotte,Schouten,+31600007457,lotte.schouten7457@example.com,Breda,2020-11-19
7458,Sara,Schouten,+31600007458,sara.schouten7458@example.com,Utrecht,2020-05-22
7459,Lotte,Peters,+31600007459,lotte.peters7459@example.com,Breda,2021-07-08
7460,Ethan,Kok,+31600007460,ethan.kok7460@example.com,Nijmegen,2023-12-15
7461,Finn,Mulder,+31600007461,finn.mulder7461@example.com,Utrecht,2022-09-10
7462,Sara,Meijer,+31600007462,sara.meijer7462@example.com,Groningen,2020-11-22
7463,Sara,Peters,+31600007463,sara.peters7463@example.com,Nijmegen,2020-09-04
7464,Anna,Hendriks,+31600007464,anna.hendriks7464@example.com,Groningen,2021-06-07
7465,Ethan,Smit,+31600007465,ethan.smit7465@example.com,Breda,2023-09-23
7466,Julia,Mulder,+31600007466,julia.mulder7466@example.com,Tilburg,2024-05-22
7467,Daan,Jacobs,+31600007467,daan.jacobs7467@example.com,Eindhoven,2021-03-26
7468,Nina,Kok,+31600007468,nina.kok7468@example.com,Rotterdam,2021-06-30
7469,Lucas,Smit,+31600007469,lucas.smit7469@example.com,Almere,2020-10-31
7470,Julia,Kuiper,+31600007470,julia.kuiper7470@example.com,Nijmegen,2021-08-08
7471,Mila,Jacobs,+31600007471,mila.jacobs7471@example.com,Almere,2021-09-07
7472,Mason,Schouten,+31600007472,mason.schouten7472@example.com,Utrecht,2022-03-08
7473,Eva,De Boer,+31600007473,eva.de boer7473@example.com,Breda,2021-07-25
7474,Sophia,De Boer,+31600007474,sophia.de boer7474@example.com,Utrecht,2024-04-04
7475,Lotte,Schouten,+31600007475,lotte.schouten7475@example.com,Groningen,2020-02-27
7476,Julia,Schouten,+31600007476,julia.schouten7476@example.com,Amsterdam,2022-07-25
7477,Milan,Kuiper,+31600007477,milan.kuiper7477@example.com,Tilburg,2024-12-01
7478,Ethan,Prins,+31600007478,ethan.prins7478@example.com,Amsterdam,2022-10-09
7479,Lotte,Visser,+31600007479,lotte.visser7479@example.com,Almere,2020-08-10
7480,Olivia,Bakker,+31600007480,olivia.bakker7480@example.com,Utrecht,2021-09-22
7481,Liam,De Vries,+31600007481,liam.de vries7481@example.com,Rotterdam,2024-09-12
7482,Ethan,Kuiper,+31600007482,ethan.kuiper7482@example.com,Eindhoven,2022-07-01
7483,Eva,Mulder,+31600007483,eva.mulder7483@example.com,Almere,2020-03-02
7484,Nina,Smit,+31600007484,nina.smit7484@example.com,Almere,2024-02-15
7485,Mila,Bakker,+31600007485,mila.bakker7485@example.com,Utrecht,2021-07-28
7486,Lotte,Schouten,+31600007486,lotte.schouten7486@example.com,Groningen,2023-10-07
7487,Levi,Smit,+31600007487,levi.smit7487@example.com,Eindhoven,2022-12-19
7488,Noah,Kuiper,+31600007488,noah.kuiper7488@example.com,Breda,2021-10-17
7489,Julia,De Vries,+31600007489,julia.de vries7489@example.com,Nijmegen,2022-09-15
7490,Anna,Kuiper,+31600007490,anna.kuiper7490@example.com,The Hague,2021-10-01
7491,Milan,Visser,+31600007491,milan.visser7491@example.com,Nijmegen,2022-03-23
7492,Ethan,Jansen,+31600007492,ethan.jansen7492@example.com,Tilburg,2022-04-10
7493,Ethan,Van Dijk,+31600007493,ethan.van dijk7493@example.com,Amsterdam,2023-04-01
7494,Sara,Kok,+31600007494,sara.kok7494@example.com,Utrecht,2023-11-07
7495,Nina,Peters,+31600007495,nina.peters7495@example.com,Utrecht,2020-04-15
7496,Finn,Visser,+31600007496,finn.visser7496@example.com,Utrecht,2022-09-15
7497,Lucas,Vos,+31600007497,lucas.vos7497@example.com,Almere,2023-04-30
7498,Julia,Van Dijk,+31600007498,julia.van dijk7498@example.com,Eindhoven,2020-08-16
7499,Daan,Vos,+31600007499,daan.vos7499@example.com,Eindhoven,2023-08-13
7500,Lotte,Peters,+31600007500,lotte.peters7500@example.com,Almere,2021-11-19
7501,Mason,Prins,+31600007501,mason.prins7501@example.com,Almere,2020-11-30
7502,Sara,Visser,+31600007502,sara.visser7502@example.com,Utrecht,2023-09-04
7503,Finn,Prins,+31600007503,finn.prins7503@example.com,Tilburg,2022-09-12
7504,Anna,Peters,+31600007504,anna.peters7504@example.com,Amsterdam,2020-10-16
7505,Milan,Peters,+31600007505,milan.peters7505@example.com,Groningen,2023-05-15
7506,Olivia,Kuiper,+31600007506,olivia.kuiper7506@example.com,Eindhoven,2022-08-14
7507,Lucas,Hendriks,+31600007507,lucas.hendriks7507@example.com,Rotterdam,2020-12-09
7508,Eva,Smit,+31600007508,eva.smit7508@example.com,Almere,2020-05-07
7509,Eva,Schouten,+31600007509,eva.schouten7509@example.com,Tilburg,2022-11-25
7510,Julia,Dekker,+31600007510,julia.dekker7510@example.com,Amsterdam,2020-06-04
7511,Finn,De Boer,+31600007511,finn.de boer7511@example.com,Eindhoven,2022-04-28
7512,Mila,Bos,+31600007512,mila.bos7512@example.com,Groningen,2023-03-28
7513,Emma,Prins,+31600007513,emma.prins7513@example.com,Tilburg,2021-05-15
7514,Mila,Bos,+31600007514,mila.bos7514@example.com,Amsterdam,2021-05-31
7515,Olivia,Prins,+31600007515,olivia.prins7515@example.com,The Hague,2020-05-02
7516,Lucas,Kuiper,+31600007516,lucas.kuiper7516@example.com,Tilburg,2023-01-24
7517,Olivia,Smit,+31600007517,olivia.smit7517@example.com,The Hague,2023-03-11
7518,Oliver,Jacobs,+31600007518,oliver.jacobs7518@example.com,Almere,2023-01-28
7519,Oliver,Jacobs,+31600007519,oliver.jacobs7519@example.com,Eindhoven,2024-01-25
7520,Liam,Hendriks,+31600007520,liam.hendriks7520@example.com,Eindhoven,2020-08-19
7521,Eva,Jansen,+31600007521,eva.jansen7521@example.com,Almere,2024-03-22
7522,Levi,Smit,+31600007522,levi.smit7522@example.com,Breda,2023-02-26
7523,Mila,Kok,+31600007523,mila.kok7523@example.com,Nijmegen,2023-09-30
7524,Noah,Meijer,+31600007524,noah.meijer7524@example.com,Breda,2024-10-14
7525,Sophia,Willems,+31600007525,sophia.willems7525@example.com,Almere,2023-02-13
7526,Mila,Visser,+31600007526,mila.visser7526@example.com,Eindhoven,2024-01-11
7527,Milan,De Vries,+31600007527,milan.de vries7527@example.com,Breda,2022-10-18
7528,Lucas,Kuiper,+31600007528,lucas.kuiper7528@example.com,Groningen,2020-02-08
7529,Levi,Dekker,+31600007529,levi.dekker7529@example.com,Groningen,2024-12-04
7530,Mason,Mulder,+31600007530,mason.mulder7530@example.com,Amsterdam,2022-02-20
7531,Sophia,Peters,+31600007531,sophia.peters7531@example.com,Tilburg,2022-08-09
7532,Sophia,Schouten,+31600007532,sophia.schouten7532@example.com,The Hague,2023-10-04
7533,Mason,Meijer,+31600007533,mason.meijer7533@example.com,The Hague,2021-04-20
7534,Liam,De Boer,+31600007534,liam.de boer7534@example.com,Rotterdam,2020-09-29
7535,Anna,Jansen,+31600007535,anna.jansen7535@example.com,Breda,2023-08-19
7536,Liam,Hendriks,+31600007536,liam.hendriks7536@example.com,Amsterdam,2021-05-01
7537,Olivia,Hendriks,+31600007537,olivia.hendriks7537@example.com,Eindhoven,2024-06-11
7538,Mason,Kuiper,+31600007538,mason.kuiper7538@example.com,Eindhoven,2022-02-18
7539,Mason,Schouten,+31600007539,mason.schouten7539@example.com,Eindhoven,2023-06-11
7540,Oliver,Jacobs,+31600007540,oliver.jacobs7540@example.com,Tilburg,2020-07-10
7541,Daan,Meijer,+31600007541,daan.meijer7541@example.com,Groningen,2024-09-21
7542,Eva,Hendriks,+31600007542,eva.hendriks7542@example.com,Amsterdam,2022-09-12
7543,Eva,De Boer,+31600007543,eva.de boer7543@example.com,Groningen,2021-11-18
7544,Noah,Kok,+31600007544,noah.kok7544@example.com,Almere,2023-03-09
7545,Oliver,Schouten,+31600007545,oliver.schouten7545@example.com,Utrecht,2021-12-23
7546,Oliver,Prins,+31600007546,oliver.prins7546@example.com,Eindhoven,2022-08-15
7547,Milan,Vos,+31600007547,milan.vos7547@example.com,Groningen,2021-05-07
7548,Mason,Schouten,+31600007548,mason.schouten7548@example.com,Rotterdam,2020-05-20
7549,Lotte,Bakker,+31600007549,lotte.bakker7549@example.com,Utrecht,2022-05-12
7550,Milan,De Boer,+31600007550,milan.de boer7550@example.com,Rotterdam,2022-05-07
7551,Daan,Willems,+31600007551,daan.willems7551@example.com,Amsterdam,2021-08-13
7552,Noah,Peters,+31600007552,noah.peters7552@example.com,Eindhoven,2021-03-14
7553,Anna,Prins,+31600007553,anna.prins7553@example.com,The Hague,2024-06-30
7554,Noah,De Vries,+31600007554,noah.de vries7554@example.com,Eindhoven,2022-11-23
7555,Julia,Dekker,+31600007555,julia.dekker7555@example.com,The Hague,2023-08-27
7556,Mason,Van Dijk,+31600007556,mason.van dijk7556@example.com,Breda,2020-12-21
7557,Mila,De Vries,+31600007557,mila.de vries7557@example.com,The Hague,2021-12-29
7558,Finn,Meijer,+31600007558,finn.meijer7558@example.com,Tilburg,2023-11-24
7559,Levi,Van Dijk,+31600007559,levi.van dijk7559@example.com,Almere,2021-03-15
7560,Mason,Vos,+31600007560,mason.vos7560@example.com,Amsterdam,2022-01-19
7561,Anna,Kuiper,+31600007561,anna.kuiper7561@example.com,Amsterdam,2022-01-10
7562,Noah,Vos,+31600007562,noah.vos7562@example.com,Rotterdam,2024-07-16
7563,Daan,Kok,+31600007563,daan.kok7563@example.com,Utrecht,2022-07-27
7564,Eva,Vos,+31600007564,eva.vos7564@example.com,Almere,2021-09-29
7565,Anna,De Boer,+31600007565,anna.de boer7565@example.com,Amsterdam,2023-03-31
7566,Lucas,Van Dijk,+31600007566,lucas.van dijk7566@example.com,Almere,2020-05-28
7567,Sophia,Jansen,+31600007567,sophia.jansen7567@example.com,Nijmegen,2024-04-13
7568,Mason,Jacobs,+31600007568,mason.jacobs7568@example.com,Breda,2023-12-13
7569,Levi,Vos,+31600007569,levi.vos7569@example.com,Rotterdam,2024-10-09
7570,Noah,Prins,+31600007570,noah.prins7570@example.com,Eindhoven,2023-10-12
7571,Eva,Hendriks,+31600007571,eva.hendriks7571@example.com,Utrecht,2024-03-06
7572,Sara,Schouten,+31600007572,sara.schouten7572@example.com,Eindhoven,2024-09-23
7573,Lotte,Meijer,+31600007573,lotte.meijer7573@example.com,Eindhoven,2024-10-27
7574,Lotte,Bos,+31600007574,lotte.bos7574@example.com,Nijmegen,2024-06-14
7575,Anna,Visser,+31600007575,anna.visser7575@example.com,Rotterdam,2021-03-26
7576,Lucas,Vos,+31600007576,lucas.vos7576@example.com,Tilburg,2021-03-16
7577,Olivia,Peters,+31600007577,olivia.peters7577@example.com,Groningen,2023-10-09
7578,Sophia,Schouten,+31600007578,sophia.schouten7578@example.com,Utrecht,2020-08-30
7579,Sophia,Hendriks,+31600007579,sophia.hendriks7579@example.com,The Hague,2021-10-23
7580,Ethan,Dekker,+31600007580,ethan.dekker7580@example.com,The Hague,2022-11-07
7581,Olivia,Van Dijk,+31600007581,olivia.van dijk7581@example.com,Eindhoven,2024-01-20
7582,Eva,Dekker,+31600007582,eva.dekker7582@example.com,The Hague,2024-01-22
7583,Julia,Peters,+31600007583,julia.peters7583@example.com,Eindhoven,2021-01-13
7584,Anna,Kuiper,+31600007584,anna.kuiper7584@example.com,Tilburg,2021-10-12
7585,Lotte,Van Dijk,+31600007585,lotte.van dijk7585@example.com,Eindhoven,2020-01-03
7586,Ethan,Kok,+31600007586,ethan.kok7586@example.com,Tilburg,2023-07-14
7587,Eva,Bos,+31600007587,eva.bos7587@example.com,Breda,2023-12-18
7588,Liam,Kuiper,+31600007588,liam.kuiper7588@example.com,Eindhoven,2023-06-25
7589,Sophia,De Boer,+31600007589,sophia.de boer7589@example.com,Almere,2022-02-09
7590,Daan,Bakker,+31600007590,daan.bakker7590@example.com,Tilburg,2021-10-04
7591,Olivia,De Boer,+31600007591,olivia.de boer7591@example.com,Amsterdam,2024-11-03
7592,Ethan,Vos,+31600007592,ethan.vos7592@example.com,Breda,2021-02-15
7593,Sophia,De Vries,+31600007593,sophia.de vries7593@example.com,The Hague,2024-08-25
7594,Oliver,Bakker,+31600007594,oliver.bakker7594@example.com,Utrecht,2023-09-21
7595,Eva,De Boer,+31600007595,eva.de boer7595@example.com,Amsterdam,2020-09-18
7596,Eva,Willems,+31600007596,eva.willems7596@example.com,Groningen,2024-11-25
7597,Anna,De Vries,+31600007597,anna.de vries7597@example.com,Breda,2023-10-16
7598,Mason,Vos,+31600007598,mason.vos7598@example.com,Nijmegen,2024-04-19
7599,Lucas,De Vries,+31600007599,lucas.de vries7599@example.com,Nijmegen,2023-09-08
7600,Mason,Meijer,+31600007600,mason.meijer7600@example.com,Utrecht,2021-03-08
7601,Liam,De Boer,+31600007601,liam.de boer7601@example.com,Almere,2022-04-03
7602,Mason,Hendriks,+31600007602,mason.hendriks7602@example.com,Utrecht,2022-10-31
7603,Julia,Mulder,+31600007603,julia.mulder7603@example.com,Rotterdam,2023-05-03
7604,Liam,De Boer,+31600007604,liam.de boer7604@example.com,Tilburg,2023-12-17
7605,Eva,Jacobs,+31600007605,eva.jacobs7605@example.com,Tilburg,2023-08-10
7606,Eva,Mulder,+31600007606,eva.mulder7606@example.com,Groningen,2021-05-14
7607,Sara,Mulder,+31600007607,sara.mulder7607@example.com,Eindhoven,2021-08-27
7608,Lucas,De Boer,+31600007608,lucas.de boer7608@example.com,The Hague,2024-07-23
7609,Liam,Meijer,+31600007609,liam.meijer7609@example.com,Eindhoven,2021-05-11
7610,Noah,Mulder,+31600007610,noah.mulder7610@example.com,Rotterdam,2020-08-31
7611,Lucas,Bakker,+31600007611,lucas.bakker7611@example.com,Eindhoven,2020-08-03
7612,Emma,Mulder,+31600007612,emma.mulder7612@example.com,The Hague,2021-06-23
7613,Levi,Vos,+31600007613,levi.vos7613@example.com,Eindhoven,2020-06-27
7614,Finn,Willems,+31600007614,finn.willems7614@example.com,The Hague,2020-04-06
7615,Milan,Kuiper,+31600007615,milan.kuiper7615@example.com,The Hague,2021-12-08
7616,Julia,Willems,+31600007616,julia.willems7616@example.com,The Hague,2021-11-26
7617,Finn,Van Dijk,+31600007617,finn.van dijk7617@example.com,Almere,2022-03-01
7618,Milan,Hendriks,+31600007618,milan.hendriks7618@example.com,Amsterdam,2022-08-29
7619,Ethan,Bos,+31600007619,ethan.bos7619@example.com,Breda,2020-04-30
7620,Mason,Willems,+31600007620,mason.willems7620@example.com,Eindhoven,2022-01-04
7621,Oliver,Kuiper,+31600007621,oliver.kuiper7621@example.com,Breda,2020-10-28
7622,Eva,Bos,+31600007622,eva.bos7622@example.com,Groningen,2023-03-02
7623,Eva,Smit,+31600007623,eva.smit7623@example.com,Utrecht,2021-01-05
7624,Levi,Hendriks,+31600007624,levi.hendriks7624@example.com,Eindhoven,2023-05-07
7625,Olivia,Mulder,+31600007625,olivia.mulder7625@example.com,Rotterdam,2024-10-14
7626,Liam,De Boer,+31600007626,liam.de boer7626@example.com,Tilburg,2022-06-10
7627,Ethan,Hendriks,+31600007627,ethan.hendriks7627@example.com,Groningen,2022-02-01
7628,Mason,Kok,+31600007628,mason.kok7628@example.com,Breda,2020-10-31
7629,Sara,Schouten,+31600007629,sara.schouten7629@example.com,Almere,2023-02-28
7630,Oliver,Kok,+31600007630,oliver.kok7630@example.com,Nijmegen,2024-07-28
7631,Ethan,Mulder,+31600007631,ethan.mulder7631@example.com,Nijmegen,2023-12-14
7632,Julia,Smit,+31600007632,julia.smit7632@example.com,Utrecht,2022-06-09
7633,Anna,Jacobs,+31600007633,anna.jacobs7633@example.com,Eindhoven,2021-11-23
7634,Liam,Peters,+31600007634,liam.peters7634@example.com,Tilburg,2022-03-06
7635,Lotte,Mulder,+31600007635,lotte.mulder7635@example.com,Breda,2023-09-03
7636,Ethan,Willems,+31600007636,ethan.willems7636@example.com,The Hague,2022-01-03
7637,Julia,Kok,+31600007637,julia.kok7637@example.com,Breda,2020-01-13
7638,Liam,Bos,+31600007638,liam.bos7638@example.com,Almere,2024-03-21
7639,Lucas,Mulder,+31600007639,lucas.mulder7639@example.com,Eindhoven,2022-02-12
7640,Sophia,Jacobs,+31600007640,sophia.jacobs7640@example.com,Rotterdam,2020-09-29
7641,Sara,Vos,+31600007641,sara.vos7641@example.com,Breda,2021-01-23
7642,Oliver,Mulder,+31600007642,oliver.mulder7642@example.com,Breda,2020-08-25
7643,Olivia,Willems,+31600007643,olivia.willems7643@example.com,Utrecht,2021-07-13
7644,Emma,Jansen,+31600007644,emma.jansen7644@example.com,Breda,2023-05-23
7645,Mila,Mulder,+31600007645,mila.mulder7645@example.com,The Hague,2024-06-15
7646,Nina,Hendriks,+31600007646,nina.hendriks7646@example.com,Amsterdam,2020-08-18
7647,Anna,Vos,+31600007647,anna.vos7647@example.com,Eindhoven,2021-02-13
7648,Milan,Meijer,+31600007648,milan.meijer7648@example.com,Amsterdam,2024-09-24
7649,Julia,Meijer,+31600007649,julia.meijer7649@example.com,Groningen,2020-07-31
7650,Lucas,Meijer,+31600007650,lucas.meijer7650@example.com,Utrecht,2024-02-09
7651,Julia,Van Dijk,+31600007651,julia.van dijk7651@example.com,Eindhoven,2023-12-06
7652,Ethan,Meijer,+31600007652,ethan.meijer7652@example.com,Nijmegen,2022-05-02
7653,Eva,Jacobs,+31600007653,eva.jacobs7653@example.com,Nijmegen,2020-05-05
7654,Mila,Bakker,+31600007654,mila.bakker7654@example.com,Nijmegen,2020-08-29
7655,Julia,Smit,+31600007655,julia.smit7655@example.com,Nijmegen,2020-07-30
7656,Julia,Smit,+31600007656,julia.smit7656@example.com,Breda,2020-01-21
7657,Noah,Bos,+31600007657,noah.bos7657@example.com,Breda,2023-05-28
7658,Sara,Bakker,+31600007658,sara.bakker7658@example.com,Groningen,2022-10-28
7659,Liam,Jansen,+31600007659,liam.jansen7659@example.com,Almere,2023-02-03
7660,Finn,Prins,+31600007660,finn.prins7660@example.com,Tilburg,2023-01-01
7661,Anna,Jansen,+31600007661,anna.jansen7661@example.com,Nijmegen,2022-11-12
7662,Ethan,Prins,+31600007662,ethan.prins7662@example.com,Breda,2021-09-03
7663,Finn,Bakker,+31600007663,finn.bakker7663@example.com,Rotterdam,2022-01-07
7664,Julia,De Boer,+31600007664,julia.de boer7664@example.com,Groningen,2024-02-26
7665,Lotte,Smit,+31600007665,lotte.smit7665@example.com,Eindhoven,2024-08-10
7666,Finn,Vos,+31600007666,finn.vos7666@example.com,Utrecht,2021-01-23
7667,Lucas,Schouten,+31600007667,lucas.schouten7667@example.com,Nijmegen,2020-06-14
7668,Emma,Mulder,+31600007668,emma.mulder7668@example.com,Amsterdam,2023-06-14
7669,Julia,Peters,+31600007669,julia.peters7669@example.com,Breda,2023-10-03
7670,Mason,Schouten,+31600007670,mason.schouten7670@example.com,Breda,2022-03-24
7671,Lotte,Bakker,+31600007671,lotte.bakker7671@example.com,Eindhoven,2024-04-25
7672,Sara,Smit,+31600007672,sara.smit7672@example.com,The Hague,2022-10-07
7673,Julia,Bos,+31600007673,julia.bos7673@example.com,Rotterdam,2020-11-30
7674,Julia,Hendriks,+31600007674,julia.hendriks7674@example.com,Eindhoven,2023-10-28
7675,Nina,Willems,+31600007675,nina.willems7675@example.com,The Hague,2022-09-08
7676,Liam,Jansen,+31600007676,liam.jansen7676@example.com,Groningen,2024-01-13
7677,Lucas,Mulder,+31600007677,lucas.mulder7677@example.com,The Hague,2022-02-22
7678,Sophia,Willems,+31600007678,sophia.willems7678@example.com,Groningen,2023-06-15
7679,Daan,Mulder,+31600007679,daan.mulder7679@example.com,Tilburg,2021-03-13
7680,Noah,Van Dijk,+31600007680,noah.van dijk7680@example.com,Amsterdam,2023-12-22
7681,Milan,Dekker,+31600007681,milan.dekker7681@example.com,Groningen,2022-09-27
7682,Lotte,Jansen,+31600007682,lotte.jansen7682@example.com,Nijmegen,2020-02-13
7683,Olivia,Hendriks,+31600007683,olivia.hendriks7683@example.com,Almere,2020-02-21
7684,Emma,Kok,+31600007684,emma.kok7684@example.com,Utrecht,2022-06-27
7685,Mason,Prins,+31600007685,mason.prins7685@example.com,Tilburg,2023-04-12
7686,Mila,Kuiper,+31600007686,mila.kuiper7686@example.com,Eindhoven,2024-04-22
7687,Mason,Peters,+31600007687,mason.peters7687@example.com,Amsterdam,2020-12-07
7688,Eva,De Vries,+31600007688,eva.de vries7688@example.com,Amsterdam,2024-02-08
7689,Eva,Dekker,+31600007689,eva.dekker7689@example.com,Nijmegen,2022-05-25
7690,Finn,Meijer,+31600007690,finn.meijer7690@example.com,Nijmegen,2020-10-29
7691,Mila,De Boer,+31600007691,mila.de boer7691@example.com,Groningen,2022-12-05
7692,Olivia,Prins,+31600007692,olivia.prins7692@example.com,Nijmegen,2021-03-16
7693,Daan,Vos,+31600007693,daan.vos7693@example.com,Almere,2024-07-07
7694,Emma,Peters,+31600007694,emma.peters7694@example.com,Amsterdam,2022-02-07
7695,Lotte,Jacobs,+31600007695,lotte.jacobs7695@example.com,Groningen,2024-08-15
7696,Daan,Smit,+31600007696,daan.smit7696@example.com,Nijmegen,2020-02-26
7697,Noah,Bos,+31600007697,noah.bos7697@example.com,Amsterdam,2023-11-12
7698,Oliver,De Vries,+31600007698,oliver.de vries7698@example.com,Utrecht,2024-08-26
7699,Anna,De Vries,+31600007699,anna.de vries7699@example.com,Nijmegen,2020-08-30
7700,Nina,De Vries,+31600007700,nina.de vries7700@example.com,Nijmegen,2020-02-13
7701,Noah,Bos,+31600007701,noah.bos7701@example.com,Rotterdam,2024-09-30
7702,Sara,De Boer,+31600007702,sara.de boer7702@example.com,Nijmegen,2021-03-07
7703,Ethan,Jansen,+31600007703,ethan.jansen7703@example.com,Eindhoven,2021-05-25
7704,Julia,Van Dijk,+31600007704,julia.van dijk7704@example.com,Rotterdam,2020-04-04
7705,Ethan,Mulder,+31600007705,ethan.mulder7705@example.com,Almere,2024-02-07
7706,Emma,Willems,+31600007706,emma.willems7706@example.com,Tilburg,2021-05-16
7707,Noah,Van Dijk,+31600007707,noah.van dijk7707@example.com,The Hague,2024-04-01
7708,Milan,Dekker,+31600007708,milan.dekker7708@example.com,Almere,2024-01-03
7709,Lucas,Bakker,+31600007709,lucas.bakker7709@example.com,Rotterdam,2020-08-25
7710,Nina,Jacobs,+31600007710,nina.jacobs7710@example.com,Eindhoven,2024-04-27
7711,Emma,Peters,+31600007711,emma.peters7711@example.com,Almere,2022-04-25
7712,Noah,Peters,+31600007712,noah.peters7712@example.com,The Hague,2022-04-22
7713,Nina,Smit,+31600007713,nina.smit7713@example.com,The Hague,2024-04-13
7714,Liam,Jansen,+31600007714,liam.jansen7714@example.com,Rotterdam,2020-02-01
7715,Eva,Peters,+31600007715,eva.peters7715@example.com,Almere,2023-05-06
7716,Sara,Bos,+31600007716,sara.bos7716@example.com,Eindhoven,2021-07-17
7717,Julia,Mulder,+31600007717,julia.mulder7717@example.com,Tilburg,2021-07-04
7718,Sophia,Peters,+31600007718,sophia.peters7718@example.com,Almere,2024-09-13
7719,Sophia,Visser,+31600007719,sophia.visser7719@example.com,Nijmegen,2020-02-18
7720,Anna,Prins,+31600007720,anna.prins7720@example.com,Tilburg,2022-03-23
7721,Nina,De Vries,+31600007721,nina.de vries7721@example.com,Utrecht,2022-02-22
7722,Emma,Dekker,+31600007722,emma.dekker7722@example.com,Nijmegen,2022-09-19
7723,Sophia,De Vries,+31600007723,sophia.de vries7723@example.com,Tilburg,2023-02-02
7724,Finn,Kok,+31600007724,finn.kok7724@example.com,Rotterdam,2023-06-10
7725,Noah,Visser,+31600007725,noah.visser7725@example.com,Rotterdam,2022-10-12
7726,Daan,Schouten,+31600007726,daan.schouten7726@example.com,Groningen,2024-05-06
7727,Levi,Bos,+31600007727,levi.bos7727@example.com,Eindhoven,2024-04-15
7728,Noah,Schouten,+31600007728,noah.schouten7728@example.com,Rotterdam,2024-02-12
7729,Nina,Jacobs,+31600007729,nina.jacobs7729@example.com,Amsterdam,2021-04-26
7730,Finn,Peters,+31600007730,finn.peters7730@example.com,Breda,2023-12-09
7731,Mila,Kuiper,+31600007731,mila.kuiper7731@example.com,Eindhoven,2020-11-08
7732,Lotte,Schouten,+31600007732,lotte.schouten7732@example.com,Amsterdam,2021-04-29
7733,Anna,Kuiper,+31600007733,anna.kuiper7733@example.com,Breda,2024-11-27
7734,Finn,Bos,+31600007734,finn.bos7734@example.com,Breda,2022-08-17
7735,Ethan,Mulder,+31600007735,ethan.mulder7735@example.com,Nijmegen,2020-12-04
7736,Finn,Mulder,+31600007736,finn.mulder7736@example.com,The Hague,2021-10-03
7737,Olivia,Bakker,+31600007737,olivia.bakker7737@example.com,The Hague,2023-10-06
7738,Liam,Schouten,+31600007738,liam.schouten7738@example.com,The Hague,2020-08-02
7739,Emma,Mulder,+31600007739,emma.mulder7739@example.com,Groningen,2022-01-01
7740,Daan,De Vries,+31600007740,daan.de vries7740@example.com,Eindhoven,2021-01-29
7741,Daan,Vos,+31600007741,daan.vos7741@example.com,Rotterdam,2023-06-22
7742,Noah,Mulder,+31600007742,noah.mulder7742@example.com,Tilburg,2021-01-31
7743,Noah,Hendriks,+31600007743,noah.hendriks7743@example.com,Nijmegen,2024-08-17
7744,Finn,Visser,+31600007744,finn.visser7744@example.com,Almere,2023-10-11
7745,Lucas,Vos,+31600007745,lucas.vos7745@example.com,Eindhoven,2021-07-11
7746,Liam,Meijer,+31600007746,liam.meijer7746@example.com,Groningen,2023-05-24
7747,Ethan,Van Dijk,+31600007747,ethan.van dijk7747@example.com,Nijmegen,2020-01-08
7748,Levi,Smit,+31600007748,levi.smit7748@example.com,Eindhoven,2021-04-28
7749,Sara,Jansen,+31600007749,sara.jansen7749@example.com,Groningen,2023-07-10
7750,Liam,Prins,+31600007750,liam.prins7750@example.com,Tilburg,2020-08-07
7751,Noah,Visser,+31600007751,noah.visser7751@example.com,Eindhoven,2021-07-14
7752,Olivia,Kuiper,+31600007752,olivia.kuiper7752@example.com,Almere,2020-05-05
7753,Noah,Bakker,+31600007753,noah.bakker7753@example.com,Amsterdam,2020-09-30
7754,Liam,Kuiper,+31600007754,liam.kuiper7754@example.com,Tilburg,2020-04-08
7755,Noah,Bos,+31600007755,noah.bos7755@example.com,Breda,2023-02-11
7756,Olivia,De Boer,+31600007756,olivia.de boer7756@example.com,Rotterdam,2023-10-19
7757,Ethan,Willems,+31600007757,ethan.willems7757@example.com,Utrecht,2022-04-15
7758,Oliver,Mulder,+31600007758,oliver.mulder7758@example.com,Breda,2020-03-10
7759,Liam,Bos,+31600007759,liam.bos7759@example.com,Almere,2020-07-28
7760,Eva,Kok,+31600007760,eva.kok7760@example.com,Groningen,2021-02-20
7761,Noah,Prins,+31600007761,noah.prins7761@example.com,Nijmegen,2021-09-06
7762,Anna,Dekker,+31600007762,anna.dekker7762@example.com,Eindhoven,2020-01-13
7763,Lotte,Kuiper,+31600007763,lotte.kuiper7763@example.com,Eindhoven,2021-02-08
7764,Lotte,De Boer,+31600007764,lotte.de boer7764@example.com,Amsterdam,2021-04-11
7765,Sara,Visser,+31600007765,sara.visser7765@example.com,Breda,2024-12-01
7766,Emma,Smit,+31600007766,emma.smit7766@example.com,Groningen,2022-05-11
7767,Ethan,Van Dijk,+31600007767,ethan.van dijk7767@example.com,Tilburg,2020-02-28
7768,Emma,Van Dijk,+31600007768,emma.van dijk7768@example.com,Tilburg,2021-10-31
7769,Eva,Dekker,+31600007769,eva.dekker7769@example.com,Rotterdam,2023-01-27
7770,Emma,Meijer,+31600007770,emma.meijer7770@example.com,Rotterdam,2023-12-04
7771,Oliver,Kok,+31600007771,oliver.kok7771@example.com,Breda,2021-03-20
7772,Lotte,Jacobs,+31600007772,lotte.jacobs7772@example.com,Rotterdam,2021-04-30
7773,Eva,Hendriks,+31600007773,eva.hendriks7773@example.com,The Hague,2022-10-22
7774,Sophia,Jansen,+31600007774,sophia.jansen7774@example.com,Almere,2024-05-08
7775,Olivia,Peters,+31600007775,olivia.peters7775@example.com,Nijmegen,2020-06-24
7776,Mila,De Boer,+31600007776,mila.de boer7776@example.com,Utrecht,2020-01-01
7777,Daan,Jacobs,+31600007777,daan.jacobs7777@example.com,Almere,2020-11-07
7778,Lucas,De Vries,+31600007778,lucas.de vries7778@example.com,Groningen,2023-04-23
7779,Mila,Kuiper,+31600007779,mila.kuiper7779@example.com,The Hague,2020-09-12
7780,Sara,Prins,+31600007780,sara.prins7780@example.com,Groningen,2020-03-09
7781,Nina,Peters,+31600007781,nina.peters7781@example.com,Rotterdam,2023-02-15
7782,Lucas,Visser,+31600007782,lucas.visser7782@example.com,Rotterdam,2022-07-04
7783,Eva,Dekker,+31600007783,eva.dekker7783@example.com,Breda,2023-03-02
7784,Ethan,Hendriks,+31600007784,ethan.hendriks7784@example.com,Groningen,2023-07-29
7785,Nina,Prins,+31600007785,nina.prins7785@example.com,Tilburg,2023-02-23
7786,Noah,Meijer,+31600007786,noah.meijer7786@example.com,Nijmegen,2020-11-23
7787,Milan,Kok,+31600007787,milan.kok7787@example.com,The Hague,2021-09-24
7788,Olivia,Van Dijk,+31600007788,olivia.van dijk7788@example.com,Groningen,2021-03-05
7789,Lotte,Kuiper,+31600007789,lotte.kuiper7789@example.com,Groningen,2022-07-15
7790,Eva,Hendriks,+31600007790,eva.hendriks7790@example.com,Rotterdam,2022-08-07
7791,Liam,Visser,+31600007791,liam.visser7791@example.com,Eindhoven,2024-09-11
7792,Mila,Peters,+31600007792,mila.peters7792@example.com,Amsterdam,2024-08-16
7793,Mason,Prins,+31600007793,mason.prins7793@example.com,Rotterdam,2024-07-20
7794,Levi,Van Dijk,+31600007794,levi.van dijk7794@example.com,Rotterdam,2024-05-09
7795,Lucas,Mulder,+31600007795,lucas.mulder7795@example.com,Tilburg,2023-01-11
7796,Julia,Jacobs,+31600007796,julia.jacobs7796@example.com,Almere,2024-12-05
7797,Oliver,Jacobs,+31600007797,oliver.jacobs7797@example.com,Almere,2020-10-08
7798,Ethan,Dekker,+31600007798,ethan.dekker7798@example.com,Nijmegen,2023-04-13
7799,Liam,De Boer,+31600007799,liam.de boer7799@example.com,Breda,2023-11-09
7800,Levi,Mulder,+31600007800,levi.mulder7800@example.com,Breda,2022-08-10
7801,Noah,Prins,+31600007801,noah.prins7801@example.com,Breda,2021-05-21
7802,Liam,Visser,+31600007802,liam.visser7802@example.com,Rotterdam,2022-08-29
7803,Finn,Mulder,+31600007803,finn.mulder7803@example.com,Tilburg,2020-05-08
7804,Emma,Jacobs,+31600007804,emma.jacobs7804@example.com,Rotterdam,2023-01-01
7805,Sara,Kuiper,+31600007805,sara.kuiper7805@example.com,The Hague,2021-08-29
7806,Noah,Kuiper,+31600007806,noah.kuiper7806@example.com,Groningen,2020-03-10
7807,Olivia,Hendriks,+31600007807,olivia.hendriks7807@example.com,Eindhoven,2021-10-28
7808,Mason,De Vries,+31600007808,mason.de vries7808@example.com,Groningen,2020-02-22
7809,Oliver,Mulder,+31600007809,oliver.mulder7809@example.com,Breda,2022-09-28
7810,Lotte,Bakker,+31600007810,lotte.bakker7810@example.com,Breda,2022-01-01
7811,Finn,Peters,+31600007811,finn.peters7811@example.com,Amsterdam,2024-06-18
7812,Noah,Schouten,+31600007812,noah.schouten7812@example.com,Eindhoven,2020-10-06
7813,Mason,Kuiper,+31600007813,mason.kuiper7813@example.com,Groningen,2024-05-10
7814,Emma,De Boer,+31600007814,emma.de boer7814@example.com,Almere,2020-07-14
7815,Olivia,Hendriks,+31600007815,olivia.hendriks7815@example.com,The Hague,2021-08-21
7816,Nina,Vos,+31600007816,nina.vos7816@example.com,The Hague,2022-09-18
7817,Liam,Jacobs,+31600007817,liam.jacobs7817@example.com,Breda,2023-09-07
7818,Finn,Bakker,+31600007818,finn.bakker7818@example.com,Tilburg,2024-04-06
7819,Nina,Bakker,+31600007819,nina.bakker7819@example.com,Groningen,2024-06-07
7820,Milan,Dekker,+31600007820,milan.dekker7820@example.com,Nijmegen,2023-11-28
7821,Anna,Mulder,+31600007821,anna.mulder7821@example.com,Eindhoven,2024-11-04
7822,Ethan,De Vries,+31600007822,ethan.de vries7822@example.com,Tilburg,2023-04-10
7823,Finn,Smit,+31600007823,finn.smit7823@example.com,Amsterdam,2021-07-27
7824,Finn,Hendriks,+31600007824,finn.hendriks7824@example.com,Eindhoven,2024-10-29
7825,Sara,Dekker,+31600007825,sara.dekker7825@example.com,Amsterdam,2023-05-13
7826,Sophia,Van Dijk,+31600007826,sophia.van dijk7826@example.com,Tilburg,2022-12-11
7827,Emma,Smit,+31600007827,emma.smit7827@example.com,Almere,2022-08-16
7828,Levi,Bakker,+31600007828,levi.bakker7828@example.com,Breda,2022-05-07
7829,Liam,Bakker,+31600007829,liam.bakker7829@example.com,The Hague,2020-01-29
7830,Lotte,Visser,+31600007830,lotte.visser7830@example.com,Breda,2021-01-17
7831,Olivia,Smit,+31600007831,olivia.smit7831@example.com,Breda,2024-05-04
7832,Lucas,Willems,+31600007832,lucas.willems7832@example.com,Amsterdam,2020-03-09
7833,Anna,Hendriks,+31600007833,anna.hendriks7833@example.com,Nijmegen,2023-02-01
7834,Sara,Smit,+31600007834,sara.smit7834@example.com,Amsterdam,2022-04-02
7835,Milan,Van Dijk,+31600007835,milan.van dijk7835@example.com,Utrecht,2020-03-22
7836,Lucas,De Boer,+31600007836,lucas.de boer7836@example.com,Nijmegen,2024-11-16
7837,Mila,Hendriks,+31600007837,mila.hendriks7837@example.com,Breda,2023-08-12
7838,Daan,Peters,+31600007838,daan.peters7838@example.com,Amsterdam,2023-09-02
7839,Daan,Dekker,+31600007839,daan.dekker7839@example.com,Tilburg,2024-01-18
7840,Eva,Vos,+31600007840,eva.vos7840@example.com,The Hague,2022-09-26
7841,Oliver,Bos,+31600007841,oliver.bos7841@example.com,Eindhoven,2024-11-08
7842,Finn,De Boer,+31600007842,finn.de boer7842@example.com,Amsterdam,2024-08-16
7843,Mila,De Vries,+31600007843,mila.de vries7843@example.com,The Hague,2022-02-10
7844,Liam,Hendriks,+31600007844,liam.hendriks7844@example.com,Eindhoven,2021-10-27
7845,Finn,De Boer,+31600007845,finn.de boer7845@example.com,Nijmegen,2020-05-26
7846,Eva,Schouten,+31600007846,eva.schouten7846@example.com,Rotterdam,2024-11-29
7847,Ethan,Vos,+31600007847,ethan.vos7847@example.com,Groningen,2024-02-06
7848,Oliver,Van Dijk,+31600007848,oliver.van dijk7848@example.com,Almere,2021-10-23
7849,Lucas,Visser,+31600007849,lucas.visser7849@example.com,Groningen,2024-10-30
7850,Nina,Visser,+31600007850,nina.visser7850@example.com,Groningen,2024-10-01
7851,Milan,Mulder,+31600007851,milan.mulder7851@example.com,The Hague,2023-01-30
7852,Noah,Hendriks,+31600007852,noah.hendriks7852@example.com,Utrecht,2021-08-06
7853,Mason,Van Dijk,+31600007853,mason.van dijk7853@example.com,Nijmegen,2023-05-13
7854,Emma,Meijer,+31600007854,emma.meijer7854@example.com,Eindhoven,2020-03-31
7855,Levi,Mulder,+31600007855,levi.mulder7855@example.com,Almere,2022-12-21
7856,Mila,Mulder,+31600007856,mila.mulder7856@example.com,The Hague,2024-03-20
7857,Eva,Hendriks,+31600007857,eva.hendriks7857@example.com,The Hague,2020-02-24
7858,Nina,Mulder,+31600007858,nina.mulder7858@example.com,Tilburg,2023-04-11
7859,Lucas,Mulder,+31600007859,lucas.mulder7859@example.com,Groningen,2020-11-07
7860,Ethan,De Vries,+31600007860,ethan.de vries7860@example.com,Nijmegen,2022-12-23
7861,Lucas,Smit,+31600007861,lucas.smit7861@example.com,Eindhoven,2024-03-12
7862,Nina,Jacobs,+31600007862,nina.jacobs7862@example.com,Almere,2020-09-13
7863,Sophia,De Vries,+31600007863,sophia.de vries7863@example.com,Breda,2023-02-15
7864,Mason,Willems,+31600007864,mason.willems7864@example.com,Eindhoven,2024-02-17
7865,Oliver,Vos,+31600007865,oliver.vos7865@example.com,Eindhoven,2023-06-06
7866,Sara,Hendriks,+31600007866,sara.hendriks7866@example.com,Amsterdam,2022-05-19
7867,Daan,Hendriks,+31600007867,daan.hendriks7867@example.com,Amsterdam,2021-09-18
7868,Lucas,Hendriks,+31600007868,lucas.hendriks7868@example.com,Nijmegen,2020-03-04
7869,Ethan,Meijer,+31600007869,ethan.meijer7869@example.com,Groningen,2024-02-24
7870,Emma,Visser,+31600007870,emma.visser7870@example.com,Almere,2023-12-23
7871,Anna,Mulder,+31600007871,anna.mulder7871@example.com,Tilburg,2022-02-24
7872,Eva,Mulder,+31600007872,eva.mulder7872@example.com,Tilburg,2020-10-23
7873,Julia,Visser,+31600007873,julia.visser7873@example.com,Amsterdam,2020-05-16
7874,Finn,De Vries,+31600007874,finn.de vries7874@example.com,Breda,2020-08-04
7875,Liam,De Boer,+31600007875,liam.de boer7875@example.com,Rotterdam,2023-10-17
7876,Anna,Kuiper,+31600007876,anna.kuiper7876@example.com,Breda,2020-10-31
7877,Noah,Mulder,+31600007877,noah.mulder7877@example.com,Amsterdam,2024-10-16
7878,Nina,Jansen,+31600007878,nina.jansen7878@example.com,Amsterdam,2024-07-15
7879,Mason,De Vries,+31600007879,mason.de vries7879@example.com,Amsterdam,2020-04-22
7880,Mason,Vos,+31600007880,mason.vos7880@example.com,Almere,2020-10-11
7881,Lucas,Schouten,+31600007881,lucas.schouten7881@example.com,Utrecht,2022-06-03
7882,Sophia,Kok,+31600007882,sophia.kok7882@example.com,Utrecht,2022-06-16
7883,Noah,Kuiper,+31600007883,noah.kuiper7883@example.com,Nijmegen,2021-10-16
7884,Lucas,Prins,+31600007884,lucas.prins7884@example.com,Nijmegen,2023-05-25
7885,Emma,Bakker,+31600007885,emma.bakker7885@example.com,Groningen,2024-01-27
7886,Liam,Kok,+31600007886,liam.kok7886@example.com,The Hague,2023-01-18
7887,Emma,Smit,+31600007887,emma.smit7887@example.com,Amsterdam,2023-11-19
7888,Lotte,Bakker,+31600007888,lotte.bakker7888@example.com,Breda,2023-05-09
7889,Nina,Jansen,+31600007889,nina.jansen7889@example.com,Almere,2020-11-23
7890,Olivia,Bakker,+31600007890,olivia.bakker7890@example.com,Rotterdam,2024-07-04
7891,Milan,Kok,+31600007891,milan.kok7891@example.com,Nijmegen,2022-03-11
7892,Lucas,Kuiper,+31600007892,lucas.kuiper7892@example.com,Rotterdam,2024-04-05
7893,Liam,Willems,+31600007893,liam.willems7893@example.com,Utrecht,2024-11-12
7894,Mila,De Vries,+31600007894,mila.de vries7894@example.com,Rotterdam,2024-04-11
7895,Mila,Schouten,+31600007895,mila.schouten7895@example.com,Breda,2022-04-07
7896,Lotte,Hendriks,+31600007896,lotte.hendriks7896@example.com,Almere,2024-10-14
7897,Eva,Prins,+31600007897,eva.prins7897@example.com,Utrecht,2020-12-04
7898,Noah,Jacobs,+31600007898,noah.jacobs7898@example.com,Almere,2021-10-19
7899,Emma,Smit,+31600007899,emma.smit7899@example.com,Rotterdam,2020-03-31
7900,Nina,Peters,+31600007900,nina.peters7900@example.com,Tilburg,2021-02-23
7901,Nina,De Boer,+31600007901,nina.de boer7901@example.com,Breda,2021-06-17
7902,Mila,Bakker,+31600007902,mila.bakker7902@example.com,Groningen,2020-02-07
7903,Sophia,Schouten,+31600007903,sophia.schouten7903@example.com,Tilburg,2020-05-21
7904,Noah,Van Dijk,+31600007904,noah.van dijk7904@example.com,Groningen,2021-09-02
7905,Milan,Willems,+31600007905,milan.willems7905@example.com,Rotterdam,2023-02-24
7906,Mason,Bos,+31600007906,mason.bos7906@example.com,Almere,2024-08-25
7907,Daan,De Vries,+31600007907,daan.de vries7907@example.com,Utrecht,2022-03-28
7908,Oliver,Mulder,+31600007908,oliver.mulder7908@example.com,Eindhoven,2023-10-29
7909,Eva,Willems,+31600007909,eva.willems7909@example.com,Rotterdam,2024-03-21
7910,Oliver,Jacobs,+31600007910,oliver.jacobs7910@example.com,Groningen,2022-07-13
7911,Milan,Meijer,+31600007911,milan.meijer7911@example.com,Rotterdam,2021-07-04
7912,Daan,Jacobs,+31600007912,daan.jacobs7912@example.com,The Hague,2024-09-20
7913,Daan,Schouten,+31600007913,daan.schouten7913@example.com,Nijmegen,2024-01-10
7914,Milan,Schouten,+31600007914,milan.schouten7914@example.com,Eindhoven,2020-01-26
7915,Ethan,Visser,+31600007915,ethan.visser7915@example.com,Utrecht,2022-03-31
7916,Milan,Prins,+31600007916,milan.prins7916@example.com,Groningen,2021-01-07
7917,Sophia,Meijer,+31600007917,sophia.meijer7917@example.com,Amsterdam,2024-02-27
7918,Eva,Visser,+31600007918,eva.visser7918@example.com,Tilburg,2023-11-09
7919,Anna,Peters,+31600007919,anna.peters7919@example.com,Breda,2024-10-26
7920,Emma,Bakker,+31600007920,emma.bakker7920@example.com,Eindhoven,2023-09-23
7921,Eva,Vos,+31600007921,eva.vos7921@example.com,Breda,2024-12-01
7922,Daan,Willems,+31600007922,daan.willems7922@example.com,Almere,2020-10-31
7923,Oliver,Smit,+31600007923,oliver.smit7923@example.com,Rotterdam,2021-01-07
7924,Mason,Smit,+31600007924,mason.smit7924@example.com,Nijmegen,2023-10-22
7925,Liam,Willems,+31600007925,liam.willems7925@example.com,Utrecht,2024-02-18
7926,Mason,Kok,+31600007926,mason.kok7926@example.com,Groningen,2020-07-01
7927,Lucas,Peters,+31600007927,lucas.peters7927@example.com,Groningen,2020-01-10
7928,Noah,Prins,+31600007928,noah.prins7928@example.com,Groningen,2020-12-22
7929,Noah,Kok,+31600007929,noah.kok7929@example.com,Nijmegen,2020-10-25
7930,Sophia,Van Dijk,+31600007930,sophia.van dijk7930@example.com,Nijmegen,2022-10-07
7931,Lotte,Kok,+31600007931,lotte.kok7931@example.com,The Hague,2022-02-18
7932,Eva,De Boer,+31600007932,eva.de boer7932@example.com,Rotterdam,2023-06-22
7933,Noah,Peters,+31600007933,noah.peters7933@example.com,The Hague,2021-10-29
7934,Sara,Bakker,+31600007934,sara.bakker7934@example.com,Groningen,2023-04-03
7935,Levi,Prins,+31600007935,levi.prins7935@example.com,Groningen,2024-01-23
7936,Levi,Visser,+31600007936,levi.visser7936@example.com,The Hague,2024-01-22
7937,Julia,De Boer,+31600007937,julia.de boer7937@example.com,Breda,2023-06-10
7938,Sara,Van Dijk,+31600007938,sara.van dijk7938@example.com,Eindhoven,2022-03-15
7939,Levi,De Vries,+31600007939,levi.de vries7939@example.com,Tilburg,2024-09-25
7940,Lotte,Bakker,+31600007940,lotte.bakker7940@example.com,The Hague,2021-08-19
7941,Daan,Hendriks,+31600007941,daan.hendriks7941@example.com,Eindhoven,2021-11-16
7942,Lotte,Dekker,+31600007942,lotte.dekker7942@example.com,Groningen,2024-01-22
7943,Emma,Mulder,+31600007943,emma.mulder7943@example.com,Utrecht,2020-11-11
7944,Olivia,Kuiper,+31600007944,olivia.kuiper7944@example.com,Rotterdam,2022-11-21
7945,Finn,Prins,+31600007945,finn.prins7945@example.com,Breda,2024-01-12
7946,Julia,Meijer,+31600007946,julia.meijer7946@example.com,The Hague,2020-06-09
7947,Liam,De Vries,+31600007947,liam.de vries7947@example.com,Amsterdam,2024-10-26
7948,Finn,Vos,+31600007948,finn.vos7948@example.com,Amsterdam,2024-08-24
7949,Oliver,Kok,+31600007949,oliver.kok7949@example.com,Amsterdam,2023-11-15
7950,Lucas,Bos,+31600007950,lucas.bos7950@example.com,Tilburg,2023-02-20
7951,Sara,Mulder,+31600007951,sara.mulder7951@example.com,Nijmegen,2023-11-30
7952,Milan,Van Dijk,+31600007952,milan.van dijk7952@example.com,Rotterdam,2021-02-12
7953,Daan,Jansen,+31600007953,daan.jansen7953@example.com,Eindhoven,2021-10-24
7954,Lotte,Jacobs,+31600007954,lotte.jacobs7954@example.com,Breda,2023-01-31
7955,Sara,Schouten,+31600007955,sara.schouten7955@example.com,The Hague,2020-10-26
7956,Mason,De Boer,+31600007956,mason.de boer7956@example.com,Groningen,2021-12-23
7957,Nina,Smit,+31600007957,nina.smit7957@example.com,Almere,2023-10-26
7958,Julia,Visser,+31600007958,julia.visser7958@example.com,Nijmegen,2022-09-06
7959,Mason,De Boer,+31600007959,mason.de boer7959@example.com,Eindhoven,2022-04-04
7960,Julia,Smit,+31600007960,julia.smit7960@example.com,Almere,2020-08-14
7961,Mila,Meijer,+31600007961,mila.meijer7961@example.com,Almere,2022-03-11
7962,Ethan,Kok,+31600007962,ethan.kok7962@example.com,Eindhoven,2024-05-23
7963,Noah,Willems,+31600007963,noah.willems7963@example.com,Rotterdam,2022-04-28
7964,Nina,De Vries,+31600007964,nina.de vries7964@example.com,Breda,2023-06-19
7965,Noah,Bos,+31600007965,noah.bos7965@example.com,Groningen,2024-09-26
7966,Mila,Schouten,+31600007966,mila.schouten7966@example.com,Groningen,2020-10-11
7967,Finn,Meijer,+31600007967,finn.meijer7967@example.com,Tilburg,2020-05-28
7968,Eva,Prins,+31600007968,eva.prins7968@example.com,Nijmegen,2024-09-20
7969,Milan,De Vries,+31600007969,milan.de vries7969@example.com,Tilburg,2024-07-09
7970,Anna,Willems,+31600007970,anna.willems7970@example.com,Eindhoven,2020-10-06
7971,Ethan,Bakker,+31600007971,ethan.bakker7971@example.com,The Hague,2023-01-15
7972,Mason,Visser,+31600007972,mason.visser7972@example.com,Eindhoven,2024-01-20
7973,Nina,Prins,+31600007973,nina.prins7973@example.com,Nijmegen,2021-09-08
7974,Emma,Vos,+31600007974,emma.vos7974@example.com,Tilburg,2020-03-19
7975,Olivia,Kok,+31600007975,olivia.kok7975@example.com,Eindhoven,2022-03-16
7976,Levi,Willems,+31600007976,levi.willems7976@example.com,Nijmegen,2021-05-17
7977,Mila,Bos,+31600007977,mila.bos7977@example.com,The Hague,2021-10-30
7978,Ethan,Schouten,+31600007978,ethan.schouten7978@example.com,Breda,2022-11-04
7979,Liam,Kuiper,+31600007979,liam.kuiper7979@example.com,The Hague,2023-02-10
7980,Eva,Jansen,+31600007980,eva.jansen7980@example.com,The Hague,2021-03-30
7981,Emma,Willems,+31600007981,emma.willems7981@example.com,Rotterdam,2023-06-25
7982,Noah,Bakker,+31600007982,noah.bakker7982@example.com,Tilburg,2022-02-28
7983,Olivia,Kuiper,+31600007983,olivia.kuiper7983@example.com,Amsterdam,2022-11-25
7984,Liam,Vos,+31600007984,liam.vos7984@example.com,Almere,2023-11-21
7985,Anna,Van Dijk,+31600007985,anna.van dijk7985@example.com,Utrecht,2023-04-04
7986,Olivia,Dekker,+31600007986,olivia.dekker7986@example.com,The Hague,2024-02-29
7987,Lotte,Kuiper,+31600007987,lotte.kuiper7987@example.com,Nijmegen,2024-08-13
7988,Finn,Kuiper,+31600007988,finn.kuiper7988@example.com,Eindhoven,2022-11-06
7989,Milan,Visser,+31600007989,milan.visser7989@example.com,Tilburg,2022-03-12
7990,Liam,Jansen,+31600007990,liam.jansen7990@example.com,Groningen,2023-04-05
7991,Sophia,Van Dijk,+31600007991,sophia.van dijk7991@example.com,Nijmegen,2023-08-17
7992,Nina,Jansen,+31600007992,nina.jansen7992@example.com,Utrecht,2023-09-19
7993,Anna,Dekker,+31600007993,anna.dekker7993@example.com,The Hague,2024-12-02
7994,Nina,Jacobs,+31600007994,nina.jacobs7994@example.com,Breda,2020-03-21
7995,Mila,Dekker,+31600007995,mila.dekker7995@example.com,Groningen,2024-05-28
7996,Ethan,De Boer,+31600007996,ethan.de boer7996@example.com,Almere,2023-05-26
7997,Sophia,Van Dijk,+31600007997,sophia.van dijk7997@example.com,Nijmegen,2021-05-08
7998,Ethan,Vos,+31600007998,ethan.vos7998@example.com,The Hague,2024-03-29
7999,Noah,Peters,+31600007999,noah.peters7999@example.com,Almere,2023-08-07
8000,Emma,Van Dijk,+31600008000,emma.van dijk8000@example.com,Amsterdam,2021-01-07
8001,Finn,Bos,+31600008001,finn.bos8001@example.com,Eindhoven,2022-02-14
8002,Sophia,Smit,+31600008002,sophia.smit8002@example.com,Eindhoven,2023-06-13
8003,Milan,Bos,+31600008003,milan.bos8003@example.com,Tilburg,2024-06-26
8004,Mason,Dekker,+31600008004,mason.dekker8004@example.com,Rotterdam,2022-08-03
8005,Finn,Peters,+31600008005,finn.peters8005@example.com,The Hague,2020-06-22
8006,Nina,Jansen,+31600008006,nina.jansen8006@example.com,Rotterdam,2024-11-04
8007,Anna,Prins,+31600008007,anna.prins8007@example.com,Breda,2024-07-29
8008,Levi,Mulder,+31600008008,levi.mulder8008@example.com,Rotterdam,2021-03-23
8009,Sophia,Mulder,+31600008009,sophia.mulder8009@example.com,The Hague,2023-01-14
8010,Ethan,Jacobs,+31600008010,ethan.jacobs8010@example.com,Tilburg,2021-05-16
8011,Noah,Smit,+31600008011,noah.smit8011@example.com,The Hague,2024-02-24
8012,Lotte,Kuiper,+31600008012,lotte.kuiper8012@example.com,Tilburg,2021-05-01
8013,Noah,Bos,+31600008013,noah.bos8013@example.com,Tilburg,2021-10-15
8014,Emma,Smit,+31600008014,emma.smit8014@example.com,Almere,2023-09-01
8015,Daan,Prins,+31600008015,daan.prins8015@example.com,Rotterdam,2022-05-25
8016,Milan,Smit,+31600008016,milan.smit8016@example.com,Eindhoven,2024-11-10
8017,Mila,Jacobs,+31600008017,mila.jacobs8017@example.com,Breda,2024-02-20
8018,Mason,Visser,+31600008018,mason.visser8018@example.com,Nijmegen,2024-07-18
8019,Levi,Meijer,+31600008019,levi.meijer8019@example.com,The Hague,2021-04-21
8020,Ethan,Van Dijk,+31600008020,ethan.van dijk8020@example.com,Groningen,2024-11-18
8021,Sara,Prins,+31600008021,sara.prins8021@example.com,Amsterdam,2022-01-11
8022,Sophia,Kok,+31600008022,sophia.kok8022@example.com,Nijmegen,2024-07-08
8023,Olivia,De Vries,+31600008023,olivia.de vries8023@example.com,Almere,2024-08-29
8024,Lucas,Schouten,+31600008024,lucas.schouten8024@example.com,Amsterdam,2022-01-02
8025,Liam,De Vries,+31600008025,liam.de vries8025@example.com,Rotterdam,2020-05-10
8026,Milan,Kok,+31600008026,milan.kok8026@example.com,Breda,2020-07-14
8027,Levi,Dekker,+31600008027,levi.dekker8027@example.com,Amsterdam,2023-09-10
8028,Mason,Willems,+31600008028,mason.willems8028@example.com,Utrecht,2021-12-18
8029,Anna,Willems,+31600008029,anna.willems8029@example.com,Groningen,2021-04-21
8030,Noah,Smit,+31600008030,noah.smit8030@example.com,Nijmegen,2021-03-01
8031,Mason,Bakker,+31600008031,mason.bakker8031@example.com,Nijmegen,2020-09-30
8032,Oliver,Kuiper,+31600008032,oliver.kuiper8032@example.com,Breda,2023-03-23
8033,Sara,Mulder,+31600008033,sara.mulder8033@example.com,The Hague,2020-02-08
8034,Anna,De Boer,+31600008034,anna.de boer8034@example.com,Amsterdam,2021-10-10
8035,Olivia,Jansen,+31600008035,olivia.jansen8035@example.com,Groningen,2023-04-19
8036,Sophia,Smit,+31600008036,sophia.smit8036@example.com,Tilburg,2023-09-07
8037,Milan,Van Dijk,+31600008037,milan.van dijk8037@example.com,Nijmegen,2021-04-07
8038,Mila,Jansen,+31600008038,mila.jansen8038@example.com,Almere,2022-06-03
8039,Oliver,Willems,+31600008039,oliver.willems8039@example.com,Breda,2023-04-30
8040,Oliver,De Vries,+31600008040,oliver.de vries8040@example.com,Breda,2022-12-24
8041,Lucas,Mulder,+31600008041,lucas.mulder8041@example.com,Rotterdam,2024-02-07
8042,Liam,De Boer,+31600008042,liam.de boer8042@example.com,Almere,2021-11-27
8043,Liam,Smit,+31600008043,liam.smit8043@example.com,Groningen,2020-09-14
8044,Julia,Visser,+31600008044,julia.visser8044@example.com,Rotterdam,2021-09-26
8045,Oliver,Bos,+31600008045,oliver.bos8045@example.com,Rotterdam,2023-02-09
8046,Julia,Willems,+31600008046,julia.willems8046@example.com,Rotterdam,2022-08-26
8047,Lotte,Hendriks,+31600008047,lotte.hendriks8047@example.com,Amsterdam,2021-03-14
8048,Eva,Willems,+31600008048,eva.willems8048@example.com,Eindhoven,2023-10-17
8049,Eva,Vos,+31600008049,eva.vos8049@example.com,Utrecht,2023-02-04
8050,Mason,Jansen,+31600008050,mason.jansen8050@example.com,Eindhoven,2021-06-21
8051,Mila,Willems,+31600008051,mila.willems8051@example.com,Breda,2024-04-01
8052,Finn,Prins,+31600008052,finn.prins8052@example.com,Nijmegen,2023-04-24
8053,Anna,De Vries,+31600008053,anna.de vries8053@example.com,Tilburg,2020-05-18
8054,Levi,Kuiper,+31600008054,levi.kuiper8054@example.com,Groningen,2024-10-02
8055,Julia,Meijer,+31600008055,julia.meijer8055@example.com,Groningen,2021-01-24
8056,Oliver,Hendriks,+31600008056,oliver.hendriks8056@example.com,Nijmegen,2020-01-20
8057,Daan,Kuiper,+31600008057,daan.kuiper8057@example.com,Tilburg,2020-06-04
8058,Finn,Hendriks,+31600008058,finn.hendriks8058@example.com,Rotterdam,2021-02-07
8059,Ethan,Jacobs,+31600008059,ethan.jacobs8059@example.com,Groningen,2020-11-22
8060,Liam,Bakker,+31600008060,liam.bakker8060@example.com,Utrecht,2021-09-22
8061,Nina,Visser,+31600008061,nina.visser8061@example.com,Tilburg,2024-05-18
8062,Sara,Kok,+31600008062,sara.kok8062@example.com,Amsterdam,2020-06-16
8063,Anna,Kok,+31600008063,anna.kok8063@example.com,Almere,2021-09-17
8064,Liam,Prins,+31600008064,liam.prins8064@example.com,Almere,2023-02-09
8065,Ethan,Meijer,+31600008065,ethan.meijer8065@example.com,The Hague,2021-06-17
8066,Lotte,Schouten,+31600008066,lotte.schouten8066@example.com,Amsterdam,2024-08-18
8067,Ethan,Hendriks,+31600008067,ethan.hendriks8067@example.com,Amsterdam,2022-08-26
8068,Ethan,Meijer,+31600008068,ethan.meijer8068@example.com,The Hague,2021-11-30
8069,Liam,Bakker,+31600008069,liam.bakker8069@example.com,Eindhoven,2023-07-27
8070,Lotte,Willems,+31600008070,lotte.willems8070@example.com,Tilburg,2021-01-29
8071,Lucas,Bakker,+31600008071,lucas.bakker8071@example.com,Utrecht,2024-08-26
8072,Milan,Hendriks,+31600008072,milan.hendriks8072@example.com,Rotterdam,2023-12-25
8073,Oliver,De Boer,+31600008073,oliver.de boer8073@example.com,Rotterdam,2022-07-24
8074,Emma,Mulder,+31600008074,emma.mulder8074@example.com,Nijmegen,2022-01-15
8075,Mila,De Vries,+31600008075,mila.de vries8075@example.com,Utrecht,2020-06-02
8076,Finn,Mulder,+31600008076,finn.mulder8076@example.com,Utrecht,2023-10-08
8077,Oliver,De Boer,+31600008077,oliver.de boer8077@example.com,Amsterdam,2021-10-05
8078,Daan,Kuiper,+31600008078,daan.kuiper8078@example.com,Amsterdam,2023-07-25
8079,Levi,Mulder,+31600008079,levi.mulder8079@example.com,Nijmegen,2021-10-17
8080,Emma,Van Dijk,+31600008080,emma.van dijk8080@example.com,Nijmegen,2023-08-23
8081,Eva,Jacobs,+31600008081,eva.jacobs8081@example.com,Groningen,2023-10-16
8082,Finn,Smit,+31600008082,finn.smit8082@example.com,Nijmegen,2024-03-25
8083,Mason,Prins,+31600008083,mason.prins8083@example.com,The Hague,2021-12-28
8084,Lucas,Peters,+31600008084,lucas.peters8084@example.com,Utrecht,2020-10-01
8085,Liam,Jansen,+31600008085,liam.jansen8085@example.com,Eindhoven,2024-03-09
8086,Lotte,Smit,+31600008086,lotte.smit8086@example.com,Rotterdam,2024-11-01
8087,Mason,Visser,+31600008087,mason.visser8087@example.com,Almere,2023-07-16
8088,Milan,Smit,+31600008088,milan.smit8088@example.com,Breda,2020-11-04
8089,Mason,Bos,+31600008089,mason.bos8089@example.com,Almere,2022-05-24
8090,Mason,Hendriks,+31600008090,mason.hendriks8090@example.com,Rotterdam,2021-10-05
8091,Mason,De Vries,+31600008091,mason.de vries8091@example.com,Groningen,2021-02-02
8092,Julia,Hendriks,+31600008092,julia.hendriks8092@example.com,Almere,2023-02-14
8093,Noah,Prins,+31600008093,noah.prins8093@example.com,Eindhoven,2023-04-14
8094,Eva,Schouten,+31600008094,eva.schouten8094@example.com,Nijmegen,2021-12-06
8095,Lucas,Mulder,+31600008095,lucas.mulder8095@example.com,Nijmegen,2022-10-16
8096,Lotte,Vos,+31600008096,lotte.vos8096@example.com,Amsterdam,2020-12-16
8097,Sophia,De Vries,+31600008097,sophia.de vries8097@example.com,Tilburg,2024-03-22
8098,Finn,Schouten,+31600008098,finn.schouten8098@example.com,Rotterdam,2022-02-04
8099,Emma,Bakker,+31600008099,emma.bakker8099@example.com,Rotterdam,2024-03-22
8100,Julia,Van Dijk,+31600008100,julia.van dijk8100@example.com,Groningen,2022-03-19
8101,Anna,Willems,+31600008101,anna.willems8101@example.com,Eindhoven,2021-07-26
8102,Liam,Meijer,+31600008102,liam.meijer8102@example.com,Rotterdam,2024-03-23
8103,Ethan,Bakker,+31600008103,ethan.bakker8103@example.com,Rotterdam,2021-03-01
8104,Levi,Schouten,+31600008104,levi.schouten8104@example.com,Tilburg,2024-11-19
8105,Sophia,Willems,+31600008105,sophia.willems8105@example.com,Groningen,2021-07-20
8106,Oliver,Mulder,+31600008106,oliver.mulder8106@example.com,Breda,2020-11-12
8107,Finn,Dekker,+31600008107,finn.dekker8107@example.com,Rotterdam,2022-01-01
8108,Ethan,Willems,+31600008108,ethan.willems8108@example.com,Rotterdam,2024-10-02
8109,Liam,Prins,+31600008109,liam.prins8109@example.com,Eindhoven,2020-11-24
8110,Lucas,De Vries,+31600008110,lucas.de vries8110@example.com,Eindhoven,2021-06-17
8111,Levi,Vos,+31600008111,levi.vos8111@example.com,Utrecht,2021-01-06
8112,Anna,De Boer,+31600008112,anna.de boer8112@example.com,Breda,2021-10-21
8113,Lucas,Kok,+31600008113,lucas.kok8113@example.com,Almere,2024-10-10
8114,Olivia,Meijer,+31600008114,olivia.meijer8114@example.com,The Hague,2023-10-23
8115,Lucas,Smit,+31600008115,lucas.smit8115@example.com,Rotterdam,2021-07-21
8116,Ethan,Jansen,+31600008116,ethan.jansen8116@example.com,Rotterdam,2021-09-23
8117,Noah,Mulder,+31600008117,noah.mulder8117@example.com,Tilburg,2021-04-17
8118,Sara,Smit,+31600008118,sara.smit8118@example.com,Rotterdam,2024-10-28
8119,Levi,Meijer,+31600008119,levi.meijer8119@example.com,The Hague,2023-01-03
8120,Eva,Visser,+31600008120,eva.visser8120@example.com,Amsterdam,2021-07-14
8121,Mason,De Boer,+31600008121,mason.de boer8121@example.com,Almere,2021-07-24
8122,Sophia,Dekker,+31600008122,sophia.dekker8122@example.com,Nijmegen,2021-12-05
8123,Liam,Schouten,+31600008123,liam.schouten8123@example.com,Almere,2023-11-10
8124,Anna,Dekker,+31600008124,anna.dekker8124@example.com,Breda,2021-03-02
8125,Sara,Hendriks,+31600008125,sara.hendriks8125@example.com,Breda,2022-10-27
8126,Nina,Meijer,+31600008126,nina.meijer8126@example.com,Eindhoven,2020-08-30
8127,Oliver,Peters,+31600008127,oliver.peters8127@example.com,Nijmegen,2022-11-06
8128,Milan,Kuiper,+31600008128,milan.kuiper8128@example.com,Almere,2022-03-27
8129,Ethan,Visser,+31600008129,ethan.visser8129@example.com,Eindhoven,2023-02-13
8130,Sara,Kuiper,+31600008130,sara.kuiper8130@example.com,Almere,2022-09-23
8131,Sara,Bos,+31600008131,sara.bos8131@example.com,Breda,2022-01-18
8132,Lucas,Meijer,+31600008132,lucas.meijer8132@example.com,Utrecht,2024-05-12
8133,Sophia,Mulder,+31600008133,sophia.mulder8133@example.com,Tilburg,2023-06-17
8134,Emma,Dekker,+31600008134,emma.dekker8134@example.com,Groningen,2023-02-24
8135,Lucas,De Boer,+31600008135,lucas.de boer8135@example.com,The Hague,2022-06-26
8136,Mason,Peters,+31600008136,mason.peters8136@example.com,Breda,2020-03-01
8137,Anna,Prins,+31600008137,anna.prins8137@example.com,Eindhoven,2023-12-28
8138,Liam,Meijer,+31600008138,liam.meijer8138@example.com,Tilburg,2023-01-01
8139,Olivia,Van Dijk,+31600008139,olivia.van dijk8139@example.com,Breda,2022-05-10
8140,Sophia,Visser,+31600008140,sophia.visser8140@example.com,Groningen,2022-08-04
8141,Anna,Schouten,+31600008141,anna.schouten8141@example.com,Breda,2020-06-12
8142,Emma,Dekker,+31600008142,emma.dekker8142@example.com,Breda,2024-05-11
8143,Sophia,Prins,+31600008143,sophia.prins8143@example.com,The Hague,2023-11-17
8144,Sara,Bos,+31600008144,sara.bos8144@example.com,Utrecht,2020-02-03
8145,Julia,Dekker,+31600008145,julia.dekker8145@example.com,Utrecht,2021-12-01
8146,Emma,Jacobs,+31600008146,emma.jacobs8146@example.com,Amsterdam,2024-09-27
8147,Sara,Van Dijk,+31600008147,sara.van dijk8147@example.com,Rotterdam,2023-09-27
8148,Liam,De Vries,+31600008148,liam.de vries8148@example.com,Eindhoven,2021-02-04
8149,Sara,De Vries,+31600008149,sara.de vries8149@example.com,Eindhoven,2024-06-23
8150,Eva,Prins,+31600008150,eva.prins8150@example.com,Eindhoven,2023-02-24
8151,Noah,Mulder,+31600008151,noah.mulder8151@example.com,Amsterdam,2020-12-30
8152,Sophia,Mulder,+31600008152,sophia.mulder8152@example.com,Utrecht,2023-08-12
8153,Milan,Jansen,+31600008153,milan.jansen8153@example.com,Breda,2020-01-15
8154,Milan,Van Dijk,+31600008154,milan.van dijk8154@example.com,Almere,2022-11-30
8155,Lucas,Jansen,+31600008155,lucas.jansen8155@example.com,Groningen,2021-11-20
8156,Nina,Prins,+31600008156,nina.prins8156@example.com,The Hague,2022-11-19
8157,Noah,Schouten,+31600008157,noah.schouten8157@example.com,Rotterdam,2023-12-02
8158,Emma,Willems,+31600008158,emma.willems8158@example.com,Amsterdam,2023-12-29
8159,Emma,Kuiper,+31600008159,emma.kuiper8159@example.com,Tilburg,2022-10-05
8160,Anna,Visser,+31600008160,anna.visser8160@example.com,The Hague,2024-09-09
8161,Levi,Schouten,+31600008161,levi.schouten8161@example.com,Breda,2024-09-25
8162,Eva,Visser,+31600008162,eva.visser8162@example.com,Eindhoven,2021-09-09
8163,Milan,Bakker,+31600008163,milan.bakker8163@example.com,Amsterdam,2022-01-11
8164,Lotte,Schouten,+31600008164,lotte.schouten8164@example.com,Nijmegen,2021-05-29
8165,Julia,Smit,+31600008165,julia.smit8165@example.com,Utrecht,2023-11-12
8166,Nina,Smit,+31600008166,nina.smit8166@example.com,Eindhoven,2024-11-09
8167,Sophia,Mulder,+31600008167,sophia.mulder8167@example.com,Nijmegen,2021-09-12
8168,Noah,Kok,+31600008168,noah.kok8168@example.com,Groningen,2023-01-30
8169,Ethan,Dekker,+31600008169,ethan.dekker8169@example.com,Rotterdam,2020-06-12
8170,Emma,Willems,+31600008170,emma.willems8170@example.com,Rotterdam,2020-01-27
8171,Julia,Visser,+31600008171,julia.visser8171@example.com,Rotterdam,2021-08-13
8172,Levi,De Vries,+31600008172,levi.de vries8172@example.com,Nijmegen,2020-02-08
8173,Lucas,Meijer,+31600008173,lucas.meijer8173@example.com,Almere,2023-07-04
8174,Levi,Schouten,+31600008174,levi.schouten8174@example.com,Amsterdam,2023-11-20
8175,Ethan,Kok,+31600008175,ethan.kok8175@example.com,Breda,2023-08-10
8176,Lotte,Kuiper,+31600008176,lotte.kuiper8176@example.com,Eindhoven,2020-04-10
8177,Eva,Peters,+31600008177,eva.peters8177@example.com,Eindhoven,2023-07-28
8178,Oliver,Hendriks,+31600008178,oliver.hendriks8178@example.com,The Hague,2022-06-26
8179,Noah,Visser,+31600008179,noah.visser8179@example.com,Amsterdam,2023-07-15
8180,Emma,Mulder,+31600008180,emma.mulder8180@example.com,Tilburg,2021-03-06
8181,Milan,De Boer,+31600008181,milan.de boer8181@example.com,Utrecht,2020-05-30
8182,Mila,Hendriks,+31600008182,mila.hendriks8182@example.com,Eindhoven,2022-09-25
8183,Ethan,Bakker,+31600008183,ethan.bakker8183@example.com,The Hague,2021-05-14
8184,Milan,Willems,+31600008184,milan.willems8184@example.com,Nijmegen,2020-10-23
8185,Daan,Peters,+31600008185,daan.peters8185@example.com,The Hague,2023-01-14
8186,Daan,Mulder,+31600008186,daan.mulder8186@example.com,Tilburg,2020-09-05
8187,Olivia,Hendriks,+31600008187,olivia.hendriks8187@example.com,Rotterdam,2022-12-08
8188,Emma,Mulder,+31600008188,emma.mulder8188@example.com,Amsterdam,2024-08-14
8189,Noah,Schouten,+31600008189,noah.schouten8189@example.com,Almere,2024-08-28
8190,Daan,De Boer,+31600008190,daan.de boer8190@example.com,Almere,2023-02-11
8191,Mason,De Vries,+31600008191,mason.de vries8191@example.com,Tilburg,2024-05-22
8192,Mila,Bos,+31600008192,mila.bos8192@example.com,Eindhoven,2023-10-12
8193,Milan,Peters,+31600008193,milan.peters8193@example.com,Amsterdam,2022-01-19
8194,Anna,Peters,+31600008194,anna.peters8194@example.com,Amsterdam,2020-07-18
8195,Liam,Jacobs,+31600008195,liam.jacobs8195@example.com,Breda,2022-09-17
8196,Milan,Schouten,+31600008196,milan.schouten8196@example.com,The Hague,2022-04-11
8197,Mila,De Vries,+31600008197,mila.de vries8197@example.com,The Hague,2022-04-15
8198,Nina,Jacobs,+31600008198,nina.jacobs8198@example.com,Groningen,2024-10-12
8199,Liam,Prins,+31600008199,liam.prins8199@example.com,Amsterdam,2024-06-11
8200,Lotte,Vos,+31600008200,lotte.vos8200@example.com,Nijmegen,2022-07-05
8201,Julia,Peters,+31600008201,julia.peters8201@example.com,Almere,2022-01-20
8202,Ethan,Bos,+31600008202,ethan.bos8202@example.com,Tilburg,2024-01-04
8203,Nina,Willems,+31600008203,nina.willems8203@example.com,Amsterdam,2023-05-25
8204,Daan,Kok,+31600008204,daan.kok8204@example.com,Almere,2021-12-04
8205,Ethan,De Boer,+31600008205,ethan.de boer8205@example.com,Nijmegen,2022-07-20
8206,Noah,De Vries,+31600008206,noah.de vries8206@example.com,Breda,2022-12-13
8207,Levi,Willems,+31600008207,levi.willems8207@example.com,The Hague,2022-08-30
8208,Sara,Meijer,+31600008208,sara.meijer8208@example.com,Amsterdam,2024-09-12
8209,Mason,Visser,+31600008209,mason.visser8209@example.com,Groningen,2020-02-09
8210,Anna,De Vries,+31600008210,anna.de vries8210@example.com,Tilburg,2020-11-08
8211,Lucas,Bakker,+31600008211,lucas.bakker8211@example.com,Groningen,2022-08-08
8212,Ethan,Jacobs,+31600008212,ethan.jacobs8212@example.com,Groningen,2022-08-27
8213,Noah,Schouten,+31600008213,noah.schouten8213@example.com,Tilburg,2021-08-25
8214,Finn,Van Dijk,+31600008214,finn.van dijk8214@example.com,The Hague,2024-11-28
8215,Sara,Vos,+31600008215,sara.vos8215@example.com,Amsterdam,2022-04-22
8216,Mason,Bos,+31600008216,mason.bos8216@example.com,Groningen,2020-09-11
8217,Sophia,De Vries,+31600008217,sophia.de vries8217@example.com,Eindhoven,2021-06-29
8218,Julia,Bakker,+31600008218,julia.bakker8218@example.com,Breda,2023-09-16
8219,Emma,Peters,+31600008219,emma.peters8219@example.com,Amsterdam,2020-09-26
8220,Olivia,De Boer,+31600008220,olivia.de boer8220@example.com,Amsterdam,2023-04-12
8221,Ethan,Smit,+31600008221,ethan.smit8221@example.com,Nijmegen,2024-12-04
8222,Sophia,Visser,+31600008222,sophia.visser8222@example.com,Almere,2022-11-24
8223,Daan,Schouten,+31600008223,daan.schouten8223@example.com,Breda,2022-05-27
8224,Daan,Willems,+31600008224,daan.willems8224@example.com,Almere,2024-06-01
8225,Levi,Kok,+31600008225,levi.kok8225@example.com,Utrecht,2021-08-02
8226,Milan,Peters,+31600008226,milan.peters8226@example.com,Breda,2024-06-12
8227,Eva,Visser,+31600008227,eva.visser8227@example.com,Groningen,2021-08-30
8228,Noah,Mulder,+31600008228,noah.mulder8228@example.com,Amsterdam,2020-01-06
8229,Anna,Prins,+31600008229,anna.prins8229@example.com,The Hague,2022-04-01
8230,Daan,De Vries,+31600008230,daan.de vries8230@example.com,Rotterdam,2023-12-04
8231,Sara,Willems,+31600008231,sara.willems8231@example.com,Tilburg,2020-04-12
8232,Olivia,Jacobs,+31600008232,olivia.jacobs8232@example.com,Breda,2022-09-30
8233,Mason,Willems,+31600008233,mason.willems8233@example.com,Amsterdam,2021-02-18
8234,Daan,Prins,+31600008234,daan.prins8234@example.com,Utrecht,2023-08-16
8235,Levi,Kuiper,+31600008235,levi.kuiper8235@example.com,Nijmegen,2023-02-09
8236,Mason,Bakker,+31600008236,mason.bakker8236@example.com,Groningen,2023-05-12
8237,Sara,Kuiper,+31600008237,sara.kuiper8237@example.com,Tilburg,2021-07-13
8238,Mason,Smit,+31600008238,mason.smit8238@example.com,Tilburg,2022-11-29
8239,Oliver,Mulder,+31600008239,oliver.mulder8239@example.com,Rotterdam,2023-01-24
8240,Olivia,Van Dijk,+31600008240,olivia.van dijk8240@example.com,Utrecht,2023-06-14
8241,Finn,Kuiper,+31600008241,finn.kuiper8241@example.com,Amsterdam,2023-11-03
8242,Eva,Jacobs,+31600008242,eva.jacobs8242@example.com,Eindhoven,2021-06-07
8243,Liam,De Vries,+31600008243,liam.de vries8243@example.com,Rotterdam,2023-07-10
8244,Mason,Vos,+31600008244,mason.vos8244@example.com,Tilburg,2020-02-18
8245,Lotte,Bos,+31600008245,lotte.bos8245@example.com,Tilburg,2022-11-11
8246,Julia,Hendriks,+31600008246,julia.hendriks8246@example.com,Utrecht,2020-02-24
8247,Ethan,Peters,+31600008247,ethan.peters8247@example.com,Utrecht,2023-10-25
8248,Noah,Visser,+31600008248,noah.visser8248@example.com,Almere,2023-02-08
8249,Anna,Kok,+31600008249,anna.kok8249@example.com,Groningen,2022-04-12
8250,Nina,Schouten,+31600008250,nina.schouten8250@example.com,Nijmegen,2022-02-21
8251,Eva,Visser,+31600008251,eva.visser8251@example.com,Almere,2024-05-06
8252,Lotte,Bakker,+31600008252,lotte.bakker8252@example.com,Utrecht,2023-08-08
8253,Sophia,De Vries,+31600008253,sophia.de vries8253@example.com,Almere,2023-08-30
8254,Sophia,Mulder,+31600008254,sophia.mulder8254@example.com,Groningen,2023-11-30
8255,Mason,Prins,+31600008255,mason.prins8255@example.com,Utrecht,2021-12-16
8256,Finn,Mulder,+31600008256,finn.mulder8256@example.com,The Hague,2020-03-12
8257,Lotte,Willems,+31600008257,lotte.willems8257@example.com,Utrecht,2020-12-30
8258,Sophia,Visser,+31600008258,sophia.visser8258@example.com,The Hague,2024-08-11
8259,Milan,Visser,+31600008259,milan.visser8259@example.com,Tilburg,2022-08-25
8260,Daan,De Boer,+31600008260,daan.de boer8260@example.com,Almere,2023-02-24
8261,Mila,Van Dijk,+31600008261,mila.van dijk8261@example.com,Rotterdam,2024-10-19
8262,Daan,Dekker,+31600008262,daan.dekker8262@example.com,Nijmegen,2023-02-16
8263,Mila,Kok,+31600008263,mila.kok8263@example.com,Utrecht,2020-12-31
8264,Liam,Visser,+31600008264,liam.visser8264@example.com,Groningen,2023-06-12
8265,Mila,Prins,+31600008265,mila.prins8265@example.com,Nijmegen,2024-10-04
8266,Liam,Bakker,+31600008266,liam.bakker8266@example.com,Amsterdam,2020-06-04
8267,Ethan,Dekker,+31600008267,ethan.dekker8267@example.com,Rotterdam,2023-04-26
8268,Nina,Prins,+31600008268,nina.prins8268@example.com,Amsterdam,2020-05-23
8269,Sara,Dekker,+31600008269,sara.dekker8269@example.com,Nijmegen,2022-03-20
8270,Eva,Dekker,+31600008270,eva.dekker8270@example.com,Nijmegen,2022-07-17
8271,Milan,Dekker,+31600008271,milan.dekker8271@example.com,Utrecht,2024-01-09
8272,Ethan,Dekker,+31600008272,ethan.dekker8272@example.com,The Hague,2022-03-05
8273,Finn,Meijer,+31600008273,finn.meijer8273@example.com,Almere,2020-12-13
8274,Noah,Peters,+31600008274,noah.peters8274@example.com,Eindhoven,2021-03-04
8275,Emma,Jacobs,+31600008275,emma.jacobs8275@example.com,Tilburg,2024-07-13
8276,Finn,Prins,+31600008276,finn.prins8276@example.com,Rotterdam,2023-01-10
8277,Julia,Jansen,+31600008277,julia.jansen8277@example.com,Breda,2020-07-07
8278,Julia,Jansen,+31600008278,julia.jansen8278@example.com,Nijmegen,2022-01-10
8279,Emma,Kok,+31600008279,emma.kok8279@example.com,Nijmegen,2024-10-11
8280,Mila,Bakker,+31600008280,mila.bakker8280@example.com,Groningen,2020-08-25
8281,Mila,Schouten,+31600008281,mila.schouten8281@example.com,Groningen,2023-01-17
8282,Mila,Mulder,+31600008282,mila.mulder8282@example.com,Breda,2023-10-28
8283,Anna,Prins,+31600008283,anna.prins8283@example.com,Amsterdam,2020-12-09
8284,Finn,Hendriks,+31600008284,finn.hendriks8284@example.com,Rotterdam,2021-03-21
8285,Anna,Bos,+31600008285,anna.bos8285@example.com,Rotterdam,2024-02-09
8286,Emma,Prins,+31600008286,emma.prins8286@example.com,Groningen,2021-03-24
8287,Nina,Van Dijk,+31600008287,nina.van dijk8287@example.com,Tilburg,2024-05-25
8288,Levi,Peters,+31600008288,levi.peters8288@example.com,Tilburg,2024-02-25
8289,Julia,Mulder,+31600008289,julia.mulder8289@example.com,Tilburg,2021-12-15
8290,Sara,De Vries,+31600008290,sara.de vries8290@example.com,Eindhoven,2022-02-11
8291,Ethan,Bos,+31600008291,ethan.bos8291@example.com,Groningen,2020-10-15
8292,Nina,De Boer,+31600008292,nina.de boer8292@example.com,Eindhoven,2022-05-07
8293,Sophia,Jacobs,+31600008293,sophia.jacobs8293@example.com,Nijmegen,2023-10-14
8294,Ethan,Visser,+31600008294,ethan.visser8294@example.com,Utrecht,2021-10-03
8295,Lotte,Mulder,+31600008295,lotte.mulder8295@example.com,Rotterdam,2022-10-09
8296,Sophia,Vos,+31600008296,sophia.vos8296@example.com,Breda,2023-03-06
8297,Lotte,Meijer,+31600008297,lotte.meijer8297@example.com,Tilburg,2022-01-08
8298,Noah,Kuiper,+31600008298,noah.kuiper8298@example.com,The Hague,2023-12-26
8299,Anna,Mulder,+31600008299,anna.mulder8299@example.com,Utrecht,2024-10-04
8300,Sara,Mulder,+31600008300,sara.mulder8300@example.com,Almere,2022-05-02
8301,Ethan,De Boer,+31600008301,ethan.de boer8301@example.com,Utrecht,2023-05-15
8302,Levi,Schouten,+31600008302,levi.schouten8302@example.com,Almere,2024-05-13
8303,Lotte,Kok,+31600008303,lotte.kok8303@example.com,Groningen,2022-02-28
8304,Finn,Prins,+31600008304,finn.prins8304@example.com,Rotterdam,2021-04-23
8305,Anna,Vos,+31600008305,anna.vos8305@example.com,Tilburg,2023-01-04
8306,Sophia,De Boer,+31600008306,sophia.de boer8306@example.com,Almere,2021-03-17
8307,Ethan,Schouten,+31600008307,ethan.schouten8307@example.com,Rotterdam,2024-04-24
8308,Sophia,Schouten,+31600008308,sophia.schouten8308@example.com,Tilburg,2020-11-17
8309,Lucas,Dekker,+31600008309,lucas.dekker8309@example.com,Almere,2020-04-29
8310,Noah,Prins,+31600008310,noah.prins8310@example.com,Nijmegen,2023-10-19
8311,Milan,Bos,+31600008311,milan.bos8311@example.com,Eindhoven,2022-05-16
8312,Noah,Bos,+31600008312,noah.bos8312@example.com,Amsterdam,2023-01-24
8313,Noah,Smit,+31600008313,noah.smit8313@example.com,Utrecht,2023-02-06
8314,Anna,Kuiper,+31600008314,anna.kuiper8314@example.com,Rotterdam,2023-11-18
8315,Oliver,Mulder,+31600008315,oliver.mulder8315@example.com,Amsterdam,2023-11-14
8316,Finn,Prins,+31600008316,finn.prins8316@example.com,Rotterdam,2020-03-22
8317,Ethan,Jansen,+31600008317,ethan.jansen8317@example.com,The Hague,2020-07-19
8318,Levi,De Boer,+31600008318,levi.de boer8318@example.com,Breda,2023-11-04
8319,Mason,Schouten,+31600008319,mason.schouten8319@example.com,Eindhoven,2023-12-13
8320,Liam,De Boer,+31600008320,liam.de boer8320@example.com,Breda,2024-01-04
8321,Milan,Jacobs,+31600008321,milan.jacobs8321@example.com,Almere,2022-08-26
8322,Oliver,Van Dijk,+31600008322,oliver.van dijk8322@example.com,Utrecht,2020-05-20
8323,Noah,Bakker,+31600008323,noah.bakker8323@example.com,Breda,2023-12-26
8324,Lotte,Dekker,+31600008324,lotte.dekker8324@example.com,Rotterdam,2020-07-03
8325,Milan,Bos,+31600008325,milan.bos8325@example.com,Breda,2024-07-08
8326,Eva,Jacobs,+31600008326,eva.jacobs8326@example.com,The Hague,2021-04-20
8327,Ethan,Kuiper,+31600008327,ethan.kuiper8327@example.com,Breda,2021-10-19
8328,Ethan,Bakker,+31600008328,ethan.bakker8328@example.com,Nijmegen,2023-09-30
8329,Finn,Visser,+31600008329,finn.visser8329@example.com,Amsterdam,2020-06-13
8330,Liam,Peters,+31600008330,liam.peters8330@example.com,Eindhoven,2023-02-01
8331,Lotte,Jansen,+31600008331,lotte.jansen8331@example.com,Utrecht,2021-02-14
8332,Mason,Kok,+31600008332,mason.kok8332@example.com,Tilburg,2022-10-03
8333,Milan,Kuiper,+31600008333,milan.kuiper8333@example.com,Nijmegen,2022-03-09
8334,Julia,Willems,+31600008334,julia.willems8334@example.com,The Hague,2022-10-15
8335,Ethan,Jansen,+31600008335,ethan.jansen8335@example.com,Tilburg,2020-10-31
8336,Olivia,Bos,+31600008336,olivia.bos8336@example.com,Rotterdam,2020-03-30
8337,Julia,Bakker,+31600008337,julia.bakker8337@example.com,The Hague,2024-11-23
8338,Milan,Bos,+31600008338,milan.bos8338@example.com,Rotterdam,2021-08-15
8339,Julia,Jacobs,+31600008339,julia.jacobs8339@example.com,Nijmegen,2024-03-12
8340,Ethan,Mulder,+31600008340,ethan.mulder8340@example.com,Tilburg,2020-02-07
8341,Julia,Prins,+31600008341,julia.prins8341@example.com,Almere,2021-08-14
8342,Lotte,Hendriks,+31600008342,lotte.hendriks8342@example.com,Tilburg,2020-05-16
8343,Olivia,Bakker,+31600008343,olivia.bakker8343@example.com,Tilburg,2022-10-31
8344,Olivia,Schouten,+31600008344,olivia.schouten8344@example.com,Groningen,2021-04-05
8345,Oliver,Kuiper,+31600008345,oliver.kuiper8345@example.com,Utrecht,2021-04-24
8346,Daan,Hendriks,+31600008346,daan.hendriks8346@example.com,Amsterdam,2022-05-21
8347,Lucas,Peters,+31600008347,lucas.peters8347@example.com,Tilburg,2020-05-28
8348,Nina,Kok,+31600008348,nina.kok8348@example.com,Nijmegen,2023-05-04
8349,Lucas,Bos,+31600008349,lucas.bos8349@example.com,Rotterdam,2020-09-22
8350,Oliver,Hendriks,+31600008350,oliver.hendriks8350@example.com,Amsterdam,2024-03-11
8351,Eva,Meijer,+31600008351,eva.meijer8351@example.com,Groningen,2021-10-15
8352,Noah,Kok,+31600008352,noah.kok8352@example.com,Amsterdam,2020-10-08
8353,Levi,Kok,+31600008353,levi.kok8353@example.com,Breda,2020-02-05
8354,Mila,Prins,+31600008354,mila.prins8354@example.com,Almere,2022-12-14
8355,Lotte,Kuiper,+31600008355,lotte.kuiper8355@example.com,Nijmegen,2024-09-22
8356,Sophia,De Boer,+31600008356,sophia.de boer8356@example.com,Amsterdam,2020-03-14
8357,Eva,Jacobs,+31600008357,eva.jacobs8357@example.com,The Hague,2021-09-23
8358,Olivia,Peters,+31600008358,olivia.peters8358@example.com,Groningen,2021-02-08
8359,Lotte,Jacobs,+31600008359,lotte.jacobs8359@example.com,Tilburg,2024-10-13
8360,Levi,De Boer,+31600008360,levi.de boer8360@example.com,Tilburg,2022-11-24
8361,Ethan,Hendriks,+31600008361,ethan.hendriks8361@example.com,Almere,2022-08-25
8362,Olivia,Kok,+31600008362,olivia.kok8362@example.com,Breda,2020-02-27
8363,Sophia,Visser,+31600008363,sophia.visser8363@example.com,Tilburg,2024-08-05
8364,Ethan,Willems,+31600008364,ethan.willems8364@example.com,The Hague,2021-01-02
8365,Finn,Bos,+31600008365,finn.bos8365@example.com,Breda,2021-07-18
8366,Milan,Bakker,+31600008366,milan.bakker8366@example.com,The Hague,2022-01-11
8367,Anna,Dekker,+31600008367,anna.dekker8367@example.com,Almere,2020-04-07
8368,Finn,Bakker,+31600008368,finn.bakker8368@example.com,Tilburg,2021-04-06
8369,Milan,Smit,+31600008369,milan.smit8369@example.com,Utrecht,2020-01-03
8370,Milan,Van Dijk,+31600008370,milan.van dijk8370@example.com,Breda,2021-04-20
8371,Lucas,De Vries,+31600008371,lucas.de vries8371@example.com,The Hague,2021-06-30
8372,Olivia,Visser,+31600008372,olivia.visser8372@example.com,Eindhoven,2023-11-29
8373,Liam,Kok,+31600008373,liam.kok8373@example.com,Breda,2020-10-27
8374,Liam,Dekker,+31600008374,liam.dekker8374@example.com,Nijmegen,2020-04-11
8375,Milan,Jacobs,+31600008375,milan.jacobs8375@example.com,Breda,2023-01-23
8376,Lotte,Visser,+31600008376,lotte.visser8376@example.com,Rotterdam,2023-01-13
8377,Olivia,Kok,+31600008377,olivia.kok8377@example.com,Eindhoven,2023-05-10
8378,Olivia,Meijer,+31600008378,olivia.meijer8378@example.com,The Hague,2024-04-30
8379,Ethan,Willems,+31600008379,ethan.willems8379@example.com,Eindhoven,2023-12-07
8380,Eva,Meijer,+31600008380,eva.meijer8380@example.com,Nijmegen,2022-11-05
8381,Finn,Vos,+31600008381,finn.vos8381@example.com,Tilburg,2023-02-16
8382,Mason,Visser,+31600008382,mason.visser8382@example.com,The Hague,2024-08-26
8383,Milan,De Boer,+31600008383,milan.de boer8383@example.com,Breda,2023-01-15
8384,Anna,Willems,+31600008384,anna.willems8384@example.com,Breda,2021-06-29
8385,Lotte,Bakker,+31600008385,lotte.bakker8385@example.com,Almere,2022-08-22
8386,Oliver,Prins,+31600008386,oliver.prins8386@example.com,The Hague,2023-04-28
8387,Lotte,Prins,+31600008387,lotte.prins8387@example.com,Nijmegen,2023-03-08
8388,Eva,Bos,+31600008388,eva.bos8388@example.com,Tilburg,2023-03-18
8389,Sophia,Kok,+31600008389,sophia.kok8389@example.com,Nijmegen,2024-11-06
8390,Olivia,Van Dijk,+31600008390,olivia.van dijk8390@example.com,Rotterdam,2024-03-26
8391,Liam,Willems,+31600008391,liam.willems8391@example.com,Nijmegen,2024-07-08
8392,Sophia,Smit,+31600008392,sophia.smit8392@example.com,The Hague,2021-11-06
8393,Lucas,Meijer,+31600008393,lucas.meijer8393@example.com,Eindhoven,2021-10-02
8394,Lotte,De Vries,+31600008394,lotte.de vries8394@example.com,Amsterdam,2021-01-09
8395,Mason,Smit,+31600008395,mason.smit8395@example.com,Utrecht,2021-03-16
8396,Lucas,De Boer,+31600008396,lucas.de boer8396@example.com,Nijmegen,2020-12-06
8397,Finn,Bos,+31600008397,finn.bos8397@example.com,Eindhoven,2021-07-31
8398,Oliver,Meijer,+31600008398,oliver.meijer8398@example.com,Eindhoven,2020-08-31
8399,Noah,Willems,+31600008399,noah.willems8399@example.com,Utrecht,2022-08-20
8400,Liam,Peters,+31600008400,liam.peters8400@example.com,Groningen,2020-02-23
8401,Noah,De Vries,+31600008401,noah.de vries8401@example.com,Rotterdam,2023-01-21
8402,Finn,Dekker,+31600008402,finn.dekker8402@example.com,Amsterdam,2024-09-22
8403,Daan,Meijer,+31600008403,daan.meijer8403@example.com,Amsterdam,2023-05-03
8404,Julia,De Vries,+31600008404,julia.de vries8404@example.com,Rotterdam,2022-09-21
8405,Noah,Jacobs,+31600008405,noah.jacobs8405@example.com,Nijmegen,2023-07-19
8406,Nina,Prins,+31600008406,nina.prins8406@example.com,Rotterdam,2021-04-07
8407,Noah,Kuiper,+31600008407,noah.kuiper8407@example.com,Breda,2020-11-21
8408,Mila,Schouten,+31600008408,mila.schouten8408@example.com,Utrecht,2021-06-04
8409,Liam,Jacobs,+31600008409,liam.jacobs8409@example.com,Nijmegen,2024-01-25
8410,Finn,Jansen,+31600008410,finn.jansen8410@example.com,Breda,2023-12-07
8411,Sara,Kuiper,+31600008411,sara.kuiper8411@example.com,Tilburg,2021-03-20
8412,Eva,Mulder,+31600008412,eva.mulder8412@example.com,Nijmegen,2020-01-14
8413,Milan,De Boer,+31600008413,milan.de boer8413@example.com,Breda,2022-05-07
8414,Julia,Jansen,+31600008414,julia.jansen8414@example.com,Rotterdam,2020-09-01
8415,Daan,De Boer,+31600008415,daan.de boer8415@example.com,The Hague,2023-05-01
8416,Noah,Bakker,+31600008416,noah.bakker8416@example.com,Eindhoven,2023-10-17
8417,Mason,Kuiper,+31600008417,mason.kuiper8417@example.com,Groningen,2024-10-02
8418,Levi,Hendriks,+31600008418,levi.hendriks8418@example.com,Breda,2020-01-28
8419,Oliver,Bakker,+31600008419,oliver.bakker8419@example.com,Tilburg,2021-10-04
8420,Finn,Peters,+31600008420,finn.peters8420@example.com,Almere,2024-09-05
8421,Finn,Jansen,+31600008421,finn.jansen8421@example.com,Almere,2023-12-22
8422,Ethan,Bos,+31600008422,ethan.bos8422@example.com,The Hague,2024-07-22
8423,Lucas,Jacobs,+31600008423,lucas.jacobs8423@example.com,Utrecht,2022-05-24
8424,Noah,Willems,+31600008424,noah.willems8424@example.com,Groningen,2021-06-08
8425,Eva,Schouten,+31600008425,eva.schouten8425@example.com,Rotterdam,2020-08-11
8426,Emma,De Vries,+31600008426,emma.de vries8426@example.com,The Hague,2021-09-27
8427,Noah,Vos,+31600008427,noah.vos8427@example.com,Breda,2021-01-16
8428,Lucas,Vos,+31600008428,lucas.vos8428@example.com,Tilburg,2024-08-31
8429,Lucas,De Boer,+31600008429,lucas.de boer8429@example.com,Eindhoven,2024-06-30
8430,Emma,Kuiper,+31600008430,emma.kuiper8430@example.com,Eindhoven,2022-08-08
8431,Oliver,Prins,+31600008431,oliver.prins8431@example.com,Groningen,2022-12-08
8432,Julia,Bos,+31600008432,julia.bos8432@example.com,Utrecht,2022-03-13
8433,Ethan,Meijer,+31600008433,ethan.meijer8433@example.com,Breda,2020-04-11
8434,Anna,Bakker,+31600008434,anna.bakker8434@example.com,Breda,2021-04-03
8435,Lucas,Hendriks,+31600008435,lucas.hendriks8435@example.com,Utrecht,2021-12-23
8436,Julia,Jansen,+31600008436,julia.jansen8436@example.com,Eindhoven,2024-02-17
8437,Liam,Mulder,+31600008437,liam.mulder8437@example.com,Eindhoven,2023-12-22
8438,Lotte,Dekker,+31600008438,lotte.dekker8438@example.com,Utrecht,2022-12-19
8439,Ethan,De Boer,+31600008439,ethan.de boer8439@example.com,Almere,2022-01-06
8440,Noah,De Vries,+31600008440,noah.de vries8440@example.com,Groningen,2023-10-19
8441,Milan,De Boer,+31600008441,milan.de boer8441@example.com,Rotterdam,2023-12-12
8442,Nina,Hendriks,+31600008442,nina.hendriks8442@example.com,The Hague,2020-03-12
8443,Mason,De Boer,+31600008443,mason.de boer8443@example.com,Rotterdam,2020-03-01
8444,Mason,Jansen,+31600008444,mason.jansen8444@example.com,Eindhoven,2024-10-21
8445,Levi,Kuiper,+31600008445,levi.kuiper8445@example.com,Utrecht,2021-07-29
8446,Sara,De Vries,+31600008446,sara.de vries8446@example.com,Utrecht,2022-03-10
8447,Lucas,Jacobs,+31600008447,lucas.jacobs8447@example.com,Tilburg,2020-03-18
8448,Lotte,Jacobs,+31600008448,lotte.jacobs8448@example.com,Rotterdam,2020-07-07
8449,Mason,Mulder,+31600008449,mason.mulder8449@example.com,Rotterdam,2024-11-30
8450,Noah,Van Dijk,+31600008450,noah.van dijk8450@example.com,Amsterdam,2022-09-06
8451,Levi,Van Dijk,+31600008451,levi.van dijk8451@example.com,Breda,2022-07-26
8452,Levi,Visser,+31600008452,levi.visser8452@example.com,Tilburg,2023-02-26
8453,Levi,Van Dijk,+31600008453,levi.van dijk8453@example.com,Tilburg,2022-08-17
8454,Lucas,Bakker,+31600008454,lucas.bakker8454@example.com,Utrecht,2023-07-24
8455,Lucas,Willems,+31600008455,lucas.willems8455@example.com,Breda,2023-11-13
8456,Lotte,Schouten,+31600008456,lotte.schouten8456@example.com,Almere,2020-07-01
8457,Ethan,Bos,+31600008457,ethan.bos8457@example.com,The Hague,2023-09-25
8458,Sara,Dekker,+31600008458,sara.dekker8458@example.com,Eindhoven,2023-12-28
8459,Lucas,Smit,+31600008459,lucas.smit8459@example.com,Rotterdam,2022-10-05
8460,Mila,De Vries,+31600008460,mila.de vries8460@example.com,Utrecht,2023-07-13
8461,Milan,Bakker,+31600008461,milan.bakker8461@example.com,Almere,2021-10-23
8462,Sara,Bos,+31600008462,sara.bos8462@example.com,Nijmegen,2023-12-29
8463,Oliver,Schouten,+31600008463,oliver.schouten8463@example.com,The Hague,2020-05-10
8464,Lucas,Visser,+31600008464,lucas.visser8464@example.com,Utrecht,2023-06-13
8465,Mila,Bos,+31600008465,mila.bos8465@example.com,Amsterdam,2024-05-17
8466,Lotte,De Vries,+31600008466,lotte.de vries8466@example.com,Rotterdam,2022-09-28
8467,Olivia,Mulder,+31600008467,olivia.mulder8467@example.com,Nijmegen,2022-07-14
8468,Daan,Schouten,+31600008468,daan.schouten8468@example.com,Utrecht,2024-05-06
8469,Lucas,Jacobs,+31600008469,lucas.jacobs8469@example.com,Tilburg,2024-01-16
8470,Oliver,Jansen,+31600008470,oliver.jansen8470@example.com,Groningen,2022-08-23
8471,Sophia,Smit,+31600008471,sophia.smit8471@example.com,Eindhoven,2023-04-03
8472,Liam,Vos,+31600008472,liam.vos8472@example.com,The Hague,2021-03-31
8473,Nina,Van Dijk,+31600008473,nina.van dijk8473@example.com,Almere,2023-11-23
8474,Olivia,Bakker,+31600008474,olivia.bakker8474@example.com,Utrecht,2024-04-14
8475,Milan,Van Dijk,+31600008475,milan.van dijk8475@example.com,Breda,2021-12-21
8476,Noah,Mulder,+31600008476,noah.mulder8476@example.com,Tilburg,2021-02-04
8477,Oliver,Willems,+31600008477,oliver.willems8477@example.com,Rotterdam,2020-06-30
8478,Olivia,Visser,+31600008478,olivia.visser8478@example.com,Nijmegen,2020-09-01
8479,Olivia,Dekker,+31600008479,olivia.dekker8479@example.com,Tilburg,2020-09-19
8480,Mila,Vos,+31600008480,mila.vos8480@example.com,The Hague,2020-12-05
8481,Julia,Peters,+31600008481,julia.peters8481@example.com,Groningen,2024-01-26
8482,Olivia,De Vries,+31600008482,olivia.de vries8482@example.com,Rotterdam,2023-08-14
8483,Julia,Peters,+31600008483,julia.peters8483@example.com,Nijmegen,2020-01-12
8484,Levi,De Vries,+31600008484,levi.de vries8484@example.com,Amsterdam,2022-06-06
8485,Mason,Jansen,+31600008485,mason.jansen8485@example.com,Groningen,2023-08-10
8486,Daan,Jansen,+31600008486,daan.jansen8486@example.com,Tilburg,2024-03-24
8487,Anna,Hendriks,+31600008487,anna.hendriks8487@example.com,Utrecht,2020-11-27
8488,Sophia,Kok,+31600008488,sophia.kok8488@example.com,Eindhoven,2024-08-02
8489,Liam,Van Dijk,+31600008489,liam.van dijk8489@example.com,Almere,2024-10-26
8490,Emma,Peters,+31600008490,emma.peters8490@example.com,Tilburg,2024-01-15
8491,Anna,De Boer,+31600008491,anna.de boer8491@example.com,Tilburg,2023-12-16
8492,Mason,Vos,+31600008492,mason.vos8492@example.com,Groningen,2021-10-23
8493,Julia,Bos,+31600008493,julia.bos8493@example.com,Utrecht,2021-06-18
8494,Noah,Bos,+31600008494,noah.bos8494@example.com,Utrecht,2020-10-17
8495,Sophia,De Boer,+31600008495,sophia.de boer8495@example.com,Eindhoven,2021-08-03
8496,Finn,Dekker,+31600008496,finn.dekker8496@example.com,Nijmegen,2023-10-30
8497,Mason,Kok,+31600008497,mason.kok8497@example.com,Nijmegen,2023-05-03
8498,Eva,Peters,+31600008498,eva.peters8498@example.com,Breda,2021-02-28
8499,Levi,Smit,+31600008499,levi.smit8499@example.com,Rotterdam,2020-05-11
8500,Levi,Jacobs,+31600008500,levi.jacobs8500@example.com,Tilburg,2023-03-27
8501,Nina,Schouten,+31600008501,nina.schouten8501@example.com,The Hague,2023-04-30
8502,Daan,Vos,+31600008502,daan.vos8502@example.com,Almere,2022-12-10
8503,Emma,Dekker,+31600008503,emma.dekker8503@example.com,Nijmegen,2020-08-18
8504,Sophia,Willems,+31600008504,sophia.willems8504@example.com,Utrecht,2024-08-02
8505,Levi,Smit,+31600008505,levi.smit8505@example.com,Utrecht,2021-01-25
8506,Daan,Mulder,+31600008506,daan.mulder8506@example.com,Breda,2022-04-21
8507,Daan,Visser,+31600008507,daan.visser8507@example.com,Breda,2021-10-09
8508,Liam,Jacobs,+31600008508,liam.jacobs8508@example.com,Rotterdam,2020-07-26
8509,Lucas,De Boer,+31600008509,lucas.de boer8509@example.com,Groningen,2022-04-30
8510,Lucas,Smit,+31600008510,lucas.smit8510@example.com,Utrecht,2023-05-02
8511,Ethan,De Vries,+31600008511,ethan.de vries8511@example.com,The Hague,2022-07-12
8512,Daan,Bakker,+31600008512,daan.bakker8512@example.com,Eindhoven,2024-02-11
8513,Emma,Hendriks,+31600008513,emma.hendriks8513@example.com,Utrecht,2022-10-14
8514,Ethan,Kok,+31600008514,ethan.kok8514@example.com,Breda,2022-10-21
8515,Daan,De Boer,+31600008515,daan.de boer8515@example.com,Breda,2023-02-16
8516,Finn,Smit,+31600008516,finn.smit8516@example.com,Groningen,2022-08-18
8517,Sara,Kuiper,+31600008517,sara.kuiper8517@example.com,Almere,2024-08-08
8518,Noah,Schouten,+31600008518,noah.schouten8518@example.com,Breda,2024-06-26
8519,Milan,De Boer,+31600008519,milan.de boer8519@example.com,Utrecht,2021-11-19
8520,Julia,Mulder,+31600008520,julia.mulder8520@example.com,Groningen,2020-04-22
8521,Daan,Van Dijk,+31600008521,daan.van dijk8521@example.com,Breda,2022-03-07
8522,Finn,Dekker,+31600008522,finn.dekker8522@example.com,Amsterdam,2023-07-03
8523,Finn,Kok,+31600008523,finn.kok8523@example.com,Groningen,2021-05-04
8524,Lotte,Dekker,+31600008524,lotte.dekker8524@example.com,The Hague,2024-11-21
8525,Eva,Mulder,+31600008525,eva.mulder8525@example.com,Utrecht,2020-03-09
8526,Oliver,Kuiper,+31600008526,oliver.kuiper8526@example.com,Rotterdam,2024-04-19
8527,Sophia,Willems,+31600008527,sophia.willems8527@example.com,The Hague,2020-06-21
8528,Liam,Visser,+31600008528,liam.visser8528@example.com,Rotterdam,2022-05-10
8529,Olivia,Jacobs,+31600008529,olivia.jacobs8529@example.com,Groningen,2023-04-24
8530,Lucas,De Vries,+31600008530,lucas.de vries8530@example.com,Tilburg,2022-02-09
8531,Sophia,Mulder,+31600008531,sophia.mulder8531@example.com,Groningen,2020-11-20
8532,Finn,Hendriks,+31600008532,finn.hendriks8532@example.com,The Hague,2022-07-28
8533,Liam,Kuiper,+31600008533,liam.kuiper8533@example.com,The Hague,2024-03-06
8534,Julia,Vos,+31600008534,julia.vos8534@example.com,Almere,2020-03-22
8535,Olivia,Van Dijk,+31600008535,olivia.van dijk8535@example.com,The Hague,2021-03-04
8536,Eva,Vos,+31600008536,eva.vos8536@example.com,Eindhoven,2022-02-23
8537,Finn,Kok,+31600008537,finn.kok8537@example.com,The Hague,2022-12-08
8538,Finn,Visser,+31600008538,finn.visser8538@example.com,Breda,2021-12-01
8539,Emma,Van Dijk,+31600008539,emma.van dijk8539@example.com,Almere,2021-03-20
8540,Milan,Jansen,+31600008540,milan.jansen8540@example.com,Utrecht,2021-09-11
8541,Noah,Vos,+31600008541,noah.vos8541@example.com,Utrecht,2022-07-21
8542,Nina,Bakker,+31600008542,nina.bakker8542@example.com,Rotterdam,2023-04-24
8543,Daan,Kok,+31600008543,daan.kok8543@example.com,The Hague,2022-07-21
8544,Olivia,Vos,+31600008544,olivia.vos8544@example.com,Nijmegen,2023-11-15
8545,Oliver,Kuiper,+31600008545,oliver.kuiper8545@example.com,Utrecht,2020-01-07
8546,Sophia,Jacobs,+31600008546,sophia.jacobs8546@example.com,Eindhoven,2023-10-02
8547,Ethan,Kok,+31600008547,ethan.kok8547@example.com,Eindhoven,2023-07-26
8548,Daan,Schouten,+31600008548,daan.schouten8548@example.com,Tilburg,2023-08-19
8549,Olivia,Van Dijk,+31600008549,olivia.van dijk8549@example.com,Rotterdam,2023-02-27
8550,Anna,De Boer,+31600008550,anna.de boer8550@example.com,Amsterdam,2021-12-17
8551,Emma,Bakker,+31600008551,emma.bakker8551@example.com,Almere,2024-03-06
8552,Mason,Van Dijk,+31600008552,mason.van dijk8552@example.com,Tilburg,2020-01-23
8553,Anna,Dekker,+31600008553,anna.dekker8553@example.com,Tilburg,2024-07-23
8554,Finn,Jansen,+31600008554,finn.jansen8554@example.com,Amsterdam,2020-10-07
8555,Noah,Vos,+31600008555,noah.vos8555@example.com,Utrecht,2022-09-09
8556,Sophia,Vos,+31600008556,sophia.vos8556@example.com,Almere,2023-11-07
8557,Mason,Jansen,+31600008557,mason.jansen8557@example.com,Amsterdam,2020-09-11
8558,Lucas,Dekker,+31600008558,lucas.dekker8558@example.com,Groningen,2024-08-24
8559,Eva,De Boer,+31600008559,eva.de boer8559@example.com,Utrecht,2021-05-17
8560,Lotte,Peters,+31600008560,lotte.peters8560@example.com,Rotterdam,2021-05-28
8561,Sara,Mulder,+31600008561,sara.mulder8561@example.com,The Hague,2022-12-14
8562,Lucas,Van Dijk,+31600008562,lucas.van dijk8562@example.com,Tilburg,2024-03-27
8563,Ethan,Prins,+31600008563,ethan.prins8563@example.com,Utrecht,2022-12-25
8564,Olivia,Jansen,+31600008564,olivia.jansen8564@example.com,Amsterdam,2022-06-29
8565,Oliver,De Boer,+31600008565,oliver.de boer8565@example.com,Groningen,2021-05-09
8566,Ethan,Visser,+31600008566,ethan.visser8566@example.com,Breda,2022-02-03
8567,Nina,Smit,+31600008567,nina.smit8567@example.com,Amsterdam,2022-09-28
8568,Sara,De Boer,+31600008568,sara.de boer8568@example.com,Almere,2020-01-07
8569,Mila,De Vries,+31600008569,mila.de vries8569@example.com,Breda,2020-06-11
8570,Liam,Meijer,+31600008570,liam.meijer8570@example.com,Utrecht,2022-07-18
8571,Noah,Van Dijk,+31600008571,noah.van dijk8571@example.com,Tilburg,2022-02-09
8572,Ethan,Peters,+31600008572,ethan.peters8572@example.com,Breda,2020-09-15
8573,Mila,Jansen,+31600008573,mila.jansen8573@example.com,The Hague,2023-06-08
8574,Milan,Mulder,+31600008574,milan.mulder8574@example.com,Nijmegen,2020-02-02
8575,Mason,Smit,+31600008575,mason.smit8575@example.com,Breda,2020-10-10
8576,Milan,Willems,+31600008576,milan.willems8576@example.com,Amsterdam,2022-09-27
8577,Mila,Kok,+31600008577,mila.kok8577@example.com,The Hague,2021-07-30
8578,Liam,Visser,+31600008578,liam.visser8578@example.com,Breda,2023-01-16
8579,Liam,Willems,+31600008579,liam.willems8579@example.com,Utrecht,2022-07-04
8580,Levi,De Vries,+31600008580,levi.de vries8580@example.com,Nijmegen,2020-11-02
8581,Finn,Willems,+31600008581,finn.willems8581@example.com,Groningen,2021-11-29
8582,Olivia,Meijer,+31600008582,olivia.meijer8582@example.com,Almere,2022-06-10
8583,Sara,Meijer,+31600008583,sara.meijer8583@example.com,Amsterdam,2022-11-02
8584,Eva,De Boer,+31600008584,eva.de boer8584@example.com,Utrecht,2020-11-07
8585,Noah,Prins,+31600008585,noah.prins8585@example.com,Eindhoven,2020-08-20
8586,Sophia,Dekker,+31600008586,sophia.dekker8586@example.com,The Hague,2022-04-21
8587,Mason,Bakker,+31600008587,mason.bakker8587@example.com,Groningen,2020-04-17
8588,Sophia,Prins,+31600008588,sophia.prins8588@example.com,Amsterdam,2020-04-20
8589,Mila,Vos,+31600008589,mila.vos8589@example.com,Tilburg,2021-05-04
8590,Oliver,Bos,+31600008590,oliver.bos8590@example.com,The Hague,2024-07-09
8591,Levi,Schouten,+31600008591,levi.schouten8591@example.com,Tilburg,2021-10-18
8592,Finn,Van Dijk,+31600008592,finn.van dijk8592@example.com,Groningen,2022-12-17
8593,Liam,Vos,+31600008593,liam.vos8593@example.com,Almere,2023-05-04
8594,Mila,Prins,+31600008594,mila.prins8594@example.com,Almere,2023-07-04
8595,Anna,Meijer,+31600008595,anna.meijer8595@example.com,Rotterdam,2024-03-29
8596,Lucas,Mulder,+31600008596,lucas.mulder8596@example.com,Breda,2023-12-05
8597,Mila,Dekker,+31600008597,mila.dekker8597@example.com,The Hague,2022-12-14
8598,Lucas,Vos,+31600008598,lucas.vos8598@example.com,Groningen,2021-03-04
8599,Liam,Smit,+31600008599,liam.smit8599@example.com,Almere,2022-09-23
8600,Oliver,Schouten,+31600008600,oliver.schouten8600@example.com,Nijmegen,2024-10-15
8601,Nina,Kok,+31600008601,nina.kok8601@example.com,Utrecht,2021-09-10
8602,Emma,Willems,+31600008602,emma.willems8602@example.com,Tilburg,2024-07-01
8603,Lotte,Jansen,+31600008603,lotte.jansen8603@example.com,Nijmegen,2024-08-04
8604,Liam,Bos,+31600008604,liam.bos8604@example.com,The Hague,2020-02-25
8605,Lucas,Bos,+31600008605,lucas.bos8605@example.com,Almere,2021-12-18
8606,Mason,De Vries,+31600008606,mason.de vries8606@example.com,Eindhoven,2020-10-21
8607,Noah,Visser,+31600008607,noah.visser8607@example.com,Breda,2023-05-05
8608,Finn,De Boer,+31600008608,finn.de boer8608@example.com,The Hague,2022-08-25
8609,Mila,Jacobs,+31600008609,mila.jacobs8609@example.com,Tilburg,2021-01-05
8610,Lucas,Smit,+31600008610,lucas.smit8610@example.com,Almere,2024-07-07
8611,Nina,Vos,+31600008611,nina.vos8611@example.com,Eindhoven,2023-06-09
8612,Mila,Prins,+31600008612,mila.prins8612@example.com,Almere,2022-07-20
8613,Levi,Mulder,+31600008613,levi.mulder8613@example.com,Rotterdam,2024-08-10
8614,Levi,Meijer,+31600008614,levi.meijer8614@example.com,Almere,2023-03-02
8615,Sara,Van Dijk,+31600008615,sara.van dijk8615@example.com,Tilburg,2021-07-26
8616,Milan,Smit,+31600008616,milan.smit8616@example.com,Tilburg,2022-07-25
8617,Lotte,Jacobs,+31600008617,lotte.jacobs8617@example.com,Utrecht,2023-04-11
8618,Nina,Visser,+31600008618,nina.visser8618@example.com,Rotterdam,2020-02-20
8619,Ethan,Hendriks,+31600008619,ethan.hendriks8619@example.com,Almere,2022-05-12
8620,Ethan,Meijer,+31600008620,ethan.meijer8620@example.com,Eindhoven,2023-02-09
8621,Sophia,Dekker,+31600008621,sophia.dekker8621@example.com,Rotterdam,2022-03-11
8622,Liam,Jansen,+31600008622,liam.jansen8622@example.com,Tilburg,2020-09-29
8623,Daan,Visser,+31600008623,daan.visser8623@example.com,Amsterdam,2024-03-01
8624,Ethan,Van Dijk,+31600008624,ethan.van dijk8624@example.com,Utrecht,2024-07-19
8625,Anna,Dekker,+31600008625,anna.dekker8625@example.com,Groningen,2020-02-03
8626,Noah,Smit,+31600008626,noah.smit8626@example.com,The Hague,2024-05-06
8627,Sara,Mulder,+31600008627,sara.mulder8627@example.com,Amsterdam,2022-08-12
8628,Milan,Vos,+31600008628,milan.vos8628@example.com,Utrecht,2022-04-14
8629,Ethan,Prins,+31600008629,ethan.prins8629@example.com,Breda,2022-01-12
8630,Olivia,Bos,+31600008630,olivia.bos8630@example.com,Rotterdam,2020-04-02
8631,Nina,Visser,+31600008631,nina.visser8631@example.com,Nijmegen,2021-06-12
8632,Mila,Meijer,+31600008632,mila.meijer8632@example.com,Groningen,2022-04-14
8633,Finn,De Vries,+31600008633,finn.de vries8633@example.com,Nijmegen,2022-10-07
8634,Emma,Vos,+31600008634,emma.vos8634@example.com,Eindhoven,2023-01-22
8635,Julia,Dekker,+31600008635,julia.dekker8635@example.com,The Hague,2023-12-18
8636,Nina,Smit,+31600008636,nina.smit8636@example.com,Amsterdam,2023-06-19
8637,Julia,Jansen,+31600008637,julia.jansen8637@example.com,The Hague,2020-06-14
8638,Lotte,Prins,+31600008638,lotte.prins8638@example.com,The Hague,2020-07-04
8639,Ethan,Kuiper,+31600008639,ethan.kuiper8639@example.com,Breda,2024-05-10
8640,Noah,Kok,+31600008640,noah.kok8640@example.com,Breda,2024-01-18
8641,Anna,Peters,+31600008641,anna.peters8641@example.com,Rotterdam,2022-07-25
8642,Nina,Jansen,+31600008642,nina.jansen8642@example.com,Groningen,2021-08-23
8643,Lucas,Van Dijk,+31600008643,lucas.van dijk8643@example.com,Eindhoven,2023-08-19
8644,Sara,Prins,+31600008644,sara.prins8644@example.com,Breda,2022-07-31
8645,Lucas,Vos,+31600008645,lucas.vos8645@example.com,Almere,2021-06-03
8646,Mason,Kok,+31600008646,mason.kok8646@example.com,Eindhoven,2024-04-09
8647,Lotte,Hendriks,+31600008647,lotte.hendriks8647@example.com,The Hague,2022-12-09
8648,Julia,Bakker,+31600008648,julia.bakker8648@example.com,Nijmegen,2021-03-22
8649,Anna,De Vries,+31600008649,anna.de vries8649@example.com,Utrecht,2023-02-04
8650,Emma,De Vries,+31600008650,emma.de vries8650@example.com,Rotterdam,2023-05-20
8651,Liam,De Boer,+31600008651,liam.de boer8651@example.com,Tilburg,2020-12-02
8652,Ethan,Kuiper,+31600008652,ethan.kuiper8652@example.com,Nijmegen,2024-01-27
8653,Lotte,Vos,+31600008653,lotte.vos8653@example.com,Breda,2023-11-06
8654,Daan,Jacobs,+31600008654,daan.jacobs8654@example.com,Nijmegen,2024-08-02
8655,Mason,Hendriks,+31600008655,mason.hendriks8655@example.com,Amsterdam,2020-07-02
8656,Nina,Prins,+31600008656,nina.prins8656@example.com,Groningen,2023-03-08
8657,Lucas,Kuiper,+31600008657,lucas.kuiper8657@example.com,The Hague,2020-11-11
8658,Sophia,Kuiper,+31600008658,sophia.kuiper8658@example.com,The Hague,2024-07-01
8659,Milan,Dekker,+31600008659,milan.dekker8659@example.com,The Hague,2022-03-13
8660,Emma,Schouten,+31600008660,emma.schouten8660@example.com,Tilburg,2020-03-25
8661,Liam,Prins,+31600008661,liam.prins8661@example.com,Almere,2022-07-25
8662,Nina,Schouten,+31600008662,nina.schouten8662@example.com,Rotterdam,2023-10-06
8663,Sara,Willems,+31600008663,sara.willems8663@example.com,Breda,2023-04-23
8664,Mila,Mulder,+31600008664,mila.mulder8664@example.com,Amsterdam,2020-07-13
8665,Finn,Van Dijk,+31600008665,finn.van dijk8665@example.com,Amsterdam,2020-03-11
8666,Julia,De Boer,+31600008666,julia.de boer8666@example.com,Rotterdam,2020-10-28
8667,Julia,Hendriks,+31600008667,julia.hendriks8667@example.com,Utrecht,2021-05-30
8668,Mila,Peters,+31600008668,mila.peters8668@example.com,Utrecht,2020-06-29
8669,Lucas,Kuiper,+31600008669,lucas.kuiper8669@example.com,Rotterdam,2021-01-11
8670,Julia,Bakker,+31600008670,julia.bakker8670@example.com,Almere,2020-11-20
8671,Sara,Vos,+31600008671,sara.vos8671@example.com,Nijmegen,2021-06-28
8672,Anna,Dekker,+31600008672,anna.dekker8672@example.com,Breda,2024-08-04
8673,Milan,Jacobs,+31600008673,milan.jacobs8673@example.com,Amsterdam,2024-01-26
8674,Milan,Vos,+31600008674,milan.vos8674@example.com,Rotterdam,2024-02-28
8675,Liam,Dekker,+31600008675,liam.dekker8675@example.com,Groningen,2020-05-26
8676,Noah,Meijer,+31600008676,noah.meijer8676@example.com,Eindhoven,2022-07-03
8677,Sophia,Meijer,+31600008677,sophia.meijer8677@example.com,Nijmegen,2023-08-06
8678,Milan,Hendriks,+31600008678,milan.hendriks8678@example.com,Amsterdam,2020-04-14
8679,Daan,Prins,+31600008679,daan.prins8679@example.com,Amsterdam,2022-02-17
8680,Lotte,Meijer,+31600008680,lotte.meijer8680@example.com,Groningen,2023-01-30
8681,Eva,Jacobs,+31600008681,eva.jacobs8681@example.com,Almere,2024-10-25
8682,Nina,De Boer,+31600008682,nina.de boer8682@example.com,Almere,2023-05-08
8683,Mason,Peters,+31600008683,mason.peters8683@example.com,Amsterdam,2020-12-24
8684,Mason,Vos,+31600008684,mason.vos8684@example.com,Groningen,2023-03-31
8685,Finn,Schouten,+31600008685,finn.schouten8685@example.com,Utrecht,2022-01-09
8686,Oliver,Visser,+31600008686,oliver.visser8686@example.com,Amsterdam,2021-07-05
8687,Mila,Vos,+31600008687,mila.vos8687@example.com,Amsterdam,2024-05-25
8688,Daan,Bos,+31600008688,daan.bos8688@example.com,Groningen,2024-06-29
8689,Sara,Kuiper,+31600008689,sara.kuiper8689@example.com,Tilburg,2020-12-18
8690,Mason,De Vries,+31600008690,mason.de vries8690@example.com,The Hague,2021-06-28
8691,Milan,Van Dijk,+31600008691,milan.van dijk8691@example.com,The Hague,2020-08-30
8692,Liam,Meijer,+31600008692,liam.meijer8692@example.com,Eindhoven,2022-06-07
8693,Noah,Visser,+31600008693,noah.visser8693@example.com,Groningen,2024-01-18
8694,Liam,Bos,+31600008694,liam.bos8694@example.com,Utrecht,2022-12-22
8695,Daan,Bakker,+31600008695,daan.bakker8695@example.com,Groningen,2021-06-22
8696,Lotte,Kuiper,+31600008696,lotte.kuiper8696@example.com,Nijmegen,2024-10-28
8697,Emma,Meijer,+31600008697,emma.meijer8697@example.com,Eindhoven,2020-07-12
8698,Sara,De Vries,+31600008698,sara.de vries8698@example.com,Utrecht,2022-12-02
8699,Finn,Kuiper,+31600008699,finn.kuiper8699@example.com,The Hague,2021-03-18
8700,Lucas,Kok,+31600008700,lucas.kok8700@example.com,The Hague,2021-08-09
8701,Noah,Van Dijk,+31600008701,noah.van dijk8701@example.com,Tilburg,2024-05-07
8702,Lotte,Bakker,+31600008702,lotte.bakker8702@example.com,Amsterdam,2022-05-12
8703,Emma,Bos,+31600008703,emma.bos8703@example.com,The Hague,2024-08-23
8704,Noah,Bos,+31600008704,noah.bos8704@example.com,Utrecht,2022-08-24
8705,Anna,Jacobs,+31600008705,anna.jacobs8705@example.com,Groningen,2022-12-28
8706,Mason,De Boer,+31600008706,mason.de boer8706@example.com,Eindhoven,2023-06-24
8707,Julia,Meijer,+31600008707,julia.meijer8707@example.com,The Hague,2022-06-07
8708,Ethan,Smit,+31600008708,ethan.smit8708@example.com,Amsterdam,2024-05-14
8709,Eva,Meijer,+31600008709,eva.meijer8709@example.com,Groningen,2024-04-08
8710,Lucas,Peters,+31600008710,lucas.peters8710@example.com,Rotterdam,2020-09-15
8711,Oliver,Jansen,+31600008711,oliver.jansen8711@example.com,Nijmegen,2023-08-07
8712,Olivia,Visser,+31600008712,olivia.visser8712@example.com,Rotterdam,2021-06-01
8713,Mason,Jacobs,+31600008713,mason.jacobs8713@example.com,Almere,2023-09-20
8714,Noah,Jacobs,+31600008714,noah.jacobs8714@example.com,Nijmegen,2021-05-29
8715,Lotte,De Boer,+31600008715,lotte.de boer8715@example.com,Nijmegen,2021-12-26
8716,Noah,Dekker,+31600008716,noah.dekker8716@example.com,Amsterdam,2024-05-24
8717,Olivia,Willems,+31600008717,olivia.willems8717@example.com,The Hague,2020-05-01
8718,Oliver,Smit,+31600008718,oliver.smit8718@example.com,Almere,2020-06-27
8719,Emma,Jacobs,+31600008719,emma.jacobs8719@example.com,Tilburg,2024-07-29
8720,Sara,Meijer,+31600008720,sara.meijer8720@example.com,Breda,2024-01-05
8721,Liam,Bakker,+31600008721,liam.bakker8721@example.com,Utrecht,2021-06-16
8722,Anna,Mulder,+31600008722,anna.mulder8722@example.com,Tilburg,2023-11-16
8723,Mila,Peters,+31600008723,mila.peters8723@example.com,Almere,2020-01-12
8724,Sara,Van Dijk,+31600008724,sara.van dijk8724@example.com,Almere,2023-11-12
8725,Levi,De Vries,+31600008725,levi.de vries8725@example.com,Tilburg,2023-10-07
8726,Lucas,Hendriks,+31600008726,lucas.hendriks8726@example.com,Nijmegen,2022-03-12
8727,Julia,Meijer,+31600008727,julia.meijer8727@example.com,Nijmegen,2022-01-14
8728,Mila,Bakker,+31600008728,mila.bakker8728@example.com,Groningen,2024-06-22
8729,Nina,Vos,+31600008729,nina.vos8729@example.com,Eindhoven,2021-09-01
8730,Mason,Visser,+31600008730,mason.visser8730@example.com,The Hague,2020-03-27
8731,Oliver,Smit,+31600008731,oliver.smit8731@example.com,Breda,2021-12-20
8732,Liam,Schouten,+31600008732,liam.schouten8732@example.com,Amsterdam,2022-03-12
8733,Oliver,Hendriks,+31600008733,oliver.hendriks8733@example.com,Rotterdam,2021-04-19
8734,Lotte,Prins,+31600008734,lotte.prins8734@example.com,The Hague,2023-06-22
8735,Sophia,De Boer,+31600008735,sophia.de boer8735@example.com,Nijmegen,2020-08-21
8736,Liam,Jansen,+31600008736,liam.jansen8736@example.com,Tilburg,2024-02-20
8737,Sara,Kuiper,+31600008737,sara.kuiper8737@example.com,Rotterdam,2022-07-08
8738,Anna,Visser,+31600008738,anna.visser8738@example.com,Rotterdam,2020-11-14
8739,Eva,Bakker,+31600008739,eva.bakker8739@example.com,Groningen,2021-03-17
8740,Nina,Jansen,+31600008740,nina.jansen8740@example.com,Almere,2024-03-04
8741,Emma,Peters,+31600008741,emma.peters8741@example.com,Tilburg,2020-02-19
8742,Sara,Kuiper,+31600008742,sara.kuiper8742@example.com,The Hague,2020-08-15
8743,Finn,Jacobs,+31600008743,finn.jacobs8743@example.com,Almere,2024-10-27
8744,Emma,Schouten,+31600008744,emma.schouten8744@example.com,Utrecht,2023-07-05
8745,Sara,Schouten,+31600008745,sara.schouten8745@example.com,Utrecht,2022-05-03
8746,Milan,Meijer,+31600008746,milan.meijer8746@example.com,Breda,2020-02-07
8747,Ethan,Jansen,+31600008747,ethan.jansen8747@example.com,Nijmegen,2024-06-28
8748,Anna,Bakker,+31600008748,anna.bakker8748@example.com,The Hague,2022-12-06
8749,Eva,Jacobs,+31600008749,eva.jacobs8749@example.com,Groningen,2024-01-17
8750,Olivia,Dekker,+31600008750,olivia.dekker8750@example.com,Groningen,2023-03-07
8751,Sara,Hendriks,+31600008751,sara.hendriks8751@example.com,Eindhoven,2021-12-17
8752,Noah,De Vries,+31600008752,noah.de vries8752@example.com,Almere,2023-07-30
8753,Oliver,Mulder,+31600008753,oliver.mulder8753@example.com,Nijmegen,2021-12-23
8754,Lotte,Willems,+31600008754,lotte.willems8754@example.com,The Hague,2024-11-12
8755,Emma,Peters,+31600008755,emma.peters8755@example.com,Eindhoven,2024-06-20
8756,Julia,De Boer,+31600008756,julia.de boer8756@example.com,Amsterdam,2020-07-24
8757,Sara,De Boer,+31600008757,sara.de boer8757@example.com,Nijmegen,2024-04-23
8758,Liam,Meijer,+31600008758,liam.meijer8758@example.com,Groningen,2024-02-29
8759,Sara,De Vries,+31600008759,sara.de vries8759@example.com,Amsterdam,2023-09-25
8760,Nina,De Vries,+31600008760,nina.de vries8760@example.com,Rotterdam,2022-12-15
8761,Finn,Hendriks,+31600008761,finn.hendriks8761@example.com,Tilburg,2024-03-25
8762,Lotte,Meijer,+31600008762,lotte.meijer8762@example.com,Rotterdam,2024-09-15
8763,Daan,Peters,+31600008763,daan.peters8763@example.com,Nijmegen,2020-10-26
8764,Oliver,Kok,+31600008764,oliver.kok8764@example.com,Tilburg,2022-07-07
8765,Levi,Jansen,+31600008765,levi.jansen8765@example.com,Rotterdam,2022-03-04
8766,Levi,Visser,+31600008766,levi.visser8766@example.com,Groningen,2021-11-04
8767,Sara,Willems,+31600008767,sara.willems8767@example.com,Tilburg,2024-06-14
8768,Sara,Bos,+31600008768,sara.bos8768@example.com,Amsterdam,2020-12-30
8769,Olivia,Visser,+31600008769,olivia.visser8769@example.com,Rotterdam,2023-11-30
8770,Sara,Peters,+31600008770,sara.peters8770@example.com,Eindhoven,2020-09-21
8771,Lucas,Bakker,+31600008771,lucas.bakker8771@example.com,The Hague,2022-04-08
8772,Mila,Jacobs,+31600008772,mila.jacobs8772@example.com,Almere,2022-03-08
8773,Sophia,Smit,+31600008773,sophia.smit8773@example.com,The Hague,2021-07-20
8774,Olivia,De Boer,+31600008774,olivia.de boer8774@example.com,Tilburg,2021-07-06
8775,Ethan,Kuiper,+31600008775,ethan.kuiper8775@example.com,Amsterdam,2021-02-26
8776,Finn,Vos,+31600008776,finn.vos8776@example.com,Tilburg,2021-03-06
8777,Lucas,Peters,+31600008777,lucas.peters8777@example.com,Breda,2020-10-04
8778,Noah,Smit,+31600008778,noah.smit8778@example.com,Utrecht,2024-10-15
8779,Olivia,Mulder,+31600008779,olivia.mulder8779@example.com,Tilburg,2023-12-15
8780,Finn,Dekker,+31600008780,finn.dekker8780@example.com,Utrecht,2023-02-24
8781,Sara,Schouten,+31600008781,sara.schouten8781@example.com,Breda,2022-12-15
8782,Milan,Kok,+31600008782,milan.kok8782@example.com,Rotterdam,2022-10-30
8783,Milan,Bakker,+31600008783,milan.bakker8783@example.com,Utrecht,2022-11-26
8784,Lucas,Visser,+31600008784,lucas.visser8784@example.com,Utrecht,2020-01-27
8785,Emma,Vos,+31600008785,emma.vos8785@example.com,Almere,2021-10-16
8786,Ethan,Mulder,+31600008786,ethan.mulder8786@example.com,Groningen,2023-11-05
8787,Finn,Jacobs,+31600008787,finn.jacobs8787@example.com,Nijmegen,2024-05-20
8788,Lotte,Bos,+31600008788,lotte.bos8788@example.com,Amsterdam,2023-04-27
8789,Milan,Peters,+31600008789,milan.peters8789@example.com,Tilburg,2020-06-01
8790,Levi,De Boer,+31600008790,levi.de boer8790@example.com,Eindhoven,2022-06-19
8791,Mason,Vos,+31600008791,mason.vos8791@example.com,Amsterdam,2023-09-11
8792,Lotte,Vos,+31600008792,lotte.vos8792@example.com,Amsterdam,2023-10-01
8793,Noah,Vos,+31600008793,noah.vos8793@example.com,Almere,2023-06-20
8794,Anna,Jacobs,+31600008794,anna.jacobs8794@example.com,Almere,2020-08-20
8795,Sophia,De Vries,+31600008795,sophia.de vries8795@example.com,Almere,2022-08-16
8796,Liam,Kok,+31600008796,liam.kok8796@example.com,Groningen,2023-04-16
8797,Finn,Dekker,+31600008797,finn.dekker8797@example.com,Nijmegen,2020-03-03
8798,Liam,Vos,+31600008798,liam.vos8798@example.com,Breda,2021-03-13
8799,Olivia,Meijer,+31600008799,olivia.meijer8799@example.com,Almere,2022-07-09
8800,Eva,Kuiper,+31600008800,eva.kuiper8800@example.com,Utrecht,2022-12-21
8801,Anna,Jansen,+31600008801,anna.jansen8801@example.com,Amsterdam,2023-04-17
8802,Lotte,De Boer,+31600008802,lotte.de boer8802@example.com,The Hague,2021-07-03
8803,Emma,Schouten,+31600008803,emma.schouten8803@example.com,Rotterdam,2020-08-16
8804,Ethan,Prins,+31600008804,ethan.prins8804@example.com,Almere,2021-05-19
8805,Oliver,Peters,+31600008805,oliver.peters8805@example.com,Groningen,2022-01-31
8806,Sara,De Boer,+31600008806,sara.de boer8806@example.com,Rotterdam,2023-10-16
8807,Eva,Hendriks,+31600008807,eva.hendriks8807@example.com,Tilburg,2024-03-19
8808,Anna,Jansen,+31600008808,anna.jansen8808@example.com,Nijmegen,2021-07-15
8809,Liam,Jacobs,+31600008809,liam.jacobs8809@example.com,Utrecht,2024-04-07
8810,Noah,De Boer,+31600008810,noah.de boer8810@example.com,Utrecht,2023-04-09
8811,Lucas,Vos,+31600008811,lucas.vos8811@example.com,Almere,2021-01-13
8812,Lotte,Dekker,+31600008812,lotte.dekker8812@example.com,Groningen,2020-09-05
8813,Mila,Bos,+31600008813,mila.bos8813@example.com,Tilburg,2023-05-01
8814,Ethan,Jacobs,+31600008814,ethan.jacobs8814@example.com,Utrecht,2023-08-31
8815,Anna,Van Dijk,+31600008815,anna.van dijk8815@example.com,Amsterdam,2023-09-04
8816,Eva,Jansen,+31600008816,eva.jansen8816@example.com,Almere,2021-10-05
8817,Mason,Vos,+31600008817,mason.vos8817@example.com,Groningen,2020-05-16
8818,Anna,Jacobs,+31600008818,anna.jacobs8818@example.com,Groningen,2020-08-18
8819,Oliver,Hendriks,+31600008819,oliver.hendriks8819@example.com,Tilburg,2020-12-05
8820,Sophia,Prins,+31600008820,sophia.prins8820@example.com,Rotterdam,2021-11-28
8821,Daan,Jansen,+31600008821,daan.jansen8821@example.com,The Hague,2022-09-24
8822,Finn,Jansen,+31600008822,finn.jansen8822@example.com,Almere,2024-04-09
8823,Emma,Hendriks,+31600008823,emma.hendriks8823@example.com,Groningen,2022-10-02
8824,Lotte,Kok,+31600008824,lotte.kok8824@example.com,Utrecht,2024-03-06
8825,Olivia,Smit,+31600008825,olivia.smit8825@example.com,Rotterdam,2022-05-12
8826,Noah,De Boer,+31600008826,noah.de boer8826@example.com,The Hague,2020-11-04
8827,Eva,Vos,+31600008827,eva.vos8827@example.com,The Hague,2023-01-21
8828,Lotte,Kuiper,+31600008828,lotte.kuiper8828@example.com,Nijmegen,2020-07-21
8829,Eva,Peters,+31600008829,eva.peters8829@example.com,Nijmegen,2020-09-15
8830,Eva,De Boer,+31600008830,eva.de boer8830@example.com,The Hague,2020-10-04
8831,Julia,De Vries,+31600008831,julia.de vries8831@example.com,Eindhoven,2022-08-02
8832,Olivia,Bos,+31600008832,olivia.bos8832@example.com,Utrecht,2021-04-24
8833,Mila,Prins,+31600008833,mila.prins8833@example.com,Tilburg,2020-06-20
8834,Sophia,Mulder,+31600008834,sophia.mulder8834@example.com,Nijmegen,2024-04-06
8835,Daan,Peters,+31600008835,daan.peters8835@example.com,Breda,2023-12-05
8836,Lotte,Bos,+31600008836,lotte.bos8836@example.com,Tilburg,2021-04-23
8837,Mila,Smit,+31600008837,mila.smit8837@example.com,Tilburg,2024-06-05
8838,Levi,De Vries,+31600008838,levi.de vries8838@example.com,Groningen,2021-07-28
8839,Lucas,Mulder,+31600008839,lucas.mulder8839@example.com,Almere,2024-04-25
8840,Finn,Jacobs,+31600008840,finn.jacobs8840@example.com,Almere,2023-08-09
8841,Finn,Jansen,+31600008841,finn.jansen8841@example.com,Tilburg,2024-08-26
8842,Julia,Schouten,+31600008842,julia.schouten8842@example.com,Amsterdam,2021-10-20
8843,Lotte,Peters,+31600008843,lotte.peters8843@example.com,The Hague,2022-04-02
8844,Anna,Jansen,+31600008844,anna.jansen8844@example.com,Utrecht,2023-04-16
8845,Lucas,Jacobs,+31600008845,lucas.jacobs8845@example.com,Eindhoven,2022-09-19
8846,Daan,Van Dijk,+31600008846,daan.van dijk8846@example.com,Almere,2022-09-23
8847,Olivia,Meijer,+31600008847,olivia.meijer8847@example.com,Amsterdam,2024-02-25
8848,Nina,Jansen,+31600008848,nina.jansen8848@example.com,Tilburg,2021-07-13
8849,Levi,Visser,+31600008849,levi.visser8849@example.com,Groningen,2022-07-19
8850,Emma,Kok,+31600008850,emma.kok8850@example.com,Utrecht,2022-05-29
8851,Mason,Smit,+31600008851,mason.smit8851@example.com,Utrecht,2020-02-19
8852,Sophia,Peters,+31600008852,sophia.peters8852@example.com,Eindhoven,2020-04-12
8853,Oliver,Prins,+31600008853,oliver.prins8853@example.com,Tilburg,2021-09-08
8854,Julia,Jacobs,+31600008854,julia.jacobs8854@example.com,Nijmegen,2021-01-10
8855,Ethan,Hendriks,+31600008855,ethan.hendriks8855@example.com,Nijmegen,2020-09-05
8856,Olivia,Visser,+31600008856,olivia.visser8856@example.com,Amsterdam,2023-06-28
8857,Liam,Jansen,+31600008857,liam.jansen8857@example.com,The Hague,2023-06-17
8858,Daan,Smit,+31600008858,daan.smit8858@example.com,Groningen,2020-10-13
8859,Milan,Peters,+31600008859,milan.peters8859@example.com,Nijmegen,2022-03-01
8860,Sara,Peters,+31600008860,sara.peters8860@example.com,Eindhoven,2021-03-03
8861,Anna,Bakker,+31600008861,anna.bakker8861@example.com,Tilburg,2021-06-26
8862,Sara,Mulder,+31600008862,sara.mulder8862@example.com,Rotterdam,2022-06-09
8863,Daan,Visser,+31600008863,daan.visser8863@example.com,Amsterdam,2023-01-15
8864,Noah,Meijer,+31600008864,noah.meijer8864@example.com,Breda,2020-02-07
8865,Sophia,Vos,+31600008865,sophia.vos8865@example.com,Almere,2021-03-03
8866,Milan,Kok,+31600008866,milan.kok8866@example.com,Tilburg,2020-11-13
8867,Noah,De Boer,+31600008867,noah.de boer8867@example.com,Tilburg,2020-01-22
8868,Emma,Smit,+31600008868,emma.smit8868@example.com,Rotterdam,2020-11-01
8869,Emma,Van Dijk,+31600008869,emma.van dijk8869@example.com,Groningen,2020-01-15
8870,Sara,Schouten,+31600008870,sara.schouten8870@example.com,Amsterdam,2024-10-26
8871,Milan,Kok,+31600008871,milan.kok8871@example.com,Utrecht,2021-01-10
8872,Sophia,Hendriks,+31600008872,sophia.hendriks8872@example.com,Almere,2020-09-21
8873,Nina,Kuiper,+31600008873,nina.kuiper8873@example.com,Tilburg,2024-08-08
8874,Levi,Visser,+31600008874,levi.visser8874@example.com,Almere,2022-01-22
8875,Anna,Schouten,+31600008875,anna.schouten8875@example.com,Groningen,2022-08-05
8876,Sara,Prins,+31600008876,sara.prins8876@example.com,Nijmegen,2022-09-12
8877,Olivia,De Vries,+31600008877,olivia.de vries8877@example.com,Rotterdam,2023-12-27
8878,Emma,Peters,+31600008878,emma.peters8878@example.com,Amsterdam,2022-10-06
8879,Eva,De Vries,+31600008879,eva.de vries8879@example.com,Groningen,2021-06-19
8880,Eva,Mulder,+31600008880,eva.mulder8880@example.com,Tilburg,2022-07-19
8881,Daan,Jansen,+31600008881,daan.jansen8881@example.com,Almere,2023-04-26
8882,Nina,Smit,+31600008882,nina.smit8882@example.com,Almere,2021-05-17
8883,Oliver,Kuiper,+31600008883,oliver.kuiper8883@example.com,Nijmegen,2022-02-16
8884,Oliver,Hendriks,+31600008884,oliver.hendriks8884@example.com,Almere,2021-03-08
8885,Mason,Vos,+31600008885,mason.vos8885@example.com,Eindhoven,2021-03-15
8886,Anna,Meijer,+31600008886,anna.meijer8886@example.com,Eindhoven,2023-11-01
8887,Anna,De Vries,+31600008887,anna.de vries8887@example.com,Eindhoven,2022-03-13
8888,Lucas,Jansen,+31600008888,lucas.jansen8888@example.com,Tilburg,2021-06-17
8889,Emma,Bos,+31600008889,emma.bos8889@example.com,Utrecht,2023-07-28
8890,Levi,Prins,+31600008890,levi.prins8890@example.com,Groningen,2022-06-05
8891,Nina,Kuiper,+31600008891,nina.kuiper8891@example.com,Rotterdam,2020-06-08
8892,Lucas,Prins,+31600008892,lucas.prins8892@example.com,Almere,2024-11-17
8893,Oliver,Jansen,+31600008893,oliver.jansen8893@example.com,Almere,2024-01-04
8894,Anna,Bos,+31600008894,anna.bos8894@example.com,The Hague,2024-03-13
8895,Liam,Dekker,+31600008895,liam.dekker8895@example.com,Amsterdam,2020-12-21
8896,Anna,Jansen,+31600008896,anna.jansen8896@example.com,Eindhoven,2021-11-24
8897,Finn,Peters,+31600008897,finn.peters8897@example.com,Eindhoven,2023-04-19
8898,Noah,Visser,+31600008898,noah.visser8898@example.com,The Hague,2024-05-08
8899,Julia,De Vries,+31600008899,julia.de vries8899@example.com,Nijmegen,2022-01-05
8900,Oliver,Prins,+31600008900,oliver.prins8900@example.com,Amsterdam,2021-05-01
8901,Milan,Prins,+31600008901,milan.prins8901@example.com,Groningen,2021-05-04
8902,Milan,Jacobs,+31600008902,milan.jacobs8902@example.com,Groningen,2020-06-29
8903,Sophia,De Boer,+31600008903,sophia.de boer8903@example.com,Eindhoven,2022-07-23
8904,Noah,Jacobs,+31600008904,noah.jacobs8904@example.com,Almere,2023-12-26
8905,Milan,Vos,+31600008905,milan.vos8905@example.com,Nijmegen,2022-12-06
8906,Eva,Schouten,+31600008906,eva.schouten8906@example.com,Rotterdam,2020-11-04
8907,Levi,Jacobs,+31600008907,levi.jacobs8907@example.com,The Hague,2021-08-14
8908,Emma,Mulder,+31600008908,emma.mulder8908@example.com,Groningen,2021-06-18
8909,Sophia,Bos,+31600008909,sophia.bos8909@example.com,Utrecht,2024-11-19
8910,Sophia,Bos,+31600008910,sophia.bos8910@example.com,Breda,2024-04-10
8911,Eva,Visser,+31600008911,eva.visser8911@example.com,Eindhoven,2024-05-11
8912,Eva,Visser,+31600008912,eva.visser8912@example.com,Nijmegen,2021-09-05
8913,Sophia,Schouten,+31600008913,sophia.schouten8913@example.com,Rotterdam,2023-05-22
8914,Finn,Bakker,+31600008914,finn.bakker8914@example.com,Amsterdam,2021-11-24
8915,Daan,Hendriks,+31600008915,daan.hendriks8915@example.com,Groningen,2024-02-29
8916,Anna,Vos,+31600008916,anna.vos8916@example.com,Utrecht,2022-08-11
8917,Noah,Peters,+31600008917,noah.peters8917@example.com,Amsterdam,2021-08-10
8918,Lotte,Van Dijk,+31600008918,lotte.van dijk8918@example.com,Tilburg,2022-10-15
8919,Milan,Peters,+31600008919,milan.peters8919@example.com,Eindhoven,2020-05-26
8920,Ethan,Visser,+31600008920,ethan.visser8920@example.com,Groningen,2023-10-16
8921,Noah,Kok,+31600008921,noah.kok8921@example.com,Breda,2021-04-14
8922,Mason,Vos,+31600008922,mason.vos8922@example.com,Amsterdam,2021-12-11
8923,Finn,Jacobs,+31600008923,finn.jacobs8923@example.com,Groningen,2021-02-02
8924,Sophia,Prins,+31600008924,sophia.prins8924@example.com,The Hague,2020-05-07
8925,Noah,Vos,+31600008925,noah.vos8925@example.com,Rotterdam,2024-04-16
8926,Milan,Jansen,+31600008926,milan.jansen8926@example.com,Amsterdam,2020-09-18
8927,Liam,Prins,+31600008927,liam.prins8927@example.com,Rotterdam,2021-10-25
8928,Julia,Schouten,+31600008928,julia.schouten8928@example.com,Rotterdam,2023-04-01
8929,Noah,Schouten,+31600008929,noah.schouten8929@example.com,Tilburg,2020-05-14
8930,Mason,De Boer,+31600008930,mason.de boer8930@example.com,Amsterdam,2024-06-21
8931,Ethan,Jansen,+31600008931,ethan.jansen8931@example.com,Breda,2021-07-24
8932,Oliver,Meijer,+31600008932,oliver.meijer8932@example.com,Utrecht,2021-02-04
8933,Oliver,De Vries,+31600008933,oliver.de vries8933@example.com,Eindhoven,2022-07-10
8934,Daan,Vos,+31600008934,daan.vos8934@example.com,Eindhoven,2024-10-07
8935,Emma,Meijer,+31600008935,emma.meijer8935@example.com,Almere,2020-08-07
8936,Lotte,Mulder,+31600008936,lotte.mulder8936@example.com,Amsterdam,2023-06-07
8937,Daan,Bos,+31600008937,daan.bos8937@example.com,The Hague,2022-05-22
8938,Nina,Bakker,+31600008938,nina.bakker8938@example.com,Breda,2020-05-29
8939,Oliver,Bos,+31600008939,oliver.bos8939@example.com,Tilburg,2023-06-19
8940,Julia,Prins,+31600008940,julia.prins8940@example.com,Rotterdam,2023-01-14
8941,Sophia,De Boer,+31600008941,sophia.de boer8941@example.com,Almere,2022-03-18
8942,Julia,Willems,+31600008942,julia.willems8942@example.com,Groningen,2023-07-03
8943,Liam,Mulder,+31600008943,liam.mulder8943@example.com,The Hague,2020-03-13
8944,Sara,Smit,+31600008944,sara.smit8944@example.com,Nijmegen,2020-06-15
8945,Lucas,Jacobs,+31600008945,lucas.jacobs8945@example.com,Tilburg,2024-01-28
8946,Eva,Hendriks,+31600008946,eva.hendriks8946@example.com,The Hague,2020-09-09
8947,Liam,Smit,+31600008947,liam.smit8947@example.com,The Hague,2022-05-08
8948,Levi,Van Dijk,+31600008948,levi.van dijk8948@example.com,Eindhoven,2024-01-13
8949,Liam,Willems,+31600008949,liam.willems8949@example.com,Breda,2023-03-01
8950,Mason,Bos,+31600008950,mason.bos8950@example.com,Nijmegen,2021-11-11
8951,Liam,Jacobs,+31600008951,liam.jacobs8951@example.com,Eindhoven,2023-12-03
8952,Ethan,Prins,+31600008952,ethan.prins8952@example.com,Rotterdam,2020-12-22
8953,Emma,Hendriks,+31600008953,emma.hendriks8953@example.com,Utrecht,2024-11-30
8954,Daan,Visser,+31600008954,daan.visser8954@example.com,Nijmegen,2022-02-25
8955,Eva,Hendriks,+31600008955,eva.hendriks8955@example.com,Rotterdam,2023-03-06
8956,Lucas,Jacobs,+31600008956,lucas.jacobs8956@example.com,Utrecht,2024-01-20
8957,Daan,De Boer,+31600008957,daan.de boer8957@example.com,Amsterdam,2022-03-13
8958,Lotte,Van Dijk,+31600008958,lotte.van dijk8958@example.com,Groningen,2022-05-06
8959,Emma,Jacobs,+31600008959,emma.jacobs8959@example.com,Nijmegen,2020-07-21
8960,Daan,Vos,+31600008960,daan.vos8960@example.com,Utrecht,2024-03-04
8961,Olivia,Dekker,+31600008961,olivia.dekker8961@example.com,Rotterdam,2024-01-05
8962,Finn,Van Dijk,+31600008962,finn.van dijk8962@example.com,Almere,2022-07-20
8963,Nina,Bakker,+31600008963,nina.bakker8963@example.com,Groningen,2022-10-23
8964,Anna,Jacobs,+31600008964,anna.jacobs8964@example.com,Nijmegen,2022-08-19
8965,Sophia,Prins,+31600008965,sophia.prins8965@example.com,Breda,2022-07-14
8966,Nina,Mulder,+31600008966,nina.mulder8966@example.com,Utrecht,2021-06-26
8967,Eva,Hendriks,+31600008967,eva.hendriks8967@example.com,The Hague,2022-04-12
8968,Lucas,Peters,+31600008968,lucas.peters8968@example.com,Breda,2022-01-03
8969,Liam,Prins,+31600008969,liam.prins8969@example.com,Rotterdam,2020-04-25
8970,Noah,Kok,+31600008970,noah.kok8970@example.com,Nijmegen,2023-01-20
8971,Julia,De Boer,+31600008971,julia.de boer8971@example.com,Breda,2022-09-11
8972,Nina,Vos,+31600008972,nina.vos8972@example.com,Groningen,2023-05-14
8973,Mila,De Boer,+31600008973,mila.de boer8973@example.com,Groningen,2023-09-20
8974,Sophia,Mulder,+31600008974,sophia.mulder8974@example.com,Breda,2022-01-20
8975,Emma,De Vries,+31600008975,emma.de vries8975@example.com,Eindhoven,2022-09-19
8976,Liam,Dekker,+31600008976,liam.dekker8976@example.com,Eindhoven,2024-11-04
8977,Eva,De Boer,+31600008977,eva.de boer8977@example.com,The Hague,2022-05-05
8978,Nina,Van Dijk,+31600008978,nina.van dijk8978@example.com,Almere,2022-03-09
8979,Lotte,Peters,+31600008979,lotte.peters8979@example.com,Tilburg,2024-04-13
8980,Nina,Schouten,+31600008980,nina.schouten8980@example.com,Tilburg,2022-09-17
8981,Lotte,Jacobs,+31600008981,lotte.jacobs8981@example.com,Groningen,2021-07-17
8982,Lotte,Vos,+31600008982,lotte.vos8982@example.com,Groningen,2021-10-14
8983,Noah,Bos,+31600008983,noah.bos8983@example.com,Nijmegen,2021-06-03
8984,Liam,Bos,+31600008984,liam.bos8984@example.com,Amsterdam,2020-06-20
8985,Sophia,Willems,+31600008985,sophia.willems8985@example.com,Amsterdam,2020-04-01
8986,Eva,Bakker,+31600008986,eva.bakker8986@example.com,Rotterdam,2023-02-07
8987,Sara,Schouten,+31600008987,sara.schouten8987@example.com,Groningen,2022-03-17
8988,Oliver,Meijer,+31600008988,oliver.meijer8988@example.com,Amsterdam,2024-04-24
8989,Anna,Van Dijk,+31600008989,anna.van dijk8989@example.com,Almere,2021-02-13
8990,Sophia,Bos,+31600008990,sophia.bos8990@example.com,Eindhoven,2020-06-12
8991,Liam,Smit,+31600008991,liam.smit8991@example.com,Eindhoven,2024-10-21
8992,Emma,Jansen,+31600008992,emma.jansen8992@example.com,Nijmegen,2023-02-20
8993,Noah,Smit,+31600008993,noah.smit8993@example.com,Eindhoven,2023-12-28
8994,Liam,Kuiper,+31600008994,liam.kuiper8994@example.com,Almere,2024-09-18
8995,Lucas,Mulder,+31600008995,lucas.mulder8995@example.com,Amsterdam,2020-03-07
8996,Mason,Van Dijk,+31600008996,mason.van dijk8996@example.com,Eindhoven,2022-01-19
8997,Lotte,Mulder,+31600008997,lotte.mulder8997@example.com,Rotterdam,2024-04-20
8998,Milan,Kok,+31600008998,milan.kok8998@example.com,The Hague,2020-01-07
8999,Levi,Jacobs,+31600008999,levi.jacobs8999@example.com,Almere,2023-02-21
9000,Noah,Van Dijk,+31600009000,noah.van dijk9000@example.com,Breda,2024-10-25
9001,Eva,Kuiper,+31600009001,eva.kuiper9001@example.com,Groningen,2021-04-18
9002,Lotte,De Boer,+31600009002,lotte.de boer9002@example.com,Rotterdam,2023-01-05
9003,Mason,Visser,+31600009003,mason.visser9003@example.com,Rotterdam,2023-05-15
9004,Levi,Jacobs,+31600009004,levi.jacobs9004@example.com,Breda,2024-06-24
9005,Sophia,Vos,+31600009005,sophia.vos9005@example.com,Eindhoven,2021-01-25
9006,Lucas,De Vries,+31600009006,lucas.de vries9006@example.com,The Hague,2024-03-03
9007,Lotte,Kuiper,+31600009007,lotte.kuiper9007@example.com,Groningen,2023-01-05
9008,Mason,Bakker,+31600009008,mason.bakker9008@example.com,Utrecht,2024-09-17
9009,Finn,Jacobs,+31600009009,finn.jacobs9009@example.com,Rotterdam,2020-10-02
9010,Eva,Hendriks,+31600009010,eva.hendriks9010@example.com,Nijmegen,2021-03-07
9011,Finn,De Boer,+31600009011,finn.de boer9011@example.com,Almere,2024-10-16
9012,Finn,De Boer,+31600009012,finn.de boer9012@example.com,Almere,2023-07-31
9013,Emma,Bos,+31600009013,emma.bos9013@example.com,Utrecht,2023-08-25
9014,Sara,Schouten,+31600009014,sara.schouten9014@example.com,Tilburg,2021-08-23
9015,Daan,Mulder,+31600009015,daan.mulder9015@example.com,Breda,2022-03-01
9016,Lucas,De Vries,+31600009016,lucas.de vries9016@example.com,Utrecht,2024-11-23
9017,Mason,Smit,+31600009017,mason.smit9017@example.com,Eindhoven,2023-06-30
9018,Anna,Van Dijk,+31600009018,anna.van dijk9018@example.com,Breda,2020-11-13
9019,Lotte,Van Dijk,+31600009019,lotte.van dijk9019@example.com,Tilburg,2022-01-25
9020,Emma,Kok,+31600009020,emma.kok9020@example.com,Breda,2021-04-11
9021,Lucas,Kok,+31600009021,lucas.kok9021@example.com,Groningen,2021-09-26
9022,Julia,Kok,+31600009022,julia.kok9022@example.com,The Hague,2024-01-31
9023,Sophia,Van Dijk,+31600009023,sophia.van dijk9023@example.com,Tilburg,2023-03-11
9024,Liam,Vos,+31600009024,liam.vos9024@example.com,Breda,2021-04-29
9025,Daan,Hendriks,+31600009025,daan.hendriks9025@example.com,Groningen,2021-11-18
9026,Ethan,Peters,+31600009026,ethan.peters9026@example.com,Groningen,2022-10-27
9027,Lotte,Willems,+31600009027,lotte.willems9027@example.com,Groningen,2024-01-28
9028,Noah,Prins,+31600009028,noah.prins9028@example.com,Breda,2024-12-04
9029,Anna,Prins,+31600009029,anna.prins9029@example.com,Rotterdam,2023-05-30
9030,Liam,Mulder,+31600009030,liam.mulder9030@example.com,Groningen,2022-04-14
9031,Ethan,Willems,+31600009031,ethan.willems9031@example.com,Almere,2020-07-09
9032,Sophia,De Boer,+31600009032,sophia.de boer9032@example.com,Utrecht,2023-11-07
9033,Emma,Kok,+31600009033,emma.kok9033@example.com,Rotterdam,2021-02-20
9034,Nina,De Boer,+31600009034,nina.de boer9034@example.com,Almere,2023-12-30
9035,Milan,Jacobs,+31600009035,milan.jacobs9035@example.com,Groningen,2020-10-13
9036,Lucas,Dekker,+31600009036,lucas.dekker9036@example.com,Groningen,2024-10-16
9037,Sara,Van Dijk,+31600009037,sara.van dijk9037@example.com,The Hague,2021-01-06
9038,Daan,Schouten,+31600009038,daan.schouten9038@example.com,Tilburg,2023-09-19
9039,Eva,Bos,+31600009039,eva.bos9039@example.com,The Hague,2020-08-08
9040,Olivia,Mulder,+31600009040,olivia.mulder9040@example.com,Rotterdam,2020-02-04
9041,Milan,Van Dijk,+31600009041,milan.van dijk9041@example.com,Utrecht,2021-06-20
9042,Julia,Willems,+31600009042,julia.willems9042@example.com,Breda,2024-06-11
9043,Sara,Bos,+31600009043,sara.bos9043@example.com,The Hague,2022-12-07
9044,Julia,Smit,+31600009044,julia.smit9044@example.com,Rotterdam,2023-01-28
9045,Anna,Smit,+31600009045,anna.smit9045@example.com,Nijmegen,2023-03-14
9046,Eva,Kok,+31600009046,eva.kok9046@example.com,Groningen,2024-03-02
9047,Oliver,De Boer,+31600009047,oliver.de boer9047@example.com,Rotterdam,2021-11-12
9048,Oliver,Vos,+31600009048,oliver.vos9048@example.com,Rotterdam,2021-08-01
9049,Emma,Jansen,+31600009049,emma.jansen9049@example.com,Rotterdam,2020-04-29
9050,Mila,Kuiper,+31600009050,mila.kuiper9050@example.com,Utrecht,2022-11-03
9051,Emma,Dekker,+31600009051,emma.dekker9051@example.com,Groningen,2021-09-01
9052,Anna,Jansen,+31600009052,anna.jansen9052@example.com,Tilburg,2022-03-20
9053,Oliver,Kuiper,+31600009053,oliver.kuiper9053@example.com,Rotterdam,2021-12-06
9054,Mason,Jansen,+31600009054,mason.jansen9054@example.com,Breda,2021-01-06
9055,Lotte,Mulder,+31600009055,lotte.mulder9055@example.com,Breda,2020-08-19
9056,Daan,De Boer,+31600009056,daan.de boer9056@example.com,Nijmegen,2021-07-02
9057,Emma,Dekker,+31600009057,emma.dekker9057@example.com,Tilburg,2021-07-16
9058,Finn,Mulder,+31600009058,finn.mulder9058@example.com,The Hague,2020-03-12
9059,Sara,Dekker,+31600009059,sara.dekker9059@example.com,Rotterdam,2022-01-17
9060,Lucas,Peters,+31600009060,lucas.peters9060@example.com,Almere,2024-05-25
9061,Sophia,Willems,+31600009061,sophia.willems9061@example.com,Breda,2024-02-12
9062,Mila,Kuiper,+31600009062,mila.kuiper9062@example.com,Utrecht,2020-08-17
9063,Olivia,Meijer,+31600009063,olivia.meijer9063@example.com,Rotterdam,2023-08-06
9064,Ethan,Prins,+31600009064,ethan.prins9064@example.com,Groningen,2020-01-22
9065,Sara,Schouten,+31600009065,sara.schouten9065@example.com,Rotterdam,2021-08-04
9066,Liam,De Vries,+31600009066,liam.de vries9066@example.com,Utrecht,2023-09-14
9067,Julia,Dekker,+31600009067,julia.dekker9067@example.com,Amsterdam,2024-04-05
9068,Sophia,Jansen,+31600009068,sophia.jansen9068@example.com,Nijmegen,2021-09-08
9069,Ethan,Jacobs,+31600009069,ethan.jacobs9069@example.com,The Hague,2021-05-05
9070,Olivia,Kok,+31600009070,olivia.kok9070@example.com,Groningen,2021-12-04
9071,Olivia,Jacobs,+31600009071,olivia.jacobs9071@example.com,The Hague,2024-05-07
9072,Emma,Dekker,+31600009072,emma.dekker9072@example.com,Breda,2024-01-05
9073,Finn,Bos,+31600009073,finn.bos9073@example.com,Eindhoven,2023-12-17
9074,Anna,Visser,+31600009074,anna.visser9074@example.com,Tilburg,2023-06-09
9075,Levi,Willems,+31600009075,levi.willems9075@example.com,Amsterdam,2022-05-14
9076,Olivia,De Boer,+31600009076,olivia.de boer9076@example.com,Utrecht,2022-03-19
9077,Nina,Prins,+31600009077,nina.prins9077@example.com,Eindhoven,2020-10-16
9078,Noah,Visser,+31600009078,noah.visser9078@example.com,Breda,2021-08-09
9079,Ethan,Smit,+31600009079,ethan.smit9079@example.com,Amsterdam,2020-09-06
9080,Ethan,Meijer,+31600009080,ethan.meijer9080@example.com,Eindhoven,2023-04-08
9081,Sara,Dekker,+31600009081,sara.dekker9081@example.com,The Hague,2020-01-12
9082,Noah,Bakker,+31600009082,noah.bakker9082@example.com,Rotterdam,2024-05-02
9083,Emma,De Vries,+31600009083,emma.de vries9083@example.com,Almere,2024-06-22
9084,Eva,Willems,+31600009084,eva.willems9084@example.com,Eindhoven,2020-11-19
9085,Lotte,Meijer,+31600009085,lotte.meijer9085@example.com,Breda,2023-02-01
9086,Milan,De Vries,+31600009086,milan.de vries9086@example.com,Breda,2020-01-11
9087,Oliver,Bos,+31600009087,oliver.bos9087@example.com,The Hague,2020-03-09
9088,Lucas,Meijer,+31600009088,lucas.meijer9088@example.com,Almere,2022-08-09
9089,Oliver,De Boer,+31600009089,oliver.de boer9089@example.com,Breda,2021-01-02
9090,Emma,Smit,+31600009090,emma.smit9090@example.com,Eindhoven,2020-12-14
9091,Levi,Mulder,+31600009091,levi.mulder9091@example.com,Tilburg,2024-11-18
9092,Noah,De Vries,+31600009092,noah.de vries9092@example.com,Rotterdam,2020-01-13
9093,Julia,Mulder,+31600009093,julia.mulder9093@example.com,Breda,2020-04-17
9094,Sophia,Peters,+31600009094,sophia.peters9094@example.com,Nijmegen,2021-03-17
9095,Noah,Dekker,+31600009095,noah.dekker9095@example.com,Eindhoven,2022-04-13
9096,Milan,De Boer,+31600009096,milan.de boer9096@example.com,Nijmegen,2020-11-17
9097,Mason,Kuiper,+31600009097,mason.kuiper9097@example.com,Tilburg,2021-03-21
9098,Eva,Peters,+31600009098,eva.peters9098@example.com,Tilburg,2020-05-06
9099,Lucas,Peters,+31600009099,lucas.peters9099@example.com,Amsterdam,2020-12-04
9100,Milan,De Boer,+31600009100,milan.de boer9100@example.com,Amsterdam,2022-05-27
9101,Levi,Smit,+31600009101,levi.smit9101@example.com,Tilburg,2022-08-26
9102,Eva,De Vries,+31600009102,eva.de vries9102@example.com,Groningen,2020-09-06
9103,Sophia,Hendriks,+31600009103,sophia.hendriks9103@example.com,Nijmegen,2020-03-07
9104,Olivia,Schouten,+31600009104,olivia.schouten9104@example.com,Breda,2024-04-22
9105,Mila,Jacobs,+31600009105,mila.jacobs9105@example.com,Nijmegen,2021-09-10
9106,Liam,Bakker,+31600009106,liam.bakker9106@example.com,Almere,2024-04-19
9107,Sophia,Mulder,+31600009107,sophia.mulder9107@example.com,Almere,2020-03-24
9108,Levi,Van Dijk,+31600009108,levi.van dijk9108@example.com,Tilburg,2022-05-06
9109,Noah,Meijer,+31600009109,noah.meijer9109@example.com,Almere,2022-07-28
9110,Ethan,Jansen,+31600009110,ethan.jansen9110@example.com,Amsterdam,2024-10-04
9111,Lotte,Dekker,+31600009111,lotte.dekker9111@example.com,Breda,2024-05-31
9112,Sara,Kok,+31600009112,sara.kok9112@example.com,Utrecht,2020-07-26
9113,Noah,Visser,+31600009113,noah.visser9113@example.com,Groningen,2023-02-18
9114,Mila,Jansen,+31600009114,mila.jansen9114@example.com,The Hague,2024-11-21
9115,Ethan,Dekker,+31600009115,ethan.dekker9115@example.com,Nijmegen,2024-04-16
9116,Sophia,Vos,+31600009116,sophia.vos9116@example.com,Amsterdam,2023-04-26
9117,Ethan,Van Dijk,+31600009117,ethan.van dijk9117@example.com,Nijmegen,2023-01-21
9118,Noah,Jansen,+31600009118,noah.jansen9118@example.com,Utrecht,2022-10-20
9119,Emma,Bos,+31600009119,emma.bos9119@example.com,The Hague,2024-08-29
9120,Olivia,Schouten,+31600009120,olivia.schouten9120@example.com,Rotterdam,2022-04-26
9121,Olivia,Van Dijk,+31600009121,olivia.van dijk9121@example.com,The Hague,2022-03-13
9122,Julia,Meijer,+31600009122,julia.meijer9122@example.com,Utrecht,2022-11-22
9123,Mila,Jansen,+31600009123,mila.jansen9123@example.com,Amsterdam,2023-06-12
9124,Anna,Bos,+31600009124,anna.bos9124@example.com,Tilburg,2022-08-21
9125,Lucas,Vos,+31600009125,lucas.vos9125@example.com,Tilburg,2021-09-12
9126,Sophia,Dekker,+31600009126,sophia.dekker9126@example.com,Almere,2021-12-18
9127,Mason,Smit,+31600009127,mason.smit9127@example.com,Utrecht,2020-10-06
9128,Lucas,Mulder,+31600009128,lucas.mulder9128@example.com,Breda,2022-09-30
9129,Ethan,De Vries,+31600009129,ethan.de vries9129@example.com,Eindhoven,2021-12-07
9130,Eva,Schouten,+31600009130,eva.schouten9130@example.com,Almere,2022-10-14
9131,Nina,Mulder,+31600009131,nina.mulder9131@example.com,Breda,2021-05-06
9132,Milan,Peters,+31600009132,milan.peters9132@example.com,Tilburg,2021-10-01
9133,Sara,Jacobs,+31600009133,sara.jacobs9133@example.com,Groningen,2024-11-02
9134,Mila,Willems,+31600009134,mila.willems9134@example.com,Nijmegen,2023-03-13
9135,Sara,Peters,+31600009135,sara.peters9135@example.com,Almere,2024-11-04
9136,Levi,Kok,+31600009136,levi.kok9136@example.com,Almere,2024-07-30
9137,Lucas,Jansen,+31600009137,lucas.jansen9137@example.com,Almere,2022-08-21
9138,Lotte,Willems,+31600009138,lotte.willems9138@example.com,Groningen,2023-04-06
9139,Daan,Bakker,+31600009139,daan.bakker9139@example.com,Tilburg,2023-08-25
9140,Daan,Dekker,+31600009140,daan.dekker9140@example.com,Almere,2021-06-20
9141,Daan,Smit,+31600009141,daan.smit9141@example.com,Breda,2022-04-13
9142,Ethan,Willems,+31600009142,ethan.willems9142@example.com,Almere,2021-03-07
9143,Sophia,Peters,+31600009143,sophia.peters9143@example.com,Groningen,2024-03-27
9144,Lotte,Jansen,+31600009144,lotte.jansen9144@example.com,Almere,2024-01-04
9145,Anna,Jansen,+31600009145,anna.jansen9145@example.com,Rotterdam,2023-02-06
9146,Emma,Jansen,+31600009146,emma.jansen9146@example.com,Rotterdam,2021-06-21
9147,Levi,Schouten,+31600009147,levi.schouten9147@example.com,Eindhoven,2021-04-06
9148,Liam,Willems,+31600009148,liam.willems9148@example.com,Eindhoven,2021-04-03
9149,Mila,Vos,+31600009149,mila.vos9149@example.com,Eindhoven,2020-09-10
9150,Liam,Hendriks,+31600009150,liam.hendriks9150@example.com,Amsterdam,2023-10-21
9151,Finn,Jansen,+31600009151,finn.jansen9151@example.com,The Hague,2023-09-18
9152,Levi,Schouten,+31600009152,levi.schouten9152@example.com,Nijmegen,2021-09-07
9153,Daan,Dekker,+31600009153,daan.dekker9153@example.com,Tilburg,2020-12-19
9154,Noah,Visser,+31600009154,noah.visser9154@example.com,Groningen,2020-05-28
9155,Nina,Jansen,+31600009155,nina.jansen9155@example.com,Almere,2022-10-02
9156,Levi,Peters,+31600009156,levi.peters9156@example.com,Rotterdam,2021-08-25
9157,Liam,Vos,+31600009157,liam.vos9157@example.com,The Hague,2022-01-23
9158,Emma,Bakker,+31600009158,emma.bakker9158@example.com,The Hague,2024-03-08
9159,Daan,Smit,+31600009159,daan.smit9159@example.com,Amsterdam,2020-06-27
9160,Oliver,Smit,+31600009160,oliver.smit9160@example.com,Nijmegen,2020-11-22
9161,Daan,Jacobs,+31600009161,daan.jacobs9161@example.com,Utrecht,2024-06-07
9162,Lucas,Schouten,+31600009162,lucas.schouten9162@example.com,Eindhoven,2024-09-06
9163,Liam,Willems,+31600009163,liam.willems9163@example.com,The Hague,2020-08-01
9164,Sophia,De Vries,+31600009164,sophia.de vries9164@example.com,Amsterdam,2020-01-15
9165,Mila,Peters,+31600009165,mila.peters9165@example.com,Almere,2021-07-22
9166,Mila,Mulder,+31600009166,mila.mulder9166@example.com,Rotterdam,2020-06-13
9167,Ethan,Jacobs,+31600009167,ethan.jacobs9167@example.com,Almere,2022-06-03
9168,Liam,Hendriks,+31600009168,liam.hendriks9168@example.com,Utrecht,2024-10-30
9169,Noah,Smit,+31600009169,noah.smit9169@example.com,Utrecht,2023-03-23
9170,Nina,Visser,+31600009170,nina.visser9170@example.com,Nijmegen,2024-03-20
9171,Sara,Kok,+31600009171,sara.kok9171@example.com,Breda,2023-01-06
9172,Emma,Schouten,+31600009172,emma.schouten9172@example.com,Almere,2022-09-02
9173,Julia,Peters,+31600009173,julia.peters9173@example.com,Almere,2021-11-26
9174,Emma,Vos,+31600009174,emma.vos9174@example.com,Rotterdam,2024-02-02
9175,Anna,Mulder,+31600009175,anna.mulder9175@example.com,Nijmegen,2024-07-05
9176,Lucas,Van Dijk,+31600009176,lucas.van dijk9176@example.com,Almere,2024-02-01
9177,Eva,Bakker,+31600009177,eva.bakker9177@example.com,Nijmegen,2021-07-02
9178,Anna,Willems,+31600009178,anna.willems9178@example.com,Eindhoven,2022-11-26
9179,Nina,Smit,+31600009179,nina.smit9179@example.com,Nijmegen,2022-10-01
9180,Sophia,Bos,+31600009180,sophia.bos9180@example.com,Breda,2021-06-07
9181,Sophia,De Boer,+31600009181,sophia.de boer9181@example.com,Rotterdam,2020-09-13
9182,Lotte,Jansen,+31600009182,lotte.jansen9182@example.com,Almere,2020-03-17
9183,Liam,Visser,+31600009183,liam.visser9183@example.com,Groningen,2022-01-31
9184,Noah,Mulder,+31600009184,noah.mulder9184@example.com,Almere,2023-05-30
9185,Sara,Mulder,+31600009185,sara.mulder9185@example.com,Utrecht,2020-07-22
9186,Lucas,Dekker,+31600009186,lucas.dekker9186@example.com,The Hague,2022-08-27
9187,Daan,Mulder,+31600009187,daan.mulder9187@example.com,Breda,2021-03-09
9188,Anna,Kok,+31600009188,anna.kok9188@example.com,Amsterdam,2022-12-06
9189,Finn,Bakker,+31600009189,finn.bakker9189@example.com,Amsterdam,2021-09-16
9190,Sara,Prins,+31600009190,sara.prins9190@example.com,Utrecht,2024-06-15
9191,Lotte,Hendriks,+31600009191,lotte.hendriks9191@example.com,Nijmegen,2020-02-10
9192,Oliver,Kok,+31600009192,oliver.kok9192@example.com,Almere,2024-02-18
9193,Daan,Schouten,+31600009193,daan.schouten9193@example.com,Almere,2023-10-25
9194,Finn,Kuiper,+31600009194,finn.kuiper9194@example.com,Eindhoven,2020-05-26
9195,Sophia,De Vries,+31600009195,sophia.de vries9195@example.com,Utrecht,2021-08-29
9196,Liam,Jacobs,+31600009196,liam.jacobs9196@example.com,Almere,2021-08-19
9197,Levi,Kuiper,+31600009197,levi.kuiper9197@example.com,Utrecht,2020-02-08
9198,Emma,Hendriks,+31600009198,emma.hendriks9198@example.com,Utrecht,2021-04-07
9199,Julia,Bakker,+31600009199,julia.bakker9199@example.com,Utrecht,2023-06-13
9200,Sara,Visser,+31600009200,sara.visser9200@example.com,Nijmegen,2022-10-09
9201,Anna,Kuiper,+31600009201,anna.kuiper9201@example.com,Tilburg,2024-07-31
9202,Olivia,Kuiper,+31600009202,olivia.kuiper9202@example.com,Eindhoven,2024-08-06
9203,Lucas,Bakker,+31600009203,lucas.bakker9203@example.com,Amsterdam,2022-08-12
9204,Mason,Van Dijk,+31600009204,mason.van dijk9204@example.com,Rotterdam,2021-12-11
9205,Daan,Hendriks,+31600009205,daan.hendriks9205@example.com,Rotterdam,2023-07-27
9206,Eva,Peters,+31600009206,eva.peters9206@example.com,Rotterdam,2022-07-22
9207,Julia,Bos,+31600009207,julia.bos9207@example.com,The Hague,2024-07-13
9208,Eva,Vos,+31600009208,eva.vos9208@example.com,Breda,2024-06-10
9209,Eva,Prins,+31600009209,eva.prins9209@example.com,Tilburg,2021-09-06
9210,Ethan,Bakker,+31600009210,ethan.bakker9210@example.com,Tilburg,2024-03-10
9211,Sara,Willems,+31600009211,sara.willems9211@example.com,Utrecht,2023-05-27
9212,Julia,Smit,+31600009212,julia.smit9212@example.com,Tilburg,2024-10-16
9213,Lucas,Willems,+31600009213,lucas.willems9213@example.com,Rotterdam,2023-08-01
9214,Eva,Dekker,+31600009214,eva.dekker9214@example.com,Tilburg,2023-08-24
9215,Julia,Peters,+31600009215,julia.peters9215@example.com,Almere,2020-12-17
9216,Levi,De Vries,+31600009216,levi.de vries9216@example.com,Eindhoven,2022-09-06
9217,Oliver,Hendriks,+31600009217,oliver.hendriks9217@example.com,Utrecht,2022-07-02
9218,Liam,Bos,+31600009218,liam.bos9218@example.com,Nijmegen,2020-02-03
9219,Eva,Schouten,+31600009219,eva.schouten9219@example.com,Utrecht,2021-02-10
9220,Daan,Jansen,+31600009220,daan.jansen9220@example.com,Rotterdam,2024-03-30
9221,Julia,Peters,+31600009221,julia.peters9221@example.com,Amsterdam,2022-03-14
9222,Anna,De Vries,+31600009222,anna.de vries9222@example.com,Groningen,2020-02-03
9223,Daan,De Vries,+31600009223,daan.de vries9223@example.com,Groningen,2023-01-02
9224,Liam,Vos,+31600009224,liam.vos9224@example.com,Eindhoven,2021-07-09
9225,Eva,Vos,+31600009225,eva.vos9225@example.com,Eindhoven,2024-02-17
9226,Julia,Kuiper,+31600009226,julia.kuiper9226@example.com,Eindhoven,2022-01-31
9227,Mason,Schouten,+31600009227,mason.schouten9227@example.com,Tilburg,2020-09-01
9228,Noah,Kok,+31600009228,noah.kok9228@example.com,Utrecht,2020-03-04
9229,Oliver,Kuiper,+31600009229,oliver.kuiper9229@example.com,Amsterdam,2021-11-18
9230,Noah,De Vries,+31600009230,noah.de vries9230@example.com,Amsterdam,2021-01-21
9231,Eva,Hendriks,+31600009231,eva.hendriks9231@example.com,Almere,2022-06-05
9232,Olivia,Kuiper,+31600009232,olivia.kuiper9232@example.com,Groningen,2022-02-12
9233,Emma,Smit,+31600009233,emma.smit9233@example.com,Groningen,2020-06-18
9234,Nina,Vos,+31600009234,nina.vos9234@example.com,Breda,2020-05-11
9235,Mila,Jansen,+31600009235,mila.jansen9235@example.com,The Hague,2023-12-02
9236,Anna,Schouten,+31600009236,anna.schouten9236@example.com,Almere,2020-01-05
9237,Noah,Schouten,+31600009237,noah.schouten9237@example.com,Breda,2022-06-16
9238,Olivia,Jacobs,+31600009238,olivia.jacobs9238@example.com,Tilburg,2021-09-27
9239,Emma,Van Dijk,+31600009239,emma.van dijk9239@example.com,Almere,2020-02-08
9240,Nina,Hendriks,+31600009240,nina.hendriks9240@example.com,Breda,2023-08-18
9241,Olivia,De Vries,+31600009241,olivia.de vries9241@example.com,Groningen,2022-08-26
9242,Anna,De Boer,+31600009242,anna.de boer9242@example.com,Rotterdam,2020-07-18
9243,Milan,Willems,+31600009243,milan.willems9243@example.com,Rotterdam,2024-09-10
9244,Lucas,Mulder,+31600009244,lucas.mulder9244@example.com,Almere,2020-12-09
9245,Levi,Prins,+31600009245,levi.prins9245@example.com,Rotterdam,2020-11-13
9246,Levi,Schouten,+31600009246,levi.schouten9246@example.com,Amsterdam,2021-08-22
9247,Mila,Smit,+31600009247,mila.smit9247@example.com,Utrecht,2021-09-29
9248,Ethan,Meijer,+31600009248,ethan.meijer9248@example.com,Breda,2020-09-17
9249,Emma,De Vries,+31600009249,emma.de vries9249@example.com,Tilburg,2024-10-25
9250,Lotte,Bos,+31600009250,lotte.bos9250@example.com,Groningen,2023-12-28
9251,Milan,Van Dijk,+31600009251,milan.van dijk9251@example.com,Utrecht,2024-02-16
9252,Olivia,Bakker,+31600009252,olivia.bakker9252@example.com,Rotterdam,2024-04-27
9253,Nina,Van Dijk,+31600009253,nina.van dijk9253@example.com,Breda,2024-03-14
9254,Levi,Jacobs,+31600009254,levi.jacobs9254@example.com,Utrecht,2024-09-10
9255,Liam,Vos,+31600009255,liam.vos9255@example.com,Nijmegen,2020-10-05
9256,Liam,Jansen,+31600009256,liam.jansen9256@example.com,Tilburg,2020-02-12
9257,Milan,Kok,+31600009257,milan.kok9257@example.com,Nijmegen,2023-02-14
9258,Mila,Jacobs,+31600009258,mila.jacobs9258@example.com,Eindhoven,2021-04-17
9259,Julia,Kuiper,+31600009259,julia.kuiper9259@example.com,Rotterdam,2023-05-30
9260,Lucas,Dekker,+31600009260,lucas.dekker9260@example.com,Utrecht,2021-05-11
9261,Emma,Hendriks,+31600009261,emma.hendriks9261@example.com,Groningen,2021-01-04
9262,Oliver,Van Dijk,+31600009262,oliver.van dijk9262@example.com,The Hague,2022-11-26
9263,Finn,Mulder,+31600009263,finn.mulder9263@example.com,Tilburg,2023-12-11
9264,Sara,Mulder,+31600009264,sara.mulder9264@example.com,Rotterdam,2023-07-06
9265,Daan,Vos,+31600009265,daan.vos9265@example.com,The Hague,2023-01-27
9266,Nina,De Vries,+31600009266,nina.de vries9266@example.com,Nijmegen,2023-11-05
9267,Liam,Bos,+31600009267,liam.bos9267@example.com,Groningen,2021-08-14
9268,Milan,Kuiper,+31600009268,milan.kuiper9268@example.com,Nijmegen,2020-09-02
9269,Sophia,Prins,+31600009269,sophia.prins9269@example.com,Rotterdam,2021-11-01
9270,Emma,Visser,+31600009270,emma.visser9270@example.com,Amsterdam,2022-06-19
9271,Lotte,Visser,+31600009271,lotte.visser9271@example.com,Utrecht,2024-06-23
9272,Finn,Jacobs,+31600009272,finn.jacobs9272@example.com,Groningen,2023-10-24
9273,Nina,Kuiper,+31600009273,nina.kuiper9273@example.com,Amsterdam,2024-08-23
9274,Lotte,De Boer,+31600009274,lotte.de boer9274@example.com,Tilburg,2024-01-13
9275,Eva,Peters,+31600009275,eva.peters9275@example.com,Amsterdam,2022-06-08
9276,Mason,Meijer,+31600009276,mason.meijer9276@example.com,The Hague,2024-05-05
9277,Olivia,Van Dijk,+31600009277,olivia.van dijk9277@example.com,Nijmegen,2021-02-19
9278,Noah,Jansen,+31600009278,noah.jansen9278@example.com,Almere,2021-08-13
9279,Mila,Mulder,+31600009279,mila.mulder9279@example.com,Almere,2021-08-08
9280,Liam,Dekker,+31600009280,liam.dekker9280@example.com,The Hague,2020-03-13
9281,Daan,Prins,+31600009281,daan.prins9281@example.com,Breda,2021-07-09
9282,Mason,Willems,+31600009282,mason.willems9282@example.com,Nijmegen,2022-08-23
9283,Noah,Kuiper,+31600009283,noah.kuiper9283@example.com,Amsterdam,2020-03-17
9284,Sophia,Bakker,+31600009284,sophia.bakker9284@example.com,Almere,2021-05-30
9285,Liam,Vos,+31600009285,liam.vos9285@example.com,Nijmegen,2022-12-25
9286,Anna,Vos,+31600009286,anna.vos9286@example.com,The Hague,2022-09-01
9287,Sophia,Kuiper,+31600009287,sophia.kuiper9287@example.com,Amsterdam,2024-02-21
9288,Milan,Smit,+31600009288,milan.smit9288@example.com,Nijmegen,2022-11-01
9289,Sophia,Dekker,+31600009289,sophia.dekker9289@example.com,Amsterdam,2022-01-14
9290,Nina,Smit,+31600009290,nina.smit9290@example.com,The Hague,2023-04-07
9291,Mason,Mulder,+31600009291,mason.mulder9291@example.com,Breda,2023-12-23
9292,Eva,Smit,+31600009292,eva.smit9292@example.com,Eindhoven,2020-06-22
9293,Mason,Kok,+31600009293,mason.kok9293@example.com,Rotterdam,2022-10-30
9294,Daan,Jacobs,+31600009294,daan.jacobs9294@example.com,Nijmegen,2022-05-20
9295,Liam,Jacobs,+31600009295,liam.jacobs9295@example.com,Almere,2024-09-17
9296,Mason,Dekker,+31600009296,mason.dekker9296@example.com,Nijmegen,2021-09-15
9297,Levi,Bos,+31600009297,levi.bos9297@example.com,The Hague,2023-01-28
9298,Oliver,Schouten,+31600009298,oliver.schouten9298@example.com,The Hague,2023-05-12
9299,Julia,Jacobs,+31600009299,julia.jacobs9299@example.com,Groningen,2021-07-10
9300,Mila,Van Dijk,+31600009300,mila.van dijk9300@example.com,Utrecht,2023-07-14
9301,Daan,Bakker,+31600009301,daan.bakker9301@example.com,Breda,2023-12-06
9302,Eva,Schouten,+31600009302,eva.schouten9302@example.com,Eindhoven,2023-03-06
9303,Lucas,Hendriks,+31600009303,lucas.hendriks9303@example.com,Breda,2024-03-12
9304,Julia,De Vries,+31600009304,julia.de vries9304@example.com,Rotterdam,2024-09-02
9305,Anna,Visser,+31600009305,anna.visser9305@example.com,Almere,2021-09-08
9306,Mason,Van Dijk,+31600009306,mason.van dijk9306@example.com,The Hague,2024-07-12
9307,Julia,Kuiper,+31600009307,julia.kuiper9307@example.com,Eindhoven,2021-01-13
9308,Liam,Jacobs,+31600009308,liam.jacobs9308@example.com,Tilburg,2020-09-22
9309,Julia,Mulder,+31600009309,julia.mulder9309@example.com,The Hague,2022-05-12
9310,Eva,Jansen,+31600009310,eva.jansen9310@example.com,The Hague,2022-06-27
9311,Ethan,Hendriks,+31600009311,ethan.hendriks9311@example.com,Eindhoven,2022-07-06
9312,Milan,Bos,+31600009312,milan.bos9312@example.com,Utrecht,2023-05-28
9313,Ethan,Willems,+31600009313,ethan.willems9313@example.com,Amsterdam,2023-10-10
9314,Emma,De Boer,+31600009314,emma.de boer9314@example.com,Groningen,2020-05-15
9315,Emma,Jacobs,+31600009315,emma.jacobs9315@example.com,Nijmegen,2022-12-31
9316,Liam,Meijer,+31600009316,liam.meijer9316@example.com,Groningen,2024-09-10
9317,Milan,Willems,+31600009317,milan.willems9317@example.com,The Hague,2022-11-29
9318,Emma,Visser,+31600009318,emma.visser9318@example.com,Tilburg,2021-02-05
9319,Eva,De Boer,+31600009319,eva.de boer9319@example.com,Breda,2023-06-07
9320,Oliver,Mulder,+31600009320,oliver.mulder9320@example.com,Utrecht,2020-01-19
9321,Mason,Bakker,+31600009321,mason.bakker9321@example.com,Almere,2023-07-31
9322,Daan,Mulder,+31600009322,daan.mulder9322@example.com,Amsterdam,2023-04-06
9323,Julia,Van Dijk,+31600009323,julia.van dijk9323@example.com,Eindhoven,2022-04-07
9324,Mila,Kuiper,+31600009324,mila.kuiper9324@example.com,Utrecht,2022-08-29
9325,Liam,Meijer,+31600009325,liam.meijer9325@example.com,Rotterdam,2022-11-19
9326,Mila,Mulder,+31600009326,mila.mulder9326@example.com,The Hague,2022-03-08
9327,Julia,De Vries,+31600009327,julia.de vries9327@example.com,Almere,2023-12-23
9328,Noah,De Boer,+31600009328,noah.de boer9328@example.com,Tilburg,2023-12-27
9329,Eva,Bos,+31600009329,eva.bos9329@example.com,Eindhoven,2022-10-01
9330,Eva,Jansen,+31600009330,eva.jansen9330@example.com,Groningen,2023-07-03
9331,Daan,Van Dijk,+31600009331,daan.van dijk9331@example.com,Nijmegen,2021-06-18
9332,Nina,Prins,+31600009332,nina.prins9332@example.com,Amsterdam,2023-06-06
9333,Sara,Schouten,+31600009333,sara.schouten9333@example.com,Groningen,2020-05-13
9334,Lotte,Kok,+31600009334,lotte.kok9334@example.com,Utrecht,2020-01-05
9335,Levi,Visser,+31600009335,levi.visser9335@example.com,Breda,2022-05-29
9336,Oliver,Meijer,+31600009336,oliver.meijer9336@example.com,Almere,2022-11-30
9337,Mila,Prins,+31600009337,mila.prins9337@example.com,Nijmegen,2022-08-04
9338,Levi,Meijer,+31600009338,levi.meijer9338@example.com,Utrecht,2023-12-12
9339,Sophia,Jansen,+31600009339,sophia.jansen9339@example.com,Rotterdam,2020-03-31
9340,Julia,Dekker,+31600009340,julia.dekker9340@example.com,Amsterdam,2024-08-23
9341,Lotte,Van Dijk,+31600009341,lotte.van dijk9341@example.com,Almere,2024-06-16
9342,Julia,Jacobs,+31600009342,julia.jacobs9342@example.com,The Hague,2024-07-09
9343,Milan,Peters,+31600009343,milan.peters9343@example.com,Eindhoven,2021-09-19
9344,Olivia,Schouten,+31600009344,olivia.schouten9344@example.com,Tilburg,2021-02-04
9345,Emma,Kok,+31600009345,emma.kok9345@example.com,Almere,2023-10-18
9346,Sara,Schouten,+31600009346,sara.schouten9346@example.com,Tilburg,2023-10-01
9347,Mason,Mulder,+31600009347,mason.mulder9347@example.com,Nijmegen,2023-12-29
9348,Lucas,Peters,+31600009348,lucas.peters9348@example.com,Utrecht,2024-12-02
9349,Liam,Prins,+31600009349,liam.prins9349@example.com,Rotterdam,2024-11-17
9350,Mason,Visser,+31600009350,mason.visser9350@example.com,Tilburg,2024-04-13
9351,Lotte,Vos,+31600009351,lotte.vos9351@example.com,Amsterdam,2024-07-21
9352,Sophia,Bos,+31600009352,sophia.bos9352@example.com,The Hague,2024-03-31
9353,Noah,Bakker,+31600009353,noah.bakker9353@example.com,Amsterdam,2023-06-06
9354,Eva,Vos,+31600009354,eva.vos9354@example.com,Eindhoven,2021-10-15
9355,Sophia,De Vries,+31600009355,sophia.de vries9355@example.com,Amsterdam,2023-01-29
9356,Ethan,Vos,+31600009356,ethan.vos9356@example.com,The Hague,2020-03-17
9357,Sara,Visser,+31600009357,sara.visser9357@example.com,Amsterdam,2020-11-09
9358,Finn,Van Dijk,+31600009358,finn.van dijk9358@example.com,Breda,2024-01-30
9359,Ethan,Bos,+31600009359,ethan.bos9359@example.com,Tilburg,2024-01-04
9360,Finn,Van Dijk,+31600009360,finn.van dijk9360@example.com,Rotterdam,2024-01-28
9361,Mason,Bakker,+31600009361,mason.bakker9361@example.com,Nijmegen,2023-07-11
9362,Milan,Kuiper,+31600009362,milan.kuiper9362@example.com,Groningen,2021-04-01
9363,Liam,Bakker,+31600009363,liam.bakker9363@example.com,Tilburg,2020-12-24
9364,Daan,Meijer,+31600009364,daan.meijer9364@example.com,Nijmegen,2021-01-07
9365,Ethan,Bos,+31600009365,ethan.bos9365@example.com,Rotterdam,2023-03-22
9366,Milan,Jacobs,+31600009366,milan.jacobs9366@example.com,Breda,2021-04-24
9367,Eva,Prins,+31600009367,eva.prins9367@example.com,Breda,2024-01-07
9368,Sara,Smit,+31600009368,sara.smit9368@example.com,Groningen,2024-05-11
9369,Levi,Smit,+31600009369,levi.smit9369@example.com,Nijmegen,2020-06-16
9370,Nina,Vos,+31600009370,nina.vos9370@example.com,The Hague,2021-09-08
9371,Finn,Visser,+31600009371,finn.visser9371@example.com,Utrecht,2022-09-13
9372,Oliver,Kuiper,+31600009372,oliver.kuiper9372@example.com,Tilburg,2024-09-11
9373,Emma,Jacobs,+31600009373,emma.jacobs9373@example.com,Tilburg,2022-02-02
9374,Milan,Dekker,+31600009374,milan.dekker9374@example.com,The Hague,2023-04-09
9375,Nina,Visser,+31600009375,nina.visser9375@example.com,Rotterdam,2024-01-03
9376,Anna,Dekker,+31600009376,anna.dekker9376@example.com,Rotterdam,2020-04-24
9377,Sophia,Van Dijk,+31600009377,sophia.van dijk9377@example.com,Almere,2024-10-10
9378,Julia,Visser,+31600009378,julia.visser9378@example.com,Amsterdam,2023-03-30
9379,Levi,Peters,+31600009379,levi.peters9379@example.com,Almere,2023-02-09
9380,Daan,Hendriks,+31600009380,daan.hendriks9380@example.com,Almere,2021-04-09
9381,Mason,Meijer,+31600009381,mason.meijer9381@example.com,The Hague,2020-07-22
9382,Lotte,Mulder,+31600009382,lotte.mulder9382@example.com,Groningen,2023-12-21
9383,Sophia,Van Dijk,+31600009383,sophia.van dijk9383@example.com,Utrecht,2023-10-02
9384,Mila,Meijer,+31600009384,mila.meijer9384@example.com,Utrecht,2022-04-06
9385,Finn,Prins,+31600009385,finn.prins9385@example.com,Nijmegen,2020-04-25
9386,Mason,Bos,+31600009386,mason.bos9386@example.com,Eindhoven,2023-10-06
9387,Levi,Jacobs,+31600009387,levi.jacobs9387@example.com,Groningen,2021-01-31
9388,Emma,Bakker,+31600009388,emma.bakker9388@example.com,Breda,2021-08-12
9389,Mason,Kuiper,+31600009389,mason.kuiper9389@example.com,Nijmegen,2021-07-22
9390,Olivia,Bakker,+31600009390,olivia.bakker9390@example.com,Nijmegen,2022-04-14
9391,Daan,Prins,+31600009391,daan.prins9391@example.com,Utrecht,2020-08-12
9392,Liam,Bos,+31600009392,liam.bos9392@example.com,Utrecht,2022-04-16
9393,Olivia,Jansen,+31600009393,olivia.jansen9393@example.com,Groningen,2021-01-01
9394,Oliver,Mulder,+31600009394,oliver.mulder9394@example.com,Amsterdam,2023-03-21
9395,Emma,Peters,+31600009395,emma.peters9395@example.com,The Hague,2021-07-13
9396,Ethan,Dekker,+31600009396,ethan.dekker9396@example.com,The Hague,2021-07-07
9397,Anna,Van Dijk,+31600009397,anna.van dijk9397@example.com,Nijmegen,2021-04-28
9398,Noah,Meijer,+31600009398,noah.meijer9398@example.com,Utrecht,2022-03-30
9399,Daan,Kok,+31600009399,daan.kok9399@example.com,Amsterdam,2020-03-03
9400,Emma,Kok,+31600009400,emma.kok9400@example.com,Eindhoven,2020-08-09
9401,Ethan,Schouten,+31600009401,ethan.schouten9401@example.com,Breda,2023-12-17
9402,Oliver,Smit,+31600009402,oliver.smit9402@example.com,Almere,2022-08-21
9403,Finn,Visser,+31600009403,finn.visser9403@example.com,Amsterdam,2021-02-16
9404,Julia,Hendriks,+31600009404,julia.hendriks9404@example.com,Eindhoven,2023-10-11
9405,Ethan,Jansen,+31600009405,ethan.jansen9405@example.com,Nijmegen,2021-05-12
9406,Olivia,Smit,+31600009406,olivia.smit9406@example.com,Nijmegen,2020-03-25
9407,Milan,Dekker,+31600009407,milan.dekker9407@example.com,Groningen,2024-04-04
9408,Sophia,Jansen,+31600009408,sophia.jansen9408@example.com,Eindhoven,2022-05-01
9409,Anna,Kuiper,+31600009409,anna.kuiper9409@example.com,Eindhoven,2024-08-29
9410,Daan,Smit,+31600009410,daan.smit9410@example.com,Utrecht,2020-07-28
9411,Levi,Dekker,+31600009411,levi.dekker9411@example.com,The Hague,2020-10-31
9412,Levi,Visser,+31600009412,levi.visser9412@example.com,Groningen,2022-06-06
9413,Julia,Peters,+31600009413,julia.peters9413@example.com,Amsterdam,2022-09-26
9414,Noah,De Vries,+31600009414,noah.de vries9414@example.com,Utrecht,2024-09-14
9415,Sara,Mulder,+31600009415,sara.mulder9415@example.com,Amsterdam,2021-06-24
9416,Liam,Schouten,+31600009416,liam.schouten9416@example.com,The Hague,2023-08-11
9417,Anna,Smit,+31600009417,anna.smit9417@example.com,Nijmegen,2023-12-31
9418,Olivia,Meijer,+31600009418,olivia.meijer9418@example.com,Almere,2023-06-15
9419,Lucas,Mulder,+31600009419,lucas.mulder9419@example.com,Nijmegen,2023-11-12
9420,Julia,Jansen,+31600009420,julia.jansen9420@example.com,Tilburg,2021-01-22
9421,Sara,Schouten,+31600009421,sara.schouten9421@example.com,Tilburg,2024-01-07
9422,Sara,Smit,+31600009422,sara.smit9422@example.com,The Hague,2023-12-06
9423,Mila,Kuiper,+31600009423,mila.kuiper9423@example.com,Tilburg,2021-04-07
9424,Sophia,Vos,+31600009424,sophia.vos9424@example.com,Amsterdam,2021-03-15
9425,Liam,Hendriks,+31600009425,liam.hendriks9425@example.com,Rotterdam,2021-04-05
9426,Ethan,Smit,+31600009426,ethan.smit9426@example.com,Almere,2022-01-02
9427,Lucas,Bakker,+31600009427,lucas.bakker9427@example.com,Amsterdam,2024-02-08
9428,Daan,Van Dijk,+31600009428,daan.van dijk9428@example.com,Breda,2024-01-08
9429,Sophia,Schouten,+31600009429,sophia.schouten9429@example.com,Nijmegen,2021-12-15
9430,Daan,Meijer,+31600009430,daan.meijer9430@example.com,Almere,2020-06-27
9431,Lucas,Kok,+31600009431,lucas.kok9431@example.com,Breda,2023-02-22
9432,Oliver,Kuiper,+31600009432,oliver.kuiper9432@example.com,Almere,2024-06-22
9433,Levi,Meijer,+31600009433,levi.meijer9433@example.com,Nijmegen,2021-08-31
9434,Emma,Visser,+31600009434,emma.visser9434@example.com,The Hague,2023-07-29
9435,Eva,Vos,+31600009435,eva.vos9435@example.com,Nijmegen,2020-08-25
9436,Liam,Schouten,+31600009436,liam.schouten9436@example.com,Rotterdam,2024-07-05
9437,Sara,Meijer,+31600009437,sara.meijer9437@example.com,Breda,2020-05-01
9438,Sara,Peters,+31600009438,sara.peters9438@example.com,Nijmegen,2021-08-18
9439,Mason,Mulder,+31600009439,mason.mulder9439@example.com,Nijmegen,2022-04-16
9440,Anna,Dekker,+31600009440,anna.dekker9440@example.com,Almere,2020-02-26
9441,Milan,Vos,+31600009441,milan.vos9441@example.com,Amsterdam,2021-12-13
9442,Mason,De Boer,+31600009442,mason.de boer9442@example.com,Nijmegen,2020-08-27
9443,Mila,Bos,+31600009443,mila.bos9443@example.com,Utrecht,2022-07-13
9444,Nina,Meijer,+31600009444,nina.meijer9444@example.com,Groningen,2023-01-09
9445,Julia,Kok,+31600009445,julia.kok9445@example.com,The Hague,2024-06-16
9446,Mila,Hendriks,+31600009446,mila.hendriks9446@example.com,Almere,2023-05-02
9447,Liam,Willems,+31600009447,liam.willems9447@example.com,Nijmegen,2023-11-18
9448,Levi,Kok,+31600009448,levi.kok9448@example.com,Rotterdam,2021-05-31
9449,Finn,Dekker,+31600009449,finn.dekker9449@example.com,Rotterdam,2021-07-19
9450,Daan,Peters,+31600009450,daan.peters9450@example.com,Tilburg,2021-01-28
9451,Sara,Jansen,+31600009451,sara.jansen9451@example.com,The Hague,2023-06-02
9452,Mila,Bakker,+31600009452,mila.bakker9452@example.com,The Hague,2024-12-01
9453,Milan,Vos,+31600009453,milan.vos9453@example.com,Breda,2020-10-08
9454,Mason,Dekker,+31600009454,mason.dekker9454@example.com,Rotterdam,2022-12-10
9455,Ethan,Vos,+31600009455,ethan.vos9455@example.com,The Hague,2023-04-28
9456,Olivia,Prins,+31600009456,olivia.prins9456@example.com,Eindhoven,2020-07-06
9457,Oliver,Smit,+31600009457,oliver.smit9457@example.com,Groningen,2024-05-31
9458,Olivia,Peters,+31600009458,olivia.peters9458@example.com,Eindhoven,2022-11-30
9459,Lucas,Smit,+31600009459,lucas.smit9459@example.com,Groningen,2023-04-17
9460,Sophia,Dekker,+31600009460,sophia.dekker9460@example.com,Eindhoven,2022-04-23
9461,Mason,Dekker,+31600009461,mason.dekker9461@example.com,Nijmegen,2020-04-27
9462,Olivia,Van Dijk,+31600009462,olivia.van dijk9462@example.com,Amsterdam,2024-06-07
9463,Sara,Prins,+31600009463,sara.prins9463@example.com,Rotterdam,2023-03-05
9464,Mila,Prins,+31600009464,mila.prins9464@example.com,The Hague,2022-05-16
9465,Eva,De Vries,+31600009465,eva.de vries9465@example.com,Almere,2021-08-14
9466,Julia,Schouten,+31600009466,julia.schouten9466@example.com,Nijmegen,2021-06-28
9467,Lotte,Jacobs,+31600009467,lotte.jacobs9467@example.com,Amsterdam,2021-09-10
9468,Ethan,Van Dijk,+31600009468,ethan.van dijk9468@example.com,Breda,2022-12-28
9469,Emma,Willems,+31600009469,emma.willems9469@example.com,Eindhoven,2021-07-30
9470,Levi,Visser,+31600009470,levi.visser9470@example.com,Eindhoven,2021-07-21
9471,Mason,Meijer,+31600009471,mason.meijer9471@example.com,Utrecht,2023-10-18
9472,Nina,Jacobs,+31600009472,nina.jacobs9472@example.com,Breda,2023-12-22
9473,Nina,Prins,+31600009473,nina.prins9473@example.com,Breda,2021-08-30
9474,Mason,Jacobs,+31600009474,mason.jacobs9474@example.com,Eindhoven,2024-03-29
9475,Mason,Schouten,+31600009475,mason.schouten9475@example.com,Eindhoven,2023-10-26
9476,Lotte,Vos,+31600009476,lotte.vos9476@example.com,Rotterdam,2023-03-13
9477,Mason,Kuiper,+31600009477,mason.kuiper9477@example.com,Rotterdam,2024-07-19
9478,Eva,Bos,+31600009478,eva.bos9478@example.com,Groningen,2021-11-17
9479,Emma,Jansen,+31600009479,emma.jansen9479@example.com,Rotterdam,2021-05-16
9480,Emma,Dekker,+31600009480,emma.dekker9480@example.com,Nijmegen,2024-11-06
9481,Finn,Bos,+31600009481,finn.bos9481@example.com,The Hague,2021-12-23
9482,Ethan,Willems,+31600009482,ethan.willems9482@example.com,Nijmegen,2020-07-30
9483,Julia,Kok,+31600009483,julia.kok9483@example.com,Groningen,2024-03-25
9484,Ethan,Kuiper,+31600009484,ethan.kuiper9484@example.com,Eindhoven,2024-03-17
9485,Sophia,De Vries,+31600009485,sophia.de vries9485@example.com,Amsterdam,2024-10-31
9486,Mason,Hendriks,+31600009486,mason.hendriks9486@example.com,Tilburg,2020-02-09
9487,Lotte,Smit,+31600009487,lotte.smit9487@example.com,The Hague,2020-02-12
9488,Sara,Mulder,+31600009488,sara.mulder9488@example.com,Groningen,2022-11-14
9489,Noah,De Boer,+31600009489,noah.de boer9489@example.com,Tilburg,2021-03-17
9490,Lotte,Willems,+31600009490,lotte.willems9490@example.com,Tilburg,2023-12-19
9491,Milan,Jacobs,+31600009491,milan.jacobs9491@example.com,Utrecht,2022-07-20
9492,Finn,Willems,+31600009492,finn.willems9492@example.com,Eindhoven,2020-03-20
9493,Ethan,Van Dijk,+31600009493,ethan.van dijk9493@example.com,Tilburg,2021-07-31
9494,Milan,Willems,+31600009494,milan.willems9494@example.com,Rotterdam,2023-10-17
9495,Sara,Kok,+31600009495,sara.kok9495@example.com,Utrecht,2024-03-07
9496,Nina,Mulder,+31600009496,nina.mulder9496@example.com,Breda,2023-06-06
9497,Daan,Meijer,+31600009497,daan.meijer9497@example.com,Amsterdam,2021-08-07
9498,Emma,De Boer,+31600009498,emma.de boer9498@example.com,Groningen,2023-02-12
9499,Eva,Van Dijk,+31600009499,eva.van dijk9499@example.com,Eindhoven,2020-03-27
9500,Eva,Hendriks,+31600009500,eva.hendriks9500@example.com,Eindhoven,2021-02-27
9501,Milan,De Vries,+31600009501,milan.de vries9501@example.com,Eindhoven,2021-12-13
9502,Olivia,Kok,+31600009502,olivia.kok9502@example.com,Tilburg,2022-06-24
9503,Liam,De Boer,+31600009503,liam.de boer9503@example.com,Tilburg,2020-08-08
9504,Emma,Mulder,+31600009504,emma.mulder9504@example.com,The Hague,2024-11-16
9505,Lotte,Visser,+31600009505,lotte.visser9505@example.com,Utrecht,2023-11-29
9506,Mila,De Vries,+31600009506,mila.de vries9506@example.com,Amsterdam,2023-06-22
9507,Oliver,Van Dijk,+31600009507,oliver.van dijk9507@example.com,Almere,2021-07-07
9508,Liam,De Boer,+31600009508,liam.de boer9508@example.com,Nijmegen,2023-05-04
9509,Liam,Kuiper,+31600009509,liam.kuiper9509@example.com,Tilburg,2021-02-10
9510,Liam,Peters,+31600009510,liam.peters9510@example.com,Rotterdam,2020-06-28
9511,Anna,Peters,+31600009511,anna.peters9511@example.com,Utrecht,2020-05-03
9512,Levi,Visser,+31600009512,levi.visser9512@example.com,Groningen,2021-07-23
9513,Nina,Bos,+31600009513,nina.bos9513@example.com,Amsterdam,2024-08-21
9514,Sara,Kuiper,+31600009514,sara.kuiper9514@example.com,Amsterdam,2023-01-30
9515,Noah,Vos,+31600009515,noah.vos9515@example.com,Utrecht,2021-07-31
9516,Lucas,De Vries,+31600009516,lucas.de vries9516@example.com,Utrecht,2024-10-06
9517,Sophia,Meijer,+31600009517,sophia.meijer9517@example.com,The Hague,2024-05-09
9518,Levi,Willems,+31600009518,levi.willems9518@example.com,Amsterdam,2020-02-08
9519,Daan,Bos,+31600009519,daan.bos9519@example.com,Breda,2022-11-25
9520,Mason,Kuiper,+31600009520,mason.kuiper9520@example.com,Breda,2024-09-07
9521,Anna,Mulder,+31600009521,anna.mulder9521@example.com,Rotterdam,2021-07-05
9522,Sara,Jansen,+31600009522,sara.jansen9522@example.com,Tilburg,2021-10-16
9523,Lotte,Van Dijk,+31600009523,lotte.van dijk9523@example.com,Amsterdam,2023-03-07
9524,Liam,Dekker,+31600009524,liam.dekker9524@example.com,Eindhoven,2020-11-02
9525,Levi,Bakker,+31600009525,levi.bakker9525@example.com,Rotterdam,2021-04-30
9526,Sophia,Jansen,+31600009526,sophia.jansen9526@example.com,Rotterdam,2022-09-01
9527,Mason,Kuiper,+31600009527,mason.kuiper9527@example.com,Utrecht,2022-07-24
9528,Finn,Kok,+31600009528,finn.kok9528@example.com,Almere,2022-03-03
9529,Julia,De Vries,+31600009529,julia.de vries9529@example.com,The Hague,2024-04-17
9530,Eva,Kok,+31600009530,eva.kok9530@example.com,Tilburg,2021-05-28
9531,Lucas,Vos,+31600009531,lucas.vos9531@example.com,Breda,2020-06-21
9532,Finn,Kok,+31600009532,finn.kok9532@example.com,Utrecht,2021-08-09
9533,Nina,Schouten,+31600009533,nina.schouten9533@example.com,Breda,2021-05-10
9534,Emma,Smit,+31600009534,emma.smit9534@example.com,Utrecht,2020-09-09
9535,Lucas,De Vries,+31600009535,lucas.de vries9535@example.com,The Hague,2024-05-15
9536,Nina,Jacobs,+31600009536,nina.jacobs9536@example.com,Rotterdam,2020-12-13
9537,Lucas,Schouten,+31600009537,lucas.schouten9537@example.com,Almere,2023-12-30
9538,Emma,Vos,+31600009538,emma.vos9538@example.com,Groningen,2023-12-18
9539,Eva,Visser,+31600009539,eva.visser9539@example.com,Tilburg,2020-06-24
9540,Levi,Schouten,+31600009540,levi.schouten9540@example.com,The Hague,2024-09-20
9541,Oliver,Meijer,+31600009541,oliver.meijer9541@example.com,Nijmegen,2024-01-21
9542,Mila,Visser,+31600009542,mila.visser9542@example.com,Tilburg,2024-07-12
9543,Levi,Van Dijk,+31600009543,levi.van dijk9543@example.com,Groningen,2023-01-13
9544,Finn,Willems,+31600009544,finn.willems9544@example.com,Nijmegen,2021-12-10
9545,Ethan,Peters,+31600009545,ethan.peters9545@example.com,Almere,2024-01-08
9546,Olivia,Meijer,+31600009546,olivia.meijer9546@example.com,Rotterdam,2020-05-03
9547,Sara,Kok,+31600009547,sara.kok9547@example.com,Amsterdam,2022-12-24
9548,Sara,Willems,+31600009548,sara.willems9548@example.com,Utrecht,2020-05-03
9549,Levi,Schouten,+31600009549,levi.schouten9549@example.com,The Hague,2022-11-24
9550,Mason,Dekker,+31600009550,mason.dekker9550@example.com,Groningen,2024-10-07
9551,Oliver,Visser,+31600009551,oliver.visser9551@example.com,Utrecht,2020-12-11
9552,Oliver,Dekker,+31600009552,oliver.dekker9552@example.com,Breda,2020-06-09
9553,Finn,Visser,+31600009553,finn.visser9553@example.com,Eindhoven,2023-09-05
9554,Mason,Jansen,+31600009554,mason.jansen9554@example.com,Almere,2023-11-15
9555,Daan,Smit,+31600009555,daan.smit9555@example.com,Utrecht,2022-05-25
9556,Emma,Mulder,+31600009556,emma.mulder9556@example.com,Eindhoven,2024-09-17
9557,Noah,Meijer,+31600009557,noah.meijer9557@example.com,Rotterdam,2021-11-12
9558,Mila,Bos,+31600009558,mila.bos9558@example.com,Almere,2023-12-07
9559,Finn,Prins,+31600009559,finn.prins9559@example.com,Breda,2021-09-21
9560,Daan,Smit,+31600009560,daan.smit9560@example.com,Amsterdam,2021-11-04
9561,Ethan,Kuiper,+31600009561,ethan.kuiper9561@example.com,Eindhoven,2020-11-30
9562,Levi,Kuiper,+31600009562,levi.kuiper9562@example.com,Nijmegen,2022-05-18
9563,Oliver,Schouten,+31600009563,oliver.schouten9563@example.com,The Hague,2023-11-27
9564,Lotte,Dekker,+31600009564,lotte.dekker9564@example.com,Breda,2021-06-21
9565,Daan,Kuiper,+31600009565,daan.kuiper9565@example.com,Nijmegen,2024-10-17
9566,Nina,Van Dijk,+31600009566,nina.van dijk9566@example.com,Nijmegen,2023-01-14
9567,Oliver,Smit,+31600009567,oliver.smit9567@example.com,Tilburg,2024-04-12
9568,Ethan,Van Dijk,+31600009568,ethan.van dijk9568@example.com,Nijmegen,2024-04-26
9569,Olivia,Schouten,+31600009569,olivia.schouten9569@example.com,Rotterdam,2024-06-08
9570,Mason,Kok,+31600009570,mason.kok9570@example.com,Tilburg,2023-09-30
9571,Oliver,Willems,+31600009571,oliver.willems9571@example.com,The Hague,2020-10-06
9572,Noah,Kuiper,+31600009572,noah.kuiper9572@example.com,Groningen,2020-02-07
9573,Levi,De Boer,+31600009573,levi.de boer9573@example.com,Groningen,2023-10-14
9574,Sophia,Bakker,+31600009574,sophia.bakker9574@example.com,Almere,2024-11-24
9575,Olivia,Kok,+31600009575,olivia.kok9575@example.com,Breda,2020-05-07
9576,Milan,Peters,+31600009576,milan.peters9576@example.com,Nijmegen,2020-08-27
9577,Finn,Hendriks,+31600009577,finn.hendriks9577@example.com,Amsterdam,2024-10-22
9578,Sophia,Kuiper,+31600009578,sophia.kuiper9578@example.com,Tilburg,2023-09-01
9579,Levi,Schouten,+31600009579,levi.schouten9579@example.com,Tilburg,2023-06-14
9580,Julia,Bakker,+31600009580,julia.bakker9580@example.com,Almere,2022-06-17
9581,Julia,Kok,+31600009581,julia.kok9581@example.com,Rotterdam,2023-12-18
9582,Noah,Dekker,+31600009582,noah.dekker9582@example.com,The Hague,2022-09-19
9583,Sophia,Visser,+31600009583,sophia.visser9583@example.com,Rotterdam,2020-11-30
9584,Finn,Smit,+31600009584,finn.smit9584@example.com,Rotterdam,2022-03-11
9585,Oliver,Bakker,+31600009585,oliver.bakker9585@example.com,Amsterdam,2024-08-27
9586,Emma,Jacobs,+31600009586,emma.jacobs9586@example.com,Breda,2023-09-04
9587,Julia,Meijer,+31600009587,julia.meijer9587@example.com,Tilburg,2024-10-03
9588,Oliver,De Vries,+31600009588,oliver.de vries9588@example.com,Almere,2021-07-28
9589,Emma,Jacobs,+31600009589,emma.jacobs9589@example.com,Eindhoven,2023-03-09
9590,Noah,Kok,+31600009590,noah.kok9590@example.com,Eindhoven,2020-08-19
9591,Eva,Vos,+31600009591,eva.vos9591@example.com,Groningen,2022-02-11
9592,Mila,Van Dijk,+31600009592,mila.van dijk9592@example.com,Amsterdam,2024-08-01
9593,Eva,Jacobs,+31600009593,eva.jacobs9593@example.com,Nijmegen,2021-06-18
9594,Ethan,De Vries,+31600009594,ethan.de vries9594@example.com,Nijmegen,2022-09-06
9595,Daan,De Vries,+31600009595,daan.de vries9595@example.com,Amsterdam,2022-06-10
9596,Oliver,Smit,+31600009596,oliver.smit9596@example.com,Breda,2024-06-28
9597,Noah,Bakker,+31600009597,noah.bakker9597@example.com,Eindhoven,2023-04-25
9598,Sara,Willems,+31600009598,sara.willems9598@example.com,Nijmegen,2023-12-10
9599,Ethan,Dekker,+31600009599,ethan.dekker9599@example.com,The Hague,2022-08-09
9600,Mila,Bakker,+31600009600,mila.bakker9600@example.com,Rotterdam,2020-09-01
9601,Lucas,De Boer,+31600009601,lucas.de boer9601@example.com,Rotterdam,2022-08-03
9602,Lucas,Kok,+31600009602,lucas.kok9602@example.com,Utrecht,2021-01-22
9603,Oliver,Peters,+31600009603,oliver.peters9603@example.com,Groningen,2024-07-10
9604,Finn,Peters,+31600009604,finn.peters9604@example.com,Groningen,2022-12-12
9605,Sophia,Peters,+31600009605,sophia.peters9605@example.com,Tilburg,2023-06-16
9606,Milan,Willems,+31600009606,milan.willems9606@example.com,Almere,2021-02-07
9607,Olivia,Visser,+31600009607,olivia.visser9607@example.com,Breda,2024-02-29
9608,Noah,Hendriks,+31600009608,noah.hendriks9608@example.com,Groningen,2023-10-14
9609,Daan,De Vries,+31600009609,daan.de vries9609@example.com,Eindhoven,2023-01-03
9610,Eva,De Vries,+31600009610,eva.de vries9610@example.com,Utrecht,2022-11-14
9611,Emma,Jacobs,+31600009611,emma.jacobs9611@example.com,Groningen,2023-06-07
9612,Eva,Visser,+31600009612,eva.visser9612@example.com,Eindhoven,2024-01-09
9613,Oliver,Dekker,+31600009613,oliver.dekker9613@example.com,Breda,2024-08-29
9614,Lotte,Jacobs,+31600009614,lotte.jacobs9614@example.com,Amsterdam,2024-05-01
9615,Sophia,Smit,+31600009615,sophia.smit9615@example.com,The Hague,2024-07-14
9616,Finn,De Boer,+31600009616,finn.de boer9616@example.com,The Hague,2021-06-19
9617,Anna,Meijer,+31600009617,anna.meijer9617@example.com,Amsterdam,2022-02-10
9618,Olivia,Mulder,+31600009618,olivia.mulder9618@example.com,The Hague,2023-06-14
9619,Finn,Hendriks,+31600009619,finn.hendriks9619@example.com,Groningen,2021-10-28
9620,Finn,Kuiper,+31600009620,finn.kuiper9620@example.com,Eindhoven,2023-02-21
9621,Emma,Hendriks,+31600009621,emma.hendriks9621@example.com,Amsterdam,2022-01-11
9622,Ethan,Kuiper,+31600009622,ethan.kuiper9622@example.com,Nijmegen,2024-11-06
9623,Levi,Prins,+31600009623,levi.prins9623@example.com,The Hague,2020-06-26
9624,Sophia,Vos,+31600009624,sophia.vos9624@example.com,Nijmegen,2022-12-12
9625,Ethan,Bos,+31600009625,ethan.bos9625@example.com,Breda,2023-02-17
9626,Mason,Prins,+31600009626,mason.prins9626@example.com,Almere,2023-07-21
9627,Nina,Jansen,+31600009627,nina.jansen9627@example.com,Groningen,2023-03-13
9628,Julia,Mulder,+31600009628,julia.mulder9628@example.com,Rotterdam,2022-04-12
9629,Sophia,Willems,+31600009629,sophia.willems9629@example.com,The Hague,2022-06-26
9630,Anna,De Boer,+31600009630,anna.de boer9630@example.com,Utrecht,2023-05-17
9631,Olivia,Willems,+31600009631,olivia.willems9631@example.com,Breda,2022-12-13
9632,Anna,Visser,+31600009632,anna.visser9632@example.com,Rotterdam,2023-09-23
9633,Finn,Van Dijk,+31600009633,finn.van dijk9633@example.com,The Hague,2024-08-15
9634,Ethan,Vos,+31600009634,ethan.vos9634@example.com,Groningen,2021-01-20
9635,Julia,Kok,+31600009635,julia.kok9635@example.com,The Hague,2023-10-13
9636,Lucas,De Vries,+31600009636,lucas.de vries9636@example.com,Almere,2021-11-08
9637,Eva,Bakker,+31600009637,eva.bakker9637@example.com,Breda,2020-07-18
9638,Mason,De Boer,+31600009638,mason.de boer9638@example.com,The Hague,2020-01-01
9639,Emma,Mulder,+31600009639,emma.mulder9639@example.com,Groningen,2021-02-25
9640,Mila,Willems,+31600009640,mila.willems9640@example.com,Almere,2024-10-17
9641,Eva,De Boer,+31600009641,eva.de boer9641@example.com,Breda,2020-10-21
9642,Anna,Bos,+31600009642,anna.bos9642@example.com,Groningen,2020-11-28
9643,Nina,Dekker,+31600009643,nina.dekker9643@example.com,The Hague,2024-05-15
9644,Daan,Peters,+31600009644,daan.peters9644@example.com,Amsterdam,2023-03-22
9645,Nina,Dekker,+31600009645,nina.dekker9645@example.com,Eindhoven,2024-02-29
9646,Ethan,De Boer,+31600009646,ethan.de boer9646@example.com,Breda,2022-08-24
9647,Oliver,Dekker,+31600009647,oliver.dekker9647@example.com,Almere,2023-06-28
9648,Olivia,Vos,+31600009648,olivia.vos9648@example.com,Rotterdam,2023-09-17
9649,Emma,Dekker,+31600009649,emma.dekker9649@example.com,Rotterdam,2020-09-25
9650,Noah,Vos,+31600009650,noah.vos9650@example.com,Utrecht,2022-08-12
9651,Julia,Mulder,+31600009651,julia.mulder9651@example.com,Amsterdam,2024-02-15
9652,Emma,Meijer,+31600009652,emma.meijer9652@example.com,Breda,2020-11-21
9653,Finn,Prins,+31600009653,finn.prins9653@example.com,Breda,2021-04-13
9654,Milan,Smit,+31600009654,milan.smit9654@example.com,Utrecht,2022-06-28
9655,Sara,Willems,+31600009655,sara.willems9655@example.com,Almere,2022-07-29
9656,Daan,Meijer,+31600009656,daan.meijer9656@example.com,Groningen,2024-04-14
9657,Emma,De Vries,+31600009657,emma.de vries9657@example.com,Tilburg,2023-03-21
9658,Noah,De Vries,+31600009658,noah.de vries9658@example.com,Eindhoven,2024-03-25
9659,Oliver,Peters,+31600009659,oliver.peters9659@example.com,Rotterdam,2023-05-04
9660,Mila,Mulder,+31600009660,mila.mulder9660@example.com,Eindhoven,2021-07-04
9661,Finn,Jansen,+31600009661,finn.jansen9661@example.com,Breda,2022-05-02
9662,Sara,Bos,+31600009662,sara.bos9662@example.com,Utrecht,2021-07-05
9663,Olivia,Visser,+31600009663,olivia.visser9663@example.com,Groningen,2022-03-01
9664,Eva,Mulder,+31600009664,eva.mulder9664@example.com,Nijmegen,2022-03-10
9665,Milan,Bakker,+31600009665,milan.bakker9665@example.com,Groningen,2021-05-11
9666,Finn,Kok,+31600009666,finn.kok9666@example.com,Eindhoven,2020-11-24
9667,Noah,Peters,+31600009667,noah.peters9667@example.com,Almere,2021-11-24
9668,Julia,Schouten,+31600009668,julia.schouten9668@example.com,Nijmegen,2021-05-09
9669,Daan,Van Dijk,+31600009669,daan.van dijk9669@example.com,Groningen,2020-10-18
9670,Finn,Bos,+31600009670,finn.bos9670@example.com,Tilburg,2022-03-29
9671,Lotte,Kuiper,+31600009671,lotte.kuiper9671@example.com,Groningen,2023-11-14
9672,Nina,Bos,+31600009672,nina.bos9672@example.com,Breda,2020-08-12
9673,Oliver,Mulder,+31600009673,oliver.mulder9673@example.com,Groningen,2022-07-10
9674,Emma,Jansen,+31600009674,emma.jansen9674@example.com,Nijmegen,2024-11-27
9675,Oliver,Visser,+31600009675,oliver.visser9675@example.com,Eindhoven,2024-07-19
9676,Eva,Jansen,+31600009676,eva.jansen9676@example.com,The Hague,2021-11-18
9677,Oliver,Dekker,+31600009677,oliver.dekker9677@example.com,The Hague,2022-07-31
9678,Lotte,Bakker,+31600009678,lotte.bakker9678@example.com,Utrecht,2024-08-29
9679,Daan,Mulder,+31600009679,daan.mulder9679@example.com,Almere,2020-11-30
9680,Lucas,De Boer,+31600009680,lucas.de boer9680@example.com,Amsterdam,2024-03-05
9681,Oliver,De Vries,+31600009681,oliver.de vries9681@example.com,Utrecht,2020-08-02
9682,Levi,Van Dijk,+31600009682,levi.van dijk9682@example.com,Tilburg,2021-08-10
9683,Lotte,Visser,+31600009683,lotte.visser9683@example.com,Almere,2024-03-14
9684,Levi,De Vries,+31600009684,levi.de vries9684@example.com,The Hague,2020-11-11
9685,Sophia,De Vries,+31600009685,sophia.de vries9685@example.com,Eindhoven,2024-06-05
9686,Liam,Willems,+31600009686,liam.willems9686@example.com,Groningen,2023-07-23
9687,Mason,Jansen,+31600009687,mason.jansen9687@example.com,Breda,2024-02-02
9688,Sophia,Dekker,+31600009688,sophia.dekker9688@example.com,Tilburg,2020-10-14
9689,Ethan,Prins,+31600009689,ethan.prins9689@example.com,Amsterdam,2022-12-23
9690,Olivia,Hendriks,+31600009690,olivia.hendriks9690@example.com,Almere,2023-09-17
9691,Emma,De Boer,+31600009691,emma.de boer9691@example.com,Amsterdam,2020-11-13
9692,Eva,Bakker,+31600009692,eva.bakker9692@example.com,Breda,2024-08-15
9693,Julia,Kok,+31600009693,julia.kok9693@example.com,Almere,2021-03-04
9694,Sophia,Jacobs,+31600009694,sophia.jacobs9694@example.com,Groningen,2023-08-23
9695,Emma,Schouten,+31600009695,emma.schouten9695@example.com,Rotterdam,2023-09-30
9696,Sara,Bos,+31600009696,sara.bos9696@example.com,The Hague,2023-10-27
9697,Emma,Smit,+31600009697,emma.smit9697@example.com,Nijmegen,2020-04-30
9698,Lucas,Mulder,+31600009698,lucas.mulder9698@example.com,Almere,2023-08-02
9699,Liam,De Vries,+31600009699,liam.de vries9699@example.com,Eindhoven,2022-10-29
9700,Julia,Kuiper,+31600009700,julia.kuiper9700@example.com,Almere,2020-09-28
9701,Sophia,Visser,+31600009701,sophia.visser9701@example.com,Rotterdam,2023-07-16
9702,Lucas,Van Dijk,+31600009702,lucas.van dijk9702@example.com,Amsterdam,2023-04-23
9703,Mila,Willems,+31600009703,mila.willems9703@example.com,Utrecht,2021-08-23
9704,Julia,Bakker,+31600009704,julia.bakker9704@example.com,Utrecht,2021-11-18
9705,Finn,Van Dijk,+31600009705,finn.van dijk9705@example.com,Groningen,2023-10-02
9706,Nina,Bakker,+31600009706,nina.bakker9706@example.com,Tilburg,2022-01-06
9707,Sara,Smit,+31600009707,sara.smit9707@example.com,The Hague,2024-06-22
9708,Ethan,Smit,+31600009708,ethan.smit9708@example.com,The Hague,2024-01-23
9709,Lotte,Mulder,+31600009709,lotte.mulder9709@example.com,Almere,2023-04-27
9710,Sophia,Kuiper,+31600009710,sophia.kuiper9710@example.com,Nijmegen,2024-01-16
9711,Mila,Prins,+31600009711,mila.prins9711@example.com,Nijmegen,2023-03-15
9712,Julia,Hendriks,+31600009712,julia.hendriks9712@example.com,Rotterdam,2022-05-22
9713,Sara,Schouten,+31600009713,sara.schouten9713@example.com,Tilburg,2021-09-27
9714,Olivia,Kok,+31600009714,olivia.kok9714@example.com,Tilburg,2021-10-19
9715,Mason,Bakker,+31600009715,mason.bakker9715@example.com,Eindhoven,2024-03-27
9716,Olivia,Mulder,+31600009716,olivia.mulder9716@example.com,Groningen,2024-10-31
9717,Oliver,Prins,+31600009717,oliver.prins9717@example.com,Utrecht,2024-10-14
9718,Mason,Van Dijk,+31600009718,mason.van dijk9718@example.com,Amsterdam,2022-09-26
9719,Mila,Vos,+31600009719,mila.vos9719@example.com,Rotterdam,2024-09-26
9720,Finn,Visser,+31600009720,finn.visser9720@example.com,The Hague,2020-08-10
9721,Julia,Mulder,+31600009721,julia.mulder9721@example.com,Utrecht,2022-11-29
9722,Daan,Schouten,+31600009722,daan.schouten9722@example.com,Almere,2021-08-01
9723,Daan,Prins,+31600009723,daan.prins9723@example.com,Breda,2022-01-25
9724,Finn,Smit,+31600009724,finn.smit9724@example.com,Nijmegen,2023-10-29
9725,Nina,Dekker,+31600009725,nina.dekker9725@example.com,Groningen,2023-11-01
9726,Milan,Jansen,+31600009726,milan.jansen9726@example.com,Almere,2021-02-08
9727,Emma,Visser,+31600009727,emma.visser9727@example.com,Nijmegen,2021-01-02
9728,Milan,De Vries,+31600009728,milan.de vries9728@example.com,Utrecht,2020-09-07
9729,Julia,Vos,+31600009729,julia.vos9729@example.com,Breda,2023-01-02
9730,Emma,Bakker,+31600009730,emma.bakker9730@example.com,The Hague,2023-04-27
9731,Olivia,Jacobs,+31600009731,olivia.jacobs9731@example.com,Tilburg,2024-03-26
9732,Noah,Jacobs,+31600009732,noah.jacobs9732@example.com,Amsterdam,2024-07-30
9733,Sophia,Mulder,+31600009733,sophia.mulder9733@example.com,Almere,2021-07-09
9734,Levi,De Boer,+31600009734,levi.de boer9734@example.com,Groningen,2020-06-04
9735,Noah,Hendriks,+31600009735,noah.hendriks9735@example.com,Amsterdam,2021-08-14
9736,Julia,Bos,+31600009736,julia.bos9736@example.com,Groningen,2021-08-15
9737,Julia,Jansen,+31600009737,julia.jansen9737@example.com,Nijmegen,2022-11-21
9738,Levi,Willems,+31600009738,levi.willems9738@example.com,Utrecht,2023-03-30
9739,Lucas,Willems,+31600009739,lucas.willems9739@example.com,Breda,2021-11-06
9740,Mason,Jansen,+31600009740,mason.jansen9740@example.com,Breda,2023-01-18
9741,Emma,Schouten,+31600009741,emma.schouten9741@example.com,Tilburg,2020-02-18
9742,Sara,Hendriks,+31600009742,sara.hendriks9742@example.com,Groningen,2023-09-12
9743,Oliver,De Vries,+31600009743,oliver.de vries9743@example.com,Breda,2023-02-18
9744,Lotte,Kok,+31600009744,lotte.kok9744@example.com,Breda,2023-01-29
9745,Nina,Smit,+31600009745,nina.smit9745@example.com,Eindhoven,2023-02-28
9746,Finn,Meijer,+31600009746,finn.meijer9746@example.com,Almere,2023-08-14
9747,Oliver,Smit,+31600009747,oliver.smit9747@example.com,Breda,2020-07-21
9748,Daan,Visser,+31600009748,daan.visser9748@example.com,Amsterdam,2022-04-30
9749,Daan,Peters,+31600009749,daan.peters9749@example.com,Eindhoven,2024-03-03
9750,Sara,Kuiper,+31600009750,sara.kuiper9750@example.com,Nijmegen,2020-03-06
9751,Sara,Van Dijk,+31600009751,sara.van dijk9751@example.com,Amsterdam,2024-08-05
9752,Milan,Visser,+31600009752,milan.visser9752@example.com,Amsterdam,2024-02-05
9753,Liam,Jansen,+31600009753,liam.jansen9753@example.com,Rotterdam,2020-05-07
9754,Mason,Prins,+31600009754,mason.prins9754@example.com,Utrecht,2024-03-15
9755,Anna,Jansen,+31600009755,anna.jansen9755@example.com,The Hague,2023-03-15
9756,Eva,Visser,+31600009756,eva.visser9756@example.com,Utrecht,2023-05-14
9757,Finn,Mulder,+31600009757,finn.mulder9757@example.com,Nijmegen,2023-12-31
9758,Eva,Schouten,+31600009758,eva.schouten9758@example.com,Rotterdam,2020-10-16
9759,Eva,De Vries,+31600009759,eva.de vries9759@example.com,Utrecht,2022-10-14
9760,Daan,Prins,+31600009760,daan.prins9760@example.com,Groningen,2023-05-14
9761,Ethan,Prins,+31600009761,ethan.prins9761@example.com,Groningen,2022-03-13
9762,Finn,Kuiper,+31600009762,finn.kuiper9762@example.com,Tilburg,2022-08-07
9763,Noah,Van Dijk,+31600009763,noah.van dijk9763@example.com,Rotterdam,2023-05-14
9764,Sara,Mulder,+31600009764,sara.mulder9764@example.com,Eindhoven,2020-01-15
9765,Finn,Visser,+31600009765,finn.visser9765@example.com,Amsterdam,2022-04-18
9766,Noah,De Boer,+31600009766,noah.de boer9766@example.com,Breda,2022-12-22
9767,Nina,Schouten,+31600009767,nina.schouten9767@example.com,Amsterdam,2024-11-15
9768,Milan,Bakker,+31600009768,milan.bakker9768@example.com,Almere,2023-08-15
9769,Noah,Visser,+31600009769,noah.visser9769@example.com,Nijmegen,2022-02-24
9770,Sophia,De Boer,+31600009770,sophia.de boer9770@example.com,Utrecht,2024-01-02
9771,Nina,Bakker,+31600009771,nina.bakker9771@example.com,Utrecht,2024-11-18
9772,Oliver,Van Dijk,+31600009772,oliver.van dijk9772@example.com,The Hague,2022-09-05
9773,Julia,Smit,+31600009773,julia.smit9773@example.com,Breda,2021-09-04
9774,Sophia,Kok,+31600009774,sophia.kok9774@example.com,Rotterdam,2022-07-13
9775,Eva,Vos,+31600009775,eva.vos9775@example.com,Eindhoven,2021-06-16
9776,Emma,Van Dijk,+31600009776,emma.van dijk9776@example.com,Almere,2020-12-14
9777,Lucas,De Vries,+31600009777,lucas.de vries9777@example.com,Amsterdam,2024-08-09
9778,Oliver,Dekker,+31600009778,oliver.dekker9778@example.com,Groningen,2020-05-01
9779,Emma,Visser,+31600009779,emma.visser9779@example.com,Utrecht,2023-08-29
9780,Sophia,Jacobs,+31600009780,sophia.jacobs9780@example.com,Almere,2022-03-17
9781,Sophia,Vos,+31600009781,sophia.vos9781@example.com,Amsterdam,2024-01-22
9782,Eva,Van Dijk,+31600009782,eva.van dijk9782@example.com,Breda,2020-09-11
9783,Noah,Van Dijk,+31600009783,noah.van dijk9783@example.com,Nijmegen,2023-12-26
9784,Julia,Mulder,+31600009784,julia.mulder9784@example.com,Breda,2023-09-03
9785,Mason,Bakker,+31600009785,mason.bakker9785@example.com,Utrecht,2023-04-23
9786,Sara,Willems,+31600009786,sara.willems9786@example.com,Almere,2022-12-16
9787,Levi,Bakker,+31600009787,levi.bakker9787@example.com,Nijmegen,2022-06-01
9788,Noah,Prins,+31600009788,noah.prins9788@example.com,Eindhoven,2022-09-01
9789,Liam,De Vries,+31600009789,liam.de vries9789@example.com,Almere,2022-10-13
9790,Noah,Vos,+31600009790,noah.vos9790@example.com,Tilburg,2023-06-25
9791,Lotte,Smit,+31600009791,lotte.smit9791@example.com,Nijmegen,2020-01-09
9792,Finn,Bos,+31600009792,finn.bos9792@example.com,Utrecht,2024-11-08
9793,Mila,Kuiper,+31600009793,mila.kuiper9793@example.com,The Hague,2021-05-30
9794,Levi,Kok,+31600009794,levi.kok9794@example.com,Rotterdam,2022-02-17
9795,Emma,De Boer,+31600009795,emma.de boer9795@example.com,The Hague,2024-04-01
9796,Levi,Peters,+31600009796,levi.peters9796@example.com,The Hague,2024-08-18
9797,Sophia,Meijer,+31600009797,sophia.meijer9797@example.com,Tilburg,2023-02-19
9798,Mila,Schouten,+31600009798,mila.schouten9798@example.com,Tilburg,2022-06-09
9799,Anna,De Vries,+31600009799,anna.de vries9799@example.com,Almere,2024-12-02
9800,Daan,Kok,+31600009800,daan.kok9800@example.com,Groningen,2020-09-10
9801,Lotte,Schouten,+31600009801,lotte.schouten9801@example.com,Nijmegen,2021-06-23
9802,Mason,Smit,+31600009802,mason.smit9802@example.com,Tilburg,2021-06-12
9803,Julia,Kok,+31600009803,julia.kok9803@example.com,Eindhoven,2023-08-17
9804,Sophia,Van Dijk,+31600009804,sophia.van dijk9804@example.com,Eindhoven,2020-01-17
9805,Anna,De Vries,+31600009805,anna.de vries9805@example.com,Nijmegen,2021-07-18
9806,Levi,Meijer,+31600009806,levi.meijer9806@example.com,Amsterdam,2021-09-16
9807,Anna,Prins,+31600009807,anna.prins9807@example.com,Nijmegen,2024-03-24
9808,Milan,Vos,+31600009808,milan.vos9808@example.com,Amsterdam,2020-04-17
9809,Lotte,Kok,+31600009809,lotte.kok9809@example.com,Amsterdam,2024-11-20
9810,Noah,Schouten,+31600009810,noah.schouten9810@example.com,Utrecht,2022-11-25
9811,Daan,Prins,+31600009811,daan.prins9811@example.com,Utrecht,2024-01-03
9812,Olivia,Kuiper,+31600009812,olivia.kuiper9812@example.com,The Hague,2021-11-22
9813,Daan,De Vries,+31600009813,daan.de vries9813@example.com,Amsterdam,2021-09-28
9814,Finn,Prins,+31600009814,finn.prins9814@example.com,Rotterdam,2022-07-31
9815,Mason,Kok,+31600009815,mason.kok9815@example.com,Tilburg,2020-11-30
9816,Mila,Dekker,+31600009816,mila.dekker9816@example.com,Nijmegen,2024-04-07
9817,Finn,Dekker,+31600009817,finn.dekker9817@example.com,Breda,2022-11-23
9818,Finn,Bos,+31600009818,finn.bos9818@example.com,Groningen,2021-06-19
9819,Mila,Bakker,+31600009819,mila.bakker9819@example.com,Nijmegen,2021-03-30
9820,Lotte,Vos,+31600009820,lotte.vos9820@example.com,The Hague,2024-10-06
9821,Daan,Kok,+31600009821,daan.kok9821@example.com,Amsterdam,2024-07-08
9822,Lotte,Meijer,+31600009822,lotte.meijer9822@example.com,Rotterdam,2020-07-03
9823,Finn,Vos,+31600009823,finn.vos9823@example.com,Nijmegen,2024-11-29
9824,Lotte,Schouten,+31600009824,lotte.schouten9824@example.com,Tilburg,2023-04-06
9825,Oliver,Kuiper,+31600009825,oliver.kuiper9825@example.com,Rotterdam,2020-03-09
9826,Milan,Dekker,+31600009826,milan.dekker9826@example.com,Rotterdam,2020-11-23
9827,Mason,Mulder,+31600009827,mason.mulder9827@example.com,Tilburg,2022-02-23
9828,Liam,Vos,+31600009828,liam.vos9828@example.com,Amsterdam,2020-03-25
9829,Sophia,Meijer,+31600009829,sophia.meijer9829@example.com,Tilburg,2024-02-03
9830,Sophia,Bos,+31600009830,sophia.bos9830@example.com,Nijmegen,2024-05-12
9831,Julia,Prins,+31600009831,julia.prins9831@example.com,Utrecht,2020-05-04
9832,Julia,Schouten,+31600009832,julia.schouten9832@example.com,The Hague,2022-09-23
9833,Mila,Bos,+31600009833,mila.bos9833@example.com,Almere,2023-01-30
9834,Oliver,Bos,+31600009834,oliver.bos9834@example.com,The Hague,2020-12-08
9835,Nina,Bakker,+31600009835,nina.bakker9835@example.com,Nijmegen,2021-09-30
9836,Lotte,Dekker,+31600009836,lotte.dekker9836@example.com,Groningen,2021-06-08
9837,Daan,Mulder,+31600009837,daan.mulder9837@example.com,Eindhoven,2022-06-24
9838,Oliver,Peters,+31600009838,oliver.peters9838@example.com,Almere,2022-12-09
9839,Emma,Kok,+31600009839,emma.kok9839@example.com,Tilburg,2021-02-04
9840,Emma,Meijer,+31600009840,emma.meijer9840@example.com,Amsterdam,2023-08-28
9841,Sophia,Bos,+31600009841,sophia.bos9841@example.com,Rotterdam,2024-10-20
9842,Sophia,Vos,+31600009842,sophia.vos9842@example.com,The Hague,2021-09-03
9843,Lucas,Meijer,+31600009843,lucas.meijer9843@example.com,Groningen,2021-11-27
9844,Levi,Dekker,+31600009844,levi.dekker9844@example.com,Utrecht,2023-09-07
9845,Milan,Kuiper,+31600009845,milan.kuiper9845@example.com,Groningen,2021-07-18
9846,Olivia,Bos,+31600009846,olivia.bos9846@example.com,Amsterdam,2023-01-11
9847,Sophia,Prins,+31600009847,sophia.prins9847@example.com,Nijmegen,2020-12-29
9848,Sara,Hendriks,+31600009848,sara.hendriks9848@example.com,Amsterdam,2022-10-18
9849,Levi,Schouten,+31600009849,levi.schouten9849@example.com,The Hague,2023-02-08
9850,Ethan,Visser,+31600009850,ethan.visser9850@example.com,Amsterdam,2023-06-10
9851,Lucas,Jansen,+31600009851,lucas.jansen9851@example.com,The Hague,2024-03-10
9852,Olivia,Dekker,+31600009852,olivia.dekker9852@example.com,Tilburg,2021-05-20
9853,Eva,De Vries,+31600009853,eva.de vries9853@example.com,Amsterdam,2021-10-23
9854,Noah,Smit,+31600009854,noah.smit9854@example.com,Eindhoven,2023-12-21
9855,Mason,Schouten,+31600009855,mason.schouten9855@example.com,Utrecht,2022-06-16
9856,Sophia,Jansen,+31600009856,sophia.jansen9856@example.com,Breda,2023-04-10
9857,Sophia,Bos,+31600009857,sophia.bos9857@example.com,Utrecht,2023-02-08
9858,Emma,Kok,+31600009858,emma.kok9858@example.com,The Hague,2024-04-13
9859,Mila,Visser,+31600009859,mila.visser9859@example.com,Rotterdam,2021-01-15
9860,Lotte,De Vries,+31600009860,lotte.de vries9860@example.com,Groningen,2020-06-23
9861,Emma,Peters,+31600009861,emma.peters9861@example.com,Breda,2020-04-22
9862,Emma,Hendriks,+31600009862,emma.hendriks9862@example.com,Groningen,2020-03-25
9863,Liam,Van Dijk,+31600009863,liam.van dijk9863@example.com,Tilburg,2022-07-06
9864,Levi,Hendriks,+31600009864,levi.hendriks9864@example.com,Utrecht,2023-10-06
9865,Sara,Bos,+31600009865,sara.bos9865@example.com,Rotterdam,2024-09-25
9866,Olivia,Bos,+31600009866,olivia.bos9866@example.com,Amsterdam,2024-04-30
9867,Sophia,Visser,+31600009867,sophia.visser9867@example.com,Eindhoven,2023-01-14
9868,Daan,Vos,+31600009868,daan.vos9868@example.com,Breda,2022-02-18
9869,Nina,Bakker,+31600009869,nina.bakker9869@example.com,Breda,2020-04-24
9870,Milan,Schouten,+31600009870,milan.schouten9870@example.com,Breda,2024-06-23
9871,Anna,Vos,+31600009871,anna.vos9871@example.com,Tilburg,2021-07-11
9872,Lotte,Dekker,+31600009872,lotte.dekker9872@example.com,Tilburg,2022-08-11
9873,Julia,Bos,+31600009873,julia.bos9873@example.com,Tilburg,2020-06-10
9874,Daan,Van Dijk,+31600009874,daan.van dijk9874@example.com,Almere,2020-01-13
9875,Oliver,De Boer,+31600009875,oliver.de boer9875@example.com,Eindhoven,2022-10-23
9876,Lotte,Bos,+31600009876,lotte.bos9876@example.com,Breda,2020-03-20
9877,Milan,Schouten,+31600009877,milan.schouten9877@example.com,Rotterdam,2023-09-23
9878,Julia,Jacobs,+31600009878,julia.jacobs9878@example.com,Tilburg,2020-10-23
9879,Olivia,Kok,+31600009879,olivia.kok9879@example.com,Rotterdam,2020-03-17
9880,Mila,Jansen,+31600009880,mila.jansen9880@example.com,Amsterdam,2020-10-20
9881,Sophia,Van Dijk,+31600009881,sophia.van dijk9881@example.com,Groningen,2024-08-09
9882,Mason,Prins,+31600009882,mason.prins9882@example.com,Amsterdam,2023-08-26
9883,Lucas,Dekker,+31600009883,lucas.dekker9883@example.com,Groningen,2022-05-07
9884,Daan,De Vries,+31600009884,daan.de vries9884@example.com,Groningen,2020-09-22
9885,Daan,Kok,+31600009885,daan.kok9885@example.com,Almere,2023-05-23
9886,Milan,Jansen,+31600009886,milan.jansen9886@example.com,Nijmegen,2024-01-25
9887,Emma,Willems,+31600009887,emma.willems9887@example.com,Almere,2020-10-30
9888,Olivia,Bakker,+31600009888,olivia.bakker9888@example.com,Amsterdam,2021-12-10
9889,Eva,Mulder,+31600009889,eva.mulder9889@example.com,Rotterdam,2023-07-31
9890,Eva,Kok,+31600009890,eva.kok9890@example.com,Nijmegen,2023-01-21
9891,Nina,Schouten,+31600009891,nina.schouten9891@example.com,Rotterdam,2020-03-08
9892,Liam,Hendriks,+31600009892,liam.hendriks9892@example.com,Utrecht,2023-08-20
9893,Liam,Bakker,+31600009893,liam.bakker9893@example.com,Tilburg,2021-09-28
9894,Anna,Jansen,+31600009894,anna.jansen9894@example.com,Nijmegen,2022-09-19
9895,Olivia,Meijer,+31600009895,olivia.meijer9895@example.com,Utrecht,2023-01-11
9896,Emma,Van Dijk,+31600009896,emma.van dijk9896@example.com,Rotterdam,2020-12-19
9897,Eva,Meijer,+31600009897,eva.meijer9897@example.com,Tilburg,2020-03-14
9898,Nina,Dekker,+31600009898,nina.dekker9898@example.com,Groningen,2021-02-07
9899,Eva,Kok,+31600009899,eva.kok9899@example.com,Amsterdam,2023-06-01
9900,Olivia,Van Dijk,+31600009900,olivia.van dijk9900@example.com,Breda,2020-09-29
9901,Daan,Kok,+31600009901,daan.kok9901@example.com,Nijmegen,2021-09-27
9902,Julia,De Vries,+31600009902,julia.de vries9902@example.com,The Hague,2020-08-17
9903,Nina,Mulder,+31600009903,nina.mulder9903@example.com,Tilburg,2021-07-15
9904,Liam,Vos,+31600009904,liam.vos9904@example.com,Tilburg,2020-05-21
9905,Oliver,Visser,+31600009905,oliver.visser9905@example.com,Almere,2022-12-09
9906,Anna,Willems,+31600009906,anna.willems9906@example.com,Tilburg,2022-07-09
9907,Liam,Vos,+31600009907,liam.vos9907@example.com,Almere,2022-10-18
9908,Sara,Dekker,+31600009908,sara.dekker9908@example.com,Nijmegen,2020-05-15
9909,Mason,Bakker,+31600009909,mason.bakker9909@example.com,Breda,2020-12-19
9910,Olivia,Bos,+31600009910,olivia.bos9910@example.com,Eindhoven,2024-01-20
9911,Levi,De Boer,+31600009911,levi.de boer9911@example.com,Rotterdam,2023-02-21
9912,Olivia,Hendriks,+31600009912,olivia.hendriks9912@example.com,Utrecht,2021-06-18
9913,Anna,Bos,+31600009913,anna.bos9913@example.com,The Hague,2021-07-13
9914,Finn,Smit,+31600009914,finn.smit9914@example.com,The Hague,2023-07-25
9915,Mila,De Boer,+31600009915,mila.de boer9915@example.com,Tilburg,2024-05-25
9916,Julia,Visser,+31600009916,julia.visser9916@example.com,Amsterdam,2024-10-30
9917,Julia,Prins,+31600009917,julia.prins9917@example.com,Rotterdam,2022-11-24
9918,Emma,Van Dijk,+31600009918,emma.van dijk9918@example.com,Eindhoven,2024-01-17
9919,Julia,Meijer,+31600009919,julia.meijer9919@example.com,Groningen,2020-04-13
9920,Noah,Vos,+31600009920,noah.vos9920@example.com,Rotterdam,2023-05-30
9921,Sara,Jansen,+31600009921,sara.jansen9921@example.com,Amsterdam,2024-01-01
9922,Lucas,Schouten,+31600009922,lucas.schouten9922@example.com,Utrecht,2023-08-21
9923,Sara,Van Dijk,+31600009923,sara.van dijk9923@example.com,Eindhoven,2021-09-16
9924,Noah,Vos,+31600009924,noah.vos9924@example.com,Almere,2023-04-11
9925,Mason,Hendriks,+31600009925,mason.hendriks9925@example.com,Nijmegen,2022-06-24
9926,Mila,De Vries,+31600009926,mila.de vries9926@example.com,The Hague,2024-10-30
9927,Lucas,Hendriks,+31600009927,lucas.hendriks9927@example.com,Rotterdam,2023-09-05
9928,Liam,Visser,+31600009928,liam.visser9928@example.com,Rotterdam,2020-05-02
9929,Milan,Hendriks,+31600009929,milan.hendriks9929@example.com,Breda,2020-04-29
9930,Noah,Mulder,+31600009930,noah.mulder9930@example.com,The Hague,2024-04-16
9931,Noah,De Boer,+31600009931,noah.de boer9931@example.com,Breda,2020-09-04
9932,Levi,Peters,+31600009932,levi.peters9932@example.com,Tilburg,2022-09-14
9933,Eva,Meijer,+31600009933,eva.meijer9933@example.com,The Hague,2022-11-01
9934,Julia,Dekker,+31600009934,julia.dekker9934@example.com,Groningen,2021-02-10
9935,Ethan,Smit,+31600009935,ethan.smit9935@example.com,Groningen,2020-10-18
9936,Oliver,De Boer,+31600009936,oliver.de boer9936@example.com,Utrecht,2024-11-16
9937,Noah,Bos,+31600009937,noah.bos9937@example.com,Amsterdam,2024-12-01
9938,Sophia,Peters,+31600009938,sophia.peters9938@example.com,Rotterdam,2022-06-08
9939,Mila,Schouten,+31600009939,mila.schouten9939@example.com,Eindhoven,2024-05-23
9940,Olivia,Jacobs,+31600009940,olivia.jacobs9940@example.com,Rotterdam,2022-04-30
9941,Julia,Dekker,+31600009941,julia.dekker9941@example.com,Rotterdam,2023-08-22
9942,Noah,Willems,+31600009942,noah.willems9942@example.com,Almere,2024-02-19
9943,Milan,Dekker,+31600009943,milan.dekker9943@example.com,Almere,2021-11-03
9944,Mason,Peters,+31600009944,mason.peters9944@example.com,Nijmegen,2024-02-02
9945,Noah,Bakker,+31600009945,noah.bakker9945@example.com,Tilburg,2022-04-30
9946,Levi,De Vries,+31600009946,levi.de vries9946@example.com,The Hague,2023-05-29
9947,Lotte,Visser,+31600009947,lotte.visser9947@example.com,Groningen,2024-06-10
9948,Sophia,Willems,+31600009948,sophia.willems9948@example.com,Tilburg,2022-09-12
9949,Levi,Van Dijk,+31600009949,levi.van dijk9949@example.com,The Hague,2022-03-16
9950,Eva,Smit,+31600009950,eva.smit9950@example.com,Utrecht,2024-10-31
9951,Levi,Hendriks,+31600009951,levi.hendriks9951@example.com,Almere,2021-08-30
9952,Sara,Van Dijk,+31600009952,sara.van dijk9952@example.com,Eindhoven,2021-11-02
9953,Mila,Van Dijk,+31600009953,mila.van dijk9953@example.com,Breda,2021-07-03
9954,Nina,Kok,+31600009954,nina.kok9954@example.com,Groningen,2023-12-14
9955,Olivia,Kok,+31600009955,olivia.kok9955@example.com,Amsterdam,2020-08-22
9956,Ethan,Kuiper,+31600009956,ethan.kuiper9956@example.com,Rotterdam,2024-08-25
9957,Daan,Visser,+31600009957,daan.visser9957@example.com,Utrecht,2023-12-07
9958,Julia,De Vries,+31600009958,julia.de vries9958@example.com,Breda,2024-06-03
9959,Daan,Hendriks,+31600009959,daan.hendriks9959@example.com,Tilburg,2020-01-04
9960,Oliver,Kok,+31600009960,oliver.kok9960@example.com,Tilburg,2021-03-16
9961,Anna,Peters,+31600009961,anna.peters9961@example.com,Tilburg,2023-08-01
9962,Nina,Van Dijk,+31600009962,nina.van dijk9962@example.com,Rotterdam,2024-01-12
9963,Olivia,Van Dijk,+31600009963,olivia.van dijk9963@example.com,Groningen,2020-10-24
9964,Eva,De Boer,+31600009964,eva.de boer9964@example.com,Groningen,2022-11-21
9965,Finn,Hendriks,+31600009965,finn.hendriks9965@example.com,Rotterdam,2021-03-25
9966,Finn,Meijer,+31600009966,finn.meijer9966@example.com,Nijmegen,2024-10-21
9967,Olivia,Visser,+31600009967,olivia.visser9967@example.com,Utrecht,2023-05-25
9968,Nina,Visser,+31600009968,nina.visser9968@example.com,Tilburg,2022-04-15
9969,Daan,Mulder,+31600009969,daan.mulder9969@example.com,Eindhoven,2021-05-23
9970,Daan,Visser,+31600009970,daan.visser9970@example.com,Almere,2020-11-10
9971,Mason,Meijer,+31600009971,mason.meijer9971@example.com,Breda,2020-01-03
9972,Noah,Bakker,+31600009972,noah.bakker9972@example.com,Utrecht,2024-04-23
9973,Anna,Van Dijk,+31600009973,anna.van dijk9973@example.com,Nijmegen,2020-06-03
9974,Mila,Schouten,+31600009974,mila.schouten9974@example.com,Rotterdam,2021-10-03
9975,Noah,Prins,+31600009975,noah.prins9975@example.com,Eindhoven,2024-04-27
9976,Lotte,Kuiper,+31600009976,lotte.kuiper9976@example.com,Groningen,2020-07-21
9977,Lotte,Schouten,+31600009977,lotte.schouten9977@example.com,Rotterdam,2020-10-22
9978,Julia,Bakker,+31600009978,julia.bakker9978@example.com,Rotterdam,2023-04-18
9979,Finn,Mulder,+31600009979,finn.mulder9979@example.com,Almere,2021-02-22
9980,Oliver,Peters,+31600009980,oliver.peters9980@example.com,Breda,2021-01-16
9981,Noah,Peters,+31600009981,noah.peters9981@example.com,Utrecht,2020-03-15
9982,Mason,Prins,+31600009982,mason.prins9982@example.com,Breda,2023-05-15
9983,Lucas,Dekker,+31600009983,lucas.dekker9983@example.com,Almere,2020-04-11
9984,Mila,Kuiper,+31600009984,mila.kuiper9984@example.com,Breda,2020-07-22
9985,Levi,Dekker,+31600009985,levi.dekker9985@example.com,Amsterdam,2023-05-18
9986,Finn,Bos,+31600009986,finn.bos9986@example.com,Amsterdam,2022-09-08
9987,Liam,De Vries,+31600009987,liam.de vries9987@example.com,Almere,2023-12-21
9988,Liam,Peters,+31600009988,liam.peters9988@example.com,Eindhoven,2023-01-29
9989,Anna,Bakker,+31600009989,anna.bakker9989@example.com,Almere,2023-12-11
9990,Ethan,Peters,+31600009990,ethan.peters9990@example.com,Groningen,2023-09-18
9991,Oliver,Hendriks,+31600009991,oliver.hendriks9991@example.com,Amsterdam,2020-07-12
9992,Sophia,De Boer,+31600009992,sophia.de boer9992@example.com,Nijmegen,2023-07-23
9993,Liam,Willems,+31600009993,liam.willems9993@example.com,Eindhoven,2023-10-03
9994,Emma,Smit,+31600009994,emma.smit9994@example.com,Utrecht,2023-07-28
9995,Daan,Peters,+31600009995,daan.peters9995@example.com,Eindhoven,2022-02-08
9996,Daan,De Boer,+31600009996,daan.de boer9996@example.com,Breda,2020-02-03
9997,Olivia,Bakker,+31600009997,olivia.bakker9997@example.com,Nijmegen,2021-01-19
9998,Daan,Kuiper,+31600009998,daan.kuiper9998@example.com,Breda,2024-08-13
9999,Milan,Willems,+31600009999,milan.willems9999@example.com,Breda,2023-11-12
10000,Mason,Jacobs,+31600010000,mason.jacobs10000@example.com,Almere,2021-04-26
10001,Connie,Rodriguez,(697)975-0004,campbellamber@example.net,Woodwardmouth,1988-02-20
10002,Samantha,Hernandez,001-233-952-6800x035,jasonrios@example.com,West Annaport,1979-05-03
10003,Janice,Gonzales,3352137715,lstokes@example.com,East John,1999-04-22
10004,Amy,Hammond,001-859-781-9761x165,victor72@example.com,New Teresabury,2005-05-23
10005,Matthew,Gaines,780-315-8484,mpatterson@example.net,Medinaton,1974-12-31
