order_id,customer_id,store_id,employee_id,order_date,total_amount
1,1252,26,151,2024-10-28,18.96
2,7839,39,232,2024-01-24,22.34
3,5639,23,136,2024-07-09,26.72
4,7580,25,149,2024-07-27,26.37
5,6084,9,54,2024-10-25,13.20
6,9934,37,222,2024-01-15,18.95
7,111,10,58,2024-09-19,21.38
8,3045,27,161,2024-11-14,13.27
9,9857,3,14,2024-04-05,17.49
10,6625,17,100,2024-08-17,8.73
11,6619,41,243,2024-07-09,13.59
12,8860,20,119,2024-12-12,10.49
13,3325,43,254,2024-10-22,38.72
14,2745,50,298,2024-01-09,24.16
15,4393,23,133,2024-07-08,48.59
16,265,29,169,2024-07-16,25.78
17,5002,46,273,2024-06-05,20.80
18,7543,7,39,2024-01-04,33.98
19,6025,10,60,2024-06-09,15.96
20,933,46,274,2024-09-07,16.41
21,8586,31,181,2024-03-09,22.29
22,6540,6,32,2024-06-26,11.95
23,3356,19,111,2024-09-12,25.59
24,1193,38,225,2024-11-20,43.74
25,8842,22,130,2024-04-06,9.77
26,5584,49,289,2024-10-23,31.75
27,3979,9,49,2024-07-16,8.88
28,366,18,104,2024-08-29,8.30
29,9848,25,150,2024-09-21,33.83
30,4273,18,104,2024-07-12,30.60
31,991,34,202,2024-09-13,27.82
32,5694,9,50,2024-12-05,15.44
33,120,43,254,2024-05-23,10.32
34,9346,15,86,2024-12-23,24.25
35,5521,33,194,2024-04-27,20.53
36,232,47,279,2024-01-05,18.16
37,5692,30,175,2024-08-16,38.99
38,7537,37,220,2024-11-03,42.12
39,4019,2,12,2024-04-17,14.31
40,3263,32,187,2024-03-13,25.45
41,3997,32,187,2024-08-20,15.57
42,5034,6,33,2024-06-11,35.96
43,6834,2,9,2024-03-11,20.75
44,9708,28,166,2024-12-10,22.34
45,3219,46,272,2024-09-29,24.51
46,1159,9,51,2024-10-05,12.52
47,7813,18,107,2024-01-14,9.58
48,5416,16,93,2024-01-03,38.41
49,1735,47,282,2024-07-09,23.03
50,6782,28,168,2024-05-07,44.31
51,5970,6,36,2024-12-17,21.69
52,4243,20,119,2024-01-02,5.88
53,6766,50,298,2024-07-28,25.48
54,3743,19,109,2024-06-12,26.11
55,8541,14,81,2024-02-10,8.36
56,41,43,258,2024-07-10,22.20
57,8459,29,173,2024-06-24,9.02
58,4389,42,252,2024-04-07,24.84
59,6010,14,80,2024-08-14,19.59
60,5332,35,207,2024-10-23,50.76
61,3210,44,260,2024-08-10,21.14
62,4266,42,247,2024-02-13,12.49
63,580,36,215,2024-04-15,15.86
64,2400,40,238,2024-07-29,14.41
65,8323,42,251,2024-02-04,23.51
66,6902,33,197,2024-10-12,33.00
67,3626,10,57,2024-12-18,17.56
68,5012,46,271,2024-03-04,10.72
69,4752,2,7,2024-08-13,23.22
70,849,33,198,2024-01-03,10.69
71,8966,39,230,2024-06-05,19.00
72,9567,49,289,2024-08-09,20.59
73,569,18,104,2024-01-12,58.15
74,639,9,49,2024-09-28,18.24
75,2899,30,177,2024-02-28,35.37
76,5400,32,188,2024-12-29,9.47
77,5160,17,97,2024-07-05,7.61
78,5683,31,181,2024-04-28,22.55
79,8108,39,234,2024-07-30,40.32
80,9490,50,298,2024-11-10,19.52
81,2677,42,247,2024-01-04,29.07
82,8957,28,164,2024-02-24,20.37
83,4488,5,25,2024-02-07,22.46
84,6152,22,128,2024-05-31,14.04
85,8273,6,34,2024-05-15,61.10
86,2826,16,91,2024-08-24,18.65
87,9791,37,218,2024-01-22,59.70
88,8856,47,281,2024-08-10,92.63
89,6165,26,152,2024-10-17,9.76
90,6207,46,274,2024-08-14,29.06
91,3958,26,155,2024-01-19,48.40
92,3714,36,215,2024-12-03,37.71
93,8399,41,246,2024-02-07,17.09
94,8488,43,256,2024-04-02,25.28
95,9625,6,31,2024-01-22,24.86
96,3660,17,102,2024-10-20,9.18
97,8480,27,159,2024-08-26,58.62
98,7686,36,213,2024-01-10,16.37
99,7100,26,155,2024-12-21,17.44
100,5282,37,219,2024-03-07,11.00
101,1373,7,38,2024-05-23,36.04
102,8623,35,205,2024-10-25,20.23
103,4597,45,269,2024-04-24,90.33
104,4337,37,219,2024-11-17,20.94
105,2491,25,146,2024-05-24,11.84
106,436,45,265,2024-04-06,59.54
107,9984,47,281,2024-01-13,29.34
108,3615,35,208,2024-05-18,39.73
109,2072,17,99,2024-05-26,10.44
110,9530,37,221,2024-08-10,23.50
111,9701,16,92,2024-03-11,33.81
112,5644,8,44,2024-07-09,26.86
113,884,10,59,2024-05-21,51.40
114,6799,31,186,2024-10-02,12.32
115,5731,7,40,2024-01-29,28.54
116,5372,14,84,2024-07-23,14.75
117,8505,42,249,2024-11-06,16.36
118,4400,42,250,2024-05-06,23.36
119,6666,17,99,2024-08-26,29.07
120,1484,43,257,2024-07-06,10.45
121,6647,40,236,2024-08-11,14.07
122,1619,24,143,2024-07-30,39.06
123,6596,32,188,2024-02-14,20.58
124,1515,4,23,2024-05-05,23.17
125,1974,48,285,2024-04-22,42.84
126,3534,10,57,2024-02-11,24.39
127,7047,2,11,2024-05-22,19.71
128,1426,15,88,2024-03-31,18.54
129,1713,8,44,2024-04-24,29.97
130,9336,5,28,2024-01-26,31.82
131,7092,48,286,2024-10-16,20.72
132,2158,6,33,2024-07-28,14.35
133,3561,29,172,2024-09-24,21.21
134,2179,4,23,2024-07-14,13.46
135,2206,13,78,2024-11-06,12.51
136,6640,44,260,2024-09-12,23.06
137,4094,27,160,2024-11-08,10.65
138,8758,47,281,2024-04-29,16.88
139,1807,15,87,2024-07-13,78.99
140,5955,40,237,2024-06-29,22.86
141,9465,48,285,2024-05-30,57.20
142,5041,3,14,2024-01-27,15.95
143,4143,15,85,2024-11-11,70.82
144,7196,10,57,2024-06-15,28.52
145,5348,22,128,2024-06-06,14.34
146,1742,27,159,2024-12-09,11.83
147,9160,36,211,2024-02-14,22.32
148,6840,28,165,2024-03-11,19.38
149,3060,47,281,2024-02-15,25.99
150,5216,32,188,2024-11-07,8.41
151,3560,33,196,2024-04-24,23.11
152,3708,34,200,2024-09-23,14.96
153,4450,21,122,2024-02-04,28.18
154,1200,20,120,2024-06-26,35.78
155,2497,8,46,2024-12-30,23.77
156,5058,18,106,2024-04-22,21.40
157,6436,50,300,2024-02-21,17.35
158,4361,39,232,2024-07-22,37.60
159,9523,17,100,2024-11-26,27.29
160,7370,30,178,2024-04-27,15.80
161,2461,15,90,2024-07-18,13.69
162,7820,43,257,2024-11-29,70.89
163,4747,3,15,2024-05-07,24.66
164,2944,19,112,2024-04-10,19.60
165,8156,14,81,2024-11-03,14.76
166,9989,11,66,2024-07-26,17.82
167,3524,37,218,2024-08-13,18.92
168,4362,37,220,2024-03-07,28.55
169,4302,1,5,2024-08-09,23.56
170,3335,44,264,2024-05-09,21.63
171,7565,12,72,2024-07-22,26.55
172,6862,2,8,2024-06-04,25.56
173,1151,44,260,2024-02-25,29.71
174,9571,46,275,2024-05-24,62.86
175,1863,4,19,2024-09-20,32.42
176,3540,9,50,2024-03-14,16.52
177,7831,49,289,2024-01-24,32.82
178,5003,19,113,2024-04-05,23.44
179,6183,48,285,2024-05-27,24.96
180,8582,26,151,2024-05-22,13.69
181,5464,39,234,2024-04-25,22.92
182,3410,25,147,2024-01-22,34.11
183,3694,10,60,2024-07-03,34.83
184,1130,7,39,2024-06-21,29.46
185,282,45,269,2024-09-18,24.86
186,3671,40,236,2024-01-09,27.97
187,8751,42,248,2024-09-08,16.89
188,6996,31,184,2024-06-30,23.94
189,6835,14,79,2024-06-13,22.92
190,6819,48,286,2024-02-29,12.03
191,4202,19,113,2024-06-15,77.13
192,7360,45,269,2024-04-23,25.35
193,1707,38,225,2024-03-29,5.61
194,2803,44,261,2024-09-07,42.66
195,9582,40,238,2024-11-17,76.72
196,916,21,125,2024-12-11,17.14
197,3407,37,222,2024-09-10,17.01
198,1223,36,215,2024-09-19,12.90
199,8874,43,257,2024-01-28,12.54
200,1553,27,158,2024-01-07,54.82
201,986,5,26,2024-02-02,14.94
202,593,12,69,2024-12-26,55.69
203,8243,30,175,2024-01-18,11.77
204,7706,39,234,2024-08-23,13.66
205,9709,31,186,2024-11-16,92.19
206,7527,34,199,2024-10-30,23.87
207,6203,17,101,2024-08-29,15.39
208,8667,1,4,2024-10-21,47.72
209,4567,17,101,2024-02-18,22.40
210,187,22,127,2024-12-25,20.38
211,7935,13,73,2024-05-25,25.25
212,7731,1,5,2024-06-26,35.51
213,3205,20,120,2024-06-17,48.26
214,5528,4,23,2024-02-12,34.73
215,9431,13,73,2024-10-20,19.54
216,7553,32,189,2024-06-12,32.00
217,4513,47,278,2024-11-09,30.57
218,5467,46,275,2024-11-13,31.04
219,8064,25,150,2024-10-23,33.27
220,7806,2,9,2024-12-02,6.12
221,273,46,274,2024-04-29,21.18
222,2199,42,250,2024-09-11,23.67
223,5143,30,176,2024-11-28,35.40
224,8529,16,94,2024-08-07,10.34
225,8826,14,79,2024-01-30,14.06
226,7953,28,168,2024-10-25,33.20
227,4710,6,31,2024-06-27,31.33
228,6182,32,191,2024-01-07,74.47
229,4055,14,81,2024-02-16,53.04
230,271,49,292,2024-02-11,24.18
231,7740,24,139,2024-12-16,52.64
232,4849,16,94,2024-05-06,15.42
233,1189,26,153,2024-01-12,47.28
234,9759,22,131,2024-10-12,28.68
235,1686,3,14,2024-03-29,26.84
236,6621,14,84,2024-05-17,13.44
237,2204,25,146,2024-11-27,26.57
238,9929,17,98,2024-06-10,25.08
239,2432,20,116,2024-10-07,10.46
240,7855,23,137,2024-05-12,16.79
241,2311,41,245,2024-11-17,24.71
242,9420,48,286,2024-07-03,28.61
243,7903,24,141,2024-11-01,29.20
244,5686,46,274,2024-06-22,27.33
245,4849,18,108,2024-02-11,8.37
246,9409,36,212,2024-10-12,23.51
247,5696,27,158,2024-07-27,18.21
248,6025,19,109,2024-05-16,29.87
249,1717,43,255,2024-05-14,19.70
250,7604,18,106,2024-08-11,31.47
251,8312,26,153,2024-10-05,19.23
252,2361,40,239,2024-12-04,23.78
253,3606,8,45,2024-07-21,27.41
254,6781,5,27,2024-05-15,8.04
255,5954,23,137,2024-08-01,19.92
256,6942,6,34,2024-09-27,47.30
257,5711,6,36,2024-06-12,9.87
258,7405,48,284,2024-02-08,17.69
259,3283,3,17,2024-01-23,9.18
260,8615,45,270,2024-08-28,32.74
261,8533,5,27,2024-12-28,43.61
262,4973,45,267,2024-02-04,31.27
263,6391,2,11,2024-04-15,66.94
264,1647,17,99,2024-04-05,25.50
265,2961,41,241,2024-08-20,61.62
266,8371,29,174,2024-12-01,32.16
267,2948,31,186,2024-04-26,23.87
268,725,8,45,2024-01-07,71.43
269,320,43,256,2024-12-06,12.39
270,840,40,238,2024-09-12,23.46
271,965,32,191,2024-07-20,16.97
272,9780,18,108,2024-05-20,13.97
273,6957,36,212,2024-05-01,30.56
274,8422,36,216,2024-08-22,34.37
275,5366,42,248,2024-04-09,31.20
276,2392,30,175,2024-06-23,31.07
277,6168,33,195,2024-01-25,24.67
278,2870,11,64,2024-02-07,21.34
279,813,44,261,2024-03-21,12.98
280,7514,50,295,2024-01-01,20.78
281,2782,43,253,2024-12-02,20.67
282,2994,37,222,2024-06-05,29.25
283,2018,46,276,2024-10-15,25.82
284,2784,19,112,2024-04-03,13.15
285,5573,20,120,2024-01-05,21.54
286,1143,24,143,2024-08-15,34.25
287,1060,45,268,2024-01-01,9.83
288,8923,18,106,2024-05-20,13.92
289,4516,14,80,2024-06-27,29.92
290,4687,41,245,2024-08-08,22.84
291,9396,7,37,2024-08-20,31.38
292,6022,41,242,2024-09-13,29.98
293,5005,28,168,2024-06-08,26.17
294,6321,17,99,2024-11-20,16.42
295,7932,29,172,2024-07-19,12.48
296,1674,22,132,2024-02-07,12.90
297,983,18,105,2024-06-20,24.42
298,1350,11,63,2024-07-13,39.12
299,557,17,102,2024-12-10,38.12
300,7120,9,51,2024-01-01,75.28
301,5314,45,265,2024-08-15,73.51
302,220,16,92,2024-09-16,8.22
303,979,10,59,2024-10-18,16.83
304,3588,39,231,2024-02-09,10.30
305,1837,16,95,2024-01-28,24.52
306,5551,10,55,2024-04-08,23.72
307,9409,47,277,2024-08-24,18.88
308,2107,12,70,2024-03-06,10.75
309,5978,46,274,2024-07-17,53.83
310,8348,19,111,2024-08-04,18.31
311,3871,27,157,2024-06-20,29.37
312,2355,10,58,2024-08-15,29.47
313,1333,44,261,2024-02-19,41.38
314,1381,15,87,2024-01-06,68.42
315,2463,46,276,2024-02-27,39.46
316,3037,47,279,2024-12-07,65.82
317,9030,7,38,2024-06-25,13.94
318,6455,44,259,2024-03-16,15.80
319,360,47,281,2024-09-07,25.11
320,4180,30,176,2024-08-06,30.37
321,1247,11,62,2024-02-21,30.06
322,4296,9,50,2024-11-09,40.14
323,6205,33,195,2024-10-04,26.28
324,5770,49,290,2024-12-23,35.91
325,1394,22,127,2024-07-20,71.34
326,907,49,290,2024-04-14,33.63
327,2948,18,105,2024-10-07,78.42
328,9878,16,92,2024-08-01,19.57
329,9654,23,138,2024-03-24,10.12
330,3971,42,252,2024-12-07,12.47
331,6661,42,248,2024-01-01,11.22
332,1216,23,136,2024-02-19,59.10
333,2091,20,119,2024-08-08,37.58
334,1789,40,237,2024-07-05,67.96
335,5762,23,135,2024-11-30,28.48
336,6285,26,153,2024-09-26,23.15
337,1807,33,197,2024-03-27,44.54
338,4053,16,91,2024-05-26,20.13
339,7579,43,254,2024-12-19,55.92
340,7133,42,248,2024-03-08,12.92
341,7829,34,202,2024-05-04,13.47
342,5597,11,61,2024-02-01,14.94
343,854,27,157,2024-10-15,22.88
344,9019,46,272,2024-01-09,28.07
345,4747,17,99,2024-08-20,19.24
346,4897,44,259,2024-09-13,25.87
347,7109,4,22,2024-01-25,20.32
348,409,50,295,2024-06-03,19.58
349,1211,5,26,2024-01-23,9.31
350,4098,2,7,2024-12-19,22.47
351,8776,49,294,2024-02-19,15.85
352,4146,5,29,2024-08-06,34.00
353,8928,4,19,2024-07-21,73.68
354,1034,3,14,2024-10-24,18.68
355,6430,11,64,2024-11-11,14.11
356,1260,6,36,2024-03-06,15.38
357,9272,17,102,2024-07-03,9.32
358,9343,4,23,2024-01-13,60.96
359,529,27,161,2024-10-28,20.67
360,1101,26,152,2024-11-24,24.75
361,8796,50,295,2024-11-19,64.39
362,5632,20,116,2024-07-11,36.47
363,7243,46,271,2024-04-18,6.53
364,7846,10,59,2024-05-18,46.41
365,9220,47,282,2024-12-11,44.27
366,9665,9,49,2024-07-08,5.01
367,9932,45,269,2024-08-25,16.43
368,4571,5,30,2024-09-26,55.83
369,2957,42,247,2024-11-20,33.88
370,7619,37,222,2024-07-25,6.45
371,1547,5,27,2024-01-15,23.09
372,696,13,74,2024-04-09,18.57
373,3412,10,55,2024-02-09,27.40
374,4950,29,170,2024-10-22,43.85
375,4376,14,83,2024-04-14,21.24
376,5904,26,152,2024-12-22,9.43
377,4910,11,62,2024-09-14,52.17
378,8502,34,201,2024-09-12,68.24
379,6756,37,218,2024-11-23,45.85
380,5550,21,124,2024-10-15,11.59
381,5708,5,28,2024-11-03,12.49
382,8364,27,162,2024-01-10,23.24
383,8009,48,287,2024-08-16,43.19
384,2273,32,191,2024-02-29,9.47
385,4628,26,151,2024-05-20,10.12
386,1418,17,102,2024-06-13,18.39
387,2273,15,87,2024-11-05,13.83
388,9962,17,102,2024-04-25,21.11
389,6527,46,271,2024-06-26,16.46
390,2208,19,111,2024-12-10,14.56
391,8764,9,52,2024-05-07,25.49
392,4286,16,94,2024-01-06,36.39
393,1898,4,22,2024-10-23,36.08
394,2821,29,173,2024-06-24,28.96
395,4944,35,209,2024-09-30,34.46
396,8672,33,195,2024-07-14,68.72
397,6809,15,85,2024-01-25,34.98
398,7021,10,56,2024-01-05,18.52
399,4949,11,63,2024-12-16,43.81
400,9857,21,125,2024-01-25,14.59
401,1324,28,167,2024-12-19,25.77
402,9408,21,124,2024-02-29,54.24
403,8238,45,266,2024-12-13,56.22
404,1394,22,130,2024-07-11,13.11
405,4354,50,296,2024-12-27,45.06
406,9466,21,123,2024-05-09,54.09
407,8541,45,269,2024-10-27,20.43
408,5099,15,87,2024-08-11,18.06
409,2366,31,184,2024-01-27,20.02
410,6279,35,208,2024-02-27,27.91
411,5305,34,201,2024-01-15,17.50
412,4190,12,67,2024-07-29,18.74
413,3242,11,63,2024-10-08,9.37
414,997,27,159,2024-06-21,36.24
415,3182,50,298,2024-09-02,10.28
416,4896,41,246,2024-01-19,35.04
417,6833,12,72,2024-06-28,17.52
418,9982,44,264,2024-11-01,8.17
419,4435,43,255,2024-04-09,13.94
420,4540,31,182,2024-04-07,16.04
421,7957,47,280,2024-10-18,10.42
422,4635,12,69,2024-05-02,26.13
423,1224,34,199,2024-09-27,17.02
424,5327,37,218,2024-06-28,28.98
425,1636,12,70,2024-10-18,39.56
426,4086,3,17,2024-05-28,27.33
427,5801,2,11,2024-07-19,8.93
428,8075,6,35,2024-02-04,38.06
429,6481,6,35,2024-02-24,124.18
430,9288,33,198,2024-01-20,19.94
431,4106,20,115,2024-10-20,71.71
432,1820,38,223,2024-11-16,38.35
433,3643,19,111,2024-04-21,25.10
434,6857,2,12,2024-02-06,35.01
435,5694,43,257,2024-07-03,29.49
436,788,9,52,2024-06-05,14.65
437,3225,18,105,2024-01-24,12.66
438,4992,32,192,2024-03-08,24.97
439,2418,27,157,2024-08-25,30.73
440,2271,22,131,2024-04-26,13.78
441,2214,14,80,2024-12-25,16.31
442,6599,13,74,2024-02-08,46.76
443,3465,47,278,2024-07-18,24.82
444,4650,50,296,2024-04-27,23.96
445,6456,48,287,2024-12-03,43.26
446,3616,23,136,2024-07-25,20.08
447,8724,38,227,2024-11-27,17.02
448,6721,3,14,2024-12-16,10.80
449,7823,5,29,2024-01-06,68.52
450,3372,41,245,2024-05-01,16.37
451,9323,34,204,2024-08-18,24.80
452,208,10,59,2024-06-30,30.09
453,4222,14,80,2024-08-16,16.87
454,6013,22,129,2024-10-22,45.89
455,7141,7,40,2024-12-04,17.87
456,7293,44,260,2024-09-14,18.24
457,3677,44,259,2024-10-08,15.03
458,4688,41,241,2024-10-28,64.70
459,4201,5,26,2024-12-24,20.21
460,1975,12,69,2024-04-21,29.28
461,6415,10,57,2024-06-05,26.33
462,3435,27,157,2024-03-12,28.34
463,4412,19,109,2024-03-21,15.16
464,8613,24,142,2024-02-11,10.47
465,9610,17,97,2024-08-20,32.03
466,7271,46,272,2024-06-10,11.21
467,2431,16,92,2024-07-29,11.69
468,1439,31,182,2024-07-08,6.28
469,2657,27,157,2024-12-22,85.53
470,8936,7,42,2024-09-24,44.11
471,4786,24,143,2024-01-28,15.97
472,7789,2,11,2024-03-07,17.94
473,8652,31,185,2024-09-17,72.96
474,7968,31,183,2024-08-03,18.63
475,3190,26,156,2024-05-12,80.56
476,3913,6,35,2024-09-14,34.25
477,7695,32,192,2024-02-28,21.45
478,1877,3,15,2024-11-13,10.76
479,7397,21,126,2024-11-26,19.16
480,4089,5,26,2024-03-19,17.30
481,8239,45,266,2024-04-30,32.63
482,4615,30,175,2024-06-25,9.79
483,109,32,192,2024-03-01,23.29
484,4140,19,109,2024-10-11,41.64
485,4635,29,170,2024-12-13,20.77
486,3766,49,291,2024-06-25,5.76
487,5251,38,224,2024-11-21,23.53
488,4527,24,141,2024-09-20,29.30
489,5745,34,199,2024-11-20,41.96
490,8601,38,225,2024-10-31,22.53
491,6644,36,214,2024-04-18,67.25
492,5550,46,271,2024-11-20,15.57
493,398,19,113,2024-08-04,22.12
494,7445,39,232,2024-05-07,13.89
495,2308,35,206,2024-07-05,32.59
496,8133,46,276,2024-05-24,19.54
497,3654,44,261,2024-06-06,26.12
498,8860,49,289,2024-08-12,8.73
499,7096,21,122,2024-02-21,30.32
500,4475,30,180,2024-05-15,52.24
501,4032,31,184,2024-06-13,61.54
502,8958,19,114,2024-09-09,69.86
503,2448,36,211,2024-03-12,36.92
504,721,36,212,2024-04-03,39.82
505,3061,38,227,2024-11-28,36.71
506,3037,9,53,2024-04-28,23.05
507,8333,17,101,2024-01-10,7.89
508,7923,38,227,2024-06-05,57.61
509,6449,7,38,2024-12-03,67.21
510,5441,22,129,2024-07-21,7.96
511,7699,33,197,2024-03-01,8.17
512,8341,46,272,2024-03-16,12.77
513,6979,49,289,2024-08-04,26.56
514,1407,7,41,2024-03-24,37.58
515,8033,44,259,2024-10-03,40.20
516,5822,33,198,2024-12-01,37.86
517,2427,22,128,2024-07-17,30.39
518,1429,19,111,2024-09-26,26.08
519,7585,1,6,2024-10-25,39.61
520,9167,21,124,2024-01-29,28.82
521,6930,23,133,2024-11-19,44.51
522,3150,30,180,2024-11-22,13.76
523,3520,33,194,2024-08-24,18.18
524,9871,35,206,2024-12-11,18.44
525,6717,6,31,2024-03-31,24.82
526,4496,5,25,2024-11-06,37.68
527,5608,32,192,2024-05-11,18.60
528,3228,9,51,2024-09-03,25.29
529,5754,38,223,2024-02-03,58.30
530,9230,40,236,2024-07-01,22.47
531,3521,14,84,2024-07-17,17.58
532,4642,39,232,2024-05-22,15.02
533,735,32,192,2024-01-27,17.26
534,3304,12,72,2024-06-10,23.48
535,9422,34,200,2024-11-01,27.76
536,2395,21,123,2024-11-02,11.33
537,2371,26,156,2024-02-02,24.39
538,4962,47,280,2024-04-16,26.97
539,9267,48,285,2024-06-05,45.37
540,9504,34,200,2024-12-05,31.51
541,7165,24,143,2024-06-12,21.26
542,5598,41,242,2024-02-28,31.85
543,9142,8,43,2024-03-27,20.82
544,8997,6,36,2024-05-04,27.53
545,6457,28,165,2024-07-16,25.14
546,2166,8,46,2024-02-02,10.42
547,8945,45,269,2024-02-29,34.12
548,758,27,159,2024-02-22,18.79
549,5375,2,12,2024-05-29,28.94
550,3041,40,240,2024-08-01,24.49
551,5559,47,279,2024-10-29,8.93
552,3582,17,101,2024-08-25,16.29
553,2725,32,192,2024-06-03,24.26
554,9500,10,57,2024-04-30,19.16
555,5200,31,186,2024-12-04,55.22
556,4486,11,65,2024-06-19,8.62
557,6044,18,104,2024-04-14,18.40
558,7974,40,236,2024-08-19,16.12
559,9718,45,265,2024-05-08,25.56
560,1197,42,247,2024-02-11,42.72
561,6110,46,272,2024-12-21,20.06
562,4579,37,220,2024-01-11,70.95
563,6261,49,293,2024-07-08,12.23
564,4366,15,90,2024-09-05,12.01
565,8282,27,159,2024-11-15,25.61
566,6786,18,106,2024-03-14,21.58
567,3432,43,258,2024-01-18,19.67
568,4366,21,126,2024-08-13,19.23
569,6829,39,232,2024-05-30,15.68
570,3644,41,243,2024-10-05,24.73
571,3021,28,167,2024-07-06,12.83
572,6753,29,169,2024-11-10,29.71
573,1456,47,278,2024-06-29,17.08
574,1180,31,185,2024-02-25,26.02
575,3731,32,192,2024-01-01,5.00
576,2010,37,220,2024-09-14,22.56
577,2431,25,145,2024-11-02,25.52
578,1587,19,112,2024-11-09,23.70
579,9581,34,199,2024-11-19,26.36
580,1926,35,208,2024-04-04,32.79
581,1326,39,231,2024-10-19,32.07
582,7744,16,93,2024-09-14,25.90
583,2942,30,178,2024-09-26,27.14
584,8733,11,61,2024-11-06,15.36
585,9055,27,159,2024-11-25,42.87
586,756,10,57,2024-11-15,19.70
587,4694,22,131,2024-03-02,60.39
588,5103,40,238,2024-07-09,13.90
589,7623,16,95,2024-01-11,54.39
590,5171,41,242,2024-05-19,20.50
591,2050,16,93,2024-11-05,29.71
592,334,19,112,2024-10-26,16.54
593,1411,3,13,2024-07-16,60.15
594,6722,46,271,2024-10-13,38.62
595,1268,31,182,2024-01-23,59.04
596,4067,17,101,2024-02-21,19.21
597,8032,23,134,2024-12-23,12.42
598,1889,41,244,2024-03-25,31.23
599,4814,44,262,2024-10-28,16.00
600,382,7,38,2024-07-09,20.87
601,5927,5,25,2024-01-22,22.79
602,7429,15,87,2024-06-10,57.01
603,7872,32,191,2024-05-26,12.42
604,9809,7,42,2024-03-12,30.18
605,2550,26,156,2024-03-23,57.81
606,174,26,152,2024-06-11,24.35
607,8904,30,178,2024-11-23,22.27
608,1453,18,106,2024-04-02,13.65
609,3386,26,151,2024-09-26,44.02
610,6021,46,274,2024-07-16,14.25
611,1968,27,157,2024-08-19,23.11
612,7904,10,60,2024-03-19,30.06
613,9751,4,19,2024-05-15,29.77
614,4935,13,75,2024-03-17,19.20
615,5450,15,88,2024-05-08,17.88
616,3222,29,172,2024-02-17,41.42
617,4950,47,281,2024-09-08,28.50
618,1571,13,74,2024-11-24,10.75
619,5453,32,192,2024-02-10,21.91
620,3217,18,108,2024-12-22,23.94
621,4454,6,35,2024-10-04,43.95
622,2996,10,55,2024-01-24,41.20
623,5256,8,47,2024-06-30,18.01
624,7499,38,226,2024-08-24,62.24
625,16,49,290,2024-07-27,40.40
626,6524,36,214,2024-06-22,60.32
627,3038,10,58,2024-12-08,51.82
628,733,36,212,2024-10-18,18.28
629,7818,11,65,2024-03-02,12.23
630,1346,20,120,2024-05-09,25.44
631,7787,1,2,2024-01-15,55.35
632,8482,29,169,2024-10-16,20.42
633,4361,33,198,2024-04-26,32.43
634,3657,2,11,2024-08-20,21.50
635,8144,12,70,2024-01-20,23.44
636,1255,39,233,2024-09-11,25.10
637,2209,43,255,2024-11-18,13.82
638,1324,14,80,2024-05-13,39.23
639,9624,9,49,2024-01-29,15.49
640,5954,11,63,2024-04-18,27.24
641,3115,49,290,2024-06-10,66.22
642,8772,17,102,2024-12-22,8.87
643,7831,18,108,2024-03-10,23.56
644,2599,43,258,2024-05-02,34.90
645,4852,45,269,2024-03-14,5.67
646,9353,34,201,2024-09-02,31.20
647,8175,5,28,2024-04-14,9.72
648,5825,38,228,2024-01-08,17.02
649,4655,9,54,2024-08-03,33.30
650,989,6,35,2024-05-03,55.27
651,9468,22,132,2024-07-30,30.54
652,481,9,54,2024-03-09,10.04
653,6088,34,202,2024-09-19,25.88
654,1140,17,99,2024-10-20,22.06
655,4122,24,144,2024-04-07,28.04
656,542,19,114,2024-12-01,18.31
657,1627,37,219,2024-06-28,17.53
658,3875,2,11,2024-05-14,15.32
659,980,12,72,2024-10-14,20.81
660,8356,13,75,2024-07-18,38.41
661,8762,27,158,2024-02-20,20.72
662,2789,18,103,2024-09-01,37.60
663,8020,16,96,2024-03-04,12.93
664,4133,36,212,2024-05-25,68.16
665,6087,26,153,2024-04-01,18.52
666,2359,7,41,2024-05-21,26.72
667,713,37,221,2024-12-07,27.00
668,8223,4,22,2024-09-01,27.99
669,9925,24,141,2024-06-21,38.28
670,9019,8,46,2024-06-19,19.04
671,328,38,223,2024-09-21,46.28
672,9478,32,188,2024-09-30,26.72
673,2210,12,70,2024-07-14,65.24
674,6645,36,214,2024-08-26,31.75
675,9597,44,260,2024-02-25,18.30
676,5462,29,171,2024-11-07,27.26
677,9354,17,102,2024-09-15,44.14
678,8517,15,87,2024-12-23,24.22
679,4949,18,108,2024-08-19,18.27
680,4063,11,66,2024-12-11,17.07
681,6726,5,27,2024-01-30,31.81
682,9558,48,287,2024-05-08,18.93
683,5737,43,257,2024-01-18,19.45
684,1354,9,51,2024-06-11,19.28
685,6383,21,122,2024-07-12,25.66
686,5992,42,248,2024-08-17,32.05
687,2077,37,222,2024-01-15,21.57
688,2774,44,260,2024-09-26,11.57
689,8763,15,89,2024-10-15,12.13
690,4173,45,266,2024-12-03,65.91
691,6843,36,213,2024-11-29,39.56
692,1520,13,75,2024-01-30,44.30
693,7561,18,103,2024-03-20,34.15
694,7455,7,40,2024-06-01,29.56
695,2485,14,82,2024-09-09,25.97
696,8708,4,19,2024-06-15,30.46
697,8533,49,294,2024-05-25,21.50
698,1610,18,104,2024-11-05,62.45
699,8806,21,126,2024-03-11,51.53
700,8571,37,222,2024-06-17,34.00
701,9043,9,50,2024-04-03,31.87
702,1541,15,85,2024-07-15,25.06
703,1336,5,30,2024-09-04,10.31
704,5632,2,11,2024-04-24,34.35
705,8542,44,263,2024-08-26,66.86
706,2583,2,7,2024-04-06,12.64
707,6374,2,7,2024-11-05,72.34
708,5114,33,193,2024-06-21,19.65
709,5180,6,31,2024-03-31,31.54
710,3979,8,47,2024-09-09,13.61
711,2196,9,53,2024-06-25,20.35
712,7849,12,68,2024-01-28,21.32
713,8584,18,106,2024-02-20,46.60
714,4715,48,288,2024-01-11,25.10
715,1065,26,152,2024-11-18,34.29
716,6286,46,272,2024-07-29,20.62
717,5507,18,104,2024-12-15,29.88
718,8099,26,156,2024-06-17,13.43
719,6789,31,182,2024-03-30,24.77
720,5846,49,291,2024-06-09,24.82
721,3989,15,90,2024-07-06,17.05
722,6707,2,10,2024-07-12,22.57
723,8174,41,246,2024-10-03,56.54
724,7811,20,116,2024-07-26,28.64
725,9107,13,78,2024-08-03,21.73
726,9562,46,271,2024-12-12,17.18
727,3695,40,239,2024-11-11,46.56
728,3077,7,41,2024-05-07,64.32
729,4206,50,297,2024-11-15,18.27
730,1125,38,224,2024-07-16,17.28
731,5930,37,217,2024-02-19,29.29
732,8492,38,225,2024-12-20,29.30
733,5076,19,111,2024-12-19,11.06
734,920,47,282,2024-04-21,11.61
735,2348,11,64,2024-10-17,26.34
736,8119,50,295,2024-10-21,12.83
737,7577,49,291,2024-07-19,8.97
738,6496,11,63,2024-03-26,50.90
739,478,23,136,2024-11-16,11.80
740,9551,24,139,2024-05-18,34.39
741,1284,37,219,2024-10-20,29.87
742,1558,7,39,2024-05-16,20.50
743,9046,14,79,2024-06-02,24.76
744,1449,44,262,2024-10-08,28.61
745,593,26,154,2024-05-25,32.46
746,1131,10,58,2024-12-29,48.59
747,1842,34,202,2024-12-13,11.51
748,8019,26,154,2024-08-01,17.15
749,2426,34,203,2024-06-23,32.09
750,6767,38,226,2024-06-30,13.71
751,7990,28,165,2024-11-09,23.00
752,582,4,22,2024-12-15,15.13
753,9607,30,179,2024-12-24,19.03
754,2582,9,49,2024-01-09,20.16
755,1250,39,231,2024-04-30,51.93
756,7043,9,51,2024-05-16,39.47
757,8317,8,44,2024-08-14,27.24
758,223,44,263,2024-01-14,15.87
759,8237,37,221,2024-06-09,16.17
760,6881,5,25,2024-06-25,36.36
761,330,45,268,2024-08-11,19.79
762,5491,5,29,2024-12-02,87.31
763,9036,38,226,2024-01-06,14.76
764,758,3,17,2024-03-01,57.72
765,5671,2,8,2024-07-27,24.52
766,3534,48,288,2024-04-24,14.24
767,5063,28,167,2024-04-23,16.82
768,5938,7,39,2024-05-10,20.79
769,5210,39,231,2024-07-15,16.44
770,5307,28,167,2024-11-02,30.36
771,5144,4,19,2024-08-13,37.08
772,2166,36,215,2024-01-09,27.96
773,2282,11,65,2024-06-25,21.72
774,9831,7,39,2024-05-11,62.42
775,7458,11,62,2024-01-27,39.41
776,1594,22,131,2024-09-09,9.97
777,6092,17,99,2024-01-02,21.98
778,9373,7,37,2024-01-04,95.14
779,2340,19,112,2024-11-01,18.19
780,1461,37,221,2024-12-17,20.40
781,2817,27,162,2024-08-03,16.15
782,7613,2,9,2024-11-18,33.34
783,5683,11,66,2024-01-10,29.32
784,8252,45,267,2024-01-05,38.20
785,6923,19,113,2024-10-17,19.66
786,9296,43,253,2024-10-27,68.31
787,2117,40,240,2024-08-06,21.55
788,4150,24,140,2024-12-25,28.15
789,5939,11,61,2024-07-07,35.43
790,9593,46,271,2024-06-14,19.29
791,3080,15,88,2024-10-21,23.00
792,4718,23,133,2024-06-29,23.12
793,7137,49,289,2024-01-30,45.66
794,5099,26,153,2024-09-20,17.59
795,5294,19,110,2024-11-29,20.38
796,5768,35,209,2024-10-01,13.93
797,4162,41,241,2024-05-05,63.21
798,4187,10,57,2024-03-16,27.52
799,6244,27,162,2024-10-17,17.22
800,4391,24,140,2024-05-26,59.44
801,7499,47,281,2024-01-28,12.87
802,5350,9,49,2024-04-17,25.32
803,6075,31,186,2024-08-03,36.31
804,2519,48,286,2024-07-11,57.21
805,3236,4,20,2024-06-24,9.61
806,148,31,183,2024-10-01,22.13
807,7135,25,148,2024-02-20,51.50
808,3983,20,118,2024-12-02,28.64
809,7494,14,82,2024-10-15,58.05
810,156,9,51,2024-04-14,14.32
811,4686,12,67,2024-06-11,9.15
812,174,4,23,2024-09-27,29.03
813,7263,12,68,2024-03-18,35.85
814,1269,1,1,2024-04-30,48.08
815,3069,9,53,2024-01-25,33.39
816,9662,9,54,2024-07-09,52.22
817,1048,44,259,2024-07-31,17.24
818,9245,17,99,2024-02-24,12.01
819,872,16,92,2024-02-02,61.02
820,2918,46,272,2024-03-24,69.99
821,2755,36,213,2024-05-04,11.27
822,3946,47,281,2024-11-04,28.39
823,4941,7,37,2024-11-01,7.17
824,4417,38,225,2024-08-19,11.53
825,4970,10,58,2024-12-22,37.91
826,31,32,187,2024-02-02,66.97
827,8182,21,124,2024-11-08,33.14
828,2901,14,79,2024-07-14,25.27
829,763,24,139,2024-10-22,9.75
830,4078,1,3,2024-10-25,21.98
831,9821,26,154,2024-03-06,64.68
832,6089,29,173,2024-08-04,9.66
833,7470,37,218,2024-01-27,16.34
834,1161,26,151,2024-02-14,31.66
835,3555,19,114,2024-01-06,25.42
836,3764,19,114,2024-03-15,22.16
837,8890,24,142,2024-03-03,18.82
838,4044,23,134,2024-03-07,28.66
839,2077,37,219,2024-04-13,17.40
840,5850,49,292,2024-07-18,30.89
841,894,27,157,2024-05-16,38.36
842,6425,50,297,2024-01-20,14.53
843,1098,27,162,2024-01-05,20.27
844,1771,41,246,2024-10-05,30.96
845,1975,19,111,2024-02-13,18.01
846,5131,39,231,2024-07-03,21.20
847,2296,39,232,2024-03-26,21.52
848,3138,8,46,2024-10-23,31.95
849,9828,7,41,2024-07-11,23.11
850,367,47,281,2024-03-15,8.04
851,9360,47,282,2024-03-25,68.87
852,6701,44,263,2024-03-05,32.60
853,6143,31,186,2024-10-04,30.92
854,876,34,203,2024-11-17,25.62
855,4877,36,213,2024-12-14,22.73
856,495,47,277,2024-07-03,50.08
857,5021,4,23,2024-03-31,22.08
858,3923,15,85,2024-07-16,20.22
859,5600,37,217,2024-11-19,18.87
860,6943,21,122,2024-08-16,21.73
861,730,39,234,2024-08-22,25.26
862,8571,30,180,2024-02-06,28.19
863,3476,19,111,2024-06-08,9.69
864,9158,11,63,2024-07-11,25.41
865,4259,4,19,2024-11-17,11.66
866,1672,36,213,2024-04-19,46.25
867,3313,50,300,2024-10-14,50.74
868,9580,30,177,2024-04-18,30.38
869,9857,6,31,2024-08-02,19.14
870,7849,18,103,2024-11-04,12.66
871,6461,34,199,2024-08-27,41.77
872,1158,15,85,2024-11-01,8.09
873,9088,6,31,2024-05-15,21.53
874,2491,31,186,2024-02-10,11.24
875,1505,50,300,2024-11-12,38.18
876,1730,36,214,2024-12-24,21.54
877,1405,40,237,2024-01-31,23.53
878,336,34,199,2024-11-17,29.10
879,5086,27,158,2024-02-23,35.38
880,4165,14,81,2024-09-24,35.83
881,6777,28,163,2024-08-31,15.06
882,5990,14,80,2024-12-04,19.90
883,1697,25,148,2024-01-12,16.60
884,9548,11,65,2024-08-18,24.51
885,8626,4,20,2024-09-03,30.24
886,7596,19,109,2024-07-30,17.53
887,8098,21,122,2024-11-14,16.28
888,7805,8,48,2024-01-24,75.43
889,2561,7,38,2024-12-29,34.48
890,5095,7,38,2024-03-20,62.26
891,4531,21,124,2024-09-07,21.06
892,2848,3,14,2024-01-26,18.98
893,5264,48,285,2024-01-22,25.20
894,3540,17,102,2024-11-12,10.87
895,4295,10,57,2024-03-27,26.74
896,2802,31,185,2024-04-08,41.15
897,9311,26,154,2024-11-24,36.17
898,6300,5,30,2024-05-09,47.23
899,9863,39,231,2024-06-18,9.08
900,8710,33,198,2024-10-15,13.76
901,521,11,66,2024-09-22,16.33
902,1298,28,167,2024-09-15,38.77
903,5728,50,295,2024-04-07,28.24
904,4225,16,92,2024-04-02,13.67
905,3079,49,291,2024-10-04,40.87
906,1680,42,250,2024-09-12,34.50
907,2233,23,138,2024-08-30,19.38
908,3200,11,66,2024-08-28,24.07
909,6995,44,263,2024-07-09,22.49
910,91,8,46,2024-03-05,21.32
911,927,32,192,2024-12-19,30.66
912,6471,22,132,2024-02-26,20.97
913,4674,50,298,2024-02-01,45.54
914,452,29,169,2024-12-26,45.72
915,1946,1,2,2024-11-22,13.37
916,4746,43,257,2024-05-04,12.13
917,7345,6,35,2024-07-03,59.75
918,9737,20,115,2024-10-16,27.16
919,9417,14,83,2024-03-30,19.14
920,2450,39,233,2024-06-16,42.30
921,8009,23,137,2024-04-01,18.44
922,1691,20,118,2024-09-29,24.17
923,6888,19,110,2024-02-29,31.95
924,2158,12,72,2024-04-29,31.54
925,4117,38,226,2024-05-23,37.06
926,4749,26,156,2024-12-12,25.88
927,8260,10,60,2024-02-28,7.25
928,6637,14,82,2024-07-24,54.86
929,4395,29,174,2024-01-31,18.15
930,108,48,283,2024-12-25,23.24
931,2014,12,71,2024-11-07,21.70
932,1803,41,241,2024-01-03,15.70
933,8150,11,64,2024-05-18,14.09
934,474,37,219,2024-11-24,12.63
935,7434,26,155,2024-01-16,52.90
936,7486,31,182,2024-09-10,20.14
937,5853,4,23,2024-10-13,19.20
938,1897,39,232,2024-05-27,16.28
939,4538,14,79,2024-03-30,20.87
940,5372,31,184,2024-03-15,35.76
941,387,38,228,2024-04-29,18.06
942,261,46,272,2024-04-21,31.95
943,522,34,201,2024-04-06,18.58
944,3154,4,21,2024-12-21,26.90
945,6204,40,235,2024-03-20,29.62
946,1427,39,229,2024-11-30,28.15
947,40,23,138,2024-10-08,39.09
948,5663,5,25,2024-01-29,13.58
949,22,10,59,2024-11-15,18.89
950,6436,3,14,2024-08-24,36.49
951,4940,24,143,2024-05-13,73.25
952,9895,48,285,2024-10-10,21.03
953,3347,6,33,2024-11-01,69.65
954,6192,19,113,2024-10-16,34.36
955,6719,29,170,2024-01-08,24.38
956,2843,39,233,2024-01-10,12.20
957,5942,40,235,2024-05-20,29.32
958,2433,48,285,2024-10-07,21.46
959,5820,21,122,2024-02-18,26.92
960,9203,38,223,2024-03-05,39.15
961,8920,3,18,2024-07-19,26.33
962,5888,18,103,2024-04-05,13.36
963,4535,24,142,2024-04-08,17.68
964,1604,16,91,2024-08-03,28.59
965,2925,11,64,2024-09-10,9.30
966,5298,20,119,2024-02-12,25.32
967,2975,25,146,2024-06-17,60.74
968,4550,28,165,2024-07-21,13.68
969,3102,27,161,2024-09-03,25.32
970,4527,34,200,2024-01-16,7.90
971,6136,21,122,2024-01-01,64.16
972,8755,23,135,2024-01-01,25.52
973,2483,14,83,2024-01-18,16.76
974,1758,20,118,2024-03-17,26.69
975,8576,19,109,2024-09-16,9.81
976,2443,6,34,2024-01-22,36.52
977,7221,2,10,2024-04-09,12.03
978,5393,35,209,2024-07-17,15.95
979,9207,8,47,2024-06-20,38.46
980,9248,36,215,2024-06-14,36.48
981,506,42,252,2024-01-21,6.81
982,2788,25,147,2024-12-11,14.21
983,1897,43,254,2024-11-16,21.94
984,144,49,289,2024-01-20,33.65
985,5096,19,112,2024-10-26,16.53
986,9177,36,213,2024-06-12,11.17
987,6238,13,73,2024-04-21,28.64
988,4553,5,29,2024-07-18,9.36
989,8844,38,225,2024-07-20,9.40
990,6866,29,173,2024-04-15,29.03
991,6877,48,287,2024-06-23,22.78
992,3998,10,60,2024-01-05,22.06
993,8002,47,278,2024-05-17,35.61
994,4056,9,54,2024-10-22,40.04
995,637,28,163,2024-01-23,15.11
996,2572,13,78,2024-01-30,16.37
997,9600,40,235,2024-12-29,17.70
998,3811,34,201,2024-11-05,16.94
999,4308,48,283,2024-02-09,7.17
1000,5924,21,121,2024-07-26,19.93
1001,2930,47,280,2024-06-25,27.27
1002,9476,41,243,2024-04-05,26.42
1003,2022,46,272,2024-01-12,38.49
1004,2594,1,3,2024-04-25,24.49
1005,8961,8,45,2024-07-29,16.54
1006,2410,12,72,2024-01-22,20.08
1007,3413,23,137,2024-05-12,20.92
1008,1214,50,298,2024-06-13,24.71
1009,341,26,153,2024-12-05,55.68
1010,4521,41,244,2024-10-14,15.77
1011,8516,18,108,2024-12-02,36.25
1012,6802,21,123,2024-07-07,13.36
1013,4999,15,85,2024-06-04,14.47
1014,3404,11,64,2024-07-24,30.55
1015,2699,41,241,2024-06-14,13.47
1016,4867,30,178,2024-02-15,11.35
1017,5824,43,255,2024-01-21,30.26
1018,2867,45,269,2024-08-01,23.05
1019,1966,29,170,2024-12-01,15.18
1020,8697,9,52,2024-10-01,37.05
1021,7743,25,147,2024-12-25,14.62
1022,1511,46,274,2024-07-26,25.25
1023,1504,45,268,2024-10-31,66.18
1024,4737,36,213,2024-04-27,19.69
1025,1370,44,260,2024-03-21,22.43
1026,3080,6,34,2024-01-27,19.87
1027,1348,42,251,2024-11-22,21.14
1028,3139,35,206,2024-01-21,22.69
1029,6550,17,101,2024-11-16,16.10
1030,2476,50,298,2024-04-28,93.81
1031,4810,35,205,2024-03-01,18.14
1032,2338,4,24,2024-09-30,31.17
1033,8527,31,186,2024-07-03,72.17
1034,350,38,225,2024-11-17,20.83
1035,3556,9,52,2024-02-12,19.00
1036,1468,17,98,2024-12-09,16.76
1037,7586,13,74,2024-01-13,18.18
1038,4936,10,58,2024-12-21,18.00
1039,8555,37,222,2024-02-18,26.98
1040,8043,34,201,2024-02-28,16.54
1041,2695,22,130,2024-11-12,59.15
1042,6294,22,128,2024-02-11,15.49
1043,8817,4,22,2024-03-18,28.49
1044,3328,7,41,2024-10-15,36.74
1045,3799,34,201,2024-10-12,7.91
1046,5716,40,237,2024-09-24,16.33
1047,5203,3,13,2024-11-21,12.79
1048,567,11,65,2024-06-01,15.43
1049,7877,24,140,2024-10-19,14.91
1050,7640,11,61,2024-11-09,11.88
1051,9388,39,232,2024-11-19,27.41
1052,4110,47,278,2024-01-07,15.98
1053,1735,5,30,2024-06-14,37.05
1054,1184,31,182,2024-02-12,10.09
1055,8744,40,238,2024-09-19,26.13
1056,2672,31,181,2024-08-21,9.68
1057,5769,17,102,2024-04-24,25.74
1058,7965,39,229,2024-04-29,11.78
1059,7720,31,183,2024-09-13,21.58
1060,8687,15,90,2024-06-07,97.88
1061,3031,34,200,2024-07-05,15.62
1062,3547,33,197,2024-02-09,33.79
1063,4523,34,199,2024-03-13,20.65
1064,9892,17,102,2024-12-06,31.15
1065,3736,8,46,2024-12-27,24.80
1066,8417,24,143,2024-03-10,66.66
1067,6360,46,272,2024-06-04,12.28
1068,5086,35,208,2024-06-25,9.54
1069,5110,31,185,2024-04-24,52.36
1070,7165,32,190,2024-03-14,13.06
1071,6633,33,198,2024-08-28,23.56
1072,9280,2,10,2024-02-20,66.08
1073,9187,44,259,2024-01-13,13.06
1074,1005,43,255,2024-06-21,27.50
1075,6259,19,111,2024-10-21,14.47
1076,8007,11,65,2024-08-26,15.92
1077,253,49,291,2024-05-11,19.24
1078,8039,43,253,2024-12-27,15.86
1079,7383,9,54,2024-02-17,73.60
1080,1638,48,287,2024-06-04,32.08
1081,4938,16,92,2024-02-23,19.20
1082,122,10,57,2024-06-18,15.40
1083,8009,42,252,2024-07-07,17.48
1084,2696,46,271,2024-02-21,36.40
1085,2914,44,259,2024-07-14,20.42
1086,963,28,166,2024-07-13,14.60
1087,8107,6,36,2024-04-27,15.55
1088,5832,32,190,2024-07-04,33.46
1089,859,17,102,2024-01-05,21.29
1090,1188,50,299,2024-10-11,34.15
1091,1315,40,239,2024-11-07,24.10
1092,8595,36,214,2024-08-27,26.28
1093,1497,18,107,2024-01-30,16.84
1094,1370,12,67,2024-07-08,13.17
1095,5388,16,95,2024-02-19,10.76
1096,3812,46,275,2024-02-23,68.10
1097,990,38,224,2024-12-03,33.44
1098,1241,17,97,2024-09-19,6.91
1099,2158,13,73,2024-07-30,9.30
1100,63,48,285,2024-07-08,37.82
1101,4510,36,213,2024-11-15,56.03
1102,5827,11,61,2024-10-13,24.95
1103,6923,26,153,2024-09-24,60.76
1104,6733,43,256,2024-10-22,17.13
1105,1291,27,161,2024-07-13,35.60
1106,9574,33,196,2024-11-20,27.81
1107,7501,8,47,2024-07-12,37.17
1108,8825,24,140,2024-06-15,25.85
1109,2412,22,129,2024-10-14,14.82
1110,4230,15,89,2024-01-27,31.33
1111,6584,29,171,2024-11-23,23.62
1112,9228,43,256,2024-10-23,16.28
1113,6704,43,256,2024-12-20,7.04
1114,4158,2,9,2024-02-17,16.93
1115,82,18,103,2024-08-06,51.65
1116,1983,40,237,2024-07-25,46.91
1117,5806,10,59,2024-04-01,84.84
1118,7933,49,294,2024-01-06,9.85
1119,2695,36,212,2024-05-16,16.22
1120,4435,43,253,2024-12-11,12.37
1121,8208,1,2,2024-01-11,33.28
1122,2840,31,185,2024-10-18,22.62
1123,7435,28,163,2024-09-13,39.29
1124,9505,17,97,2024-08-19,14.01
1125,317,41,243,2024-01-22,78.06
1126,9836,14,82,2024-05-03,72.74
1127,994,13,74,2024-03-14,32.25
1128,1353,48,283,2024-04-22,17.45
1129,9638,5,25,2024-11-26,44.27
1130,512,9,52,2024-03-05,11.00
1131,1015,49,292,2024-03-10,31.20
1132,3692,6,33,2024-12-25,97.16
1133,8396,45,267,2024-10-21,16.46
1134,621,46,272,2024-05-05,57.06
1135,9359,49,293,2024-12-16,38.11
1136,6491,42,248,2024-11-28,23.00
1137,2222,9,54,2024-07-05,12.82
1138,5937,29,170,2024-09-01,31.72
1139,4650,28,166,2024-03-05,24.86
1140,8245,43,258,2024-03-12,65.64
1141,7112,17,100,2024-09-11,14.60
1142,5232,41,243,2024-05-18,33.73
1143,3147,36,212,2024-07-27,26.14
1144,3554,26,152,2024-05-27,13.66
1145,6462,11,65,2024-05-22,15.43
1146,7849,48,288,2024-01-08,6.93
1147,5077,43,255,2024-04-15,30.53
1148,2170,4,21,2024-06-29,19.85
1149,2396,16,94,2024-01-09,23.02
1150,183,18,104,2024-03-31,12.17
1151,1170,50,297,2024-01-05,34.05
1152,6752,45,268,2024-12-08,20.79
1153,7398,29,171,2024-12-03,45.01
1154,5119,15,89,2024-03-04,19.08
1155,7429,17,97,2024-12-12,35.16
1156,7770,41,246,2024-09-29,12.22
1157,4625,26,151,2024-07-29,21.71
1158,6415,7,38,2024-12-03,14.99
1159,5086,40,238,2024-09-27,19.98
1160,3995,10,55,2024-05-24,9.42
1161,4202,49,292,2024-11-13,29.46
1162,1388,45,269,2024-04-12,51.04
1163,3350,29,174,2024-11-25,26.13
1164,7413,38,227,2024-04-25,49.38
1165,6777,28,163,2024-12-07,13.86
1166,1558,29,174,2024-10-26,22.79
1167,6053,7,37,2024-07-27,18.26
1168,6526,18,104,2024-03-16,21.24
1169,2289,39,234,2024-05-20,11.60
1170,3161,13,74,2024-09-16,20.39
1171,1316,29,174,2024-10-24,7.63
1172,4119,13,76,2024-09-18,45.83
1173,4924,14,79,2024-09-20,38.96
1174,9696,14,81,2024-06-21,19.28
1175,1461,18,107,2024-10-10,17.49
1176,3822,45,270,2024-07-01,33.78
1177,2113,31,182,2024-11-12,10.38
1178,6627,49,292,2024-05-24,12.82
1179,7960,6,35,2024-08-07,24.97
1180,8380,50,298,2024-06-29,9.03
1181,5074,45,265,2024-10-19,35.74
1182,1889,2,9,2024-08-16,24.97
1183,8192,33,197,2024-04-06,19.85
1184,765,47,281,2024-09-12,20.84
1185,3958,29,173,2024-11-06,13.83
1186,1663,34,203,2024-08-01,16.88
1187,6949,30,175,2024-04-04,31.42
1188,4599,8,43,2024-08-19,20.92
1189,9963,21,125,2024-11-11,29.16
1190,8304,34,200,2024-11-28,32.67
1191,1130,7,42,2024-01-08,21.05
1192,4426,34,201,2024-09-04,27.89
1193,6659,16,94,2024-04-19,39.96
1194,5968,45,268,2024-11-06,18.58
1195,2747,18,106,2024-03-22,56.84
1196,3528,39,231,2024-06-28,23.60
1197,2962,35,208,2024-08-01,35.16
1198,1702,24,143,2024-02-08,27.52
1199,5602,25,148,2024-02-19,33.57
1200,9849,25,148,2024-10-19,50.05
1201,6135,8,46,2024-04-22,56.50
1202,870,6,31,2024-03-11,22.04
1203,3659,13,74,2024-03-04,33.71
1204,8351,23,134,2024-10-09,20.22
1205,7986,48,284,2024-01-05,8.55
1206,8245,46,273,2024-01-03,23.29
1207,9915,42,248,2024-10-10,28.95
1208,4733,10,57,2024-03-25,16.72
1209,3346,24,144,2024-04-16,26.64
1210,8075,15,88,2024-11-24,20.30
1211,3460,47,277,2024-11-05,35.88
1212,4664,20,119,2024-02-03,35.66
1213,5732,35,209,2024-09-12,7.86
1214,5960,22,132,2024-08-08,21.16
1215,2091,34,199,2024-01-11,24.98
1216,994,47,278,2024-06-07,15.32
1217,2709,8,47,2024-01-24,7.62
1218,6242,50,297,2024-06-20,15.24
1219,8767,24,139,2024-06-28,17.66
1220,2927,43,253,2024-03-26,36.36
1221,129,24,143,2024-04-17,36.13
1222,5861,30,176,2024-04-25,25.21
1223,1572,14,81,2024-05-18,25.22
1224,4995,5,30,2024-01-20,19.06
1225,453,31,186,2024-08-19,83.44
1226,4404,1,6,2024-10-02,10.88
1227,4243,42,251,2024-04-08,24.39
1228,7646,10,56,2024-08-20,56.66
1229,7532,32,192,2024-06-09,15.80
1230,3718,10,59,2024-07-18,19.60
1231,8039,6,31,2024-11-18,31.95
1232,6516,11,65,2024-03-31,52.38
1233,1650,14,79,2024-08-05,17.40
1234,6722,23,136,2024-03-07,24.69
1235,6830,49,293,2024-08-17,31.86
1236,3873,39,233,2024-08-12,14.13
1237,3828,36,214,2024-12-24,38.31
1238,5290,22,129,2024-05-05,15.73
1239,3949,37,219,2024-10-18,36.26
1240,1902,14,83,2024-10-07,36.92
1241,1784,14,84,2024-03-01,25.73
1242,7584,32,189,2024-08-31,32.06
1243,891,13,74,2024-06-22,14.62
1244,4816,43,254,2024-05-26,23.13
1245,8810,17,101,2024-06-18,27.04
1246,32,15,89,2024-04-19,41.86
1247,7421,12,69,2024-09-07,54.50
1248,1652,8,46,2024-03-08,35.68
1249,5760,48,284,2024-01-30,48.41
1250,9586,28,165,2024-05-07,11.54
1251,370,40,235,2024-04-08,22.00
1252,4170,30,179,2024-07-08,49.45
1253,6121,44,264,2024-05-12,16.45
1254,8444,3,17,2024-11-03,28.68
1255,9753,4,23,2024-09-16,16.51
1256,2273,38,225,2024-03-11,16.51
1257,3730,11,64,2024-05-17,24.39
1258,7918,41,241,2024-12-11,12.35
1259,6956,14,83,2024-01-04,22.42
1260,442,40,236,2024-02-22,32.99
1261,8441,24,144,2024-12-09,18.31
1262,1398,44,264,2024-06-11,31.96
1263,4986,39,230,2024-05-14,26.30
1264,7524,36,214,2024-01-31,23.11
1265,3285,16,92,2024-01-01,17.82
1266,1552,33,197,2024-02-25,25.87
1267,5787,38,228,2024-11-09,69.24
1268,2220,48,284,2024-01-27,35.05
1269,2346,45,267,2024-12-10,30.94
1270,1863,24,143,2024-07-05,12.55
1271,4217,40,236,2024-10-04,9.74
1272,2251,23,137,2024-01-26,41.41
1273,6311,39,229,2024-11-20,20.52
1274,8255,14,83,2024-11-13,26.43
1275,3497,34,202,2024-07-27,40.01
1276,5351,49,290,2024-07-19,22.54
1277,6696,31,185,2024-09-28,35.19
1278,5542,39,229,2024-09-19,45.76
1279,8471,14,80,2024-12-23,30.22
1280,980,4,21,2024-03-01,10.18
1281,9288,40,238,2024-09-01,31.29
1282,6113,31,183,2024-11-06,13.68
1283,5618,50,297,2024-11-02,24.07
1284,5202,23,133,2024-11-17,29.99
1285,8115,10,59,2024-01-16,9.23
1286,6527,24,140,2024-06-03,28.32
1287,8968,34,203,2024-05-17,16.83
1288,9157,31,182,2024-06-23,8.97
1289,4794,35,208,2024-06-18,28.31
1290,1271,11,63,2024-02-21,31.13
1291,3450,15,90,2024-02-22,22.04
1292,329,20,120,2024-12-04,24.86
1293,6094,23,138,2024-07-01,13.79
1294,6359,31,181,2024-02-15,21.81
1295,6033,15,90,2024-09-16,29.98
1296,4711,24,143,2024-06-22,13.23
1297,2452,26,154,2024-08-27,24.16
1298,5939,34,200,2024-07-22,19.61
1299,1564,48,287,2024-07-08,22.18
1300,7349,23,138,2024-06-30,7.03
1301,5235,12,70,2024-11-09,16.83
1302,811,18,106,2024-06-20,29.08
1303,7482,50,297,2024-09-06,30.03
1304,9257,20,119,2024-06-01,12.75
1305,9001,31,186,2024-09-20,24.10
1306,4286,18,108,2024-12-15,44.24
1307,1877,29,170,2024-01-10,36.62
1308,383,43,256,2024-03-23,42.85
1309,6444,42,251,2024-08-07,14.64
1310,1699,26,152,2024-09-07,32.54
1311,6810,12,72,2024-10-31,27.94
1312,2490,48,287,2024-03-28,12.20
1313,1299,2,10,2024-11-26,20.04
1314,7740,8,45,2024-02-10,20.08
1315,6990,49,292,2024-07-15,18.00
1316,5550,31,184,2024-08-14,32.74
1317,2344,29,169,2024-02-10,20.01
1318,7580,21,121,2024-05-02,29.65
1319,4191,3,17,2024-12-27,24.60
1320,3533,1,5,2024-09-15,11.94
1321,2917,46,274,2024-08-31,10.14
1322,6004,18,103,2024-08-03,59.25
1323,2082,1,2,2024-02-12,21.74
1324,3396,39,229,2024-03-02,88.33
1325,4099,3,13,2024-05-02,8.61
1326,7191,14,80,2024-01-12,24.11
1327,1496,42,252,2024-04-02,31.54
1328,7580,22,129,2024-04-21,51.31
1329,4909,33,196,2024-05-14,38.67
1330,8070,35,209,2024-05-24,8.55
1331,854,12,71,2024-05-07,46.54
1332,1760,5,28,2024-07-12,89.94
1333,6505,10,60,2024-11-15,53.73
1334,2841,33,193,2024-01-03,14.38
1335,4062,2,12,2024-06-04,12.56
1336,4487,8,43,2024-03-10,33.34
1337,3184,22,131,2024-03-01,15.21
1338,6168,38,228,2024-05-05,28.15
1339,1430,27,160,2024-07-06,101.40
1340,8281,13,73,2024-03-17,35.86
1341,9146,34,204,2024-10-21,49.25
1342,1373,28,167,2024-03-12,19.20
1343,8640,25,149,2024-08-25,13.10
1344,9460,8,43,2024-07-13,10.26
1345,1208,27,159,2024-05-29,14.95
1346,3307,24,144,2024-06-06,17.11
1347,9541,48,286,2024-12-28,38.67
1348,9191,49,289,2024-03-22,42.13
1349,39,50,298,2024-09-18,40.35
1350,4930,10,60,2024-02-26,19.85
1351,8307,15,90,2024-04-07,29.96
1352,4336,2,9,2024-04-05,41.00
1353,8173,6,33,2024-11-13,39.17
1354,7174,7,39,2024-02-09,13.58
1355,599,13,73,2024-04-23,8.24
1356,178,33,194,2024-02-05,40.45
1357,719,28,166,2024-11-16,22.41
1358,4671,20,118,2024-12-09,18.67
1359,6014,43,255,2024-04-27,27.54
1360,5719,34,199,2024-06-17,16.79
1361,6025,46,274,2024-04-06,38.61
1362,7997,48,288,2024-07-27,23.49
1363,3031,20,116,2024-07-18,21.25
1364,6444,11,65,2024-02-29,31.42
1365,6747,10,56,2024-01-22,26.78
1366,2522,7,40,2024-03-22,22.65
1367,6179,5,26,2024-10-07,35.30
1368,1663,40,238,2024-05-09,27.33
1369,3515,30,178,2024-08-05,23.28
1370,6449,23,138,2024-12-11,22.46
1371,7551,8,45,2024-05-12,61.60
1372,7638,12,71,2024-10-27,35.34
1373,7045,29,171,2024-02-16,35.08
1374,5024,36,214,2024-12-23,43.28
1375,1108,24,144,2024-10-23,28.76
1376,2446,33,196,2024-01-30,10.15
1377,1802,28,163,2024-01-03,9.12
1378,4252,6,36,2024-02-15,13.52
1379,1753,35,206,2024-08-04,21.10
1380,4020,23,138,2024-01-22,39.09
1381,4104,2,11,2024-04-03,10.83
1382,5156,18,105,2024-06-26,17.11
1383,6898,19,113,2024-07-12,43.88
1384,3187,35,205,2024-12-15,29.85
1385,8143,40,236,2024-12-26,24.18
1386,2504,4,24,2024-07-18,71.44
1387,5453,24,139,2024-08-13,18.32
1388,8295,10,59,2024-11-30,30.34
1389,5836,24,144,2024-04-30,16.23
1390,1723,13,77,2024-09-07,29.08
1391,2554,19,109,2024-02-28,21.17
1392,6092,16,95,2024-02-01,16.08
1393,1600,17,97,2024-06-04,25.90
1394,8721,21,121,2024-08-16,28.04
1395,613,34,202,2024-12-07,23.18
1396,6615,37,222,2024-08-12,32.65
1397,5336,36,215,2024-12-24,32.63
1398,406,25,150,2024-07-28,12.71
1399,2638,4,23,2024-03-06,25.14
1400,2739,19,112,2024-07-26,23.62
1401,8174,37,222,2024-10-11,30.79
1402,3724,32,190,2024-06-11,8.88
1403,6220,25,145,2024-12-10,22.02
1404,5468,43,255,2024-09-22,28.15
1405,633,46,276,2024-02-19,32.56
1406,6754,16,93,2024-06-12,21.42
1407,2742,11,61,2024-10-19,52.64
1408,6853,50,296,2024-09-17,13.22
1409,5956,28,165,2024-09-04,26.25
1410,6432,37,219,2024-11-15,21.55
1411,17,30,176,2024-01-19,28.94
1412,9285,28,163,2024-05-05,21.32
1413,2870,11,61,2024-03-25,14.75
1414,4392,9,52,2024-11-18,17.82
1415,2525,13,75,2024-07-14,13.83
1416,3292,35,209,2024-09-12,24.58
1417,898,18,107,2024-11-29,16.63
1418,9649,30,176,2024-11-27,44.59
1419,5566,38,223,2024-05-03,13.27
1420,9143,11,65,2024-06-14,14.74
1421,5044,45,266,2024-05-01,11.04
1422,6444,36,216,2024-01-27,32.93
1423,8507,25,150,2024-12-30,19.96
1424,44,40,235,2024-12-14,55.32
1425,7078,26,153,2024-02-17,46.21
1426,8422,12,72,2024-03-30,17.70
1427,4416,47,279,2024-06-11,26.72
1428,2142,19,114,2024-06-02,31.07
1429,8814,50,300,2024-04-08,23.80
1430,6042,5,26,2024-09-01,7.32
1431,966,36,212,2024-05-26,10.15
1432,7113,27,157,2024-04-21,12.96
1433,7009,13,74,2024-01-15,48.03
1434,4493,21,123,2024-12-05,36.64
1435,8843,40,239,2024-03-13,35.64
1436,308,4,20,2024-01-29,28.29
1437,9661,21,126,2024-01-07,42.54
1438,8754,26,156,2024-06-29,11.99
1439,8281,50,296,2024-02-05,24.25
1440,2602,10,56,2024-07-25,32.30
1441,7806,17,97,2024-11-08,16.69
1442,8755,43,253,2024-11-29,23.20
1443,386,5,27,2024-10-11,41.93
1444,5352,4,24,2024-04-01,10.82
1445,3309,11,66,2024-11-30,22.25
1446,2111,29,174,2024-09-06,48.19
1447,6079,20,117,2024-03-14,24.42
1448,7134,40,238,2024-03-21,74.10
1449,3586,6,31,2024-01-11,34.14
1450,9277,42,247,2024-03-01,8.63
1451,8712,34,202,2024-05-12,16.13
1452,2229,31,185,2024-01-26,33.20
1453,1711,49,290,2024-04-24,54.20
1454,1307,11,62,2024-10-06,14.27
1455,1669,15,89,2024-07-10,8.57
1456,9148,14,79,2024-06-05,33.14
1457,5850,49,294,2024-12-16,18.73
1458,7168,44,261,2024-08-03,43.74
1459,6043,2,12,2024-10-07,12.73
1460,7209,6,35,2024-01-19,31.08
1461,694,48,286,2024-04-05,23.62
1462,5582,4,23,2024-02-24,16.32
1463,1571,29,171,2024-05-13,26.67
1464,4871,40,236,2024-01-21,12.78
1465,2411,23,134,2024-04-07,19.81
1466,4031,1,1,2024-10-15,20.68
1467,5851,1,4,2024-12-11,54.88
1468,3216,7,38,2024-05-09,27.94
1469,9286,6,36,2024-05-27,19.35
1470,6530,13,76,2024-12-03,19.85
1471,9177,12,71,2024-12-03,27.43
1472,5788,11,66,2024-05-22,34.13
1473,5113,5,30,2024-02-06,38.50
1474,2185,24,141,2024-09-23,24.99
1475,1091,30,178,2024-10-06,8.75
1476,6948,23,134,2024-09-03,19.88
1477,8385,22,129,2024-11-18,22.57
1478,867,43,255,2024-06-17,23.61
1479,8737,19,111,2024-06-29,19.35
1480,7257,38,225,2024-12-07,27.21
1481,2756,39,233,2024-07-13,10.56
1482,6715,30,176,2024-05-10,26.85
1483,2107,11,66,2024-03-12,13.85
1484,9793,3,18,2024-04-20,23.01
1485,2316,8,43,2024-03-17,27.94
1486,4629,32,187,2024-01-21,35.51
1487,4470,7,41,2024-11-24,16.04
1488,8889,10,55,2024-11-01,25.18
1489,3554,4,21,2024-11-26,23.70
1490,9922,40,240,2024-02-07,33.67
1491,7184,39,234,2024-07-17,72.84
1492,6860,19,111,2024-04-09,120.83
1493,6136,44,262,2024-09-28,40.71
1494,7597,23,134,2024-10-31,55.76
1495,9091,1,2,2024-12-12,29.72
1496,8846,36,213,2024-05-07,33.62
1497,6871,27,162,2024-03-28,20.94
1498,3952,22,127,2024-03-07,39.47
1499,6342,6,35,2024-10-29,15.58
1500,6688,38,225,2024-08-04,16.11
1501,9967,45,268,2024-01-23,56.19
1502,3279,32,192,2024-02-13,11.02
1503,3026,35,208,2024-11-09,15.83
1504,8988,39,234,2024-04-15,41.54
1505,1521,5,27,2024-12-01,23.83
1506,1107,50,299,2024-01-12,15.62
1507,9583,48,288,2024-01-02,22.56
1508,6383,37,218,2024-03-23,27.29
1509,4515,40,235,2024-01-12,8.64
1510,3956,47,281,2024-07-23,27.52
1511,8704,48,285,2024-10-31,23.36
1512,8041,33,194,2024-04-24,28.01
1513,6137,8,47,2024-09-27,56.04
1514,2047,26,152,2024-02-26,54.82
1515,2665,13,75,2024-06-20,7.00
1516,7512,30,180,2024-09-06,55.40
1517,6963,30,179,2024-02-18,25.33
1518,2379,16,95,2024-06-20,9.61
1519,9558,43,256,2024-02-14,17.86
1520,6832,18,106,2024-06-06,24.73
1521,5007,18,104,2024-06-03,87.63
1522,901,21,122,2024-11-20,21.29
1523,9292,29,169,2024-04-17,23.68
1524,6817,47,278,2024-07-02,31.84
1525,2826,46,272,2024-10-27,18.11
1526,7779,12,70,2024-05-20,76.82
1527,7919,48,283,2024-10-08,6.20
1528,2978,19,113,2024-11-27,29.33
1529,4821,36,213,2024-12-24,18.19
1530,7264,49,293,2024-01-22,34.38
1531,702,17,102,2024-07-14,29.68
1532,6163,45,266,2024-05-07,30.19
1533,9957,43,255,2024-06-06,49.51
1534,2524,6,36,2024-11-30,54.92
1535,6303,22,132,2024-08-03,13.79
1536,777,47,278,2024-02-10,19.06
1537,5983,3,17,2024-05-29,10.47
1538,3210,8,47,2024-10-27,17.11
1539,5311,29,171,2024-02-27,32.90
1540,7968,4,23,2024-03-18,41.90
1541,2503,25,147,2024-05-11,16.69
1542,201,27,157,2024-10-08,26.32
1543,6681,47,278,2024-11-06,34.16
1544,8753,32,188,2024-04-19,8.03
1545,2548,25,149,2024-11-23,42.84
1546,5260,44,264,2024-08-10,75.62
1547,4934,31,183,2024-02-02,24.10
1548,3433,19,114,2024-06-29,20.60
1549,4909,33,198,2024-07-03,19.52
1550,2053,48,284,2024-11-30,8.62
1551,8556,39,229,2024-04-23,50.34
1552,1638,45,266,2024-09-28,25.49
1553,6624,45,267,2024-05-24,13.86
1554,5634,47,281,2024-06-10,13.98
1555,4204,40,236,2024-09-09,18.00
1556,9063,7,41,2024-10-14,39.09
1557,2796,40,235,2024-01-02,22.51
1558,9257,35,209,2024-10-20,16.08
1559,1525,21,123,2024-07-21,43.16
1560,3904,30,179,2024-07-31,31.29
1561,1913,26,155,2024-12-06,18.08
1562,8563,8,43,2024-12-02,66.72
1563,557,11,64,2024-02-22,41.50
1564,9455,47,278,2024-09-26,53.95
1565,9193,20,116,2024-09-02,8.27
1566,6329,47,280,2024-11-05,45.60
1567,7234,38,227,2024-12-21,10.42
1568,4157,16,94,2024-04-09,30.59
1569,5807,18,108,2024-02-02,13.94
1570,604,1,5,2024-08-26,24.54
1571,2574,43,253,2024-06-18,38.24
1572,1582,40,237,2024-01-22,16.59
1573,6460,12,72,2024-10-16,28.42
1574,8567,4,24,2024-02-27,30.35
1575,2022,19,111,2024-11-27,20.00
1576,8252,17,98,2024-02-20,61.70
1577,1367,30,178,2024-06-30,31.50
1578,7780,4,22,2024-12-09,24.81
1579,4270,2,11,2024-07-12,10.12
1580,9513,13,78,2024-09-14,17.94
1581,7375,7,42,2024-07-11,14.42
1582,578,11,64,2024-06-23,29.21
1583,3618,14,84,2024-10-17,13.89
1584,2097,26,154,2024-06-13,26.52
1585,5910,1,3,2024-09-10,28.90
1586,7262,26,152,2024-03-31,37.11
1587,2632,29,174,2024-01-23,25.47
1588,8636,40,239,2024-10-14,9.20
1589,4659,11,61,2024-09-04,15.95
1590,9927,12,69,2024-12-07,66.92
1591,111,34,203,2024-09-25,17.99
1592,5601,13,76,2024-05-23,54.45
1593,9787,15,90,2024-03-31,22.35
1594,122,18,104,2024-07-29,11.64
1595,7467,43,257,2024-08-29,18.20
1596,6674,33,193,2024-01-15,67.59
1597,4317,39,231,2024-09-17,12.29
1598,6078,46,276,2024-10-11,20.15
1599,8203,7,41,2024-02-25,30.73
1600,9471,31,182,2024-03-22,9.00
1601,1783,44,263,2024-04-24,22.56
1602,3676,13,74,2024-06-09,17.24
1603,7945,17,97,2024-07-23,15.43
1604,376,10,59,2024-06-06,11.51
1605,5385,9,54,2024-08-22,21.88
1606,4330,37,217,2024-09-09,36.16
1607,9090,50,296,2024-05-09,23.28
1608,1438,23,133,2024-06-18,36.46
1609,8245,13,77,2024-07-24,21.83
1610,1014,9,50,2024-06-06,30.28
1611,2835,39,232,2024-02-23,37.78
1612,31,23,134,2024-12-10,27.10
1613,1503,8,47,2024-03-07,17.56
1614,4319,8,48,2024-09-15,24.46
1615,9675,22,127,2024-07-31,28.65
1616,7852,27,162,2024-02-29,15.35
1617,8949,7,40,2024-05-23,16.54
1618,681,28,166,2024-05-16,32.14
1619,7215,49,291,2024-05-12,36.94
1620,9786,50,299,2024-03-18,7.64
1621,1196,39,229,2024-05-29,36.10
1622,1410,19,112,2024-10-16,36.93
1623,1205,18,105,2024-08-23,10.81
1624,7350,16,95,2024-07-10,18.36
1625,4869,35,209,2024-08-16,23.85
1626,2003,46,276,2024-04-23,25.78
1627,5742,43,253,2024-10-21,32.43
1628,584,5,30,2024-08-09,11.70
1629,357,46,274,2024-02-03,34.07
1630,6133,38,226,2024-07-16,22.57
1631,178,20,120,2024-05-10,24.18
1632,1960,40,235,2024-05-06,17.54
1633,4151,15,88,2024-08-02,29.69
1634,7002,21,126,2024-05-01,37.67
1635,8471,40,240,2024-08-06,23.39
1636,9949,29,173,2024-04-11,19.96
1637,6462,33,194,2024-08-11,53.69
1638,4928,49,294,2024-10-23,99.10
1639,278,34,201,2024-07-06,32.06
1640,2551,8,44,2024-08-28,24.43
1641,8855,36,213,2024-08-08,32.85
1642,24,14,80,2024-07-03,28.58
1643,5589,27,157,2024-05-01,10.72
1644,450,42,249,2024-09-13,18.52
1645,6372,47,282,2024-03-27,39.47
1646,7941,34,204,2024-07-25,29.05
1647,3604,46,271,2024-02-14,46.63
1648,3127,2,12,2024-07-09,35.28
1649,3705,20,118,2024-02-21,45.28
1650,4948,16,95,2024-06-26,38.77
1651,8841,1,3,2024-02-24,10.54
1652,4180,33,197,2024-02-22,40.16
1653,6455,43,258,2024-12-12,57.95
1654,1708,8,46,2024-10-20,11.67
1655,942,43,257,2024-03-23,28.14
1656,8752,47,279,2024-08-28,16.43
1657,1918,17,99,2024-07-27,22.95
1658,5094,11,65,2024-11-26,46.17
1659,6242,17,101,2024-06-18,13.95
1660,5377,13,78,2024-02-09,24.78
1661,8739,8,45,2024-04-07,63.25
1662,5317,50,299,2024-01-14,17.64
1663,1440,42,249,2024-11-12,25.68
1664,1531,22,127,2024-09-05,34.44
1665,2082,31,184,2024-01-05,20.38
1666,4484,32,188,2024-09-10,24.08
1667,3979,3,14,2024-03-24,24.04
1668,611,29,173,2024-07-25,28.05
1669,7901,22,130,2024-11-13,34.71
1670,7443,30,177,2024-03-21,19.80
1671,2935,32,187,2024-12-16,30.08
1672,1195,40,239,2024-05-05,24.08
1673,8855,22,131,2024-06-08,27.76
1674,1151,8,43,2024-10-23,16.93
1675,6759,47,278,2024-08-02,43.30
1676,4245,13,78,2024-12-31,18.63
1677,9419,14,79,2024-06-24,12.13
1678,4974,32,188,2024-08-30,23.10
1679,2559,23,135,2024-08-19,9.69
1680,4229,30,177,2024-05-05,16.49
1681,6066,37,218,2024-03-22,20.57
1682,7441,11,66,2024-05-20,35.06
1683,1493,2,7,2024-05-18,51.89
1684,3024,23,138,2024-12-09,60.39
1685,2273,29,171,2024-01-29,66.45
1686,6509,8,46,2024-11-08,22.70
1687,2548,23,134,2024-12-10,46.78
1688,3141,12,72,2024-04-03,25.07
1689,6291,9,49,2024-01-06,11.21
1690,6777,10,56,2024-12-13,21.17
1691,2935,17,102,2024-12-16,18.51
1692,1638,19,112,2024-11-17,21.58
1693,1945,18,105,2024-02-19,40.10
1694,602,37,221,2024-09-18,25.44
1695,5447,6,31,2024-04-28,16.80
1696,3290,34,201,2024-09-22,14.14
1697,4048,2,10,2024-09-20,15.70
1698,2898,23,136,2024-02-14,9.02
1699,2315,31,183,2024-05-28,19.46
1700,5031,23,133,2024-05-16,18.03
1701,3796,23,133,2024-09-04,29.40
1702,7470,50,298,2024-12-17,55.33
1703,7040,25,146,2024-02-03,22.34
1704,6048,37,220,2024-05-09,49.03
1705,2240,34,203,2024-01-28,6.57
1706,5997,47,277,2024-09-02,11.57
1707,9358,9,52,2024-05-13,23.29
1708,985,44,262,2024-04-19,30.16
1709,5492,12,71,2024-10-26,25.87
1710,4086,17,102,2024-06-17,11.27
1711,7152,5,28,2024-08-15,12.83
1712,6301,13,76,2024-06-09,19.18
1713,9349,11,62,2024-04-13,17.07
1714,3476,10,60,2024-03-19,17.96
1715,3299,9,49,2024-07-04,27.19
1716,8000,45,265,2024-11-23,48.71
1717,3545,10,56,2024-10-30,35.63
1718,9873,17,101,2024-07-13,37.72
1719,5576,36,211,2024-08-30,13.64
1720,2320,11,61,2024-12-31,10.82
1721,2480,3,14,2024-02-22,30.26
1722,1202,24,143,2024-08-23,28.31
1723,4919,47,279,2024-02-10,28.78
1724,6409,7,40,2024-11-05,11.84
1725,681,47,282,2024-07-22,23.68
1726,7734,4,22,2024-04-03,13.47
1727,1750,17,101,2024-05-19,30.11
1728,6747,34,200,2024-08-22,21.32
1729,2064,19,109,2024-12-09,26.93
1730,9281,12,72,2024-10-24,23.97
1731,3452,25,145,2024-07-24,25.60
1732,3207,24,141,2024-09-25,28.22
1733,3687,1,2,2024-09-29,25.95
1734,7526,36,215,2024-08-14,20.10
1735,5802,45,269,2024-05-04,32.78
1736,8940,2,12,2024-12-16,26.40
1737,3926,10,59,2024-11-29,19.10
1738,5744,13,75,2024-05-15,29.12
1739,6152,13,77,2024-05-25,22.09
1740,9377,49,294,2024-10-14,70.01
1741,5752,15,85,2024-05-24,16.48
1742,759,13,74,2024-12-02,27.85
1743,8575,48,284,2024-02-21,11.29
1744,773,34,200,2024-03-30,11.83
1745,1,36,213,2024-02-19,10.29
1746,6411,41,241,2024-06-26,36.55
1747,9834,15,86,2024-10-17,13.53
1748,2420,1,1,2024-05-09,27.51
1749,6652,44,263,2024-03-20,29.92
1750,881,18,105,2024-02-03,41.24
1751,950,37,219,2024-01-01,21.99
1752,2115,15,88,2024-10-22,31.93
1753,6839,25,146,2024-05-02,28.32
1754,7964,1,6,2024-03-08,14.98
1755,6132,8,47,2024-06-29,19.93
1756,4393,49,289,2024-09-21,61.69
1757,8498,18,103,2024-08-07,111.90
1758,5890,29,170,2024-07-25,28.33
1759,7674,38,226,2024-07-19,30.00
1760,9608,26,152,2024-05-14,17.87
1761,9167,24,139,2024-01-31,14.89
1762,8379,28,168,2024-11-22,40.02
1763,3695,33,198,2024-09-16,19.51
1764,7420,40,237,2024-02-21,51.14
1765,5512,31,184,2024-04-01,22.94
1766,7218,2,12,2024-01-18,33.92
1767,8166,18,104,2024-07-12,37.89
1768,2055,14,83,2024-01-03,59.04
1769,3670,9,54,2024-12-16,19.36
1770,9863,32,188,2024-12-05,20.96
1771,1404,9,53,2024-03-31,9.00
1772,4231,35,205,2024-06-20,37.59
1773,2943,44,263,2024-11-30,16.30
1774,9726,26,155,2024-09-25,13.35
1775,9959,35,205,2024-12-06,27.55
1776,4200,39,234,2024-01-24,35.76
1777,6507,25,147,2024-08-26,25.39
1778,3154,40,239,2024-10-31,7.38
1779,3405,49,292,2024-08-12,35.10
1780,1492,46,276,2024-02-17,40.65
1781,683,10,55,2024-10-30,26.68
1782,7148,3,13,2024-02-24,21.68
1783,2049,15,88,2024-03-01,36.76
1784,2499,7,40,2024-09-12,19.15
1785,2622,1,1,2024-06-29,16.56
1786,791,39,231,2024-09-20,5.21
1787,3945,44,262,2024-09-03,26.28
1788,792,3,16,2024-12-23,22.06
1789,2329,29,170,2024-06-20,11.26
1790,6229,41,241,2024-09-16,23.84
1791,9656,50,295,2024-02-08,39.11
1792,3564,28,164,2024-08-12,24.00
1793,3462,8,47,2024-12-22,23.39
1794,2038,7,41,2024-06-02,12.48
1795,7230,48,284,2024-03-07,9.79
1796,6704,30,177,2024-12-27,20.40
1797,4429,31,183,2024-06-14,8.86
1798,3990,9,49,2024-04-14,23.75
1799,1095,9,53,2024-07-06,22.41
1800,721,1,5,2024-01-26,15.31
1801,9863,17,101,2024-11-14,32.98
1802,2850,24,144,2024-07-01,15.50
1803,5218,3,14,2024-08-15,21.47
1804,4147,50,298,2024-08-20,28.11
1805,9257,23,133,2024-06-05,21.94
1806,6164,47,282,2024-09-09,23.79
1807,1634,8,44,2024-11-11,21.21
1808,7554,27,158,2024-06-09,17.00
1809,2554,22,131,2024-04-02,37.48
1810,6819,36,213,2024-09-02,31.06
1811,3498,33,195,2024-04-21,38.79
1812,2894,31,182,2024-10-11,24.40
1813,7120,10,55,2024-03-22,10.60
1814,6072,49,290,2024-12-10,27.27
1815,5472,42,248,2024-10-17,43.37
1816,8656,13,76,2024-11-21,16.78
1817,158,26,151,2024-07-30,11.82
1818,9771,20,119,2024-01-18,12.51
1819,9121,49,289,2024-05-17,26.30
1820,5773,5,25,2024-06-08,21.84
1821,6395,11,63,2024-08-07,24.60
1822,3382,31,181,2024-12-09,28.90
1823,6041,9,51,2024-07-29,27.70
1824,8794,20,117,2024-02-18,8.57
1825,4219,5,30,2024-11-24,26.12
1826,5713,25,150,2024-11-29,23.43
1827,3871,15,90,2024-01-06,20.80
1828,1527,41,242,2024-03-25,13.11
1829,5543,7,42,2024-02-29,9.41
1830,1633,14,79,2024-02-22,22.57
1831,4939,2,12,2024-04-03,18.34
1832,270,18,104,2024-03-30,13.30
1833,5505,16,93,2024-12-27,16.61
1834,9242,25,145,2024-06-05,39.30
1835,4286,43,254,2024-11-12,9.22
1836,5509,11,64,2024-06-09,20.98
1837,3678,35,207,2024-01-19,34.01
1838,3681,23,134,2024-06-27,30.31
1839,9567,24,140,2024-09-04,20.34
1840,5201,38,227,2024-10-31,13.09
1841,8641,26,153,2024-10-12,38.98
1842,2544,42,252,2024-08-10,19.11
1843,3810,44,262,2024-11-07,10.89
1844,9802,23,136,2024-06-21,55.47
1845,3128,1,4,2024-03-17,19.26
1846,9078,38,226,2024-03-06,21.74
1847,4179,39,230,2024-08-21,36.03
1848,1314,11,64,2024-01-07,9.09
1849,2154,34,199,2024-02-19,15.14
1850,2527,46,275,2024-12-23,22.26
1851,7699,1,2,2024-08-18,13.19
1852,1159,24,142,2024-05-09,40.32
1853,5879,11,65,2024-03-08,24.68
1854,7430,44,260,2024-02-15,39.93
1855,3910,9,51,2024-12-23,24.38
1856,3586,18,104,2024-09-26,37.27
1857,8327,12,68,2024-11-22,23.85
1858,1698,28,163,2024-04-17,38.88
1859,9251,38,226,2024-05-04,28.08
1860,148,9,49,2024-11-01,14.10
1861,5988,32,192,2024-11-16,40.63
1862,6170,4,23,2024-08-02,28.94
1863,1961,46,276,2024-07-26,26.32
1864,9762,30,178,2024-06-29,50.87
1865,830,38,227,2024-11-12,24.75
1866,8222,46,272,2024-10-31,18.43
1867,3511,45,267,2024-04-21,20.20
1868,8427,17,97,2024-08-02,26.93
1869,2393,43,255,2024-11-09,30.76
1870,9097,19,109,2024-10-11,20.66
1871,6370,8,47,2024-02-17,29.18
1872,4230,30,180,2024-05-31,9.41
1873,8499,10,58,2024-02-25,22.86
1874,1566,49,294,2024-03-06,27.76
1875,9376,38,227,2024-08-28,22.67
1876,9824,37,218,2024-08-13,56.47
1877,9589,13,78,2024-07-24,61.36
1878,1,37,222,2024-01-16,9.98
1879,6929,26,151,2024-06-16,21.10
1880,7676,50,297,2024-02-17,17.02
1881,6101,9,49,2024-07-21,31.04
1882,3422,31,186,2024-08-28,49.92
1883,8402,20,115,2024-06-29,9.69
1884,2170,18,106,2024-04-25,9.47
1885,3456,16,96,2024-07-27,38.99
1886,1352,25,147,2024-10-19,7.80
1887,9837,42,247,2024-01-06,59.25
1888,6451,49,294,2024-03-11,20.26
1889,6395,5,27,2024-11-29,12.57
1890,6172,38,226,2024-04-03,38.46
1891,3793,15,85,2024-09-06,18.57
1892,6397,7,39,2024-06-12,69.90
1893,8964,46,273,2024-03-23,32.33
1894,4814,44,259,2024-05-03,29.56
1895,418,50,296,2024-08-17,19.77
1896,6488,1,4,2024-03-19,26.10
1897,952,38,225,2024-04-14,54.52
1898,6477,9,51,2024-03-20,20.65
1899,9277,31,181,2024-12-22,39.66
1900,3505,47,280,2024-04-23,62.61
1901,3623,8,43,2024-06-22,22.74
1902,7949,37,219,2024-10-15,19.95
1903,1986,28,165,2024-03-19,15.01
1904,6131,15,85,2024-02-21,11.35
1905,5156,2,10,2024-01-14,28.71
1906,9585,24,143,2024-10-11,36.44
1907,5573,20,120,2024-08-15,19.96
1908,737,38,228,2024-06-22,11.84
1909,4324,29,173,2024-02-27,32.73
1910,5309,14,80,2024-05-13,52.44
1911,3250,19,109,2024-02-21,8.43
1912,2301,23,134,2024-06-07,20.20
1913,3176,30,177,2024-04-14,21.36
1914,9811,16,94,2024-04-30,12.73
1915,283,7,42,2024-09-07,30.20
1916,7190,21,123,2024-01-02,21.98
1917,588,9,51,2024-07-07,19.74
1918,3165,46,273,2024-06-26,34.04
1919,6699,28,166,2024-03-09,37.79
1920,5411,42,248,2024-09-05,29.03
1921,1240,14,79,2024-04-27,44.68
1922,4695,10,57,2024-03-20,26.20
1923,1037,48,283,2024-03-07,73.76
1924,3434,44,261,2024-05-18,62.03
1925,1685,30,180,2024-05-03,12.39
1926,5456,2,8,2024-10-04,55.32
1927,2758,6,36,2024-10-08,26.38
1928,7266,6,33,2024-09-02,22.32
1929,2250,9,50,2024-10-28,26.14
1930,2274,31,185,2024-04-29,36.92
1931,1049,6,33,2024-12-25,20.54
1932,7181,5,27,2024-04-06,21.92
1933,2822,34,200,2024-01-10,12.33
1934,722,12,68,2024-01-28,25.84
1935,3976,10,59,2024-03-08,40.11
1936,6861,28,167,2024-04-23,15.86
1937,7208,48,287,2024-10-23,22.36
1938,4213,12,67,2024-11-15,36.77
1939,2312,3,15,2024-03-02,51.45
1940,6268,13,74,2024-10-20,23.28
1941,4879,31,183,2024-06-19,10.04
1942,9751,50,295,2024-09-02,33.13
1943,8913,11,63,2024-05-15,19.75
1944,3918,36,211,2024-02-18,11.09
1945,2056,3,17,2024-06-23,12.25
1946,4020,30,180,2024-04-24,14.39
1947,2679,40,239,2024-04-26,19.96
1948,3865,23,138,2024-05-30,26.21
1949,6282,38,223,2024-11-10,30.46
1950,4355,47,282,2024-01-06,14.44
1951,2606,30,180,2024-09-25,11.62
1952,3145,39,231,2024-04-08,24.39
1953,6641,18,106,2024-10-18,68.97
1954,2035,12,71,2024-03-16,21.19
1955,962,33,194,2024-06-02,13.84
1956,8526,47,281,2024-06-01,49.43
1957,8356,7,39,2024-06-09,17.35
1958,3567,1,5,2024-03-01,22.02
1959,894,29,174,2024-08-16,46.40
1960,734,19,113,2024-09-18,22.04
1961,660,7,41,2024-07-10,49.87
1962,1808,35,209,2024-06-21,21.60
1963,5759,37,219,2024-04-04,13.61
1964,844,5,25,2024-10-30,7.91
1965,4664,26,156,2024-10-29,15.37
1966,2857,29,170,2024-03-15,13.72
1967,9454,32,188,2024-04-21,32.16
1968,876,32,191,2024-08-06,38.63
1969,9014,34,203,2024-09-06,16.12
1970,3343,7,38,2024-10-18,8.20
1971,7955,27,161,2024-05-15,35.40
1972,7343,49,293,2024-06-24,61.71
1973,4696,26,152,2024-11-04,56.04
1974,4697,28,163,2024-03-10,69.62
1975,9484,33,197,2024-06-08,39.96
1976,1073,3,18,2024-11-14,45.36
1977,2978,35,210,2024-01-15,13.36
1978,2346,44,264,2024-12-31,85.91
1979,271,13,78,2024-01-07,16.54
1980,4387,41,241,2024-10-20,39.20
1981,815,31,185,2024-02-04,33.43
1982,6667,45,265,2024-01-16,31.74
1983,538,7,42,2024-06-24,18.49
1984,4329,45,266,2024-01-10,26.21
1985,5866,2,12,2024-05-06,27.62
1986,9489,22,132,2024-07-07,21.80
1987,8522,49,289,2024-06-30,15.81
1988,1929,18,103,2024-09-27,14.19
1989,3466,30,179,2024-08-01,23.91
1990,4454,26,156,2024-10-26,30.27
1991,6203,23,138,2024-05-20,17.34
1992,473,12,69,2024-08-28,19.11
1993,6608,39,233,2024-08-11,15.18
1994,34,17,100,2024-10-08,56.64
1995,9960,12,72,2024-07-15,20.24
1996,2463,38,228,2024-04-05,22.16
1997,7756,43,254,2024-09-09,76.39
1998,1536,33,194,2024-04-02,33.18
1999,1259,15,85,2024-04-13,19.92
2000,1649,13,77,2024-08-07,28.64
2001,5447,35,210,2024-01-21,24.29
2002,7054,11,63,2024-06-11,27.41
2003,4952,9,54,2024-01-12,23.38
2004,6671,31,186,2024-08-21,15.79
2005,7868,20,116,2024-01-30,16.41
2006,1244,1,6,2024-05-28,29.18
2007,1783,20,119,2024-02-19,12.31
2008,9855,19,110,2024-05-25,20.48
2009,9555,23,136,2024-04-19,12.85
2010,8383,36,214,2024-05-10,19.04
2011,6063,48,288,2024-04-05,18.05
2012,1760,30,177,2024-05-20,10.89
2013,2471,50,297,2024-01-23,10.35
2014,1191,20,115,2024-10-06,33.69
2015,463,49,292,2024-04-21,13.45
2016,4683,10,56,2024-07-11,29.08
2017,9402,38,225,2024-06-03,11.34
2018,4110,13,74,2024-05-25,56.30
2019,5711,2,10,2024-03-20,23.23
2020,1392,42,251,2024-03-01,17.00
2021,3590,24,141,2024-11-30,19.76
2022,4474,1,3,2024-01-01,8.00
2023,7065,14,80,2024-12-20,14.38
2024,951,31,181,2024-01-05,47.22
2025,8831,3,14,2024-12-16,19.33
2026,7035,19,110,2024-09-10,42.13
2027,6473,3,14,2024-06-24,25.83
2028,987,30,176,2024-08-30,93.38
2029,7788,12,69,2024-05-14,28.08
2030,8960,38,226,2024-06-24,30.23
2031,3626,39,230,2024-11-17,19.70
2032,6724,31,182,2024-03-17,17.59
2033,1356,45,266,2024-08-30,28.18
2034,6601,42,247,2024-07-07,28.67
2035,1076,23,135,2024-08-23,74.02
2036,5514,49,294,2024-08-15,25.34
2037,689,44,263,2024-01-22,48.52
2038,3498,31,181,2024-05-04,20.27
2039,3423,20,118,2024-12-21,26.69
2040,7361,28,165,2024-11-22,40.92
2041,8463,18,108,2024-11-30,15.18
2042,6641,33,197,2024-08-05,26.80
2043,8229,39,234,2024-03-15,20.33
2044,1420,1,4,2024-02-22,14.43
2045,2379,16,92,2024-11-07,34.28
2046,1638,31,186,2024-09-23,8.01
2047,2346,27,157,2024-10-29,46.21
2048,2840,1,1,2024-06-25,26.48
2049,7980,16,93,2024-09-22,19.83
2050,3084,28,165,2024-06-17,28.24
2051,5450,15,88,2024-09-24,11.01
2052,5954,47,278,2024-05-06,33.00
2053,735,20,115,2024-10-25,57.35
2054,6240,35,210,2024-07-17,28.76
2055,5037,7,37,2024-05-26,23.84
2056,3083,18,108,2024-03-24,29.44
2057,5627,50,299,2024-04-16,19.07
2058,7056,14,81,2024-05-20,15.62
2059,3119,24,142,2024-05-09,54.27
2060,7536,19,111,2024-03-15,34.67
2061,2363,22,128,2024-08-07,21.48
2062,746,40,237,2024-10-20,35.26
2063,9038,47,281,2024-05-03,11.05
2064,8470,20,117,2024-12-15,20.44
2065,5622,19,109,2024-04-30,10.72
2066,3566,24,139,2024-07-12,27.41
2067,5041,26,152,2024-05-01,23.38
2068,1268,20,120,2024-05-14,31.28
2069,5638,44,264,2024-05-12,41.77
2070,7956,11,66,2024-11-13,23.82
2071,8888,25,149,2024-08-01,7.20
2072,8171,38,224,2024-11-28,12.16
2073,9569,49,294,2024-05-16,67.38
2074,982,7,42,2024-12-02,14.82
2075,4936,16,92,2024-06-19,45.19
2076,8552,42,250,2024-02-12,42.52
2077,7158,2,10,2024-04-28,17.79
2078,4684,7,41,2024-02-02,27.97
2079,6933,22,129,2024-06-12,24.24
2080,8970,49,289,2024-09-25,9.67
2081,4650,28,166,2024-08-11,30.16
2082,4565,34,202,2024-09-30,38.08
2083,1959,17,97,2024-01-05,12.06
2084,9278,17,98,2024-05-20,44.77
2085,1598,9,53,2024-01-31,25.68
2086,5681,15,90,2024-06-08,28.87
2087,1131,50,300,2024-04-15,16.46
2088,5260,20,120,2024-02-27,36.79
2089,8827,48,288,2024-02-22,32.08
2090,7069,43,257,2024-03-13,14.96
2091,6216,42,249,2024-11-10,10.98
2092,5608,3,18,2024-03-21,68.36
2093,7802,31,184,2024-01-03,30.05
2094,7053,1,5,2024-12-04,31.67
2095,5465,16,94,2024-05-06,20.49
2096,4445,23,135,2024-05-21,25.31
2097,1337,32,191,2024-08-05,59.77
2098,9714,46,272,2024-05-28,25.70
2099,5062,14,83,2024-07-01,21.97
2100,7353,35,207,2024-12-06,28.71
2101,6005,40,235,2024-05-08,58.74
2102,7069,20,116,2024-11-21,14.76
2103,7240,6,32,2024-05-27,24.45
2104,6570,38,227,2024-08-17,16.12
2105,7461,36,212,2024-05-10,35.76
2106,1152,48,283,2024-02-11,27.72
2107,2180,29,171,2024-02-17,12.37
2108,2432,33,194,2024-02-10,31.05
2109,6420,13,76,2024-09-07,30.55
2110,3781,40,237,2024-12-17,14.37
2111,2070,20,117,2024-07-25,14.32
2112,5684,42,249,2024-03-25,20.30
2113,4465,8,46,2024-02-07,36.57
2114,6901,16,96,2024-04-21,14.04
2115,5554,11,66,2024-08-31,33.21
2116,6608,9,54,2024-06-26,33.04
2117,5721,48,288,2024-10-22,13.60
2118,6933,12,72,2024-12-13,25.94
2119,9868,6,32,2024-04-22,50.63
2120,4899,23,135,2024-11-11,16.83
2121,3746,29,173,2024-10-01,34.76
2122,6634,37,218,2024-12-09,43.20
2123,8577,12,72,2024-01-05,42.91
2124,8282,12,70,2024-09-14,12.04
2125,9022,31,181,2024-01-26,38.72
2126,2360,1,1,2024-07-03,71.90
2127,3999,28,168,2024-06-07,87.70
2128,9954,36,212,2024-09-16,20.84
2129,5924,18,103,2024-09-08,33.23
2130,6551,37,220,2024-02-19,14.93
2131,5751,7,37,2024-06-14,117.09
2132,2407,4,19,2024-03-24,20.10
2133,4074,47,280,2024-03-01,12.54
2134,8535,13,75,2024-10-21,15.26
2135,8534,23,135,2024-12-11,14.02
2136,354,16,96,2024-02-24,20.98
2137,6198,12,72,2024-05-02,64.05
2138,4078,31,186,2024-04-13,19.95
2139,1278,4,21,2024-09-08,55.98
2140,881,26,151,2024-01-31,30.43
2141,9370,36,214,2024-04-11,25.60
2142,8680,23,134,2024-12-26,36.79
2143,2147,50,296,2024-04-02,28.10
2144,4583,23,138,2024-12-18,14.58
2145,5229,13,76,2024-04-29,10.78
2146,2139,21,124,2024-05-18,6.68
2147,8399,1,5,2024-08-01,70.82
2148,6175,11,61,2024-01-22,25.63
2149,6626,34,199,2024-08-08,16.47
2150,6019,5,26,2024-09-25,22.74
2151,9828,44,260,2024-01-18,19.97
2152,6831,29,169,2024-05-28,23.80
2153,7879,22,132,2024-06-08,11.94
2154,2460,22,128,2024-06-25,43.07
2155,9392,31,186,2024-07-21,18.36
2156,8673,9,50,2024-02-01,26.50
2157,5087,12,67,2024-09-19,31.36
2158,1113,11,63,2024-08-14,21.03
2159,9538,35,207,2024-05-12,29.88
2160,1997,41,244,2024-05-02,31.56
2161,1311,22,129,2024-06-16,17.16
2162,6492,1,4,2024-11-05,36.52
2163,6080,24,142,2024-08-01,21.93
2164,5858,1,6,2024-02-02,10.44
2165,7168,46,275,2024-04-25,16.90
2166,975,6,36,2024-03-14,20.32
2167,6970,23,133,2024-12-06,13.69
2168,2337,23,136,2024-02-13,14.27
2169,2202,36,216,2024-09-27,35.28
2170,1160,34,204,2024-06-16,13.15
2171,8081,47,278,2024-08-28,21.83
2172,5892,32,190,2024-11-04,44.94
2173,7925,1,3,2024-02-18,46.63
2174,9533,26,156,2024-11-08,64.82
2175,9740,24,139,2024-01-22,27.81
2176,7709,48,284,2024-12-19,36.89
2177,9550,13,75,2024-12-12,19.78
2178,5540,27,160,2024-03-13,16.73
2179,7886,5,25,2024-03-21,70.32
2180,2075,5,26,2024-11-13,21.12
2181,443,37,222,2024-01-17,11.48
2182,5800,18,104,2024-03-27,68.44
2183,6272,32,191,2024-12-21,22.49
2184,7789,45,269,2024-01-14,29.73
2185,8082,19,111,2024-07-26,31.13
2186,7857,13,78,2024-10-22,25.58
2187,1519,37,221,2024-06-08,37.97
2188,276,27,158,2024-08-31,20.70
2189,7594,12,69,2024-09-07,16.54
2190,7552,9,53,2024-03-25,29.75
2191,1270,8,47,2024-09-08,24.75
2192,3029,36,214,2024-10-10,33.48
2193,1400,49,291,2024-01-09,17.62
2194,178,47,279,2024-08-27,41.57
2195,3487,15,85,2024-08-07,40.35
2196,8089,16,91,2024-05-20,38.15
2197,5717,1,6,2024-05-03,15.65
2198,6510,36,211,2024-08-24,23.42
2199,274,28,163,2024-06-25,69.53
2200,8933,5,26,2024-06-11,16.50
2201,2176,25,148,2024-11-08,16.50
2202,9187,21,121,2024-08-06,31.75
2203,3315,29,174,2024-03-24,19.04
2204,212,9,53,2024-03-17,37.50
2205,8175,12,72,2024-02-09,17.16
2206,1656,13,74,2024-01-18,17.00
2207,1204,20,119,2024-01-20,37.83
2208,4743,45,268,2024-10-05,29.14
2209,5231,22,129,2024-08-05,28.09
2210,9816,22,129,2024-01-12,16.36
2211,4672,29,170,2024-07-31,23.67
2212,3439,30,175,2024-07-27,22.02
2213,1570,13,77,2024-08-26,19.46
2214,5498,39,232,2024-12-11,41.90
2215,1699,31,182,2024-05-20,18.94
2216,7073,41,244,2024-04-20,16.76
2217,5241,40,235,2024-12-13,16.31
2218,8571,24,141,2024-08-12,9.95
2219,7727,20,120,2024-11-07,36.98
2220,3730,29,171,2024-10-25,55.99
2221,6385,20,119,2024-02-21,38.54
2222,1643,25,147,2024-01-18,31.07
2223,3490,46,272,2024-03-02,61.91
2224,2783,33,193,2024-08-21,11.13
2225,3532,33,196,2024-06-14,79.23
2226,9856,16,93,2024-07-26,12.86
2227,898,37,220,2024-04-23,10.53
2228,6190,20,120,2024-11-07,16.44
2229,3279,22,132,2024-02-18,8.07
2230,1618,45,267,2024-06-01,11.44
2231,4165,15,86,2024-02-09,7.89
2232,2274,22,132,2024-10-17,28.69
2233,8478,2,9,2024-04-29,8.86
2234,7755,31,182,2024-01-14,37.94
2235,8825,13,77,2024-05-08,46.74
2236,9659,36,216,2024-06-09,55.85
2237,5146,20,120,2024-12-12,42.60
2238,193,24,139,2024-11-11,17.77
2239,9522,31,183,2024-02-22,12.79
2240,9166,11,64,2024-04-09,14.58
2241,5833,44,261,2024-09-08,36.81
2242,3882,5,25,2024-04-03,42.75
2243,5908,17,97,2024-12-15,10.33
2244,5779,24,144,2024-01-29,9.98
2245,1335,44,259,2024-10-03,40.95
2246,3282,40,235,2024-04-30,15.46
2247,6737,24,140,2024-07-16,9.71
2248,5231,1,2,2024-05-18,80.71
2249,6306,25,145,2024-02-15,23.03
2250,9921,19,113,2024-11-17,17.17
2251,7856,11,64,2024-11-29,13.30
2252,1385,29,170,2024-11-20,69.31
2253,8014,4,21,2024-09-26,16.99
2254,4149,8,47,2024-10-07,60.71
2255,1792,20,120,2024-08-04,36.30
2256,4864,38,228,2024-04-01,32.19
2257,6235,50,297,2024-10-22,41.49
2258,9067,33,193,2024-01-14,27.67
2259,4583,24,141,2024-11-16,44.86
2260,3213,45,268,2024-02-17,33.35
2261,9217,28,163,2024-08-16,20.85
2262,6193,35,205,2024-08-12,24.93
2263,4277,11,65,2024-10-24,19.32
2264,379,34,199,2024-03-14,14.42
2265,638,40,239,2024-08-06,52.12
2266,9675,42,250,2024-07-18,23.42
2267,3623,38,226,2024-07-24,30.94
2268,2048,29,173,2024-10-03,13.11
2269,2057,10,56,2024-02-17,12.09
2270,7447,15,90,2024-01-31,18.96
2271,7799,36,212,2024-07-06,17.67
2272,9998,7,39,2024-12-18,8.67
2273,7490,40,240,2024-04-15,11.49
2274,9714,24,139,2024-12-03,24.13
2275,8615,44,263,2024-02-14,33.20
2276,6778,19,114,2024-09-22,30.39
2277,9201,43,253,2024-05-26,28.42
2278,10,15,90,2024-06-09,22.74
2279,302,38,223,2024-09-20,17.86
2280,5998,32,187,2024-05-23,27.13
2281,5829,40,236,2024-02-02,12.09
2282,3957,30,176,2024-12-12,38.79
2283,2583,10,60,2024-09-26,30.68
2284,8418,11,63,2024-08-21,72.82
2285,964,32,189,2024-10-29,72.46
2286,3827,3,14,2024-12-03,27.74
2287,5802,47,281,2024-09-23,14.05
2288,1356,24,140,2024-01-02,20.22
2289,4534,48,283,2024-02-18,23.58
2290,6205,10,58,2024-01-23,60.97
2291,3309,6,35,2024-04-28,59.86
2292,2098,38,227,2024-03-08,11.74
2293,4914,29,170,2024-07-07,27.19
2294,9996,18,108,2024-05-26,28.14
2295,5997,28,167,2024-10-01,8.70
2296,4215,9,51,2024-04-12,15.21
2297,6861,33,196,2024-06-19,18.93
2298,9674,29,171,2024-06-26,23.60
2299,2705,24,142,2024-07-04,51.56
2300,1882,39,234,2024-06-01,27.24
2301,3536,4,21,2024-08-16,11.53
2302,8529,44,260,2024-06-18,76.84
2303,2203,29,174,2024-09-13,68.21
2304,4141,12,69,2024-06-15,30.53
2305,1592,21,124,2024-09-15,36.73
2306,1125,42,247,2024-04-12,55.62
2307,1480,1,2,2024-08-11,59.52
2308,1166,18,107,2024-07-13,16.58
2309,6118,50,296,2024-04-05,32.04
2310,8550,37,221,2024-11-20,22.07
2311,8078,19,112,2024-09-08,30.78
2312,4313,22,127,2024-10-18,16.67
2313,6900,18,108,2024-11-29,66.18
2314,9132,3,13,2024-08-16,10.72
2315,8812,18,106,2024-02-12,18.37
2316,7033,19,114,2024-04-18,45.07
2317,7939,27,159,2024-01-16,27.91
2318,6157,26,153,2024-02-01,22.70
2319,5387,9,53,2024-04-20,24.81
2320,9361,4,20,2024-04-13,17.59
2321,5515,21,126,2024-06-20,21.94
2322,3022,16,95,2024-02-14,22.76
2323,1893,6,33,2024-02-23,15.05
2324,8565,8,43,2024-08-02,21.72
2325,5170,9,53,2024-07-15,13.28
2326,7809,6,35,2024-12-31,34.03
2327,3587,50,300,2024-01-23,20.77
2328,4591,8,44,2024-10-15,20.18
2329,3591,45,265,2024-05-18,48.20
2330,3355,12,67,2024-11-28,31.70
2331,4196,31,186,2024-05-19,29.08
2332,1215,41,241,2024-05-25,30.84
2333,6067,42,251,2024-04-28,21.53
2334,9507,27,158,2024-01-01,37.94
2335,1935,42,251,2024-12-21,44.61
2336,8924,30,179,2024-11-27,11.55
2337,2343,50,300,2024-08-17,10.77
2338,8186,44,260,2024-04-06,22.26
2339,8968,23,138,2024-04-05,31.88
2340,9627,39,230,2024-02-02,14.14
2341,3859,8,46,2024-08-25,31.29
2342,5992,45,270,2024-03-01,23.18
2343,8032,13,76,2024-08-18,15.76
2344,4912,41,246,2024-04-15,55.18
2345,2208,18,108,2024-06-10,17.52
2346,6046,36,216,2024-04-16,16.63
2347,7534,12,69,2024-12-28,29.24
2348,93,6,35,2024-07-05,16.14
2349,3017,46,271,2024-08-27,46.77
2350,6584,24,140,2024-09-04,20.35
2351,3120,46,275,2024-01-12,72.34
2352,5192,41,241,2024-08-22,58.94
2353,8909,35,207,2024-12-10,26.20
2354,1961,24,141,2024-09-11,27.08
2355,9661,25,145,2024-02-27,24.94
2356,3043,38,228,2024-05-12,15.77
2357,4904,34,199,2024-05-06,27.72
2358,2410,22,131,2024-02-17,15.26
2359,3235,10,57,2024-07-25,30.98
2360,1841,10,58,2024-10-10,19.29
2361,7178,31,185,2024-04-28,22.22
2362,7918,34,204,2024-10-30,63.68
2363,3734,41,245,2024-04-13,56.60
2364,4156,21,121,2024-01-21,28.70
2365,3076,35,205,2024-03-02,17.67
2366,4884,18,108,2024-06-11,50.28
2367,3657,35,206,2024-03-10,33.07
2368,9221,2,8,2024-06-20,21.94
2369,1589,35,210,2024-01-18,46.39
2370,3709,49,292,2024-12-10,24.74
2371,541,6,36,2024-01-09,8.74
2372,709,41,241,2024-12-23,46.97
2373,3007,48,286,2024-03-05,11.43
2374,7392,48,288,2024-03-30,29.05
2375,4386,7,40,2024-01-31,13.07
2376,1968,46,276,2024-06-13,26.12
2377,7180,20,115,2024-04-27,25.21
2378,5667,10,59,2024-06-14,23.65
2379,782,5,25,2024-10-09,30.32
2380,7660,6,36,2024-06-01,20.92
2381,7105,22,129,2024-12-23,17.79
2382,4309,44,261,2024-03-04,41.95
2383,6273,18,106,2024-11-03,14.94
2384,4188,30,177,2024-11-08,27.07
2385,1469,10,59,2024-12-27,24.24
2386,2857,24,140,2024-06-20,18.88
2387,9164,22,131,2024-04-12,9.44
2388,628,30,175,2024-01-31,31.32
2389,8930,48,286,2024-12-13,35.53
2390,7659,3,15,2024-07-08,22.34
2391,137,6,32,2024-12-05,20.56
2392,7971,43,255,2024-07-12,18.38
2393,3600,31,186,2024-11-14,47.32
2394,2347,21,121,2024-06-18,7.83
2395,825,29,173,2024-07-02,17.29
2396,3121,10,59,2024-09-08,20.65
2397,893,27,159,2024-04-12,23.28
2398,6524,11,61,2024-02-07,25.85
2399,388,4,22,2024-11-20,21.20
2400,1605,42,252,2024-01-28,16.99
2401,3092,23,138,2024-11-19,9.67
2402,85,28,165,2024-09-24,15.75
2403,2874,49,293,2024-05-09,25.19
2404,1853,25,150,2024-12-25,22.72
2405,9481,1,4,2024-12-03,38.84
2406,73,39,229,2024-04-15,19.93
2407,1002,6,36,2024-03-23,16.48
2408,7715,40,236,2024-01-23,16.21
2409,8700,7,39,2024-07-22,7.66
2410,3552,21,123,2024-11-18,23.22
2411,7027,31,185,2024-04-08,13.85
2412,6892,33,195,2024-05-13,19.51
2413,1954,10,55,2024-07-30,23.25
2414,3359,26,156,2024-03-16,65.67
2415,4638,16,93,2024-10-23,11.34
2416,1983,12,71,2024-08-25,23.42
2417,6368,22,131,2024-10-22,27.08
2418,269,28,164,2024-09-28,10.38
2419,7890,9,49,2024-08-13,19.65
2420,2209,21,121,2024-03-04,35.58
2421,6973,34,204,2024-07-11,25.15
2422,9081,9,54,2024-06-06,29.47
2423,2833,5,25,2024-06-09,31.17
2424,428,31,184,2024-11-11,15.74
2425,9674,4,23,2024-06-05,25.83
2426,5576,9,49,2024-12-08,32.55
2427,1959,48,288,2024-11-09,24.97
2428,329,40,236,2024-07-01,63.52
2429,5184,36,216,2024-01-03,28.44
2430,3025,22,128,2024-07-04,29.82
2431,9887,29,169,2024-07-09,7.69
2432,2676,11,63,2024-05-10,10.72
2433,1799,10,55,2024-02-04,17.59
2434,9858,42,248,2024-10-14,22.47
2435,5556,36,211,2024-02-23,24.52
2436,4830,11,62,2024-11-02,73.22
2437,8085,22,128,2024-08-28,19.16
2438,7416,21,126,2024-09-27,25.97
2439,4027,39,231,2024-11-29,19.84
2440,8749,46,276,2024-09-16,24.27
2441,5866,25,149,2024-06-28,17.12
2442,99,5,28,2024-10-22,16.16
2443,6034,12,69,2024-12-28,8.59
2444,8296,31,181,2024-08-26,19.99
2445,4959,37,218,2024-03-17,44.15
2446,7686,12,68,2024-03-28,26.00
2447,3178,14,80,2024-04-09,23.54
2448,2816,26,151,2024-01-25,15.24
2449,5473,24,139,2024-04-07,26.29
2450,7526,15,87,2024-06-16,21.18
2451,7532,13,74,2024-03-22,15.26
2452,5097,46,275,2024-01-03,12.54
2453,4653,19,112,2024-07-13,48.97
2454,3511,20,120,2024-06-19,33.94
2455,1815,46,271,2024-03-03,26.48
2456,1357,50,297,2024-12-13,13.57
2457,1130,21,126,2024-01-25,60.64
2458,5114,15,90,2024-12-19,17.90
2459,6877,6,34,2024-01-02,26.86
2460,8520,48,283,2024-04-12,84.72
2461,5885,26,156,2024-07-13,9.38
2462,9564,38,224,2024-03-10,22.28
2463,6075,20,116,2024-09-01,21.49
2464,1019,39,232,2024-09-12,7.63
2465,3609,18,107,2024-05-03,25.67
2466,9987,44,263,2024-11-02,36.07
2467,3564,3,17,2024-04-27,22.33
2468,683,45,269,2024-01-08,57.56
2469,7627,30,176,2024-01-13,8.38
2470,9199,21,124,2024-07-09,14.49
2471,5249,12,69,2024-06-23,31.16
2472,9568,47,281,2024-03-15,11.83
2473,4806,39,232,2024-06-13,17.40
2474,7960,26,153,2024-08-02,23.63
2475,7402,18,104,2024-06-17,16.02
2476,2647,38,228,2024-11-02,16.79
2477,5564,21,123,2024-02-21,17.46
2478,2823,14,83,2024-04-24,46.55
2479,9425,2,7,2024-10-18,59.54
2480,134,27,161,2024-06-19,11.63
2481,877,48,287,2024-07-06,27.36
2482,1538,12,71,2024-08-13,18.90
2483,6673,31,184,2024-12-21,31.84
2484,6217,7,39,2024-04-20,13.26
2485,557,17,99,2024-12-21,30.20
2486,1901,5,25,2024-06-20,21.75
2487,7862,46,273,2024-05-31,7.11
2488,8997,6,32,2024-01-27,37.59
2489,4993,38,226,2024-05-26,13.60
2490,3812,7,38,2024-10-30,14.26
2491,18,24,144,2024-01-10,34.31
2492,2796,47,281,2024-07-13,18.23
2493,4000,46,276,2024-01-13,63.44
2494,8204,9,53,2024-06-25,38.88
2495,5122,36,213,2024-01-21,16.76
2496,3122,2,9,2024-02-25,28.92
2497,5663,28,164,2024-11-14,24.83
2498,6452,36,214,2024-09-02,15.76
2499,5381,29,170,2024-02-25,26.67
2500,8209,26,152,2024-01-19,64.26
2501,9624,37,222,2024-10-08,40.50
2502,8926,50,298,2024-05-22,19.01
2503,5751,48,287,2024-05-12,23.24
2504,6022,50,298,2024-11-12,6.06
2505,2058,7,38,2024-09-11,27.96
2506,3905,2,7,2024-11-19,20.01
2507,8921,49,292,2024-03-13,100.63
2508,6472,2,7,2024-06-25,54.68
2509,5611,18,106,2024-12-18,17.30
2510,2794,28,168,2024-06-25,35.09
2511,8053,12,67,2024-05-10,12.06
2512,2220,47,278,2024-08-20,39.54
2513,4726,11,62,2024-05-17,26.24
2514,8713,41,241,2024-10-19,10.89
2515,7329,50,300,2024-09-06,15.59
2516,1244,44,261,2024-03-11,21.86
2517,3159,24,142,2024-10-20,32.36
2518,3615,24,143,2024-10-06,30.87
2519,2145,39,231,2024-07-26,32.30
2520,6869,21,121,2024-09-19,80.00
2521,5665,46,272,2024-05-01,13.17
2522,7530,3,13,2024-11-28,52.54
2523,8619,1,4,2024-08-03,13.09
2524,8831,8,46,2024-06-13,15.21
2525,8134,9,52,2024-06-29,17.02
2526,4057,23,134,2024-03-03,41.33
2527,1352,29,170,2024-12-14,23.91
2528,980,38,227,2024-07-30,37.91
2529,5753,18,105,2024-02-16,26.58
2530,5147,36,213,2024-10-07,30.06
2531,1615,22,129,2024-01-11,10.18
2532,8032,41,246,2024-02-28,17.18
2533,5158,38,228,2024-05-29,25.56
2534,2025,5,27,2024-11-14,25.36
2535,1199,13,74,2024-04-30,14.41
2536,322,30,180,2024-08-16,29.11
2537,9619,2,11,2024-08-02,15.58
2538,4271,8,43,2024-06-25,35.50
2539,8836,50,298,2024-05-24,9.65
2540,1960,6,34,2024-09-03,17.49
2541,9085,25,150,2024-12-21,13.87
2542,3100,3,15,2024-11-05,18.79
2543,6761,7,39,2024-11-02,17.72
2544,8729,46,274,2024-12-12,21.95
2545,4774,3,13,2024-03-04,26.64
2546,53,17,97,2024-01-24,36.42
2547,1331,27,157,2024-11-06,26.09
2548,301,35,208,2024-08-12,32.00
2549,6695,24,144,2024-06-08,56.40
2550,7924,19,114,2024-09-13,15.36
2551,2805,25,145,2024-06-21,11.10
2552,4591,16,92,2024-02-03,17.38
2553,9471,2,9,2024-04-11,73.71
2554,5334,29,173,2024-02-08,15.86
2555,5737,22,131,2024-11-26,35.13
2556,6965,4,20,2024-03-19,19.30
2557,6578,3,14,2024-06-05,47.92
2558,3186,29,172,2024-05-22,23.62
2559,3912,41,246,2024-09-11,17.78
2560,3277,6,36,2024-07-30,20.22
2561,5521,2,10,2024-05-13,8.75
2562,1964,28,167,2024-08-29,31.12
2563,9637,26,155,2024-06-27,35.68
2564,8016,32,191,2024-12-04,20.32
2565,6528,6,36,2024-04-23,19.90
2566,151,46,272,2024-05-24,22.11
2567,8031,6,33,2024-10-16,26.73
2568,8307,41,245,2024-07-26,14.49
2569,1732,2,9,2024-10-11,16.50
2570,7274,11,62,2024-10-21,22.40
2571,9430,17,102,2024-04-28,85.53
2572,1014,42,247,2024-05-28,22.07
2573,6383,36,213,2024-11-01,36.23
2574,550,22,131,2024-09-17,40.73
2575,2745,3,17,2024-09-09,23.28
2576,7668,34,200,2024-03-12,28.49
2577,2280,24,143,2024-01-07,9.08
2578,2639,39,233,2024-05-19,19.43
2579,9416,46,271,2024-10-12,20.07
2580,9263,13,76,2024-09-04,14.21
2581,8432,24,139,2024-02-09,29.15
2582,6631,24,140,2024-08-10,15.54
2583,2235,11,66,2024-07-25,33.40
2584,9655,11,61,2024-09-22,41.23
2585,6056,41,246,2024-10-29,29.83
2586,9382,33,193,2024-05-21,9.06
2587,7132,37,218,2024-08-26,18.22
2588,4876,18,104,2024-12-02,12.59
2589,8339,18,104,2024-05-08,30.18
2590,2314,42,251,2024-03-30,34.74
2591,8063,12,72,2024-09-14,13.05
2592,628,16,91,2024-02-08,38.90
2593,8289,40,237,2024-05-21,14.71
2594,191,47,277,2024-05-06,26.55
2595,4496,42,251,2024-09-10,36.93
2596,5469,9,50,2024-09-08,43.56
2597,8730,41,246,2024-04-05,73.02
2598,9989,1,3,2024-07-17,72.12
2599,5884,16,94,2024-05-16,29.37
2600,4888,29,169,2024-01-31,11.08
2601,4806,1,4,2024-03-01,26.10
2602,8694,50,299,2024-09-26,62.22
2603,3293,27,158,2024-05-13,10.60
2604,9320,36,212,2024-12-07,34.94
2605,1795,20,120,2024-03-18,42.51
2606,2461,27,161,2024-08-18,6.76
2607,1657,29,170,2024-12-10,22.39
2608,7725,19,113,2024-05-04,46.43
2609,696,9,52,2024-06-05,27.09
2610,8173,7,39,2024-11-09,15.28
2611,2185,2,7,2024-03-31,11.29
2612,3441,27,157,2024-08-12,13.46
2613,5586,13,78,2024-06-30,25.41
2614,8276,13,74,2024-09-15,33.73
2615,3068,6,32,2024-05-18,15.75
2616,3982,45,265,2024-04-06,82.56
2617,320,36,213,2024-10-05,12.81
2618,2234,42,248,2024-04-15,30.43
2619,6970,48,287,2024-08-26,28.50
2620,2578,16,93,2024-02-12,17.70
2621,9004,33,196,2024-01-25,27.76
2622,4966,22,130,2024-09-21,34.13
2623,8394,26,155,2024-10-02,11.26
2624,5337,50,299,2024-11-26,17.36
2625,4330,49,289,2024-08-28,41.67
2626,4313,18,103,2024-04-06,23.64
2627,5227,5,30,2024-03-30,29.16
2628,8506,8,44,2024-10-10,19.62
2629,5086,49,294,2024-05-26,43.15
2630,6052,1,2,2024-12-01,60.23
2631,4553,44,259,2024-04-24,67.94
2632,9310,49,290,2024-03-17,43.37
2633,4402,26,156,2024-12-11,59.36
2634,4245,43,256,2024-01-22,40.80
2635,1956,17,102,2024-06-06,24.17
2636,5800,19,112,2024-05-07,18.11
2637,2132,29,170,2024-03-12,12.73
2638,1303,50,296,2024-03-01,33.02
2639,5521,22,131,2024-04-21,21.59
2640,5246,28,165,2024-11-07,19.84
2641,5949,23,137,2024-07-10,61.66
2642,3995,5,29,2024-09-11,27.72
2643,2824,12,71,2024-12-11,89.98
2644,9642,18,105,2024-12-13,56.62
2645,9502,17,97,2024-03-27,24.63
2646,4477,44,259,2024-02-17,33.69
2647,442,40,237,2024-02-27,25.48
2648,50,18,108,2024-02-16,15.53
2649,5184,47,279,2024-05-27,14.25
2650,8534,27,157,2024-05-19,37.29
2651,7810,3,18,2024-06-04,10.83
2652,2961,34,203,2024-08-31,17.20
2653,8256,20,117,2024-02-06,62.68
2654,1680,6,36,2024-02-29,29.34
2655,4684,5,25,2024-06-27,25.57
2656,5376,10,56,2024-07-11,31.97
2657,8192,25,147,2024-02-14,87.46
2658,9142,43,256,2024-06-14,24.46
2659,1533,26,155,2024-01-16,120.62
2660,5165,46,275,2024-07-18,18.44
2661,2848,47,279,2024-09-23,20.39
2662,6442,11,65,2024-09-18,36.86
2663,4971,33,196,2024-04-15,9.87
2664,9233,2,12,2024-10-12,28.52
2665,1634,36,211,2024-02-23,13.36
2666,5489,18,108,2024-09-10,26.01
2667,1923,28,164,2024-05-28,14.11
2668,6050,38,228,2024-01-14,27.26
2669,5525,14,81,2024-03-17,33.41
2670,2538,3,13,2024-11-23,33.81
2671,101,9,52,2024-03-08,24.18
2672,7704,16,95,2024-09-16,22.50
2673,7654,4,24,2024-11-08,20.35
2674,3311,37,218,2024-05-01,15.87
2675,6962,26,154,2024-11-27,31.24
2676,946,37,218,2024-06-30,24.29
2677,6627,32,190,2024-11-27,17.52
2678,8064,40,236,2024-08-10,27.87
2679,2006,20,116,2024-02-25,20.90
2680,2587,46,275,2024-03-15,34.44
2681,6252,32,188,2024-02-02,13.84
2682,950,31,184,2024-07-27,13.95
2683,3461,34,201,2024-11-17,74.11
2684,2253,29,172,2024-08-16,10.44
2685,3819,3,15,2024-06-19,18.18
2686,3548,4,22,2024-04-03,17.84
2687,5642,48,284,2024-12-20,5.74
2688,717,47,280,2024-07-20,25.28
2689,1600,1,1,2024-11-19,31.28
2690,9822,14,84,2024-01-22,35.42
2691,892,17,101,2024-08-23,32.58
2692,7150,13,76,2024-08-07,21.19
2693,5290,2,10,2024-12-21,29.25
2694,9387,10,58,2024-11-28,22.26
2695,5032,37,218,2024-09-14,11.03
2696,8603,50,299,2024-08-09,19.79
2697,10,15,85,2024-03-08,11.21
2698,912,45,267,2024-07-25,11.31
2699,40,10,59,2024-01-11,21.26
2700,282,17,100,2024-12-16,20.98
2701,5582,24,141,2024-10-21,9.63
2702,6569,23,134,2024-06-30,11.94
2703,7637,35,206,2024-09-19,32.76
2704,3421,39,231,2024-08-18,18.04
2705,5848,12,70,2024-04-17,86.02
2706,839,43,256,2024-03-04,20.10
2707,657,8,46,2024-02-05,14.04
2708,8855,41,241,2024-04-17,17.46
2709,5729,42,248,2024-04-21,9.26
2710,8590,26,156,2024-08-06,16.22
2711,7652,10,55,2024-12-04,31.87
2712,6644,26,154,2024-11-17,18.64
2713,2708,48,286,2024-08-29,19.72
2714,7432,43,258,2024-07-04,57.78
2715,9897,32,191,2024-03-18,29.11
2716,3823,46,276,2024-01-24,13.54
2717,6206,14,81,2024-08-31,55.69
2718,867,18,106,2024-10-27,20.48
2719,8680,47,280,2024-01-17,25.87
2720,7862,17,97,2024-01-01,55.53
2721,5969,49,294,2024-12-05,21.76
2722,8893,9,52,2024-02-10,82.50
2723,594,15,85,2024-04-09,64.28
2724,1615,23,138,2024-09-03,21.12
2725,2545,20,120,2024-11-19,35.78
2726,1474,9,50,2024-04-23,26.42
2727,7266,2,11,2024-06-22,70.00
2728,7065,19,111,2024-02-07,17.98
2729,9431,30,175,2024-08-18,15.62
2730,6110,26,151,2024-12-28,9.34
2731,6873,26,155,2024-12-17,43.07
2732,6971,3,15,2024-05-14,32.49
2733,7761,35,205,2024-02-25,58.09
2734,3484,37,218,2024-10-09,35.48
2735,8017,40,239,2024-09-09,14.24
2736,9708,23,136,2024-02-07,23.64
2737,7021,43,255,2024-12-20,52.37
2738,6679,24,142,2024-02-10,39.78
2739,6836,30,176,2024-02-22,33.02
2740,4428,1,2,2024-09-18,25.40
2741,2516,32,189,2024-11-09,19.94
2742,1065,49,294,2024-02-25,78.46
2743,2142,26,156,2024-10-23,6.11
2744,7245,24,142,2024-10-22,15.27
2745,1871,44,260,2024-10-13,14.99
2746,5504,48,284,2024-04-08,59.74
2747,89,5,25,2024-02-05,7.72
2748,8375,9,54,2024-12-26,17.50
2749,6927,36,211,2024-06-13,40.14
2750,4469,22,128,2024-05-06,12.93
2751,4535,32,190,2024-01-16,27.20
2752,2662,48,285,2024-07-28,24.87
2753,4988,42,249,2024-04-30,14.56
2754,742,16,94,2024-09-27,6.71
2755,9040,32,188,2024-06-03,25.58
2756,9447,14,79,2024-04-17,16.42
2757,8370,40,235,2024-01-01,26.79
2758,2751,25,150,2024-12-15,7.82
2759,3003,45,266,2024-02-18,24.78
2760,1959,9,53,2024-03-16,48.67
2761,8473,27,159,2024-03-18,14.97
2762,6469,29,174,2024-10-23,23.98
2763,7650,38,225,2024-08-11,14.79
2764,9428,4,19,2024-08-08,62.89
2765,1977,6,33,2024-09-22,19.13
2766,8227,26,154,2024-07-24,58.52
2767,9174,50,300,2024-09-04,32.66
2768,5381,13,77,2024-06-20,22.84
2769,1793,26,156,2024-04-27,22.16
2770,3187,15,88,2024-08-21,35.28
2771,9640,32,188,2024-09-22,13.53
2772,8958,14,82,2024-09-19,15.14
2773,3556,14,79,2024-08-17,16.36
2774,4007,29,173,2024-01-09,41.16
2775,8780,44,263,2024-06-20,17.93
2776,6818,31,183,2024-11-11,13.70
2777,4923,46,274,2024-11-25,61.30
2778,8254,38,226,2024-11-01,10.59
2779,8898,26,153,2024-12-25,20.00
2780,6698,49,292,2024-10-07,18.98
2781,5037,44,259,2024-10-06,10.83
2782,1401,39,234,2024-06-19,27.58
2783,3085,35,205,2024-04-26,9.22
2784,7741,15,85,2024-04-17,22.67
2785,8764,31,186,2024-11-24,27.44
2786,6743,11,61,2024-11-15,17.86
2787,3081,47,279,2024-03-20,34.02
2788,6898,30,180,2024-11-25,13.81
2789,3224,21,123,2024-03-11,14.12
2790,1982,46,275,2024-05-17,23.00
2791,6028,1,3,2024-12-01,25.10
2792,3850,35,205,2024-08-19,27.04
2793,6425,38,223,2024-10-04,19.18
2794,3542,38,223,2024-05-17,31.86
2795,3861,50,296,2024-01-16,30.01
2796,2979,17,100,2024-08-14,50.47
2797,5586,47,282,2024-02-23,26.48
2798,6315,19,110,2024-07-09,49.41
2799,8550,22,130,2024-11-30,27.75
2800,5745,7,42,2024-09-13,18.31
2801,90,3,14,2024-05-02,15.72
2802,3875,19,112,2024-11-21,43.67
2803,5384,29,171,2024-01-01,22.69
2804,2394,37,219,2024-06-21,14.52
2805,4378,13,78,2024-08-23,24.22
2806,3670,2,10,2024-12-22,57.32
2807,4044,9,53,2024-05-31,39.49
2808,6993,17,100,2024-01-02,19.19
2809,2932,5,25,2024-08-06,15.50
2810,4375,40,236,2024-11-11,17.95
2811,8712,29,173,2024-11-16,13.04
2812,7000,17,99,2024-08-07,22.05
2813,589,18,107,2024-02-11,16.56
2814,8416,30,180,2024-04-26,23.94
2815,2473,39,229,2024-10-03,9.48
2816,5353,42,250,2024-10-26,22.08
2817,2847,11,66,2024-02-20,7.34
2818,4894,22,127,2024-08-12,32.53
2819,757,46,271,2024-08-22,14.51
2820,1698,30,177,2024-10-23,20.28
2821,4147,25,147,2024-11-25,9.35
2822,3091,36,216,2024-01-16,22.47
2823,5665,12,69,2024-12-17,14.92
2824,886,6,32,2024-01-17,55.54
2825,8438,8,48,2024-03-12,37.03
2826,414,29,173,2024-06-25,63.96
2827,561,16,93,2024-07-11,11.65
2828,6206,45,266,2024-12-11,33.34
2829,4945,10,60,2024-12-11,22.75
2830,4665,10,60,2024-01-06,13.69
2831,6504,33,198,2024-01-21,37.79
2832,1942,27,162,2024-03-25,77.43
2833,6453,21,123,2024-03-06,74.82
2834,6894,24,143,2024-03-06,9.91
2835,6315,13,78,2024-09-25,53.89
2836,3530,9,50,2024-07-28,15.74
2837,3953,35,207,2024-07-10,10.76
2838,592,50,297,2024-12-14,30.29
2839,9275,41,243,2024-01-21,10.46
2840,5445,43,255,2024-01-02,18.70
2841,7716,44,260,2024-12-26,18.58
2842,1330,49,291,2024-05-16,28.62
2843,822,33,194,2024-12-28,27.48
2844,4230,37,219,2024-02-03,22.11
2845,7221,41,241,2024-03-14,15.95
2846,8679,34,199,2024-09-11,17.12
2847,5725,34,202,2024-07-24,22.76
2848,7949,45,268,2024-07-06,33.37
2849,3829,6,33,2024-04-03,14.38
2850,8123,49,292,2024-04-04,45.56
2851,4758,35,208,2024-04-23,11.48
2852,6482,32,190,2024-11-13,23.58
2853,5276,45,266,2024-01-24,20.66
2854,8100,22,132,2024-02-25,22.31
2855,8313,18,103,2024-08-09,20.03
2856,3810,48,284,2024-08-16,46.04
2857,3735,16,94,2024-08-28,22.93
2858,7134,12,72,2024-08-05,48.43
2859,6126,49,292,2024-01-11,21.76
2860,6894,26,153,2024-07-09,26.80
2861,6445,42,247,2024-10-08,12.13
2862,9038,19,113,2024-09-15,19.01
2863,4309,19,110,2024-01-05,50.05
2864,5061,49,293,2024-12-17,16.54
2865,3439,47,278,2024-05-27,13.33
2866,7302,41,246,2024-09-09,7.86
2867,2006,43,256,2024-12-01,12.29
2868,3583,11,63,2024-08-14,9.83
2869,7169,28,166,2024-06-15,53.44
2870,315,42,247,2024-08-12,13.05
2871,8296,13,75,2024-10-26,20.19
2872,6314,5,29,2024-01-18,29.32
2873,2919,43,254,2024-10-10,26.24
2874,7640,29,173,2024-10-17,23.52
2875,9190,2,12,2024-06-06,22.82
2876,8222,3,16,2024-10-04,30.97
2877,2393,7,39,2024-11-13,22.86
2878,335,40,236,2024-08-31,17.42
2879,3630,10,57,2024-08-25,48.52
2880,73,32,188,2024-03-14,19.42
2881,6153,46,275,2024-12-28,32.82
2882,9535,11,64,2024-05-09,33.29
2883,9616,12,72,2024-10-11,9.83
2884,7397,3,14,2024-10-01,39.31
2885,632,5,28,2024-02-18,22.97
2886,5793,26,156,2024-12-03,13.64
2887,7878,2,10,2024-10-20,8.12
2888,5126,1,1,2024-06-10,9.94
2889,966,27,160,2024-02-14,45.07
2890,3813,31,185,2024-03-20,12.56
2891,7703,38,228,2024-07-22,22.69
2892,6311,46,272,2024-08-06,14.34
2893,7812,45,269,2024-12-06,25.25
2894,9497,35,205,2024-10-03,31.34
2895,9811,38,223,2024-05-17,11.57
2896,4332,37,218,2024-11-26,34.60
2897,3745,28,167,2024-04-06,24.19
2898,2218,8,45,2024-05-02,50.86
2899,3537,11,62,2024-02-13,16.15
2900,865,44,264,2024-05-01,22.38
2901,1975,44,261,2024-05-14,16.68
2902,7554,21,122,2024-09-06,9.04
2903,5677,14,81,2024-02-14,12.45
2904,6741,44,262,2024-02-16,28.56
2905,3312,3,14,2024-06-02,31.09
2906,8975,30,179,2024-03-27,14.82
2907,4220,35,205,2024-01-12,41.56
2908,3114,11,63,2024-04-23,23.91
2909,841,13,78,2024-06-19,7.53
2910,7627,37,217,2024-09-20,30.61
2911,7401,30,180,2024-11-20,64.25
2912,3831,34,201,2024-01-05,13.15
2913,7344,31,181,2024-10-06,50.80
2914,5388,33,197,2024-01-11,56.29
2915,4597,16,95,2024-05-07,26.43
2916,5499,48,287,2024-11-28,25.45
2917,6633,10,59,2024-04-04,17.46
2918,6511,50,298,2024-12-13,9.10
2919,3990,50,295,2024-03-09,13.38
2920,9513,41,241,2024-08-27,24.28
2921,5217,1,2,2024-05-01,33.18
2922,2339,12,69,2024-06-08,16.08
2923,640,13,78,2024-12-03,34.26
2924,4991,26,156,2024-10-21,22.22
2925,2904,22,128,2024-01-03,27.32
2926,4200,29,174,2024-09-30,17.55
2927,4965,10,57,2024-05-12,37.76
2928,2779,35,210,2024-06-27,9.14
2929,1239,24,140,2024-06-04,34.42
2930,5253,23,138,2024-05-02,16.82
2931,2949,29,174,2024-05-05,15.28
2932,4685,32,190,2024-11-08,30.41
2933,6415,33,196,2024-06-14,15.36
2934,4174,36,211,2024-06-07,60.50
2935,4973,35,205,2024-08-13,35.59
2936,4279,14,81,2024-04-05,17.94
2937,7258,43,255,2024-09-05,68.36
2938,5313,14,84,2024-11-11,71.46
2939,2678,46,276,2024-12-17,31.33
2940,610,37,220,2024-04-09,31.05
2941,7438,47,282,2024-11-08,29.64
2942,4657,22,129,2024-06-12,9.94
2943,576,4,22,2024-02-20,29.01
2944,685,2,7,2024-01-11,13.84
2945,9484,1,3,2024-09-27,27.63
2946,500,38,223,2024-05-06,65.64
2947,1011,31,181,2024-10-24,14.01
2948,3485,5,28,2024-02-26,29.93
2949,2193,15,89,2024-10-18,35.00
2950,589,5,27,2024-07-22,12.02
2951,8863,24,139,2024-06-26,51.64
2952,1942,29,169,2024-05-10,19.23
2953,7245,35,209,2024-02-25,46.58
2954,9231,15,88,2024-10-01,24.76
2955,4388,14,81,2024-02-03,73.40
2956,4216,43,253,2024-12-07,16.18
2957,6593,4,19,2024-09-12,12.13
2958,1697,34,199,2024-08-24,34.00
2959,7249,4,22,2024-06-01,8.49
2960,2875,24,142,2024-03-30,22.51
2961,7642,35,205,2024-03-07,34.72
2962,277,21,126,2024-05-02,30.65
2963,3127,42,247,2024-09-14,20.75
2964,8091,5,26,2024-02-26,24.68
2965,494,13,78,2024-09-25,20.28
2966,7193,7,42,2024-11-25,96.83
2967,9570,37,220,2024-10-05,20.91
2968,7480,8,46,2024-09-08,27.79
2969,9494,48,285,2024-12-30,20.70
2970,7320,44,259,2024-12-10,38.51
2971,9435,8,44,2024-12-11,19.47
2972,1953,33,193,2024-01-06,39.62
2973,3708,4,19,2024-08-09,11.28
2974,6568,36,211,2024-04-17,37.80
2975,5043,25,147,2024-07-21,34.31
2976,4629,32,190,2024-11-18,18.71
2977,9162,35,208,2024-07-02,28.41
2978,4233,7,39,2024-10-22,35.07
2979,1893,37,219,2024-11-10,35.42
2980,5791,18,108,2024-10-26,33.82
2981,5344,26,151,2024-12-28,45.14
2982,1673,8,47,2024-03-12,20.98
2983,9440,46,273,2024-11-29,18.56
2984,3281,4,21,2024-12-24,13.46
2985,6273,6,31,2024-09-05,36.02
2986,2822,4,23,2024-08-06,26.19
2987,6236,6,33,2024-10-26,29.26
2988,9938,8,44,2024-07-18,30.25
2989,181,21,121,2024-06-19,38.76
2990,6549,23,134,2024-01-28,15.81
2991,8630,16,92,2024-06-24,11.89
2992,5923,11,64,2024-05-25,20.61
2993,997,1,4,2024-05-26,27.11
2994,7148,39,233,2024-02-06,32.54
2995,8066,7,39,2024-11-06,16.58
2996,4817,39,231,2024-07-16,23.20
2997,9738,8,43,2024-01-03,12.32
2998,8709,14,80,2024-09-24,9.07
2999,2908,47,278,2024-07-28,14.02
3000,1898,18,108,2024-12-17,10.53
3001,2291,18,107,2024-03-04,47.26
3002,4618,33,198,2024-11-30,28.25
3003,3438,7,42,2024-01-02,20.51
3004,3632,20,115,2024-03-22,53.52
3005,1792,4,20,2024-09-30,25.30
3006,685,3,16,2024-01-17,32.51
3007,8306,21,122,2024-12-22,13.91
3008,440,36,214,2024-08-19,42.70
3009,3619,27,158,2024-01-30,22.92
3010,1682,41,242,2024-04-10,19.98
3011,2296,12,71,2024-06-12,99.81
3012,4016,36,211,2024-03-02,18.61
3013,1893,22,132,2024-10-15,57.33
3014,4026,34,200,2024-10-23,43.26
3015,8291,4,24,2024-12-06,17.01
3016,2083,26,153,2024-02-07,55.81
3017,781,39,232,2024-01-04,29.72
3018,8404,18,108,2024-08-17,44.23
3019,7083,42,250,2024-04-18,22.42
3020,8890,45,266,2024-10-25,15.80
3021,6563,41,246,2024-11-28,12.11
3022,214,14,79,2024-09-17,9.67
3023,3949,27,161,2024-02-10,13.00
3024,7958,16,96,2024-07-19,27.84
3025,364,3,18,2024-06-08,18.38
3026,9524,48,288,2024-07-21,18.06
3027,392,19,113,2024-03-18,22.35
3028,6447,4,22,2024-09-16,19.71
3029,1833,46,271,2024-09-29,15.26
3030,3220,48,285,2024-05-09,9.48
3031,1638,36,216,2024-02-24,12.50
3032,282,48,283,2024-06-23,36.39
3033,6317,8,48,2024-09-17,23.78
3034,8859,15,88,2024-01-11,20.11
3035,9035,6,32,2024-08-22,31.26
3036,7174,21,122,2024-08-23,26.70
3037,6769,5,28,2024-04-26,12.86
3038,533,25,146,2024-11-19,15.42
3039,3912,43,255,2024-02-06,27.56
3040,977,47,279,2024-07-05,25.75
3041,6946,36,211,2024-04-08,40.77
3042,9965,11,61,2024-01-12,24.09
3043,19,46,274,2024-11-26,48.26
3044,9733,29,169,2024-03-01,24.61
3045,1340,39,233,2024-09-12,43.00
3046,358,8,43,2024-04-05,45.44
3047,8323,36,212,2024-07-21,71.89
3048,941,28,167,2024-12-19,13.11
3049,2926,31,184,2024-07-28,10.73
3050,3711,38,227,2024-06-26,14.36
3051,6710,38,227,2024-06-05,15.98
3052,443,39,233,2024-05-05,31.39
3053,3274,30,180,2024-12-20,20.31
3054,9718,4,20,2024-08-25,25.79
3055,6856,8,47,2024-02-15,30.89
3056,2087,15,90,2024-06-13,11.51
3057,8245,42,252,2024-07-01,15.97
3058,1846,29,173,2024-08-04,17.70
3059,347,15,85,2024-02-23,25.13
3060,5154,12,70,2024-09-19,35.01
3061,4577,4,21,2024-01-28,18.02
3062,6953,47,279,2024-04-23,40.50
3063,7094,27,159,2024-12-09,31.34
3064,83,18,103,2024-09-10,92.72
3065,60,35,206,2024-07-23,8.63
3066,3824,44,264,2024-07-25,59.01
3067,7824,12,72,2024-01-11,59.24
3068,8795,39,231,2024-02-09,22.70
3069,3880,27,157,2024-07-11,10.48
3070,9247,44,263,2024-10-05,41.08
3071,5411,21,123,2024-05-06,25.32
3072,1682,33,194,2024-12-29,19.84
3073,379,5,28,2024-05-02,17.76
3074,3974,43,256,2024-04-20,65.90
3075,4047,32,192,2024-10-24,72.95
3076,8734,50,296,2024-08-11,11.01
3077,8813,42,250,2024-10-16,14.43
3078,2260,23,135,2024-07-25,71.04
3079,9374,2,11,2024-03-28,10.92
3080,712,8,47,2024-07-04,68.63
3081,4437,5,26,2024-03-01,17.67
3082,2547,43,254,2024-03-04,9.21
3083,4348,41,242,2024-04-09,12.55
3084,8848,12,69,2024-01-20,22.33
3085,2428,49,294,2024-06-09,12.39
3086,3218,29,172,2024-06-09,30.53
3087,4131,6,36,2024-08-21,23.49
3088,5333,22,127,2024-06-13,55.96
3089,4823,32,192,2024-06-08,20.81
3090,8357,39,229,2024-02-12,39.19
3091,6458,24,141,2024-08-27,43.35
3092,7221,32,187,2024-05-07,21.08
3093,3099,29,173,2024-06-04,71.96
3094,2883,7,40,2024-06-03,19.51
3095,9375,47,277,2024-05-09,15.75
3096,2244,11,61,2024-09-25,37.19
3097,5079,29,171,2024-11-28,22.58
3098,5085,23,137,2024-07-21,46.38
3099,9998,28,166,2024-02-02,13.38
3100,2023,7,40,2024-03-06,23.42
3101,9831,27,161,2024-03-21,30.52
3102,8441,37,220,2024-06-17,25.03
3103,2734,29,173,2024-09-29,31.52
3104,5188,8,48,2024-06-06,29.35
3105,7806,31,182,2024-01-15,10.51
3106,5658,36,216,2024-06-03,50.92
3107,6964,22,129,2024-08-01,22.03
3108,8560,29,174,2024-04-27,22.39
3109,2628,25,149,2024-10-24,19.89
3110,6718,16,92,2024-08-01,19.51
3111,4884,49,292,2024-07-24,23.75
3112,671,40,236,2024-10-13,25.36
3113,783,12,68,2024-10-30,17.98
3114,9886,12,68,2024-10-27,15.38
3115,7336,37,219,2024-02-29,32.84
3116,6510,44,259,2024-03-06,26.21
3117,6190,49,289,2024-05-03,15.09
3118,8442,5,29,2024-03-02,27.60
3119,7272,4,22,2024-11-16,30.44
3120,4652,49,294,2024-10-27,15.83
3121,5273,40,238,2024-03-26,37.80
3122,9682,20,120,2024-11-03,23.73
3123,6677,24,140,2024-05-19,6.04
3124,9499,4,23,2024-04-24,21.34
3125,3156,30,175,2024-04-25,36.59
3126,9736,18,105,2024-12-29,21.77
3127,3534,15,88,2024-05-09,16.23
3128,9160,7,40,2024-10-03,32.88
3129,4148,26,156,2024-12-22,15.98
3130,5248,39,234,2024-04-29,31.61
3131,4698,37,218,2024-09-07,28.29
3132,8356,33,194,2024-05-16,17.67
3133,9764,31,184,2024-08-29,10.81
3134,5003,48,288,2024-11-14,28.93
3135,3655,26,152,2024-08-21,30.20
3136,6771,38,224,2024-11-13,27.94
3137,4271,22,130,2024-04-22,22.16
3138,255,42,248,2024-04-16,32.28
3139,6661,10,57,2024-05-21,18.88
3140,9191,19,109,2024-10-18,23.21
3141,7079,23,135,2024-04-09,29.37
3142,1041,27,157,2024-04-07,27.60
3143,5935,39,233,2024-12-16,23.27
3144,1690,30,179,2024-03-30,11.88
3145,3622,25,150,2024-07-01,14.03
3146,5857,22,130,2024-08-21,20.74
3147,5506,36,215,2024-08-07,17.52
3148,1492,33,197,2024-08-28,17.25
3149,4105,35,206,2024-04-16,26.56
3150,2489,4,19,2024-11-24,31.97
3151,3579,49,289,2024-12-29,29.47
3152,6780,33,193,2024-09-06,49.28
3153,4940,33,196,2024-07-15,29.39
3154,6966,24,139,2024-04-28,16.73
3155,2838,39,231,2024-03-02,8.85
3156,3284,28,163,2024-09-06,38.77
3157,4311,26,151,2024-12-26,53.36
3158,7578,47,279,2024-12-16,20.44
3159,5746,4,21,2024-03-10,21.17
3160,8742,36,214,2024-11-23,27.20
3161,1764,32,189,2024-02-04,19.88
3162,788,47,280,2024-08-12,32.95
3163,2209,23,137,2024-10-24,46.39
3164,5550,8,43,2024-08-15,11.86
3165,6621,20,117,2024-07-18,16.49
3166,3935,16,95,2024-12-24,29.50
3167,2348,11,66,2024-10-17,58.70
3168,5256,25,150,2024-09-30,28.02
3169,510,30,177,2024-01-17,20.19
3170,6513,42,247,2024-09-17,38.95
3171,6958,33,198,2024-08-24,22.21
3172,7734,33,198,2024-09-15,25.49
3173,1117,49,289,2024-03-19,14.28
3174,477,41,245,2024-10-01,41.57
3175,8464,3,18,2024-11-21,28.91
3176,9314,30,180,2024-10-21,48.58
3177,6025,25,145,2024-05-05,17.72
3178,7612,48,284,2024-10-12,61.32
3179,3114,37,220,2024-12-09,8.18
3180,4881,14,79,2024-01-23,11.97
3181,6165,18,105,2024-03-10,20.57
3182,8724,35,207,2024-02-28,16.39
3183,8809,32,188,2024-04-08,18.55
3184,8275,30,177,2024-08-02,23.83
3185,4685,41,245,2024-11-18,43.35
3186,6380,14,84,2024-08-03,19.94
3187,6608,7,41,2024-02-15,55.37
3188,9549,36,214,2024-05-31,9.74
3189,4709,17,102,2024-10-13,28.51
3190,7434,15,87,2024-01-17,25.80
3191,514,14,82,2024-09-27,64.72
3192,2281,50,300,2024-10-12,12.88
3193,6506,15,88,2024-12-20,27.42
3194,260,13,78,2024-08-13,24.24
3195,2211,33,198,2024-04-11,43.47
3196,2399,3,17,2024-08-20,30.88
3197,4689,41,246,2024-11-06,41.41
3198,936,35,210,2024-01-16,14.81
3199,5815,42,252,2024-09-07,32.00
3200,8282,48,288,2024-09-30,13.36
3201,238,7,42,2024-10-04,7.26
3202,3463,42,250,2024-11-02,48.34
3203,96,21,121,2024-01-14,15.02
3204,2858,8,46,2024-09-25,51.94
3205,4537,28,163,2024-11-02,38.74
3206,7371,15,88,2024-08-25,13.79
3207,7106,46,276,2024-04-13,36.83
3208,1476,16,96,2024-02-18,20.62
3209,9427,33,195,2024-01-30,23.52
3210,799,42,251,2024-05-23,30.94
3211,30,28,164,2024-06-23,33.50
3212,3902,30,178,2024-01-29,19.53
3213,7258,39,234,2024-06-24,15.12
3214,7018,48,283,2024-04-14,21.45
3215,3348,5,25,2024-06-07,50.88
3216,9441,16,96,2024-07-13,77.94
3217,7430,40,237,2024-06-03,50.43
3218,3997,38,226,2024-01-04,52.75
3219,5150,41,243,2024-04-09,19.45
3220,4611,11,63,2024-03-03,35.28
3221,7457,14,80,2024-11-06,13.90
3222,9463,5,27,2024-12-21,17.53
3223,3007,13,74,2024-06-11,29.45
3224,4438,42,248,2024-01-28,83.37
3225,3194,11,62,2024-09-24,23.51
3226,1326,6,33,2024-01-30,58.76
3227,5810,43,258,2024-03-16,72.06
3228,2449,41,241,2024-12-31,33.66
3229,6886,16,93,2024-03-28,19.23
3230,3699,23,136,2024-06-13,48.05
3231,4380,21,126,2024-12-29,29.04
3232,9826,12,72,2024-03-02,17.28
3233,1257,33,193,2024-11-17,22.62
3234,6237,46,275,2024-08-22,14.91
3235,4140,6,35,2024-11-05,22.46
3236,8947,49,291,2024-12-20,28.18
3237,8259,11,62,2024-06-29,11.24
3238,1006,5,27,2024-01-20,10.59
3239,1958,9,51,2024-07-25,23.27
3240,450,19,109,2024-11-04,25.98
3241,2769,42,251,2024-07-07,41.38
3242,3024,45,268,2024-08-14,47.53
3243,1498,4,23,2024-07-18,25.58
3244,2868,47,279,2024-03-20,44.30
3245,2329,14,83,2024-02-23,23.19
3246,6903,25,145,2024-06-29,24.31
3247,2514,41,242,2024-03-23,49.75
3248,2581,7,41,2024-01-13,53.29
3249,4887,24,140,2024-11-13,22.33
3250,5212,17,99,2024-01-29,7.68
3251,5791,13,75,2024-09-14,54.25
3252,1496,39,229,2024-11-24,23.74
3253,4125,33,197,2024-09-21,16.41
3254,1612,47,277,2024-09-19,25.31
3255,1859,15,89,2024-02-15,19.02
3256,1743,23,138,2024-09-14,25.14
3257,5785,23,136,2024-12-04,14.42
3258,6801,25,145,2024-10-08,8.33
3259,1512,10,57,2024-09-23,42.25
3260,5347,44,259,2024-08-31,28.32
3261,1946,36,215,2024-06-04,33.88
3262,5119,3,15,2024-06-22,21.68
3263,4711,14,84,2024-04-24,31.58
3264,6777,39,234,2024-08-13,28.01
3265,3575,39,230,2024-05-13,24.36
3266,2333,23,134,2024-02-27,12.81
3267,4216,3,13,2024-09-20,22.92
3268,4339,35,209,2024-09-17,68.70
3269,8447,41,244,2024-04-30,20.10
3270,1674,43,253,2024-11-09,47.42
3271,7952,43,257,2024-05-07,10.03
3272,6276,8,46,2024-04-29,23.09
3273,6310,21,123,2024-04-10,19.32
3274,1535,25,150,2024-12-20,18.24
3275,2623,37,221,2024-03-24,64.72
3276,9382,16,96,2024-12-27,25.56
3277,1150,5,25,2024-03-11,24.34
3278,9430,47,279,2024-06-23,16.97
3279,4601,17,100,2024-08-16,45.57
3280,7675,20,117,2024-04-06,39.25
3281,2661,40,236,2024-04-05,59.36
3282,1195,35,207,2024-07-07,15.82
3283,8826,5,30,2024-12-27,58.20
3284,5114,5,25,2024-10-28,28.53
3285,4723,35,209,2024-05-12,28.83
3286,5457,17,98,2024-07-06,28.87
3287,8176,15,90,2024-12-04,17.83
3288,7659,39,229,2024-07-19,8.04
3289,9185,3,13,2024-10-25,10.95
3290,7716,21,121,2024-09-16,27.46
3291,5800,34,204,2024-08-29,86.48
3292,9000,10,55,2024-04-20,36.86
3293,9335,45,267,2024-10-18,21.06
3294,4467,49,291,2024-03-18,20.53
3295,2957,30,175,2024-03-09,9.81
3296,7197,45,267,2024-09-10,30.63
3297,2773,34,200,2024-02-22,22.42
3298,2765,42,249,2024-11-25,13.27
3299,8513,4,20,2024-01-20,25.13
3300,8466,10,59,2024-06-12,24.17
3301,2453,31,183,2024-11-04,15.40
3302,9266,15,88,2024-07-19,31.62
3303,9007,7,37,2024-02-11,9.47
3304,118,30,179,2024-10-30,37.64
3305,6416,43,253,2024-07-28,73.70
3306,858,9,52,2024-07-20,17.80
3307,2670,24,140,2024-12-29,9.58
3308,8894,30,177,2024-01-10,17.09
3309,2089,21,123,2024-08-27,33.61
3310,3266,9,53,2024-04-03,25.29
3311,2097,34,200,2024-04-01,18.10
3312,210,15,89,2024-05-03,24.11
3313,2698,9,54,2024-03-28,29.08
3314,2313,3,16,2024-03-28,32.41
3315,5551,32,188,2024-07-01,33.88
3316,651,20,117,2024-04-06,32.81
3317,37,16,91,2024-03-26,83.20
3318,2646,8,45,2024-05-19,19.60
3319,9172,41,246,2024-02-20,49.12
3320,5864,15,87,2024-12-25,9.19
3321,8675,22,127,2024-10-09,29.10
3322,6035,20,116,2024-10-04,14.94
3323,981,22,130,2024-11-27,25.23
3324,6199,43,253,2024-02-13,21.64
3325,9131,5,28,2024-12-22,13.09
3326,5767,37,222,2024-12-16,11.26
3327,5863,15,87,2024-02-23,16.98
3328,171,33,195,2024-12-03,29.18
3329,2192,23,137,2024-01-05,25.44
3330,3967,32,191,2024-03-22,32.69
3331,7347,36,213,2024-08-08,16.21
3332,9631,20,117,2024-03-13,27.63
3333,9696,30,175,2024-04-12,16.09
3334,541,31,185,2024-10-18,32.47
3335,7113,9,53,2024-06-10,19.00
3336,6219,38,225,2024-11-19,16.17
3337,6270,11,66,2024-07-27,12.72
3338,6536,36,215,2024-09-01,18.82
3339,958,34,200,2024-06-04,19.70
3340,5629,18,103,2024-08-05,33.88
3341,7402,24,139,2024-04-12,26.67
3342,3537,50,296,2024-02-20,9.81
3343,692,43,257,2024-12-19,50.96
3344,2779,43,254,2024-12-04,25.94
3345,8161,49,289,2024-04-06,14.83
3346,8838,2,10,2024-01-15,30.32
3347,5075,23,135,2024-03-29,53.60
3348,2667,11,63,2024-12-20,8.29
3349,5409,22,128,2024-02-11,9.81
3350,2184,37,218,2024-11-12,21.96
3351,5044,27,158,2024-05-20,29.10
3352,8376,8,43,2024-11-13,12.65
3353,1411,45,269,2024-07-06,8.49
3354,7458,46,272,2024-11-02,28.94
3355,6310,5,28,2024-01-11,17.33
3356,7055,44,264,2024-04-10,18.28
3357,2018,22,130,2024-08-06,19.16
3358,1619,23,136,2024-11-24,33.67
3359,3289,36,213,2024-10-01,17.90
3360,1526,39,234,2024-01-16,26.98
3361,5046,47,282,2024-11-14,23.62
3362,9069,31,181,2024-01-02,37.52
3363,376,1,1,2024-02-12,16.55
3364,6350,48,284,2024-10-07,16.91
3365,5224,39,234,2024-01-07,79.21
3366,2225,14,84,2024-05-26,52.32
3367,2528,36,214,2024-11-10,36.70
3368,1590,32,188,2024-07-09,30.08
3369,5350,30,177,2024-05-04,68.48
3370,3548,37,218,2024-09-14,47.52
3371,2901,25,146,2024-01-03,32.64
3372,3875,11,62,2024-08-25,27.10
3373,6114,10,59,2024-12-18,13.91
3374,6576,9,49,2024-03-03,24.78
3375,2381,50,298,2024-07-24,25.57
3376,3284,9,51,2024-08-16,18.64
3377,2860,28,167,2024-10-09,14.04
3378,9666,10,57,2024-04-30,27.24
3379,6974,28,165,2024-12-01,38.22
3380,488,42,249,2024-12-28,35.86
3381,8651,34,200,2024-04-10,14.97
3382,6825,7,42,2024-03-02,35.60
3383,4091,47,279,2024-10-13,13.13
3384,9495,21,126,2024-06-15,17.26
3385,1245,6,31,2024-06-09,12.15
3386,2102,50,296,2024-05-14,15.46
3387,6627,41,242,2024-02-10,19.52
3388,4580,37,220,2024-10-21,9.57
3389,795,24,142,2024-07-14,37.34
3390,8424,23,136,2024-05-07,21.20
3391,4322,3,16,2024-01-10,8.90
3392,1470,40,240,2024-06-20,15.73
3393,6153,47,280,2024-02-27,26.97
3394,9699,42,247,2024-03-10,8.06
3395,3622,30,180,2024-03-30,11.39
3396,8756,36,213,2024-09-29,27.86
3397,4105,50,296,2024-06-04,13.88
3398,3186,39,234,2024-01-14,32.20
3399,6547,49,290,2024-07-23,12.46
3400,9530,14,80,2024-10-03,36.04
3401,2701,41,245,2024-10-22,47.37
3402,1127,26,154,2024-12-07,20.38
3403,5743,5,26,2024-06-16,22.59
3404,9051,34,201,2024-02-13,9.29
3405,6393,25,149,2024-05-21,19.41
3406,3959,20,117,2024-01-15,14.82
3407,8987,38,226,2024-06-22,15.82
3408,466,18,108,2024-11-19,28.45
3409,6975,6,31,2024-12-31,52.10
3410,9330,20,118,2024-05-05,14.58
3411,3747,18,103,2024-05-09,28.97
3412,9312,39,230,2024-10-19,10.19
3413,1142,34,200,2024-05-15,15.78
3414,1198,30,177,2024-09-06,38.80
3415,7727,46,274,2024-07-05,29.44
3416,5946,5,26,2024-04-23,32.86
3417,9570,11,61,2024-08-18,73.54
3418,4170,24,142,2024-03-24,20.44
3419,6293,46,275,2024-09-28,10.77
3420,6639,20,116,2024-07-28,35.34
3421,793,18,108,2024-02-23,38.23
3422,9251,34,201,2024-03-30,24.77
3423,7356,31,184,2024-04-18,41.87
3424,4964,27,159,2024-04-01,36.62
3425,5153,48,288,2024-03-24,29.91
3426,7789,18,104,2024-05-26,35.71
3427,1649,49,294,2024-10-06,32.48
3428,8748,12,67,2024-12-12,31.26
3429,9015,24,139,2024-08-30,18.76
3430,2786,17,99,2024-11-09,31.12
3431,4348,26,152,2024-09-30,16.08
3432,1091,30,178,2024-11-20,8.14
3433,5270,8,46,2024-07-28,26.04
3434,1629,46,271,2024-06-26,47.26
3435,3326,9,50,2024-09-20,36.74
3436,8251,47,280,2024-01-07,10.44
3437,5543,10,55,2024-09-19,23.25
3438,1629,31,186,2024-12-02,39.76
3439,7704,11,61,2024-03-24,10.65
3440,5927,11,66,2024-05-29,28.81
3441,6751,13,74,2024-07-19,9.09
3442,5597,16,91,2024-05-15,15.75
3443,6154,33,195,2024-11-05,12.80
3444,3461,2,8,2024-11-20,14.48
3445,2153,27,161,2024-07-01,39.72
3446,5682,5,28,2024-09-11,39.45
3447,5555,1,1,2024-08-20,23.80
3448,8735,38,223,2024-10-28,70.69
3449,4581,31,182,2024-02-05,11.34
3450,7155,26,155,2024-09-02,37.60
3451,3164,30,177,2024-02-28,32.87
3452,6362,30,178,2024-09-03,56.99
3453,1959,45,267,2024-03-21,13.16
3454,7184,25,146,2024-05-26,30.47
3455,6667,48,283,2024-10-09,20.73
3456,9671,14,80,2024-06-27,26.27
3457,4597,26,151,2024-07-04,29.14
3458,2913,38,224,2024-05-23,15.82
3459,8391,2,12,2024-08-24,44.52
3460,6104,18,105,2024-04-03,32.42
3461,9119,16,94,2024-12-27,30.38
3462,5773,12,69,2024-12-31,41.68
3463,7154,39,233,2024-09-07,23.00
3464,9376,28,167,2024-08-05,14.11
3465,4936,11,66,2024-10-07,21.64
3466,3060,26,152,2024-03-17,21.07
3467,6634,23,136,2024-03-02,37.50
3468,7934,34,202,2024-11-23,13.90
3469,2191,32,191,2024-05-25,39.51
3470,551,19,113,2024-09-23,18.14
3471,7650,7,41,2024-11-02,16.79
3472,820,12,68,2024-08-14,15.66
3473,6769,4,23,2024-12-17,16.93
3474,7349,23,134,2024-08-18,35.02
3475,4482,17,101,2024-01-15,39.89
3476,4061,34,201,2024-06-13,25.49
3477,2646,11,63,2024-12-29,25.39
3478,791,18,104,2024-04-07,38.22
3479,6929,26,154,2024-03-02,26.82
3480,2440,45,266,2024-01-06,77.87
3481,1776,25,145,2024-05-01,35.22
3482,7831,18,108,2024-10-19,19.32
3483,6929,6,31,2024-06-29,17.20
3484,8063,41,246,2024-02-27,14.49
3485,4952,11,66,2024-05-01,56.50
3486,8971,36,216,2024-01-09,23.12
3487,5342,4,20,2024-06-25,10.47
3488,927,38,224,2024-09-21,19.91
3489,2392,37,218,2024-02-28,36.64
3490,3523,34,200,2024-01-15,24.32
3491,8814,19,109,2024-01-05,25.88
3492,6089,27,157,2024-01-14,24.55
3493,8540,12,68,2024-02-17,12.59
3494,8212,19,109,2024-07-10,26.02
3495,1404,25,145,2024-10-28,56.74
3496,9479,49,291,2024-01-18,7.17
3497,7674,6,34,2024-10-26,16.54
3498,2229,48,285,2024-11-20,20.58
3499,4268,15,86,2024-06-07,50.97
3500,1540,18,106,2024-07-07,27.26
3501,7881,24,142,2024-10-31,32.21
3502,8532,41,244,2024-03-08,22.48
3503,4993,17,100,2024-12-01,13.45
3504,9812,37,222,2024-05-25,31.50
3505,1204,40,235,2024-11-11,14.11
3506,2071,24,140,2024-05-29,45.69
3507,1146,39,233,2024-02-16,27.02
3508,944,29,169,2024-12-29,24.43
3509,9710,3,17,2024-06-17,17.14
3510,4696,44,260,2024-01-21,49.57
3511,9767,39,233,2024-03-29,17.31
3512,9285,48,286,2024-09-28,31.20
3513,7750,46,275,2024-09-21,57.85
3514,8954,13,77,2024-09-05,19.56
3515,9568,43,258,2024-09-16,16.70
3516,6622,8,45,2024-11-20,19.09
3517,1372,32,190,2024-03-08,18.81
3518,3968,31,186,2024-10-23,16.20
3519,5416,27,157,2024-02-28,15.56
3520,6842,13,76,2024-11-11,25.00
3521,9971,19,114,2024-03-26,11.58
3522,9881,31,184,2024-11-09,10.76
3523,1024,33,197,2024-12-24,19.39
3524,96,31,181,2024-12-26,26.32
3525,3810,20,118,2024-12-15,50.61
3526,7513,1,1,2024-01-14,25.16
3527,3057,12,67,2024-05-02,36.60
3528,7988,40,235,2024-09-03,29.20
3529,2761,48,283,2024-02-13,42.76
3530,7793,20,117,2024-01-06,26.97
3531,583,41,241,2024-10-25,38.14
3532,2028,37,217,2024-07-23,15.85
3533,5203,30,177,2024-10-09,57.04
3534,8747,34,203,2024-06-19,13.21
3535,2128,16,92,2024-07-09,14.90
3536,6809,30,179,2024-01-18,41.70
3537,2011,1,1,2024-04-21,18.30
3538,1401,38,226,2024-06-06,66.76
3539,804,7,42,2024-01-31,21.39
3540,5740,9,49,2024-09-04,27.92
3541,7625,33,193,2024-01-09,12.88
3542,9955,38,227,2024-08-17,45.81
3543,4379,10,60,2024-12-26,15.13
3544,1426,1,5,2024-01-05,34.89
3545,6544,6,35,2024-05-16,21.47
3546,2005,48,285,2024-08-17,28.86
3547,911,1,6,2024-12-08,19.75
3548,4789,19,110,2024-12-21,16.24
3549,6506,1,4,2024-07-11,19.85
3550,2624,17,100,2024-06-21,13.50
3551,2748,20,118,2024-04-02,26.54
3552,8439,35,206,2024-06-03,33.37
3553,3474,41,244,2024-04-16,8.39
3554,9672,14,79,2024-10-22,18.28
3555,3408,45,267,2024-05-18,23.60
3556,7684,25,148,2024-06-21,23.09
3557,1302,20,117,2024-05-27,26.01
3558,6059,29,170,2024-09-22,16.53
3559,6898,22,132,2024-11-20,48.52
3560,6469,39,233,2024-06-09,44.17
3561,866,14,82,2024-08-27,21.34
3562,4888,20,120,2024-11-30,51.63
3563,525,1,5,2024-01-04,15.64
3564,597,49,292,2024-03-09,55.09
3565,6170,36,212,2024-09-03,20.03
3566,1656,30,176,2024-02-09,15.24
3567,2315,17,99,2024-10-18,63.84
3568,5337,10,56,2024-01-18,20.07
3569,7209,33,194,2024-10-16,12.60
3570,306,2,10,2024-04-30,22.62
3571,5584,4,24,2024-03-14,30.24
3572,1665,33,193,2024-06-10,18.98
3573,5952,31,184,2024-07-17,12.34
3574,9252,23,133,2024-10-21,8.98
3575,8821,46,271,2024-06-27,17.25
3576,6659,15,85,2024-10-23,24.74
3577,2222,6,31,2024-10-11,39.88
3578,73,48,283,2024-05-13,39.16
3579,7783,27,158,2024-07-19,30.05
3580,6020,47,282,2024-10-13,16.15
3581,6308,44,261,2024-04-24,20.48
3582,8301,44,260,2024-06-17,58.08
3583,3862,10,56,2024-03-06,41.34
3584,1767,27,159,2024-01-08,38.48
3585,5252,47,277,2024-01-15,65.66
3586,8563,21,122,2024-06-08,17.80
3587,3012,16,92,2024-01-23,25.03
3588,6310,8,48,2024-07-26,29.70
3589,8846,47,277,2024-09-30,19.11
3590,9417,11,65,2024-12-26,16.53
3591,9501,39,229,2024-02-20,27.63
3592,1764,14,83,2024-02-26,52.24
3593,5955,8,44,2024-10-23,27.54
3594,3090,32,189,2024-12-17,26.56
3595,6040,27,162,2024-11-06,23.28
3596,2314,22,131,2024-11-15,11.66
3597,7674,35,210,2024-05-31,45.24
3598,9625,48,284,2024-08-13,25.68
3599,4159,46,275,2024-02-01,18.76
3600,800,17,102,2024-11-22,22.30
3601,9366,1,3,2024-09-05,9.96
3602,3389,23,138,2024-01-14,25.42
3603,2085,11,61,2024-09-13,29.34
3604,5094,4,24,2024-03-02,11.57
3605,8175,39,230,2024-02-17,30.02
3606,115,50,297,2024-08-28,37.82
3607,2811,28,163,2024-03-20,16.68
3608,3306,7,41,2024-03-30,33.06
3609,9772,44,264,2024-03-12,9.21
3610,5963,46,272,2024-01-09,28.60
3611,361,17,102,2024-01-24,42.87
3612,831,22,132,2024-11-21,28.13
3613,6579,40,240,2024-10-30,26.42
3614,7953,34,203,2024-12-16,24.72
3615,6479,2,12,2024-01-24,23.14
3616,3479,25,149,2024-05-11,22.86
3617,4252,15,85,2024-07-22,19.62
3618,9123,15,89,2024-04-24,45.47
3619,6462,1,3,2024-03-22,35.33
3620,5944,1,5,2024-08-08,14.68
3621,3013,23,135,2024-04-22,22.22
3622,7751,31,183,2024-02-15,17.31
3623,1579,2,7,2024-03-05,20.03
3624,8362,43,253,2024-08-31,26.14
3625,4603,27,159,2024-12-05,18.88
3626,9693,13,78,2024-06-18,27.96
3627,8680,50,299,2024-09-30,18.81
3628,603,49,292,2024-10-22,26.41
3629,6946,27,162,2024-05-04,13.27
3630,7011,31,182,2024-07-13,63.19
3631,7773,47,278,2024-12-27,20.27
3632,116,41,244,2024-04-25,34.49
3633,5134,18,104,2024-01-28,17.61
3634,6818,10,56,2024-01-29,17.56
3635,8697,30,179,2024-01-08,23.66
3636,8823,27,160,2024-10-17,69.45
3637,1995,2,10,2024-05-20,21.35
3638,5016,21,122,2024-01-30,18.99
3639,5542,30,175,2024-11-02,10.50
3640,8963,26,153,2024-03-10,19.51
3641,4030,40,240,2024-10-14,21.36
3642,6258,5,30,2024-06-05,23.74
3643,3719,35,205,2024-08-15,18.01
3644,7880,36,216,2024-10-29,22.37
3645,348,49,289,2024-12-03,43.02
3646,3503,34,200,2024-02-01,17.91
3647,2996,31,184,2024-11-09,41.09
3648,213,16,94,2024-12-20,23.20
3649,3507,35,207,2024-09-28,17.00
3650,7674,22,127,2024-04-30,29.68
3651,6635,26,152,2024-02-02,53.12
3652,5559,30,175,2024-12-22,14.08
3653,4908,18,108,2024-11-25,26.62
3654,4396,20,117,2024-06-29,18.18
3655,6325,31,182,2024-08-27,24.56
3656,5217,36,215,2024-12-29,13.92
3657,3019,2,10,2024-01-23,14.45
3658,4289,22,132,2024-10-29,24.87
3659,3305,39,231,2024-12-22,37.15
3660,5011,49,292,2024-01-19,10.01
3661,1439,46,272,2024-08-11,30.78
3662,2631,21,123,2024-06-10,57.90
3663,6917,25,147,2024-06-22,16.42
3664,308,5,29,2024-08-23,17.22
3665,2580,39,231,2024-12-01,7.77
3666,8327,11,63,2024-11-07,21.92
3667,1926,36,212,2024-06-04,8.85
3668,6365,22,131,2024-03-28,13.41
3669,7453,31,181,2024-11-13,21.51
3670,7572,42,252,2024-04-17,12.41
3671,9195,10,57,2024-11-29,34.51
3672,7504,46,276,2024-06-07,26.39
3673,8627,36,213,2024-08-26,18.88
3674,2058,20,119,2024-01-18,20.63
3675,5260,12,72,2024-08-14,14.41
3676,3508,47,282,2024-06-06,33.20
3677,6013,22,130,2024-07-15,8.49
3678,7107,13,73,2024-02-22,22.35
3679,6220,20,115,2024-08-07,56.42
3680,9197,22,131,2024-10-09,14.33
3681,8869,11,64,2024-10-10,20.60
3682,2448,40,235,2024-11-22,28.43
3683,5244,35,209,2024-03-02,12.18
3684,5701,35,210,2024-11-28,13.45
3685,3800,1,1,2024-03-23,24.22
3686,9229,50,297,2024-12-24,12.84
3687,9120,36,213,2024-08-06,20.04
3688,342,50,298,2024-04-21,13.34
3689,4446,37,217,2024-06-24,30.01
3690,6986,49,292,2024-05-22,22.16
3691,3807,9,54,2024-12-22,9.21
3692,4306,19,110,2024-06-04,36.99
3693,8694,4,23,2024-02-03,12.31
3694,3476,21,125,2024-04-23,19.56
3695,5968,32,188,2024-08-17,26.62
3696,6513,39,233,2024-10-12,21.06
3697,9973,16,96,2024-05-17,18.64
3698,7321,30,177,2024-02-14,24.38
3699,8111,40,238,2024-02-24,27.84
3700,5415,29,170,2024-05-18,18.36
3701,5127,20,120,2024-10-31,12.55
3702,2312,24,144,2024-12-22,27.01
3703,9660,33,198,2024-07-08,15.78
3704,9291,2,12,2024-12-15,12.89
3705,8544,27,159,2024-02-03,10.23
3706,7899,13,73,2024-12-12,20.84
3707,8215,44,262,2024-10-25,25.78
3708,3257,46,273,2024-03-13,74.74
3709,5619,14,82,2024-10-19,48.44
3710,5742,34,199,2024-12-17,26.54
3711,3539,46,276,2024-05-14,29.55
3712,8887,16,92,2024-12-21,22.27
3713,474,18,108,2024-09-25,25.13
3714,6227,15,87,2024-12-10,22.82
3715,3550,11,66,2024-11-12,23.23
3716,9802,5,30,2024-11-04,28.82
3717,7786,16,95,2024-01-10,9.49
3718,6971,24,144,2024-08-10,49.76
3719,5563,6,36,2024-07-05,40.51
3720,8368,25,148,2024-04-29,33.86
3721,5935,33,195,2024-09-17,10.84
3722,4778,22,127,2024-08-31,15.95
3723,9228,24,139,2024-07-02,81.61
3724,377,48,287,2024-03-18,26.93
3725,168,43,258,2024-12-05,16.30
3726,6153,20,115,2024-09-24,14.23
3727,273,11,62,2024-12-23,11.13
3728,6168,1,4,2024-11-14,54.46
3729,2972,44,261,2024-04-23,19.49
3730,669,18,107,2024-05-28,49.93
3731,8989,31,186,2024-07-22,26.43
3732,2214,47,277,2024-04-14,41.03
3733,7531,47,279,2024-03-18,29.89
3734,6137,37,219,2024-03-08,21.54
3735,7260,5,25,2024-03-10,29.77
3736,631,25,146,2024-01-05,31.50
3737,5512,32,190,2024-06-08,12.36
3738,8175,3,15,2024-05-11,60.62
3739,6763,18,106,2024-05-19,13.65
3740,9778,8,43,2024-07-08,8.69
3741,5991,26,153,2024-11-24,41.17
3742,146,36,216,2024-09-21,34.52
3743,3679,19,113,2024-05-17,39.92
3744,8626,41,243,2024-04-17,13.16
3745,5600,27,161,2024-12-19,42.24
3746,7253,43,253,2024-05-23,38.29
3747,6510,16,92,2024-09-04,28.38
3748,7312,31,186,2024-10-05,20.09
3749,173,7,42,2024-05-15,39.12
3750,8172,34,199,2024-06-04,22.78
3751,1019,45,268,2024-04-05,17.89
3752,9071,12,68,2024-07-17,27.22
3753,3169,40,240,2024-10-21,44.89
3754,139,15,88,2024-08-31,84.11
3755,9276,42,247,2024-04-08,33.54
3756,4933,36,213,2024-04-22,16.13
3757,6046,21,125,2024-05-19,25.42
3758,9902,30,180,2024-09-12,26.84
3759,1489,45,267,2024-06-25,34.96
3760,562,3,15,2024-02-27,24.25
3761,4274,19,109,2024-02-12,29.54
3762,5116,26,151,2024-04-09,50.46
3763,5705,31,181,2024-09-12,28.21
3764,1317,43,257,2024-06-13,21.78
3765,4275,26,155,2024-05-09,13.53
3766,8089,43,254,2024-12-30,33.68
3767,7369,33,197,2024-04-25,19.38
3768,1287,33,194,2024-08-23,44.53
3769,788,32,187,2024-06-08,27.64
3770,8022,27,158,2024-10-23,21.74
3771,3833,8,43,2024-08-03,39.32
3772,6702,36,213,2024-01-19,15.26
3773,20,31,183,2024-08-29,27.54
3774,9912,31,186,2024-10-15,14.02
3775,4862,35,207,2024-05-31,12.76
3776,6868,1,4,2024-12-05,31.94
3777,7914,7,37,2024-09-04,36.44
3778,3448,49,292,2024-03-24,14.14
3779,1877,12,70,2024-06-04,51.06
3780,9432,32,188,2024-08-24,40.62
3781,3564,16,93,2024-05-27,18.82
3782,2272,29,173,2024-04-17,17.02
3783,6394,23,133,2024-06-04,23.44
3784,7427,49,292,2024-10-05,20.94
3785,6989,35,209,2024-11-29,15.99
3786,2369,50,299,2024-10-26,52.65
3787,7624,16,93,2024-02-07,32.64
3788,3508,31,186,2024-06-11,49.06
3789,9261,4,19,2024-12-25,56.08
3790,3115,32,191,2024-03-10,9.50
3791,2554,39,231,2024-02-26,19.77
3792,5794,36,211,2024-11-29,11.43
3793,2214,12,67,2024-10-01,31.00
3794,7508,14,82,2024-04-14,86.59
3795,9915,1,6,2024-04-15,25.39
3796,7975,22,130,2024-12-13,29.32
3797,7025,20,115,2024-12-25,30.59
3798,772,31,183,2024-01-22,18.49
3799,2998,12,70,2024-06-04,12.27
3800,5989,20,116,2024-02-28,29.45
3801,6648,4,24,2024-08-06,10.37
3802,6004,3,18,2024-12-19,24.04
3803,6973,5,25,2024-02-28,20.85
3804,4684,41,243,2024-09-25,63.42
3805,9851,45,270,2024-08-04,14.21
3806,479,37,221,2024-11-22,17.78
3807,2529,23,133,2024-11-21,38.17
3808,8309,22,132,2024-01-12,28.01
3809,7169,33,197,2024-11-03,6.73
3810,6233,12,69,2024-05-16,14.17
3811,8522,21,123,2024-10-10,30.10
3812,2560,12,69,2024-03-17,27.86
3813,2188,46,276,2024-02-27,15.67
3814,7271,43,255,2024-06-01,45.58
3815,293,36,216,2024-12-28,24.86
3816,7450,35,205,2024-06-03,12.84
3817,7197,15,90,2024-07-17,30.29
3818,1535,17,97,2024-09-02,20.67
3819,3200,20,115,2024-06-14,20.59
3820,6107,21,122,2024-01-15,24.01
3821,3618,7,40,2024-10-04,28.58
3822,7371,7,41,2024-03-01,27.32
3823,2844,6,36,2024-02-23,26.87
3824,2043,8,47,2024-07-04,45.66
3825,7063,20,117,2024-11-02,17.89
3826,2076,41,241,2024-12-16,24.90
3827,7133,46,273,2024-06-30,24.19
3828,7760,42,251,2024-01-22,12.33
3829,6458,32,190,2024-02-28,34.37
3830,810,21,125,2024-03-11,33.77
3831,1455,37,219,2024-03-11,19.49
3832,7015,25,149,2024-07-04,28.14
3833,9815,41,243,2024-05-08,27.21
3834,1493,40,237,2024-08-12,77.67
3835,6833,25,148,2024-06-15,30.36
3836,6965,2,7,2024-02-01,22.42
3837,4017,27,161,2024-09-01,26.70
3838,2706,11,66,2024-11-04,33.51
3839,6706,23,135,2024-06-29,28.61
3840,3123,4,23,2024-07-19,11.98
3841,3619,6,34,2024-10-20,25.86
3842,2746,18,108,2024-05-27,13.36
3843,4633,21,125,2024-12-12,9.67
3844,2798,32,187,2024-04-22,39.90
3845,6057,3,15,2024-04-23,54.05
3846,4239,13,78,2024-07-16,23.76
3847,8849,16,93,2024-10-06,27.96
3848,1912,10,55,2024-11-04,71.08
3849,9963,42,251,2024-12-27,22.08
3850,6167,18,104,2024-10-17,18.09
3851,2316,47,280,2024-09-05,27.00
3852,7190,14,84,2024-08-24,19.51
3853,1012,4,20,2024-05-03,16.02
3854,2506,5,28,2024-07-16,23.54
3855,3897,8,43,2024-03-02,43.52
3856,1948,10,55,2024-11-13,38.11
3857,7742,2,9,2024-09-09,29.92
3858,9430,43,254,2024-07-21,11.26
3859,557,5,30,2024-09-29,16.84
3860,9591,44,263,2024-06-25,17.18
3861,8128,44,262,2024-03-04,32.10
3862,8056,22,127,2024-11-09,36.14
3863,5134,19,111,2024-07-13,29.93
3864,2784,44,261,2024-11-30,83.98
3865,5281,34,202,2024-01-31,26.34
3866,5670,48,283,2024-03-27,20.72
3867,5246,10,59,2024-05-31,69.40
3868,8543,3,14,2024-11-27,13.60
3869,2059,23,134,2024-04-13,15.29
3870,2762,50,300,2024-04-12,26.63
3871,4959,28,167,2024-12-08,12.65
3872,2381,2,7,2024-09-18,46.46
3873,4182,24,144,2024-04-28,35.08
3874,7221,10,59,2024-05-07,35.12
3875,486,40,239,2024-10-17,26.57
3876,3121,16,95,2024-08-26,20.81
3877,1069,25,146,2024-11-21,14.13
3878,6641,1,6,2024-03-18,20.38
3879,6391,2,8,2024-09-12,33.00
3880,4717,37,221,2024-06-01,18.61
3881,9146,3,18,2024-09-13,28.22
3882,5982,18,105,2024-06-13,24.74
3883,4299,25,148,2024-12-28,19.52
3884,9950,43,256,2024-11-03,24.98
3885,439,27,161,2024-02-22,24.08
3886,3385,26,154,2024-09-12,21.66
3887,6241,41,242,2024-02-25,43.00
3888,6533,3,18,2024-02-05,18.58
3889,3131,8,46,2024-01-12,20.97
3890,4756,13,74,2024-06-07,26.24
3891,7947,1,4,2024-11-06,19.52
3892,2258,12,71,2024-10-03,32.66
3893,5447,12,70,2024-07-03,36.51
3894,2895,4,22,2024-11-01,11.04
3895,289,17,102,2024-07-19,18.37
3896,7031,17,98,2024-09-05,23.40
3897,6282,27,157,2024-01-10,8.15
3898,5596,5,30,2024-12-08,22.28
3899,1924,18,108,2024-08-18,8.62
3900,6985,49,293,2024-02-20,17.32
3901,2521,15,87,2024-05-14,6.89
3902,6807,29,174,2024-04-01,21.93
3903,452,15,86,2024-12-26,31.52
3904,2013,24,139,2024-08-26,57.69
3905,3744,21,125,2024-08-04,33.47
3906,5997,42,252,2024-07-19,12.94
3907,925,43,254,2024-04-03,39.45
3908,8387,39,233,2024-04-06,26.16
3909,9139,24,143,2024-10-11,29.88
3910,5435,9,51,2024-04-12,25.56
3911,6128,42,250,2024-03-22,28.11
3912,9415,23,136,2024-06-21,57.96
3913,7656,40,237,2024-03-23,13.90
3914,5308,17,101,2024-01-07,25.00
3915,6847,18,105,2024-04-17,22.42
3916,2669,34,201,2024-01-10,24.71
3917,4458,49,289,2024-04-04,26.00
3918,6302,10,60,2024-10-02,20.20
3919,4709,39,230,2024-01-10,8.76
3920,1866,35,208,2024-11-17,24.37
3921,7995,45,269,2024-10-23,34.09
3922,4853,39,231,2024-12-28,25.47
3923,3411,17,102,2024-05-15,29.14
3924,1154,33,198,2024-08-17,24.82
3925,6115,34,204,2024-09-29,17.66
3926,3338,7,40,2024-05-03,14.66
3927,7967,49,290,2024-10-14,26.68
3928,8512,3,17,2024-10-13,19.03
3929,4906,33,194,2024-08-30,27.53
3930,8540,50,297,2024-05-24,48.30
3931,4214,49,292,2024-11-03,49.09
3932,6561,27,161,2024-02-16,17.43
3933,6456,48,287,2024-06-24,48.63
3934,1809,42,248,2024-02-04,26.58
3935,9490,1,2,2024-09-10,10.08
3936,403,20,117,2024-04-07,17.08
3937,4357,45,268,2024-12-17,15.24
3938,2466,7,42,2024-12-09,22.26
3939,1549,44,264,2024-10-25,17.48
3940,5423,9,49,2024-07-06,43.16
3941,4447,31,183,2024-03-29,21.63
3942,8602,3,17,2024-07-04,56.14
3943,8250,40,235,2024-01-19,43.88
3944,1419,50,298,2024-02-14,29.92
3945,6265,5,28,2024-04-01,19.86
3946,5219,36,213,2024-06-07,22.22
3947,6207,13,75,2024-09-17,13.80
3948,9891,11,66,2024-12-04,40.16
3949,229,43,257,2024-06-19,18.85
3950,836,9,51,2024-08-21,21.98
3951,2748,7,41,2024-10-18,27.23
3952,2094,43,254,2024-01-02,54.22
3953,1119,18,103,2024-04-24,12.95
3954,3543,27,161,2024-05-03,24.56
3955,4107,26,153,2024-11-27,20.87
3956,6545,49,291,2024-02-23,40.88
3957,7057,33,194,2024-07-12,9.38
3958,830,19,111,2024-12-18,38.02
3959,9202,9,54,2024-12-31,54.17
3960,8047,20,120,2024-12-13,25.12
3961,3276,14,81,2024-03-14,38.72
3962,7490,29,174,2024-06-17,17.14
3963,3224,21,122,2024-04-01,31.82
3964,9787,36,212,2024-07-08,32.17
3965,7753,1,6,2024-03-30,13.05
3966,8909,30,176,2024-11-14,50.74
3967,7852,44,263,2024-07-26,37.86
3968,7340,41,243,2024-05-03,23.84
3969,4933,34,204,2024-02-15,10.76
3970,3517,28,165,2024-03-02,21.33
3971,4128,39,231,2024-02-17,23.08
3972,779,15,88,2024-04-09,35.50
3973,9009,5,25,2024-12-19,19.60
3974,8356,12,68,2024-04-16,23.46
3975,2555,27,159,2024-07-01,10.49
3976,4875,16,94,2024-10-31,69.85
3977,799,32,191,2024-05-31,25.24
3978,2174,9,54,2024-10-30,19.61
3979,6636,37,218,2024-06-20,28.09
3980,2881,46,271,2024-02-22,50.80
3981,7093,10,59,2024-04-30,35.48
3982,1198,10,60,2024-12-19,10.66
3983,3295,11,61,2024-10-19,49.28
3984,1226,46,275,2024-11-26,17.85
3985,8029,49,293,2024-12-22,10.02
3986,5144,8,44,2024-01-16,18.07
3987,9467,4,19,2024-07-06,25.03
3988,9299,46,272,2024-12-01,25.81
3989,4283,21,124,2024-03-19,29.97
3990,7247,22,127,2024-01-31,62.62
3991,9806,28,167,2024-03-31,95.02
3992,8827,14,83,2024-03-25,24.57
3993,9499,48,286,2024-08-04,39.72
3994,3300,14,82,2024-04-28,19.76
3995,5854,10,55,2024-05-14,13.50
3996,3067,34,200,2024-05-15,20.88
3997,1513,11,65,2024-04-02,21.60
3998,4473,32,188,2024-07-07,19.77
3999,3165,33,196,2024-09-01,27.04
4000,4993,22,128,2024-09-21,26.19
4001,8663,46,276,2024-04-14,24.13
4002,4329,32,188,2024-02-07,20.50
4003,683,26,154,2024-03-03,16.50
4004,5610,23,138,2024-12-24,13.12
4005,9730,8,46,2024-06-06,25.15
4006,5019,50,300,2024-06-27,34.02
4007,3055,24,139,2024-02-08,25.17
4008,3494,15,86,2024-03-25,25.96
4009,4849,11,66,2024-04-11,18.71
4010,416,35,207,2024-01-23,27.56
4011,8138,45,265,2024-07-15,20.42
4012,8871,26,152,2024-10-03,29.50
4013,6516,18,104,2024-09-05,22.30
4014,1199,14,80,2024-03-09,12.16
4015,1136,8,46,2024-03-06,31.31
4016,3077,16,95,2024-11-30,31.53
4017,9339,29,173,2024-11-22,38.22
4018,474,5,25,2024-09-27,11.79
4019,5119,47,277,2024-01-17,20.02
4020,7977,20,116,2024-02-08,72.32
4021,2658,10,55,2024-09-08,25.14
4022,5870,31,184,2024-10-06,22.69
4023,6639,3,18,2024-01-11,45.84
4024,5069,8,43,2024-05-27,56.34
4025,7892,9,49,2024-02-01,10.35
4026,8304,49,290,2024-04-21,15.44
4027,9020,9,50,2024-01-24,10.81
4028,1706,42,249,2024-10-31,48.44
4029,9105,20,116,2024-11-16,17.80
4030,4904,43,254,2024-08-13,18.90
4031,8285,16,96,2024-12-25,20.27
4032,9923,2,7,2024-10-31,22.24
4033,8180,37,221,2024-12-16,21.66
4034,4195,20,119,2024-06-09,24.36
4035,7547,11,62,2024-12-16,24.34
4036,3803,30,179,2024-11-17,27.36
4037,1789,22,130,2024-07-22,16.16
4038,4229,42,250,2024-04-04,12.75
4039,3482,17,101,2024-04-09,12.19
4040,9097,15,90,2024-11-01,34.68
4041,4581,8,47,2024-09-08,46.66
4042,8447,20,120,2024-12-19,20.58
4043,9788,45,269,2024-11-23,15.64
4044,169,5,29,2024-11-06,47.02
4045,6101,34,203,2024-04-25,47.90
4046,294,3,13,2024-07-17,30.09
4047,9916,36,213,2024-05-28,23.16
4048,5208,20,117,2024-03-26,20.69
4049,3739,41,245,2024-08-27,33.98
4050,7770,35,205,2024-05-03,14.76
4051,3712,49,294,2024-01-23,11.20
4052,1625,22,127,2024-07-09,45.27
4053,8697,42,251,2024-07-20,19.95
4054,5318,29,173,2024-02-10,23.05
4055,5123,21,126,2024-07-17,43.82
4056,5060,50,295,2024-12-14,17.56
4057,6254,28,165,2024-10-06,12.57
4058,5182,17,101,2024-05-15,34.45
4059,1345,12,69,2024-06-01,21.29
4060,2134,22,128,2024-07-31,25.51
4061,9457,43,253,2024-05-02,28.73
4062,2258,16,93,2024-03-16,43.40
4063,6914,46,271,2024-05-29,16.78
4064,6209,48,287,2024-08-25,59.57
4065,9251,14,80,2024-09-27,29.66
4066,2760,38,224,2024-05-26,24.73
4067,1193,36,214,2024-11-24,35.05
4068,2096,25,148,2024-06-11,50.36
4069,4345,49,292,2024-03-02,25.59
4070,3073,12,67,2024-06-11,26.01
4071,4490,39,231,2024-10-20,26.98
4072,3296,48,288,2024-02-10,32.29
4073,450,31,182,2024-11-11,20.38
4074,2383,43,253,2024-11-01,14.20
4075,4511,21,125,2024-07-02,24.94
4076,9428,7,41,2024-03-18,45.10
4077,7893,8,45,2024-09-24,51.22
4078,6043,25,147,2024-08-18,7.87
4079,1232,4,24,2024-07-30,42.59
4080,8800,19,112,2024-09-02,49.57
4081,1410,45,269,2024-11-26,22.18
4082,2250,12,69,2024-08-28,21.34
4083,684,46,273,2024-05-29,20.86
4084,8699,34,204,2024-08-28,18.67
4085,2113,15,85,2024-05-08,12.46
4086,7394,29,172,2024-01-17,22.04
4087,6638,42,250,2024-10-25,15.91
4088,4535,6,31,2024-03-27,22.50
4089,6463,24,143,2024-05-02,36.40
4090,7680,25,145,2024-10-22,22.98
4091,446,48,284,2024-06-10,36.72
4092,4806,16,91,2024-04-04,15.98
4093,9460,7,39,2024-09-25,40.64
4094,2393,10,60,2024-12-29,35.34
4095,8137,19,109,2024-04-07,15.74
4096,3393,33,195,2024-10-14,11.61
4097,2568,12,68,2024-10-28,19.77
4098,678,37,218,2024-02-27,10.40
4099,365,35,209,2024-06-19,89.56
4100,3497,37,222,2024-11-08,18.83
4101,6812,16,95,2024-07-11,22.83
4102,8527,42,248,2024-11-24,13.48
4103,6808,6,31,2024-07-25,41.96
4104,6557,46,271,2024-11-30,70.84
4105,7388,6,36,2024-11-07,36.92
4106,5874,15,90,2024-01-23,26.21
4107,507,20,118,2024-05-09,19.94
4108,8364,33,194,2024-07-22,27.03
4109,9569,11,65,2024-07-09,36.60
4110,8842,9,52,2024-11-22,40.17
4111,8177,17,97,2024-02-02,23.93
4112,4734,12,67,2024-05-07,29.18
4113,9070,21,124,2024-01-13,15.98
4114,9588,14,80,2024-07-17,16.14
4115,6325,4,22,2024-10-04,66.82
4116,2048,1,3,2024-09-22,43.22
4117,2158,50,298,2024-08-25,34.14
4118,7104,46,275,2024-10-04,24.52
4119,6915,16,92,2024-03-16,17.03
4120,8601,21,123,2024-03-25,23.54
4121,5273,15,87,2024-11-21,28.78
4122,5712,18,106,2024-02-06,17.97
4123,813,27,159,2024-11-25,75.46
4124,669,49,294,2024-03-03,26.70
4125,8223,11,62,2024-02-19,14.62
4126,3572,20,115,2024-05-19,30.51
4127,7197,7,37,2024-12-22,16.94
4128,3951,20,118,2024-10-05,27.27
4129,6388,6,31,2024-08-18,38.06
4130,3167,2,8,2024-07-18,49.39
4131,7011,27,160,2024-06-29,14.97
4132,2425,40,238,2024-08-23,12.56
4133,5449,27,161,2024-08-20,23.51
4134,995,23,137,2024-03-25,23.82
4135,9231,8,44,2024-11-01,24.90
4136,5678,50,299,2024-03-27,48.29
4137,1110,44,259,2024-11-05,16.31
4138,1491,37,218,2024-07-09,35.01
4139,9968,16,92,2024-03-31,34.77
4140,4365,12,71,2024-01-01,30.74
4141,6857,9,50,2024-12-26,32.04
4142,8412,46,276,2024-09-26,23.85
4143,4081,19,113,2024-08-07,15.86
4144,6379,28,167,2024-01-30,14.67
4145,4262,38,228,2024-12-03,29.71
4146,5782,18,107,2024-02-23,16.09
4147,8571,43,254,2024-11-13,46.22
4148,2169,30,179,2024-12-11,51.28
4149,987,47,282,2024-06-13,10.32
4150,1022,49,292,2024-01-01,21.44
4151,7497,39,233,2024-11-24,53.43
4152,8197,45,267,2024-09-23,22.56
4153,3854,35,208,2024-12-20,45.32
4154,7648,47,280,2024-10-18,36.26
4155,1772,11,66,2024-07-22,31.26
4156,3834,15,87,2024-08-09,20.76
4157,8904,38,224,2024-10-26,13.06
4158,2741,13,77,2024-10-04,64.89
4159,198,16,96,2024-05-14,26.50
4160,2024,44,261,2024-04-21,49.40
4161,7309,45,270,2024-07-17,30.30
4162,4384,3,16,2024-11-16,48.31
4163,86,50,299,2024-07-17,21.74
4164,6292,45,265,2024-06-19,26.22
4165,6527,16,93,2024-02-12,34.84
4166,7730,11,64,2024-01-24,18.42
4167,3887,35,210,2024-10-12,8.84
4168,2055,6,35,2024-04-17,24.42
4169,8842,14,79,2024-07-01,28.86
4170,4681,50,297,2024-07-21,11.90
4171,6683,6,33,2024-05-24,33.42
4172,4097,47,280,2024-03-04,27.54
4173,1329,41,243,2024-12-27,9.84
4174,9012,41,243,2024-03-02,22.87
4175,6247,13,78,2024-01-24,16.48
4176,7219,15,88,2024-03-17,24.44
4177,7469,44,260,2024-10-05,36.59
4178,2132,38,226,2024-06-01,37.89
4179,5999,16,91,2024-04-24,22.53
4180,8697,48,283,2024-03-08,35.76
4181,1758,8,48,2024-07-22,12.58
4182,6024,27,157,2024-10-26,8.75
4183,1030,22,132,2024-06-26,25.23
4184,6522,6,34,2024-02-04,29.40
4185,4423,48,284,2024-01-29,30.21
4186,1354,24,143,2024-01-07,23.65
4187,4173,10,59,2024-12-01,15.37
4188,3476,39,231,2024-02-20,27.31
4189,4542,19,112,2024-04-10,47.59
4190,5990,48,284,2024-07-01,31.56
4191,799,27,158,2024-07-13,25.11
4192,3262,3,13,2024-11-12,24.66
4193,777,24,140,2024-11-17,29.67
4194,2429,49,291,2024-09-26,53.94
4195,8901,19,110,2024-07-26,47.02
4196,8474,23,135,2024-04-26,16.60
4197,6271,23,138,2024-01-27,29.23
4198,329,49,290,2024-07-30,14.39
4199,3962,38,223,2024-04-24,34.87
4200,5463,29,171,2024-09-09,18.37
4201,9381,21,125,2024-12-28,26.30
4202,9454,21,122,2024-04-10,25.02
4203,8733,1,2,2024-05-09,17.80
4204,2818,4,22,2024-01-18,63.77
4205,1591,24,141,2024-09-19,34.36
4206,1893,23,134,2024-07-30,25.95
4207,3642,4,22,2024-01-02,67.02
4208,9116,17,97,2024-09-11,22.87
4209,8689,42,252,2024-06-16,36.40
4210,842,17,100,2024-10-31,18.82
4211,7449,13,78,2024-03-24,22.47
4212,1926,42,251,2024-10-05,64.63
4213,3328,1,3,2024-09-15,33.55
4214,5966,26,155,2024-01-24,62.68
4215,9018,20,117,2024-10-05,48.52
4216,2214,26,154,2024-09-29,12.81
4217,7885,20,116,2024-02-13,34.70
4218,7480,47,280,2024-06-04,31.48
4219,9408,17,98,2024-02-02,12.95
4220,8021,36,216,2024-11-14,23.64
4221,7903,8,45,2024-05-13,39.18
4222,9237,47,279,2024-04-22,41.60
4223,1592,38,225,2024-02-16,17.17
4224,7632,18,103,2024-05-15,18.98
4225,9099,26,156,2024-01-08,25.48
4226,300,42,248,2024-07-26,58.01
4227,9911,33,197,2024-06-04,48.48
4228,3782,1,6,2024-10-28,42.91
4229,2060,31,181,2024-11-05,10.74
4230,5613,15,87,2024-12-10,35.41
4231,4479,14,82,2024-03-23,13.86
4232,7653,24,143,2024-05-02,6.98
4233,9162,21,125,2024-11-07,14.26
4234,3563,1,4,2024-09-18,26.50
4235,3549,17,102,2024-02-06,16.72
4236,6934,35,207,2024-02-27,26.64
4237,1315,49,294,2024-10-02,13.98
4238,7952,46,274,2024-02-16,31.70
4239,7132,42,252,2024-08-14,38.40
4240,2921,37,217,2024-12-11,10.34
4241,4896,23,134,2024-10-17,13.08
4242,2814,50,297,2024-08-26,35.90
4243,7020,19,109,2024-10-10,32.76
4244,3784,4,20,2024-06-07,22.36
4245,969,20,117,2024-11-23,49.39
4246,3341,3,13,2024-03-24,13.04
4247,3735,31,185,2024-09-28,49.43
4248,5411,34,201,2024-05-06,31.02
4249,2179,28,166,2024-07-16,31.22
4250,2013,20,115,2024-02-05,27.64
4251,9387,3,16,2024-12-23,32.40
4252,8851,35,207,2024-04-30,34.76
4253,6692,25,145,2024-03-10,24.93
4254,8509,46,272,2024-06-19,17.07
4255,3551,16,92,2024-09-29,28.12
4256,7418,8,47,2024-03-13,46.53
4257,6206,32,190,2024-05-26,38.22
4258,6915,26,156,2024-03-22,19.24
4259,7339,44,261,2024-02-23,17.57
4260,753,47,277,2024-12-08,30.03
4261,9305,47,280,2024-02-11,54.03
4262,8978,9,50,2024-06-28,21.68
4263,6007,50,296,2024-10-28,14.58
4264,5817,16,94,2024-09-03,36.58
4265,5622,49,293,2024-09-18,16.40
4266,9967,34,199,2024-10-23,32.58
4267,4198,45,268,2024-07-06,23.64
4268,7461,7,41,2024-05-06,27.36
4269,2694,21,121,2024-01-07,30.05
4270,4466,32,191,2024-07-15,12.20
4271,989,46,275,2024-06-20,36.18
4272,759,16,96,2024-11-22,45.70
4273,3620,43,255,2024-05-06,17.32
4274,5520,42,247,2024-10-29,11.88
4275,7705,30,179,2024-06-16,18.82
4276,9614,46,276,2024-08-02,25.86
4277,8278,8,47,2024-03-26,17.47
4278,7196,48,285,2024-09-09,13.01
4279,2136,47,280,2024-03-16,57.42
4280,589,34,204,2024-01-06,24.55
4281,1297,50,296,2024-07-13,30.63
4282,1085,20,117,2024-05-26,27.50
4283,3386,50,297,2024-11-20,17.24
4284,1287,47,278,2024-10-26,17.92
4285,1634,3,17,2024-10-21,35.05
4286,662,31,183,2024-02-10,36.30
4287,347,41,243,2024-10-23,10.82
4288,7523,28,166,2024-01-23,16.00
4289,6843,8,46,2024-04-29,12.80
4290,1630,5,30,2024-06-29,15.26
4291,1320,49,291,2024-05-19,14.80
4292,2771,30,176,2024-11-20,26.35
4293,9339,22,132,2024-02-08,54.26
4294,4949,48,287,2024-09-17,23.69
4295,9624,10,58,2024-11-28,53.35
4296,7919,18,106,2024-05-15,21.36
4297,5840,23,134,2024-06-03,27.23
4298,7613,1,1,2024-04-11,29.05
4299,9525,14,79,2024-12-10,13.99
4300,8372,34,200,2024-05-09,38.70
4301,4675,9,50,2024-12-21,21.02
4302,5737,50,295,2024-02-09,61.69
4303,2449,46,274,2024-12-29,26.68
4304,2559,29,172,2024-07-21,28.03
4305,5875,26,155,2024-05-07,9.26
4306,6074,13,73,2024-06-29,7.67
4307,3105,15,86,2024-04-01,19.13
4308,7409,47,281,2024-12-07,27.94
4309,4423,31,185,2024-02-18,20.95
4310,5181,1,2,2024-06-11,20.85
4311,8071,29,171,2024-08-26,26.35
4312,5430,37,217,2024-09-03,21.66
4313,5830,20,118,2024-08-17,22.83
4314,3480,24,144,2024-08-27,22.35
4315,5309,48,287,2024-07-24,34.09
4316,9378,27,157,2024-09-17,44.91
4317,4993,22,131,2024-05-30,28.12
4318,2136,16,95,2024-10-17,27.38
4319,3103,30,176,2024-01-08,12.75
4320,6585,31,184,2024-01-05,12.21
4321,8667,21,123,2024-01-31,5.65
4322,7269,39,230,2024-06-13,34.43
4323,3283,8,44,2024-02-20,11.06
4324,3044,16,95,2024-03-22,16.75
4325,4119,9,53,2024-08-15,28.29
4326,1880,44,260,2024-11-08,23.20
4327,488,42,251,2024-11-08,10.97
4328,9893,45,270,2024-10-23,12.55
4329,5030,41,242,2024-12-13,37.17
4330,4248,32,190,2024-12-14,42.30
4331,6856,17,99,2024-01-25,22.72
4332,7416,17,99,2024-12-29,33.22
4333,767,9,49,2024-08-05,51.57
4334,3387,22,132,2024-04-15,15.62
4335,1393,16,92,2024-05-14,49.07
4336,7022,9,52,2024-12-14,25.38
4337,2207,2,12,2024-06-14,11.74
4338,9013,34,200,2024-07-02,17.94
4339,2448,38,224,2024-04-20,14.06
4340,6361,46,272,2024-02-27,29.67
4341,8088,45,270,2024-09-24,17.84
4342,7613,41,241,2024-09-30,13.65
4343,1459,27,159,2024-05-02,17.84
4344,4810,29,170,2024-08-02,14.77
4345,5627,17,97,2024-07-15,15.82
4346,8290,17,101,2024-04-20,29.10
4347,1034,25,145,2024-12-30,8.56
4348,6685,17,99,2024-07-08,52.82
4349,6753,47,278,2024-10-12,26.82
4350,9811,33,193,2024-09-08,20.61
4351,3205,20,116,2024-09-11,45.45
4352,6596,2,9,2024-08-18,8.03
4353,3771,1,1,2024-03-06,18.96
4354,4021,22,131,2024-07-26,42.62
4355,2938,18,108,2024-08-06,28.33
4356,6593,32,190,2024-01-10,11.08
4357,2912,19,112,2024-12-27,19.61
4358,5564,27,161,2024-07-09,51.00
4359,9727,36,215,2024-12-23,44.11
4360,6079,7,40,2024-02-24,30.08
4361,4777,49,292,2024-09-25,50.61
4362,8275,15,85,2024-10-23,7.04
4363,3351,44,259,2024-09-20,19.40
4364,5028,27,159,2024-08-29,31.41
4365,4150,20,117,2024-12-30,32.04
4366,8146,44,263,2024-04-12,22.31
4367,4186,28,168,2024-01-09,17.34
4368,9372,33,193,2024-09-18,27.24
4369,5522,8,46,2024-09-17,21.48
4370,4520,24,141,2024-06-05,10.90
4371,7979,29,174,2024-04-11,52.10
4372,4943,43,254,2024-02-20,17.31
4373,293,47,281,2024-03-06,32.83
4374,5514,33,193,2024-05-31,38.61
4375,3621,50,296,2024-06-29,28.02
4376,9028,4,20,2024-09-17,24.63
4377,1211,35,206,2024-08-31,22.99
4378,2867,30,175,2024-02-25,25.10
4379,9383,21,124,2024-11-13,34.86
4380,2810,8,43,2024-08-11,63.96
4381,521,36,214,2024-07-16,88.32
4382,1837,28,163,2024-05-08,57.17
4383,6483,6,32,2024-05-15,62.08
4384,7515,50,300,2024-06-27,13.37
4385,730,49,290,2024-03-25,17.72
4386,2575,16,95,2024-09-30,27.84
4387,973,42,247,2024-10-31,43.91
4388,6660,50,295,2024-04-09,35.30
4389,2227,31,185,2024-05-12,87.44
4390,2189,18,105,2024-10-19,49.86
4391,4895,46,272,2024-04-14,12.73
4392,2286,27,158,2024-06-13,22.63
4393,120,29,173,2024-05-11,11.09
4394,1467,27,159,2024-03-31,36.91
4395,4228,7,37,2024-01-25,8.14
4396,7862,9,52,2024-12-08,26.42
4397,3240,43,255,2024-11-09,27.09
4398,2156,37,219,2024-02-06,17.53
4399,5592,20,116,2024-08-04,13.52
4400,8455,48,287,2024-08-12,16.64
4401,9821,12,72,2024-11-10,13.60
4402,4879,32,187,2024-01-30,63.11
4403,3889,45,269,2024-12-19,17.65
4404,7970,48,287,2024-10-24,37.52
4405,2582,15,86,2024-12-30,24.29
4406,5494,38,225,2024-10-27,16.88
4407,5516,37,222,2024-06-19,13.48
4408,680,10,56,2024-02-02,45.20
4409,1052,41,242,2024-07-23,41.37
4410,5240,30,180,2024-08-02,54.69
4411,5636,25,146,2024-08-28,46.93
4412,90,26,155,2024-04-09,71.16
4413,439,45,265,2024-11-06,13.40
4414,7724,22,131,2024-01-23,21.73
4415,8878,21,126,2024-05-03,24.01
4416,4865,33,193,2024-08-30,80.16
4417,3171,35,209,2024-01-05,37.67
4418,1561,6,36,2024-04-29,42.19
4419,6349,19,110,2024-07-21,24.02
4420,6071,22,130,2024-10-09,33.50
4421,7374,4,20,2024-12-17,6.25
4422,277,47,278,2024-11-15,11.32
4423,6270,10,55,2024-10-16,27.94
4424,7783,40,237,2024-05-24,34.75
4425,5460,20,115,2024-09-12,17.06
4426,9680,35,205,2024-03-07,29.42
4427,5423,47,281,2024-04-17,30.27
4428,8933,22,127,2024-05-04,52.31
4429,7646,26,153,2024-02-15,44.12
4430,236,33,194,2024-09-27,10.46
4431,481,20,119,2024-07-16,22.00
4432,5390,33,197,2024-08-01,28.94
4433,85,8,46,2024-07-23,12.55
4434,8173,36,213,2024-07-22,28.54
4435,6031,9,49,2024-04-03,15.56
4436,9599,2,9,2024-10-07,24.30
4437,6674,2,11,2024-12-16,29.37
4438,2875,45,269,2024-02-13,27.09
4439,4875,23,138,2024-09-30,13.88
4440,946,48,283,2024-09-08,28.59
4441,2160,2,12,2024-04-22,19.67
4442,6277,26,155,2024-02-29,26.51
4443,5579,12,70,2024-10-02,26.99
4444,8781,38,223,2024-05-05,11.14
4445,7042,35,206,2024-09-16,67.41
4446,3918,14,81,2024-02-20,23.20
4447,2014,31,186,2024-07-19,50.19
4448,3281,21,124,2024-10-14,19.22
4449,7148,5,28,2024-01-16,41.20
4450,3710,45,268,2024-06-08,24.16
4451,1894,26,153,2024-01-08,27.33
4452,1775,45,269,2024-02-09,17.68
4453,7997,1,4,2024-10-24,22.83
4454,222,41,245,2024-07-14,30.53
4455,4209,47,280,2024-11-16,19.10
4456,6472,17,97,2024-12-29,13.40
4457,3706,5,28,2024-12-15,27.61
4458,3017,3,16,2024-06-27,16.46
4459,2581,14,84,2024-02-01,33.67
4460,1439,32,190,2024-01-16,29.01
4461,5203,41,242,2024-11-15,10.99
4462,2854,26,156,2024-05-03,20.69
4463,1678,35,208,2024-02-13,29.32
4464,8990,4,22,2024-05-31,14.35
4465,1046,41,243,2024-08-02,23.01
4466,9734,9,53,2024-09-05,25.93
4467,3623,7,38,2024-01-12,17.31
4468,2836,35,210,2024-09-25,79.16
4469,9196,19,110,2024-07-19,39.42
4470,3262,3,13,2024-08-02,17.46
4471,6471,20,118,2024-06-19,28.71
4472,6142,19,114,2024-07-11,37.42
4473,8634,14,83,2024-01-04,20.49
4474,6479,11,66,2024-03-02,15.67
4475,7221,39,233,2024-06-16,14.85
4476,2464,37,220,2024-11-17,20.63
4477,6175,23,137,2024-08-16,16.75
4478,2679,15,87,2024-03-13,17.35
4479,6234,40,237,2024-01-22,12.41
4480,9621,40,235,2024-09-08,28.40
4481,6907,40,240,2024-09-24,32.39
4482,5685,36,215,2024-04-03,26.04
4483,9264,39,230,2024-03-24,10.32
4484,637,12,70,2024-08-25,21.18
4485,2497,34,201,2024-02-26,23.67
4486,6062,11,64,2024-03-27,16.25
4487,5971,42,252,2024-04-29,72.86
4488,5273,23,137,2024-04-13,39.78
4489,2802,18,105,2024-02-17,71.70
4490,4065,48,285,2024-11-04,16.63
4491,9256,2,10,2024-06-03,66.84
4492,4610,46,272,2024-04-17,20.43
4493,5417,3,16,2024-01-08,32.02
4494,6815,10,56,2024-01-31,38.72
4495,2749,42,252,2024-05-01,24.54
4496,1856,3,14,2024-12-15,18.26
4497,7007,31,185,2024-03-14,14.07
4498,5686,38,227,2024-10-11,59.26
4499,8760,32,188,2024-08-13,45.86
4500,1003,24,144,2024-07-09,20.70
4501,585,12,68,2024-01-29,53.89
4502,4946,37,219,2024-05-02,13.00
4503,6227,47,278,2024-06-24,22.87
4504,8585,6,35,2024-08-09,29.99
4505,7471,4,22,2024-03-04,20.90
4506,118,16,92,2024-11-16,13.78
4507,7935,9,49,2024-12-27,71.33
4508,7902,6,31,2024-09-11,40.82
4509,471,12,68,2024-10-15,18.74
4510,13,40,239,2024-09-18,20.17
4511,2643,1,3,2024-10-17,14.59
4512,3321,29,169,2024-03-16,25.22
4513,1211,48,285,2024-02-21,6.52
4514,4564,2,11,2024-11-03,19.69
4515,9373,34,204,2024-09-27,34.02
4516,2902,46,273,2024-11-13,45.86
4517,8168,23,136,2024-03-23,27.35
4518,7090,13,76,2024-01-21,14.09
4519,26,25,148,2024-01-03,34.11
4520,35,46,272,2024-06-08,12.22
4521,9068,33,197,2024-01-06,59.72
4522,1246,34,200,2024-10-02,22.24
4523,4816,33,195,2024-01-20,16.20
4524,4742,47,277,2024-08-04,21.94
4525,8032,49,293,2024-02-29,29.35
4526,7865,15,86,2024-03-18,41.67
4527,2493,41,241,2024-12-20,10.16
4528,5819,18,105,2024-04-29,15.10
4529,8904,50,295,2024-05-25,39.80
4530,4218,12,72,2024-02-20,38.95
4531,5388,38,223,2024-11-22,23.59
4532,3366,38,226,2024-03-28,16.31
4533,7148,17,98,2024-10-28,32.69
4534,28,25,148,2024-10-16,31.04
4535,2745,11,66,2024-02-03,19.03
4536,7325,14,80,2024-02-12,39.40
4537,2430,31,181,2024-12-09,15.64
4538,3864,6,33,2024-12-15,20.90
4539,2078,34,200,2024-03-02,26.66
4540,6888,10,57,2024-07-20,33.14
4541,7832,31,185,2024-02-04,15.85
4542,152,43,255,2024-05-21,24.68
4543,5077,14,81,2024-06-29,21.94
4544,6970,5,25,2024-12-12,5.32
4545,4576,31,181,2024-07-15,27.75
4546,1888,11,63,2024-03-12,26.52
4547,5180,16,94,2024-05-31,20.98
4548,3527,43,258,2024-06-14,29.60
4549,561,18,108,2024-07-16,28.48
4550,7792,43,254,2024-07-24,22.05
4551,373,35,205,2024-02-27,35.85
4552,2944,10,58,2024-07-21,16.34
4553,2293,1,2,2024-06-05,64.04
4554,7795,42,247,2024-01-22,53.40
4555,2889,45,269,2024-07-30,11.80
4556,8021,5,25,2024-05-12,33.00
4557,4164,20,115,2024-09-10,20.84
4558,1078,7,41,2024-04-30,25.89
4559,5377,10,58,2024-09-26,34.26
4560,276,46,272,2024-07-11,24.01
4561,8701,12,69,2024-07-19,28.87
4562,5456,6,31,2024-05-26,29.76
4563,8820,15,88,2024-11-23,19.37
4564,3795,47,281,2024-06-25,55.48
4565,5759,35,205,2024-04-10,29.00
4566,1598,25,145,2024-09-07,24.73
4567,1125,21,122,2024-01-20,9.08
4568,5142,5,29,2024-01-19,13.76
4569,4926,19,114,2024-06-28,34.78
4570,8837,17,102,2024-01-07,22.16
4571,8765,5,29,2024-03-02,36.84
4572,6635,21,123,2024-12-12,25.18
4573,7101,6,35,2024-10-12,22.38
4574,9519,20,119,2024-03-01,38.20
4575,3774,5,26,2024-05-31,29.38
4576,299,7,41,2024-04-14,23.49
4577,6302,6,31,2024-08-05,12.54
4578,7186,8,45,2024-07-06,11.46
4579,196,33,197,2024-11-10,42.94
4580,3067,50,299,2024-11-25,16.64
4581,6674,16,93,2024-02-10,29.28
4582,1301,44,263,2024-05-18,19.22
4583,3130,14,79,2024-03-16,14.96
4584,9226,25,149,2024-11-18,16.35
4585,4702,12,69,2024-03-29,37.04
4586,4943,49,292,2024-12-27,17.55
4587,9565,17,100,2024-01-05,10.38
4588,3400,33,198,2024-10-14,19.34
4589,9021,1,6,2024-06-13,26.65
4590,9642,22,128,2024-08-01,13.99
4591,8051,45,268,2024-11-28,21.77
4592,319,11,61,2024-05-17,16.56
4593,7285,35,206,2024-06-28,45.09
4594,9696,48,285,2024-09-11,38.80
4595,4459,22,127,2024-02-22,30.06
4596,1334,26,156,2024-10-17,8.33
4597,3919,47,277,2024-10-24,30.36
4598,5613,28,168,2024-06-22,13.04
4599,6804,44,260,2024-02-26,34.76
4600,4173,17,98,2024-09-07,19.81
4601,8133,8,43,2024-07-02,31.57
4602,4295,21,125,2024-06-13,35.91
4603,8382,12,71,2024-06-21,19.37
4604,9124,28,166,2024-08-19,16.01
4605,2064,11,66,2024-11-21,12.34
4606,3708,39,232,2024-01-31,29.96
4607,7496,45,269,2024-06-16,11.84
4608,3705,27,158,2024-01-09,29.26
4609,2967,19,110,2024-11-11,27.52
4610,3426,24,144,2024-07-25,21.72
4611,8210,50,299,2024-11-11,12.53
4612,3752,9,49,2024-11-07,41.86
4613,4862,15,85,2024-03-14,17.08
4614,4455,10,58,2024-07-22,51.94
4615,2951,12,67,2024-10-18,14.75
4616,8887,47,280,2024-12-13,34.58
4617,6722,9,51,2024-03-04,18.10
4618,9459,46,272,2024-04-14,8.53
4619,3068,17,102,2024-05-17,21.56
4620,2924,35,209,2024-06-13,21.43
4621,3979,28,164,2024-06-06,45.23
4622,8426,45,265,2024-06-01,22.00
4623,1114,30,180,2024-07-02,10.32
4624,5834,39,229,2024-06-13,24.33
4625,1951,46,274,2024-06-04,26.76
4626,8041,12,71,2024-07-20,16.99
4627,7273,2,11,2024-01-29,44.90
4628,1944,27,157,2024-06-18,12.91
4629,1968,32,189,2024-10-22,28.46
4630,5803,46,273,2024-06-25,33.02
4631,5613,24,139,2024-11-12,37.75
4632,3000,42,252,2024-04-09,25.10
4633,882,5,26,2024-05-12,28.30
4634,3521,5,27,2024-11-19,17.66
4635,8546,4,23,2024-08-13,25.13
4636,1294,32,188,2024-11-23,76.22
4637,5472,4,21,2024-07-10,17.36
4638,6849,35,208,2024-10-08,21.99
4639,7465,49,290,2024-11-04,31.12
4640,2917,15,87,2024-06-16,54.77
4641,2009,8,45,2024-05-29,21.64
4642,7307,43,253,2024-12-21,16.84
4643,8884,13,78,2024-01-30,10.42
4644,1263,49,294,2024-11-20,24.30
4645,2558,13,75,2024-02-25,31.52
4646,7964,32,192,2024-06-30,25.15
4647,4780,20,115,2024-11-14,22.16
4648,2884,4,24,2024-11-30,14.97
4649,6720,18,105,2024-10-04,22.83
4650,7905,17,100,2024-04-15,41.07
4651,5803,39,233,2024-03-17,32.64
4652,1452,19,114,2024-12-03,24.64
4653,4073,31,181,2024-02-06,83.76
4654,4216,47,277,2024-09-26,20.56
4655,8152,23,135,2024-09-15,16.22
4656,8580,10,55,2024-03-14,19.65
4657,704,21,121,2024-01-21,19.73
4658,7243,49,291,2024-03-19,13.80
4659,9594,15,85,2024-02-18,22.76
4660,9631,21,123,2024-12-31,25.96
4661,6670,41,244,2024-07-29,20.04
4662,4465,40,235,2024-11-10,21.28
4663,4242,21,123,2024-03-03,31.80
4664,6091,22,130,2024-02-03,50.95
4665,6498,42,248,2024-02-19,40.70
4666,131,42,250,2024-07-10,21.78
4667,9601,49,291,2024-09-21,25.94
4668,215,14,79,2024-03-24,30.98
4669,878,31,183,2024-01-10,16.56
4670,9408,14,84,2024-02-17,16.22
4671,6151,2,11,2024-12-20,25.12
4672,8955,11,62,2024-11-23,21.98
4673,4180,36,214,2024-02-19,23.00
4674,1962,2,10,2024-11-01,31.09
4675,7255,48,288,2024-06-01,25.76
4676,2461,49,294,2024-05-19,11.36
4677,4767,8,48,2024-05-31,11.07
4678,4407,41,244,2024-04-24,41.97
4679,1661,15,88,2024-07-10,19.36
4680,1150,26,155,2024-04-26,14.59
4681,6341,17,97,2024-09-01,12.60
4682,5441,36,216,2024-08-30,41.13
4683,4644,30,180,2024-03-12,24.88
4684,8319,23,136,2024-10-13,38.25
4685,5706,12,67,2024-11-05,36.12
4686,7912,44,261,2024-11-15,55.33
4687,173,45,266,2024-08-15,58.34
4688,9232,20,120,2024-05-04,29.70
4689,5215,46,276,2024-07-15,52.36
4690,9290,2,11,2024-05-19,23.97
4691,9615,29,170,2024-09-17,81.44
4692,2203,4,19,2024-04-02,6.37
4693,883,18,107,2024-12-31,14.57
4694,4963,3,16,2024-01-16,15.38
4695,2021,41,242,2024-05-21,18.78
4696,8279,7,40,2024-01-01,17.87
4697,2036,11,64,2024-01-10,16.50
4698,6858,50,295,2024-05-09,15.27
4699,2642,29,172,2024-03-09,23.18
4700,3042,49,289,2024-04-22,40.58
4701,2875,17,98,2024-02-18,8.44
4702,1865,4,20,2024-10-18,14.01
4703,216,17,99,2024-08-05,13.11
4704,5460,29,173,2024-10-09,17.11
4705,2635,46,276,2024-04-21,35.80
4706,2039,23,136,2024-05-17,15.13
4707,583,39,232,2024-02-09,34.56
4708,6089,27,158,2024-10-23,56.38
4709,3399,37,220,2024-06-25,18.34
4710,4879,15,88,2024-05-26,19.06
4711,726,14,84,2024-12-28,29.48
4712,6014,13,76,2024-03-22,40.25
4713,4430,19,114,2024-12-05,25.67
4714,3269,32,188,2024-11-01,19.91
4715,4273,50,299,2024-09-06,20.26
4716,6802,18,106,2024-09-12,23.33
4717,664,34,201,2024-06-05,13.03
4718,2368,27,161,2024-01-02,21.93
4719,4403,26,151,2024-08-23,20.20
4720,7173,50,297,2024-02-01,26.13
4721,8504,41,245,2024-03-06,23.26
4722,998,38,224,2024-08-19,29.74
4723,7562,30,179,2024-05-07,43.47
4724,6831,39,233,2024-04-19,11.03
4725,2942,1,3,2024-09-20,17.88
4726,4913,23,134,2024-02-10,21.72
4727,584,2,9,2024-08-04,12.10
4728,9393,42,250,2024-02-26,24.21
4729,3887,19,114,2024-09-13,42.66
4730,6254,30,179,2024-12-05,54.88
4731,1383,48,287,2024-05-21,31.84
4732,5176,16,93,2024-09-27,62.41
4733,5030,40,238,2024-01-12,26.44
4734,4932,30,179,2024-06-10,7.60
4735,5134,47,280,2024-10-26,6.73
4736,4670,50,296,2024-09-18,12.44
4737,9417,9,49,2024-09-03,15.76
4738,1197,2,7,2024-08-27,29.65
4739,2547,41,243,2024-01-26,59.32
4740,8965,12,69,2024-04-22,28.09
4741,2419,9,52,2024-05-19,32.51
4742,296,1,6,2024-11-09,41.60
4743,5456,34,199,2024-12-27,59.18
4744,4563,47,279,2024-03-29,19.46
4745,8736,6,36,2024-06-14,14.83
4746,8269,23,136,2024-03-20,28.92
4747,6620,37,222,2024-12-20,13.76
4748,1634,45,270,2024-04-06,25.65
4749,6548,30,179,2024-06-20,26.02
4750,7385,35,206,2024-11-08,18.28
4751,6461,40,236,2024-10-18,31.47
4752,2053,15,87,2024-09-18,26.55
4753,9029,9,52,2024-12-03,77.02
4754,6782,36,215,2024-05-31,8.09
4755,5662,22,130,2024-06-03,14.89
4756,907,19,110,2024-01-11,22.63
4757,3032,31,186,2024-05-01,33.24
4758,108,24,144,2024-09-29,45.67
4759,651,27,161,2024-08-07,22.64
4760,2519,14,79,2024-12-10,11.08
4761,4405,39,232,2024-01-15,15.15
4762,317,28,168,2024-07-31,28.62
4763,9439,15,88,2024-04-05,34.68
4764,8761,1,3,2024-09-23,45.17
4765,7209,34,201,2024-09-21,7.64
4766,2168,5,26,2024-01-06,22.95
4767,7809,5,26,2024-04-04,25.74
4768,2820,46,276,2024-08-23,28.86
4769,3228,28,168,2024-11-24,8.75
4770,9863,12,72,2024-10-11,13.96
4771,3429,43,258,2024-05-10,15.81
4772,9988,45,269,2024-06-14,93.94
4773,902,9,49,2024-08-03,9.97
4774,2025,11,64,2024-10-18,23.46
4775,8966,38,227,2024-12-11,10.83
4776,3149,1,4,2024-02-26,42.35
4777,8783,29,172,2024-07-15,29.25
4778,5930,45,270,2024-12-29,30.79
4779,1210,40,240,2024-01-13,10.80
4780,4807,37,218,2024-11-07,35.41
4781,9261,33,195,2024-05-27,31.02
4782,6436,23,138,2024-12-19,10.75
4783,916,26,153,2024-12-16,43.60
4784,2069,28,165,2024-07-05,25.55
4785,9523,3,18,2024-12-06,14.95
4786,1437,26,156,2024-07-13,22.63
4787,9007,35,210,2024-07-10,68.48
4788,9789,28,167,2024-11-25,21.14
4789,6217,18,106,2024-02-13,12.44
4790,6277,28,165,2024-03-29,19.80
4791,4653,18,104,2024-03-16,19.05
4792,7666,29,169,2024-05-13,53.26
4793,3152,34,201,2024-07-14,17.12
4794,7716,25,147,2024-02-25,13.44
4795,6337,34,201,2024-06-17,10.34
4796,2421,34,202,2024-12-16,15.67
4797,7932,26,156,2024-10-21,19.15
4798,7983,45,267,2024-12-22,14.48
4799,9429,3,16,2024-06-12,16.08
4800,9471,17,100,2024-06-03,14.15
4801,5124,9,53,2024-07-31,12.06
4802,1923,7,38,2024-06-14,34.41
4803,9038,50,298,2024-08-03,44.44
4804,1365,50,297,2024-08-25,56.87
4805,7675,4,19,2024-12-05,13.82
4806,3374,37,220,2024-04-11,12.00
4807,8662,14,81,2024-07-17,14.92
4808,814,18,108,2024-06-16,39.22
4809,2632,11,61,2024-06-14,7.98
4810,5466,41,244,2024-08-16,12.56
4811,8217,17,99,2024-02-23,22.02
4812,8211,24,144,2024-07-31,20.40
4813,7933,42,248,2024-04-27,21.82
4814,8418,14,80,2024-04-27,9.03
4815,3954,29,169,2024-09-21,8.81
4816,717,46,274,2024-03-31,11.65
4817,354,46,271,2024-08-16,16.23
4818,1357,21,123,2024-07-10,17.06
4819,2084,2,11,2024-05-13,13.44
4820,4955,11,61,2024-02-09,102.90
4821,5237,41,241,2024-05-11,23.37
4822,2170,48,283,2024-01-24,44.18
4823,5222,27,160,2024-07-15,37.97
4824,1244,45,267,2024-01-14,13.44
4825,8218,15,87,2024-01-09,10.25
4826,845,10,55,2024-07-05,17.99
4827,9385,16,91,2024-11-10,14.67
4828,9614,14,83,2024-09-12,29.63
4829,2947,49,294,2024-07-09,26.89
4830,862,23,136,2024-11-30,25.90
4831,4682,3,17,2024-02-07,27.97
4832,5218,10,56,2024-12-23,30.76
4833,6456,27,159,2024-10-10,22.49
4834,4537,30,180,2024-11-11,23.47
4835,7218,34,203,2024-06-17,27.27
4836,4621,7,42,2024-10-06,58.39
4837,3351,11,64,2024-06-16,26.74
4838,2607,12,72,2024-02-17,57.14
4839,3014,23,133,2024-01-14,33.21
4840,9344,31,181,2024-05-21,29.41
4841,1925,20,119,2024-09-08,25.05
4842,7436,37,221,2024-06-22,32.60
4843,1616,6,36,2024-03-09,18.68
4844,4107,39,232,2024-11-28,16.28
4845,2038,2,12,2024-03-21,25.60
4846,1057,27,162,2024-06-28,26.84
4847,4673,11,62,2024-07-11,43.26
4848,5576,5,27,2024-07-19,8.08
4849,236,11,62,2024-05-20,32.67
4850,5608,46,272,2024-03-24,25.38
4851,3238,25,146,2024-01-18,30.62
4852,6275,12,72,2024-11-30,25.30
4853,5568,45,267,2024-02-27,8.08
4854,5014,48,283,2024-12-30,21.63
4855,5498,22,131,2024-03-02,25.00
4856,1213,15,88,2024-08-25,27.98
4857,4374,50,300,2024-06-17,44.09
4858,7235,42,250,2024-03-31,18.99
4859,8533,9,52,2024-11-02,26.13
4860,9716,28,166,2024-09-11,16.18
4861,8168,11,63,2024-09-01,48.00
4862,9057,8,43,2024-04-01,33.78
4863,8775,37,218,2024-11-17,42.48
4864,4895,42,251,2024-05-14,29.92
4865,5000,7,39,2024-11-24,30.71
4866,488,13,75,2024-05-17,43.00
4867,2196,42,248,2024-08-05,14.18
4868,5141,34,201,2024-04-19,22.23
4869,1179,43,255,2024-04-16,13.33
4870,1914,21,125,2024-04-05,33.84
4871,5401,33,196,2024-10-04,39.51
4872,2568,29,171,2024-07-11,21.43
4873,2801,42,248,2024-05-08,10.30
4874,4784,33,195,2024-01-24,27.23
4875,4452,42,252,2024-04-12,44.30
4876,350,49,293,2024-09-18,31.96
4877,5275,28,165,2024-12-09,9.26
4878,4933,36,216,2024-05-31,16.00
4879,557,44,262,2024-01-19,29.20
4880,8203,3,18,2024-10-13,21.55
4881,8449,45,266,2024-04-25,26.11
4882,6580,27,159,2024-05-26,54.31
4883,2048,45,270,2024-04-27,40.80
4884,3177,19,112,2024-08-03,11.97
4885,1973,33,193,2024-10-20,66.37
4886,3890,32,192,2024-09-22,16.56
4887,1211,8,43,2024-11-16,25.55
4888,3666,43,253,2024-09-15,29.58
4889,1098,33,194,2024-08-31,26.60
4890,6279,49,292,2024-02-01,24.14
4891,9336,45,269,2024-08-23,26.20
4892,7517,6,31,2024-10-30,10.48
4893,1070,14,79,2024-04-15,35.46
4894,3263,33,194,2024-10-17,11.18
4895,31,17,102,2024-11-27,15.92
4896,7828,7,39,2024-05-03,12.66
4897,3691,2,8,2024-10-12,12.61
4898,2433,6,36,2024-07-14,15.74
4899,8904,48,286,2024-02-21,39.46
4900,8558,19,114,2024-11-23,45.46
4901,8365,21,123,2024-01-03,18.34
4902,7310,31,184,2024-03-10,23.60
4903,8353,50,298,2024-09-29,26.07
4904,2981,31,182,2024-06-18,11.55
4905,3563,31,184,2024-07-26,50.39
4906,8967,17,100,2024-03-23,17.53
4907,3125,10,56,2024-01-07,42.44
4908,497,2,8,2024-06-04,28.16
4909,6626,7,40,2024-01-12,19.84
4910,6308,25,147,2024-05-03,28.63
4911,7879,47,280,2024-03-16,21.38
4912,9169,46,272,2024-10-29,24.04
4913,5230,8,44,2024-06-08,12.90
4914,2904,5,28,2024-02-14,44.66
4915,1500,6,36,2024-09-11,27.73
4916,690,41,242,2024-04-09,17.68
4917,3019,11,65,2024-06-09,22.28
4918,2984,31,183,2024-03-23,36.50
4919,3739,4,20,2024-03-17,74.08
4920,4114,37,222,2024-12-06,17.64
4921,8326,47,277,2024-01-12,18.60
4922,4805,1,6,2024-06-20,37.40
4923,2070,40,238,2024-11-14,27.44
4924,87,3,13,2024-05-10,26.66
4925,6556,45,269,2024-09-17,26.16
4926,4886,6,35,2024-08-23,29.87
4927,4200,36,216,2024-06-27,32.20
4928,7831,16,95,2024-12-31,17.91
4929,8869,37,218,2024-11-13,19.64
4930,5339,26,155,2024-09-13,24.71
4931,4182,8,48,2024-05-19,25.56
4932,1417,30,180,2024-12-11,37.64
4933,3076,15,86,2024-03-28,8.35
4934,3854,46,275,2024-04-12,29.56
4935,2123,4,23,2024-05-10,15.14
4936,1039,43,257,2024-11-07,18.58
4937,6602,11,66,2024-06-01,29.55
4938,5047,35,210,2024-10-22,52.94
4939,4935,33,196,2024-03-22,26.95
4940,8802,49,292,2024-10-02,13.29
4941,8232,22,132,2024-11-05,20.09
4942,9708,26,151,2024-08-09,21.78
4943,7651,29,174,2024-08-12,65.35
4944,9541,10,58,2024-01-23,18.92
4945,1375,49,291,2024-12-14,15.18
4946,8968,1,3,2024-12-06,35.63
4947,5109,33,195,2024-11-14,24.32
4948,4126,35,210,2024-07-08,25.90
4949,9704,40,235,2024-08-31,30.47
4950,8975,22,132,2024-06-09,24.68
4951,7752,50,296,2024-06-03,21.87
4952,6303,2,9,2024-11-07,9.03
4953,4122,23,134,2024-02-17,36.61
4954,3597,5,26,2024-10-20,19.05
4955,2168,11,63,2024-04-26,32.79
4956,9649,47,281,2024-01-30,15.48
4957,1714,49,289,2024-06-19,31.55
4958,1659,47,279,2024-07-22,12.11
4959,3422,46,275,2024-09-16,27.71
4960,4475,26,151,2024-03-02,24.44
4961,4405,41,245,2024-05-03,25.02
4962,4487,33,195,2024-11-15,42.07
4963,2977,17,102,2024-05-04,41.22
4964,5332,44,264,2024-01-06,19.90
4965,8207,8,48,2024-08-18,26.69
4966,2575,2,8,2024-08-25,63.00
4967,8630,28,168,2024-07-21,25.78
4968,8675,5,26,2024-09-03,36.43
4969,5038,12,72,2024-12-12,5.69
4970,1922,6,35,2024-08-26,64.28
4971,4513,2,10,2024-09-18,18.44
4972,5396,39,232,2024-09-15,18.41
4973,8130,36,212,2024-03-21,50.86
4974,6683,21,126,2024-06-23,11.91
4975,2114,42,248,2024-03-02,32.99
4976,4745,30,180,2024-07-13,121.14
4977,5852,16,91,2024-03-16,18.19
4978,895,41,245,2024-07-05,12.99
4979,6929,49,290,2024-05-09,22.75
4980,3779,34,202,2024-02-08,16.68
4981,9064,12,70,2024-02-08,27.34
4982,8937,2,7,2024-02-08,33.89
4983,6818,12,68,2024-09-24,13.45
4984,9640,40,236,2024-10-01,6.04
4985,6989,19,110,2024-06-30,20.53
4986,402,10,59,2024-12-06,47.37
4987,7705,2,9,2024-11-01,24.22
4988,1531,16,93,2024-03-18,42.83
4989,7027,26,156,2024-09-13,31.83
4990,6405,49,292,2024-01-06,17.57
4991,6539,37,220,2024-08-14,53.76
4992,7293,23,137,2024-10-03,27.31
4993,4800,45,270,2024-08-20,27.24
4994,4701,37,222,2024-10-14,17.47
4995,4962,8,43,2024-04-11,38.54
4996,9008,41,243,2024-03-15,36.32
4997,8659,46,274,2024-10-15,35.09
4998,4423,40,237,2024-03-13,14.16
4999,4871,30,180,2024-07-31,20.39
5000,4386,9,51,2024-09-19,28.65
5001,9925,27,162,2024-12-16,22.55
5002,8696,6,35,2024-10-12,49.43
5003,1684,26,155,2024-07-27,23.29
5004,9274,9,51,2024-02-26,48.07
5005,5776,26,156,2024-07-10,52.81
5006,5231,38,228,2024-12-12,53.56
5007,7328,6,33,2024-01-04,11.45
5008,1324,17,99,2024-11-24,38.77
5009,67,42,252,2024-07-27,13.25
5010,6264,5,25,2024-02-08,33.18
5011,9038,6,32,2024-01-25,29.71
5012,8448,4,20,2024-12-09,17.98
5013,6817,45,270,2024-04-03,62.76
5014,1314,3,17,2024-09-01,22.27
5015,2359,50,297,2024-08-12,20.70
5016,3999,43,256,2024-05-05,17.39
5017,9884,19,109,2024-05-31,12.21
5018,3225,6,35,2024-07-15,24.33
5019,8372,8,46,2024-01-23,58.16
5020,6055,46,273,2024-12-04,12.79
5021,9777,29,169,2024-11-27,45.84
5022,1427,38,227,2024-04-13,22.98
5023,4740,39,234,2024-10-27,42.96
5024,670,43,255,2024-03-09,15.81
5025,9215,9,51,2024-04-14,10.95
5026,5817,49,289,2024-04-15,24.23
5027,7482,7,41,2024-01-04,19.70
5028,5283,23,133,2024-04-28,47.90
5029,2507,49,291,2024-09-19,18.50
5030,7237,23,134,2024-03-28,22.41
5031,6175,50,298,2024-02-17,31.20
5032,8724,13,75,2024-09-16,19.93
5033,2965,21,122,2024-09-24,37.22
5034,8646,34,202,2024-07-31,9.46
5035,2088,12,69,2024-02-04,35.81
5036,1691,45,265,2024-01-10,24.32
5037,2200,41,244,2024-06-23,43.77
5038,8776,42,250,2024-10-27,28.66
5039,3810,24,144,2024-08-20,8.15
5040,5059,40,235,2024-01-03,15.47
5041,3456,24,139,2024-10-31,14.26
5042,1120,41,241,2024-07-12,23.51
5043,262,50,298,2024-02-11,15.67
5044,8283,30,176,2024-09-19,20.88
5045,6071,18,105,2024-08-24,19.79
5046,3279,26,156,2024-07-02,31.59
5047,2556,30,178,2024-03-22,26.97
5048,4703,33,193,2024-11-23,24.03
5049,8081,32,190,2024-06-23,34.72
5050,8100,13,74,2024-07-26,31.34
5051,4230,45,270,2024-12-11,20.96
5052,2634,3,15,2024-03-13,86.85
5053,4777,19,109,2024-08-05,24.02
5054,545,1,5,2024-11-21,15.01
5055,5561,7,38,2024-07-12,27.30
5056,5848,22,131,2024-01-21,24.23
5057,8017,3,13,2024-01-14,11.51
5058,471,13,76,2024-06-29,22.92
5059,9009,33,193,2024-06-14,44.48
5060,5456,45,266,2024-11-01,28.08
5061,6231,30,180,2024-10-27,17.64
5062,1109,42,247,2024-07-10,13.17
5063,9799,10,55,2024-03-14,9.37
5064,9188,29,173,2024-07-24,15.69
5065,4710,22,129,2024-04-24,57.62
5066,8136,6,31,2024-05-17,11.54
5067,6451,12,69,2024-08-07,10.84
5068,1520,49,294,2024-06-25,25.94
5069,9450,14,80,2024-03-30,37.27
5070,685,23,136,2024-01-15,30.32
5071,4259,21,126,2024-05-19,38.25
5072,6394,40,235,2024-03-01,34.53
5073,4599,36,214,2024-08-27,15.01
5074,227,38,227,2024-12-29,8.89
5075,6641,9,52,2024-11-28,23.79
5076,5261,42,252,2024-08-09,24.24
5077,9294,19,109,2024-07-31,22.00
5078,2470,26,154,2024-01-11,11.76
5079,4073,45,265,2024-04-29,50.87
5080,4470,9,54,2024-10-24,32.84
5081,2214,8,48,2024-09-13,88.77
5082,1235,41,242,2024-09-20,18.11
5083,254,37,219,2024-10-23,27.75
5084,9620,8,47,2024-10-22,26.26
5085,4790,29,173,2024-07-05,21.38
5086,6721,34,202,2024-09-21,15.46
5087,2370,4,20,2024-11-29,26.17
5088,4445,16,94,2024-03-01,31.15
5089,5079,32,191,2024-08-09,35.87
5090,6394,20,115,2024-09-25,36.16
5091,5044,25,145,2024-08-16,19.60
5092,4301,27,157,2024-03-24,32.86
5093,524,48,283,2024-08-04,19.59
5094,7243,38,227,2024-07-21,15.60
5095,8229,20,117,2024-03-25,23.89
5096,8031,31,183,2024-04-09,19.60
5097,4340,19,114,2024-09-26,32.03
5098,2837,17,97,2024-09-23,15.88
5099,6804,14,81,2024-03-26,41.96
5100,1065,41,246,2024-06-16,56.86
5101,1318,47,278,2024-03-31,29.01
5102,8086,30,176,2024-05-14,22.32
5103,5489,38,228,2024-05-18,65.64
5104,9832,42,247,2024-12-16,25.52
5105,9819,34,203,2024-05-05,31.02
5106,7459,6,33,2024-02-16,18.31
5107,4836,35,207,2024-06-13,27.07
5108,5192,45,268,2024-09-14,31.54
5109,7426,27,158,2024-03-20,13.44
5110,8549,34,204,2024-06-09,24.63
5111,201,42,252,2024-10-07,19.71
5112,5767,42,252,2024-01-08,29.02
5113,6796,46,274,2024-08-10,20.26
5114,1051,23,137,2024-04-24,52.00
5115,2318,1,6,2024-08-02,47.74
5116,9597,35,206,2024-10-29,19.45
5117,5519,13,74,2024-08-12,24.42
5118,2053,49,290,2024-02-10,33.41
5119,9175,27,161,2024-01-11,15.84
5120,2593,32,189,2024-04-22,19.76
5121,9707,17,97,2024-05-01,9.32
5122,9909,3,17,2024-11-21,27.13
5123,1525,28,163,2024-12-20,19.42
5124,1830,38,227,2024-10-10,33.25
5125,6597,9,50,2024-03-04,25.18
5126,9118,20,117,2024-12-16,26.51
5127,3164,11,64,2024-04-26,12.23
5128,4988,27,161,2024-04-08,53.99
5129,2019,23,136,2024-05-03,26.94
5130,4293,44,262,2024-08-19,43.95
5131,3910,30,176,2024-04-27,26.36
5132,6243,27,158,2024-08-02,22.84
5133,3908,3,14,2024-02-09,15.79
5134,5675,38,227,2024-11-25,12.11
5135,9956,14,81,2024-11-25,33.06
5136,3553,33,194,2024-04-17,56.55
5137,2135,28,165,2024-11-06,18.91
5138,2969,34,200,2024-04-19,14.63
5139,6344,25,145,2024-03-07,29.60
5140,9246,9,50,2024-11-25,23.32
5141,115,29,173,2024-02-03,30.46
5142,6486,18,107,2024-08-14,26.40
5143,6211,16,96,2024-12-16,27.54
5144,8083,37,220,2024-12-16,23.64
5145,5924,30,179,2024-06-29,28.73
5146,6567,47,277,2024-09-24,25.50
5147,3259,10,59,2024-01-01,28.03
5148,5199,21,126,2024-04-18,48.00
5149,8051,18,104,2024-03-08,26.02
5150,9282,30,175,2024-02-16,25.36
5151,750,42,247,2024-01-05,9.91
5152,9678,42,252,2024-03-18,18.16
5153,8717,33,198,2024-11-06,9.04
5154,2896,13,75,2024-04-08,23.86
5155,4742,38,227,2024-05-13,58.13
5156,386,37,219,2024-04-06,26.41
5157,6590,46,273,2024-03-25,25.54
5158,1605,11,62,2024-11-08,27.71
5159,5503,48,288,2024-06-02,11.10
5160,7345,1,6,2024-05-30,29.56
5161,2680,38,225,2024-08-09,15.68
5162,8396,42,248,2024-04-16,17.89
5163,621,44,262,2024-09-14,32.40
5164,5346,7,41,2024-07-07,37.54
5165,5099,5,28,2024-10-31,18.44
5166,6927,18,104,2024-12-06,12.23
5167,701,10,58,2024-03-14,57.04
5168,1821,42,252,2024-04-30,34.38
5169,4084,20,118,2024-12-28,19.27
5170,8367,2,12,2024-10-14,26.08
5171,6331,27,158,2024-05-01,39.72
5172,2244,13,77,2024-11-21,14.22
5173,7471,11,65,2024-05-14,9.00
5174,6170,30,176,2024-03-17,10.97
5175,6181,37,219,2024-09-05,31.15
5176,1817,41,245,2024-10-04,38.97
5177,188,27,157,2024-11-11,31.55
5178,8172,6,34,2024-10-03,30.66
5179,6204,1,3,2024-01-31,22.36
5180,312,24,140,2024-06-28,16.33
5181,8646,10,60,2024-07-20,19.28
5182,8021,11,66,2024-10-20,27.26
5183,313,37,219,2024-03-02,31.72
5184,2388,15,87,2024-12-02,17.05
5185,3865,1,2,2024-05-25,30.36
5186,470,10,59,2024-12-14,40.42
5187,461,25,148,2024-11-07,23.17
5188,4708,47,277,2024-07-13,27.69
5189,8385,47,278,2024-07-05,58.02
5190,331,15,86,2024-09-29,10.14
5191,5005,40,239,2024-07-26,20.27
5192,46,40,238,2024-11-28,38.95
5193,6982,44,261,2024-02-02,7.16
5194,2986,43,256,2024-12-11,29.85
5195,9782,43,256,2024-05-07,75.17
5196,4047,40,238,2024-07-15,26.98
5197,7135,22,132,2024-04-14,19.36
5198,5953,13,78,2024-10-08,20.76
5199,8290,21,124,2024-06-09,23.17
5200,5113,40,236,2024-12-30,24.10
5201,1042,11,64,2024-05-24,14.16
5202,3574,41,244,2024-06-22,27.94
5203,2974,17,102,2024-03-27,66.65
5204,9618,2,7,2024-05-02,15.49
5205,772,7,37,2024-03-07,6.63
5206,6689,26,153,2024-07-31,42.06
5207,147,13,76,2024-11-07,19.70
5208,9551,12,68,2024-07-19,16.97
5209,8645,22,130,2024-11-14,73.42
5210,3148,26,154,2024-05-23,15.98
5211,4603,3,13,2024-12-14,24.70
5212,1472,22,130,2024-12-18,56.36
5213,6010,1,2,2024-10-04,16.73
5214,7824,32,191,2024-01-27,15.00
5215,7749,25,147,2024-07-24,31.27
5216,5735,20,120,2024-09-02,14.86
5217,1319,45,270,2024-09-18,34.79
5218,8401,50,299,2024-10-27,27.17
5219,9080,49,293,2024-05-02,16.44
5220,1801,50,295,2024-11-24,15.48
5221,7914,40,236,2024-06-07,13.04
5222,5665,38,227,2024-10-31,18.35
5223,7137,45,270,2024-03-07,11.81
5224,9430,38,228,2024-02-22,28.42
5225,9713,31,182,2024-09-02,18.18
5226,6424,11,63,2024-05-01,21.32
5227,7215,4,21,2024-05-07,15.29
5228,2222,29,171,2024-04-11,51.51
5229,1132,17,100,2024-03-14,18.90
5230,9316,18,104,2024-05-16,23.44
5231,4879,34,199,2024-04-13,15.40
5232,8350,6,33,2024-04-28,40.42
5233,3810,10,57,2024-08-10,28.36
5234,8283,14,84,2024-01-26,28.66
5235,587,19,111,2024-02-13,40.19
5236,2992,49,294,2024-04-10,17.05
5237,6342,11,64,2024-10-30,27.96
5238,308,19,109,2024-06-03,57.85
5239,5382,6,33,2024-08-25,22.15
5240,4614,20,118,2024-08-09,34.58
5241,5710,17,102,2024-03-12,52.16
5242,2589,9,51,2024-06-13,28.03
5243,6348,2,8,2024-12-26,16.75
5244,778,41,241,2024-01-25,25.76
5245,9488,3,17,2024-07-27,14.71
5246,9472,14,81,2024-08-15,38.66
5247,7671,49,292,2024-06-03,26.77
5248,5253,13,77,2024-06-23,43.15
5249,9178,27,157,2024-02-28,12.95
5250,4504,28,163,2024-07-18,57.64
5251,8860,18,108,2024-02-25,20.44
5252,6362,24,141,2024-10-04,89.40
5253,9181,31,184,2024-06-06,25.11
5254,4019,50,298,2024-12-29,13.77
5255,3099,37,219,2024-08-19,18.14
5256,7368,34,200,2024-10-09,22.75
5257,8908,17,97,2024-11-19,13.95
5258,8184,50,300,2024-03-17,43.78
5259,6641,25,147,2024-07-01,26.77
5260,870,31,184,2024-12-29,7.35
5261,6729,7,37,2024-10-29,22.45
5262,7511,44,259,2024-11-08,21.38
5263,6456,45,266,2024-05-23,16.79
5264,5488,10,55,2024-01-04,60.03
5265,1711,22,128,2024-07-30,43.38
5266,3315,27,159,2024-05-08,30.26
5267,1078,18,108,2024-10-29,24.16
5268,9432,3,13,2024-02-06,80.18
5269,549,5,26,2024-07-12,24.52
5270,6795,41,243,2024-03-20,104.52
5271,2143,34,201,2024-02-22,28.73
5272,378,1,5,2024-08-10,7.78
5273,6044,39,230,2024-03-25,28.40
5274,5005,40,236,2024-03-11,15.44
5275,5046,20,117,2024-10-14,21.54
5276,1082,2,11,2024-03-06,39.98
5277,9713,19,112,2024-09-23,25.05
5278,1645,22,131,2024-10-20,20.85
5279,2365,37,221,2024-04-30,19.35
5280,9247,46,272,2024-06-08,31.06
5281,1916,46,274,2024-09-16,34.98
5282,980,50,296,2024-04-23,17.35
5283,1992,14,82,2024-07-22,14.36
5284,2564,21,124,2024-12-03,20.00
5285,2668,11,66,2024-01-13,29.13
5286,6339,2,9,2024-10-30,14.64
5287,254,39,234,2024-01-05,29.02
5288,9620,34,199,2024-01-08,17.25
5289,2108,12,71,2024-12-24,36.14
5290,882,36,213,2024-05-30,12.40
5291,3807,18,106,2024-03-18,19.10
5292,4424,12,67,2024-01-31,31.89
5293,9447,36,215,2024-06-30,11.69
5294,6246,19,110,2024-01-15,10.28
5295,8246,36,214,2024-07-11,14.98
5296,7099,34,203,2024-03-06,36.97
5297,8905,23,138,2024-06-10,10.32
5298,4096,48,283,2024-01-01,68.67
5299,989,20,115,2024-04-22,24.46
5300,8948,9,50,2024-02-13,26.41
5301,9618,21,126,2024-05-23,15.23
5302,3636,39,231,2024-09-23,28.20
5303,4365,21,123,2024-10-08,54.70
5304,6813,33,196,2024-02-26,30.90
5305,5936,48,284,2024-09-26,49.02
5306,2970,31,181,2024-06-05,25.23
5307,6017,37,221,2024-04-10,10.64
5308,5846,49,289,2024-09-05,35.44
5309,7916,11,64,2024-02-16,88.38
5310,1360,32,190,2024-12-08,23.97
5311,5030,42,250,2024-12-26,18.08
5312,258,31,183,2024-07-26,16.31
5313,3553,18,106,2024-07-26,54.54
5314,4373,41,246,2024-02-17,12.89
5315,5446,38,224,2024-03-11,29.91
5316,2556,43,253,2024-11-27,21.37
5317,1432,16,94,2024-10-22,8.23
5318,4463,34,200,2024-08-11,20.23
5319,5202,6,32,2024-02-03,31.95
5320,2976,17,101,2024-01-22,29.89
5321,8770,38,228,2024-10-09,34.56
5322,5080,1,5,2024-12-08,23.29
5323,69,41,241,2024-06-04,12.05
5324,771,1,6,2024-06-10,21.53
5325,8904,32,187,2024-07-25,30.82
5326,8440,49,291,2024-02-27,24.18
5327,1998,7,40,2024-12-31,16.83
5328,3923,12,71,2024-08-28,21.15
5329,894,14,81,2024-04-30,17.83
5330,5628,47,279,2024-11-14,51.97
5331,8509,43,254,2024-08-13,22.51
5332,4824,1,3,2024-02-04,28.66
5333,9798,36,215,2024-10-20,30.14
5334,3414,41,246,2024-04-21,13.28
5335,9587,9,53,2024-08-12,29.29
5336,8307,47,280,2024-08-28,68.42
5337,477,44,263,2024-02-23,7.61
5338,7997,44,260,2024-02-11,36.71
5339,4819,10,55,2024-12-02,13.26
5340,177,7,38,2024-07-26,28.12
5341,1388,41,246,2024-03-14,11.65
5342,4886,21,123,2024-08-26,25.99
5343,4924,11,63,2024-08-08,26.14
5344,9098,27,158,2024-05-27,21.58
5345,7319,48,285,2024-08-19,25.91
5346,2046,17,99,2024-02-25,63.19
5347,3611,27,158,2024-10-04,18.69
5348,4627,7,39,2024-05-29,17.22
5349,372,8,43,2024-10-18,16.36
5350,2311,28,165,2024-07-29,25.98
5351,1441,22,128,2024-04-15,18.73
5352,2838,32,188,2024-05-12,25.27
5353,2763,38,226,2024-08-30,27.25
5354,6857,18,106,2024-02-19,34.05
5355,1165,30,178,2024-02-12,7.68
5356,7748,42,251,2024-08-29,47.51
5357,5588,9,53,2024-02-08,16.14
5358,491,2,11,2024-06-11,24.44
5359,8995,18,103,2024-03-25,42.55
5360,9670,3,17,2024-06-09,22.85
5361,7684,47,282,2024-06-07,11.12
5362,8231,50,300,2024-03-07,9.83
5363,7759,29,174,2024-05-10,10.23
5364,4353,26,151,2024-08-19,25.75
5365,442,18,105,2024-09-20,52.14
5366,2922,48,284,2024-12-05,56.79
5367,3971,47,278,2024-07-31,23.82
5368,1909,20,115,2024-06-07,25.33
5369,1018,12,67,2024-12-04,30.88
5370,431,41,245,2024-03-10,43.50
5371,2471,15,90,2024-03-16,10.76
5372,786,6,35,2024-11-13,25.42
5373,1479,29,169,2024-11-15,20.49
5374,8560,30,177,2024-06-14,27.56
5375,5514,3,17,2024-09-10,19.01
5376,769,47,282,2024-09-30,13.48
5377,7315,31,184,2024-01-08,16.85
5378,2125,31,184,2024-07-15,16.59
5379,6310,27,160,2024-07-20,20.41
5380,1940,34,201,2024-09-27,15.59
5381,2314,9,53,2024-08-24,31.77
5382,2743,8,45,2024-03-14,22.15
5383,4770,34,204,2024-02-05,20.95
5384,5262,8,46,2024-04-08,27.64
5385,4508,15,89,2024-06-08,49.33
5386,2659,48,285,2024-07-20,21.44
5387,3670,13,75,2024-10-16,15.55
5388,5626,48,284,2024-08-22,21.62
5389,4940,23,134,2024-04-26,63.98
5390,2119,35,208,2024-03-06,16.32
5391,9167,6,33,2024-03-21,47.87
5392,6258,4,20,2024-02-06,16.59
5393,4696,49,294,2024-08-09,26.16
5394,3471,49,291,2024-11-06,12.03
5395,1027,13,75,2024-05-11,48.64
5396,5327,2,7,2024-04-05,27.02
5397,6376,16,94,2024-07-29,14.84
5398,7796,49,289,2024-01-02,28.11
5399,5336,40,238,2024-03-15,29.38
5400,3159,47,279,2024-10-31,23.80
5401,5841,19,109,2024-05-23,26.88
5402,5156,49,290,2024-06-10,35.17
5403,7571,24,141,2024-04-20,18.77
5404,4789,9,52,2024-07-20,44.31
5405,156,25,149,2024-11-06,35.26
5406,2136,1,4,2024-12-27,8.81
5407,265,26,153,2024-09-28,13.31
5408,7630,9,49,2024-08-27,24.31
5409,564,24,142,2024-11-08,17.15
5410,4160,17,100,2024-04-15,31.34
5411,6624,45,269,2024-05-15,25.78
5412,5098,11,63,2024-11-28,26.64
5413,3981,27,161,2024-07-20,12.50
5414,5618,22,128,2024-06-02,33.98
5415,7023,13,73,2024-07-03,43.56
5416,3487,17,100,2024-03-01,16.88
5417,1835,48,283,2024-09-07,47.48
5418,450,7,39,2024-09-29,7.28
5419,8497,36,215,2024-03-26,21.30
5420,6115,34,202,2024-12-10,37.99
5421,4243,23,138,2024-03-22,19.36
5422,1869,20,119,2024-12-24,17.22
5423,5047,41,244,2024-01-14,25.20
5424,1508,48,284,2024-05-28,37.87
5425,5391,12,72,2024-06-18,45.42
5426,9614,49,291,2024-08-07,20.99
5427,2507,28,163,2024-03-26,10.73
5428,7697,32,190,2024-01-27,18.75
5429,2771,22,131,2024-02-02,89.15
5430,5201,2,10,2024-11-15,32.32
5431,2494,4,23,2024-12-25,10.64
5432,9447,33,193,2024-10-08,19.72
5433,1481,40,235,2024-12-17,19.35
5434,2607,10,59,2024-01-07,11.87
5435,8241,37,217,2024-02-22,8.81
5436,8421,48,283,2024-04-06,77.18
5437,6495,31,181,2024-04-02,34.60
5438,8727,24,143,2024-08-23,17.82
5439,3574,9,49,2024-06-30,57.18
5440,4819,38,223,2024-08-22,9.91
5441,7024,44,263,2024-10-10,24.38
5442,8487,28,166,2024-03-04,74.10
5443,9177,11,62,2024-08-05,13.02
5444,1984,50,295,2024-03-04,29.75
5445,5445,43,258,2024-04-27,41.91
5446,4851,38,225,2024-05-15,28.74
5447,7378,26,151,2024-12-20,21.20
5448,3680,46,272,2024-12-01,32.73
5449,6795,15,85,2024-09-21,55.43
5450,4475,40,238,2024-05-12,71.26
5451,8223,15,88,2024-03-14,27.56
5452,4859,8,48,2024-02-22,30.14
5453,1669,32,188,2024-06-20,18.41
5454,9017,35,205,2024-01-11,21.77
5455,7913,4,22,2024-02-24,25.15
5456,1455,26,153,2024-01-18,38.32
5457,8437,39,230,2024-03-31,41.55
5458,6869,35,209,2024-07-05,17.75
5459,9267,35,208,2024-10-08,14.32
5460,5104,50,300,2024-02-19,30.23
5461,7671,11,65,2024-10-04,37.04
5462,1521,3,14,2024-12-23,41.99
5463,8437,16,96,2024-05-16,48.34
5464,3005,46,274,2024-08-08,33.56
5465,3971,35,208,2024-02-14,12.16
5466,6099,1,5,2024-01-04,17.05
5467,1608,8,45,2024-01-30,42.10
5468,7813,18,105,2024-06-03,52.10
5469,5775,33,196,2024-09-14,90.93
5470,1625,8,46,2024-05-14,32.07
5471,6162,9,53,2024-03-14,13.48
5472,7065,15,89,2024-06-13,31.15
5473,4263,38,227,2024-12-05,52.22
5474,5129,34,199,2024-03-02,25.24
5475,1549,44,264,2024-03-29,18.14
5476,7419,29,172,2024-12-09,38.48
5477,8291,22,127,2024-05-29,16.50
5478,473,10,58,2024-01-02,13.45
5479,8221,31,183,2024-05-19,30.50
5480,1881,11,65,2024-10-14,21.53
5481,3014,32,188,2024-08-21,8.99
5482,2003,32,187,2024-07-16,34.05
5483,6549,42,247,2024-04-13,44.83
5484,6650,29,174,2024-01-09,40.94
5485,3130,15,87,2024-04-11,28.94
5486,8389,26,151,2024-03-10,21.52
5487,6940,45,265,2024-10-10,16.83
5488,8722,6,32,2024-02-18,47.75
5489,754,10,56,2024-05-05,17.71
5490,3845,36,215,2024-03-28,28.10
5491,6436,7,39,2024-01-03,29.80
5492,3726,46,271,2024-04-18,25.09
5493,4923,14,79,2024-11-28,22.08
5494,8628,16,93,2024-06-10,15.39
5495,5873,12,68,2024-05-16,15.77
5496,3582,38,223,2024-11-24,19.98
5497,4632,17,101,2024-08-17,16.96
5498,4091,45,269,2024-12-20,69.84
5499,1893,17,99,2024-04-25,59.04
5500,1201,35,207,2024-05-29,92.96
5501,6304,30,178,2024-06-25,65.42
5502,3838,19,110,2024-11-15,41.95
5503,5837,10,55,2024-09-16,18.40
5504,8380,19,112,2024-04-23,6.35
5505,8167,16,96,2024-05-15,17.11
5506,4384,23,135,2024-06-03,30.10
5507,3779,2,7,2024-05-04,25.54
5508,3960,25,150,2024-07-21,12.95
5509,3004,9,49,2024-10-22,30.95
5510,4355,21,123,2024-07-02,6.56
5511,42,44,263,2024-02-07,15.76
5512,4400,25,150,2024-12-11,26.65
5513,3966,26,151,2024-07-26,48.74
5514,8380,19,111,2024-11-15,15.13
5515,5631,32,189,2024-07-03,26.31
5516,8958,11,62,2024-11-21,28.20
5517,332,32,189,2024-05-22,39.57
5518,6910,30,180,2024-03-25,6.53
5519,6811,48,283,2024-08-23,30.98
5520,7553,45,268,2024-08-18,51.36
5521,1378,22,128,2024-01-30,33.66
5522,6431,21,123,2024-08-16,30.38
5523,3628,35,210,2024-07-10,11.50
5524,7525,14,82,2024-09-29,40.33
5525,8767,12,67,2024-07-22,26.12
5526,6330,5,27,2024-11-12,13.97
5527,8979,20,119,2024-12-23,29.30
5528,9020,18,104,2024-09-16,20.58
5529,2745,20,119,2024-04-20,21.86
5530,6500,48,285,2024-03-27,23.39
5531,1322,35,205,2024-10-14,10.39
5532,8006,38,224,2024-05-10,37.52
5533,5712,19,109,2024-05-06,52.90
5534,46,30,179,2024-07-05,27.94
5535,2125,32,188,2024-02-03,29.00
5536,8977,37,218,2024-02-09,18.48
5537,4807,37,220,2024-08-23,47.50
5538,9387,40,239,2024-02-22,23.14
5539,282,23,136,2024-08-10,22.59
5540,389,17,100,2024-02-02,32.73
5541,9021,50,300,2024-12-01,19.41
5542,2811,14,84,2024-04-01,43.93
5543,3766,12,68,2024-07-03,24.85
5544,2222,48,288,2024-09-09,9.60
5545,170,14,81,2024-07-09,8.66
5546,2234,50,296,2024-06-12,25.63
5547,2084,19,114,2024-09-18,16.41
5548,7547,25,146,2024-11-15,18.83
5549,158,50,298,2024-07-19,18.67
5550,8104,9,53,2024-08-15,24.25
5551,4442,26,151,2024-04-10,39.14
5552,9630,31,184,2024-07-26,29.05
5553,2703,39,234,2024-01-05,30.31
5554,5664,50,299,2024-04-18,26.06
5555,799,27,161,2024-11-08,64.06
5556,5797,19,109,2024-06-07,9.96
5557,9746,41,245,2024-09-06,22.04
5558,8965,26,155,2024-06-15,21.51
5559,8997,4,24,2024-09-15,13.73
5560,7459,10,57,2024-01-12,51.12
5561,3,33,198,2024-11-19,29.74
5562,9456,13,77,2024-08-02,62.50
5563,9092,17,100,2024-02-03,63.74
5564,1224,39,231,2024-01-03,42.95
5565,6695,30,180,2024-08-29,29.24
5566,3597,34,203,2024-08-28,75.98
5567,558,2,11,2024-01-07,56.20
5568,816,31,186,2024-12-07,37.13
5569,9281,47,282,2024-11-21,19.30
5570,666,50,297,2024-01-01,8.72
5571,8307,28,165,2024-11-25,18.35
5572,7594,40,235,2024-01-25,65.33
5573,7740,32,191,2024-11-17,18.48
5574,4073,43,257,2024-02-01,42.61
5575,7263,25,150,2024-08-24,13.62
5576,24,9,52,2024-10-12,23.52
5577,5478,4,19,2024-10-04,11.43
5578,5416,3,16,2024-03-18,10.82
5579,2039,13,77,2024-02-12,43.32
5580,2801,4,22,2024-11-26,25.06
5581,3480,20,116,2024-03-09,20.50
5582,8339,46,272,2024-09-26,25.30
5583,6951,50,300,2024-12-23,40.74
5584,7161,19,109,2024-11-24,30.53
5585,4646,35,210,2024-10-09,58.51
5586,4340,47,281,2024-01-12,10.54
5587,674,45,266,2024-01-03,60.64
5588,3404,36,211,2024-07-16,66.04
5589,8886,32,192,2024-09-21,46.48
5590,2800,31,185,2024-12-15,20.71
5591,2600,33,193,2024-05-13,13.98
5592,2097,10,57,2024-09-25,34.41
5593,282,44,259,2024-09-25,66.19
5594,8128,17,101,2024-07-15,14.22
5595,696,15,89,2024-06-10,16.78
5596,6350,27,157,2024-09-25,19.24
5597,1955,19,110,2024-04-29,19.72
5598,6323,38,227,2024-12-17,30.23
5599,423,40,237,2024-06-16,63.27
5600,5570,2,10,2024-11-21,63.20
5601,8145,48,288,2024-08-30,51.55
5602,6668,28,166,2024-10-09,14.22
5603,2595,36,214,2024-10-04,16.26
5604,4559,12,70,2024-06-11,11.82
5605,9652,8,46,2024-02-04,29.53
5606,5908,9,52,2024-05-15,20.32
5607,6404,36,212,2024-07-24,33.18
5608,8435,9,50,2024-01-11,39.00
5609,2607,38,223,2024-04-09,38.56
5610,74,5,30,2024-03-01,28.62
5611,1818,1,6,2024-10-19,25.02
5612,4618,8,44,2024-07-20,62.66
5613,8350,30,179,2024-11-30,9.59
5614,859,37,217,2024-01-16,11.07
5615,9620,37,219,2024-02-25,19.34
5616,320,17,99,2024-11-23,15.04
5617,9662,6,33,2024-09-15,50.60
5618,1594,15,87,2024-04-02,37.36
5619,1001,26,152,2024-11-26,60.45
5620,533,50,295,2024-07-27,37.91
5621,9772,18,103,2024-05-20,11.76
5622,6636,44,260,2024-01-14,16.80
5623,6996,39,232,2024-07-11,24.76
5624,9658,43,254,2024-01-26,28.13
5625,2304,28,168,2024-01-27,16.86
5626,2577,32,189,2024-12-19,84.61
5627,6464,31,184,2024-06-22,18.81
5628,8988,50,297,2024-06-11,12.16
5629,2271,16,94,2024-08-07,36.16
5630,5523,3,15,2024-12-24,28.76
5631,8936,17,101,2024-08-07,24.54
5632,6686,18,104,2024-02-10,11.39
5633,6511,42,249,2024-06-28,31.98
5634,8771,43,253,2024-04-08,38.58
5635,2180,34,204,2024-02-19,14.78
5636,1223,14,84,2024-07-14,27.18
5637,6893,48,287,2024-02-22,12.80
5638,3314,47,280,2024-11-11,10.80
5639,5933,16,91,2024-05-07,14.56
5640,7078,9,52,2024-04-01,24.89
5641,6602,25,148,2024-04-22,34.21
5642,6959,11,64,2024-07-11,24.66
5643,3970,37,218,2024-02-16,67.98
5644,8285,29,172,2024-09-11,24.02
5645,3074,37,220,2024-04-20,13.75
5646,6098,10,58,2024-09-12,13.32
5647,4998,2,12,2024-07-02,34.60
5648,278,41,244,2024-11-19,10.05
5649,6121,22,131,2024-09-12,61.03
5650,4044,12,70,2024-03-06,41.10
5651,6062,25,147,2024-01-14,15.21
5652,2522,6,34,2024-08-28,13.63
5653,3961,4,21,2024-05-11,23.31
5654,2864,48,286,2024-11-07,18.28
5655,7146,3,15,2024-02-18,37.04
5656,8723,27,161,2024-01-28,12.41
5657,3913,47,279,2024-11-01,35.66
5658,2002,39,230,2024-06-30,12.93
5659,6488,21,121,2024-02-29,13.18
5660,6324,14,80,2024-08-01,11.68
5661,736,3,15,2024-02-15,24.50
5662,3429,2,8,2024-11-16,38.14
5663,4906,32,190,2024-02-21,20.50
5664,9380,36,213,2024-03-28,19.39
5665,4403,18,105,2024-02-09,20.00
5666,2124,23,138,2024-12-15,18.98
5667,7593,40,235,2024-11-02,30.16
5668,2234,12,68,2024-03-06,29.49
5669,3272,19,110,2024-06-19,14.41
5670,9228,12,71,2024-11-23,92.11
5671,8398,27,162,2024-05-31,29.38
5672,8912,30,176,2024-11-24,23.42
5673,7419,6,33,2024-06-01,14.96
5674,3969,12,68,2024-12-06,61.65
5675,7424,4,22,2024-09-03,43.28
5676,1611,14,81,2024-11-29,62.88
5677,8649,33,198,2024-12-24,76.09
5678,3406,48,288,2024-10-24,12.66
5679,4275,46,275,2024-10-29,12.47
5680,4635,6,33,2024-07-15,10.41
5681,4757,2,9,2024-10-12,23.30
5682,3641,12,67,2024-04-14,26.97
5683,6043,18,108,2024-03-18,18.86
5684,8545,11,64,2024-11-20,29.45
5685,6198,2,7,2024-07-11,37.81
5686,7763,33,193,2024-11-11,17.49
5687,1354,13,74,2024-03-26,63.64
5688,2558,28,168,2024-07-17,8.21
5689,8498,21,126,2024-08-27,22.70
5690,6400,32,187,2024-03-28,15.07
5691,7895,12,69,2024-07-01,59.06
5692,9108,45,268,2024-05-13,44.15
5693,9263,31,181,2024-11-11,25.34
5694,623,38,224,2024-09-23,16.13
5695,2096,50,295,2024-01-09,52.65
5696,440,15,86,2024-01-16,8.01
5697,4636,33,197,2024-07-13,59.37
5698,4926,2,9,2024-08-28,20.63
5699,7718,39,234,2024-08-25,30.73
5700,1596,7,37,2024-08-27,17.98
5701,4690,33,195,2024-08-01,20.02
5702,8924,48,284,2024-09-03,33.52
5703,536,20,120,2024-05-19,32.68
5704,2761,20,117,2024-05-27,11.67
5705,2893,16,92,2024-05-08,21.50
5706,9842,6,31,2024-04-02,23.35
5707,3667,21,126,2024-02-08,43.00
5708,19,34,204,2024-07-14,18.89
5709,2054,40,236,2024-12-10,20.17
5710,4726,16,96,2024-02-22,18.74
5711,3872,41,242,2024-03-27,17.81
5712,9343,17,97,2024-02-24,31.70
5713,2547,12,71,2024-05-25,40.76
5714,3378,26,154,2024-08-29,11.27
5715,8036,26,155,2024-08-23,15.90
5716,7975,4,20,2024-08-18,63.66
5717,4493,16,92,2024-05-26,17.53
5718,8641,18,108,2024-02-05,66.15
5719,6331,33,195,2024-11-07,41.13
5720,133,30,178,2024-02-15,12.63
5721,3640,25,147,2024-06-07,10.45
5722,4107,43,255,2024-11-02,13.42
5723,7902,40,236,2024-08-29,13.09
5724,5392,48,285,2024-06-10,26.36
5725,1542,4,23,2024-02-01,31.59
5726,9226,47,277,2024-06-16,27.32
5727,3055,14,81,2024-09-12,32.94
5728,9001,11,64,2024-06-22,9.04
5729,849,50,300,2024-02-01,19.36
5730,4469,46,275,2024-01-16,19.28
5731,4327,19,112,2024-08-17,19.87
5732,9611,36,215,2024-06-27,15.99
5733,6376,28,168,2024-04-06,33.86
5734,4737,18,104,2024-03-07,52.38
5735,126,14,84,2024-12-15,27.74
5736,4367,46,274,2024-07-19,14.23
5737,6097,35,208,2024-08-11,26.27
5738,5436,44,263,2024-06-25,7.05
5739,818,18,104,2024-09-22,18.86
5740,6961,26,155,2024-06-21,18.39
5741,9501,34,199,2024-06-12,20.58
5742,4928,27,158,2024-08-13,28.62
5743,9331,7,37,2024-02-25,33.12
5744,9072,48,285,2024-12-24,37.94
5745,3571,50,299,2024-12-11,39.12
5746,2424,19,110,2024-04-04,22.43
5747,5096,41,246,2024-04-06,19.78
5748,6406,33,196,2024-05-28,76.09
5749,215,33,194,2024-06-15,36.83
5750,3266,48,288,2024-03-14,11.55
5751,7802,20,118,2024-06-27,30.56
5752,2811,10,56,2024-02-08,47.38
5753,4305,33,194,2024-04-29,20.67
5754,1920,12,72,2024-12-10,36.79
5755,1319,45,265,2024-05-05,22.79
5756,4921,44,264,2024-10-01,24.05
5757,3981,23,137,2024-10-21,12.23
5758,4674,4,22,2024-05-10,27.94
5759,8539,1,2,2024-05-07,32.88
5760,3216,26,152,2024-09-07,14.88
5761,2606,6,34,2024-12-08,15.19
5762,5644,50,298,2024-03-19,22.96
5763,9047,13,77,2024-01-21,8.79
5764,8507,47,282,2024-04-23,17.02
5765,3529,24,144,2024-03-09,19.93
5766,2522,44,262,2024-02-21,26.94
5767,3470,24,139,2024-09-05,25.04
5768,7296,10,57,2024-01-20,14.17
5769,6070,40,237,2024-05-31,39.26
5770,9498,6,32,2024-07-11,12.18
5771,9651,33,194,2024-11-12,37.18
5772,2781,6,32,2024-10-13,19.30
5773,7910,24,143,2024-07-22,28.51
5774,4452,18,108,2024-03-15,46.92
5775,7922,39,229,2024-02-20,42.50
5776,3153,15,86,2024-08-17,34.16
5777,8473,41,245,2024-03-21,15.06
5778,9636,40,235,2024-01-12,13.57
5779,4921,7,39,2024-02-23,27.16
5780,7312,21,124,2024-10-08,14.98
5781,2950,38,226,2024-07-12,29.32
5782,2978,20,117,2024-04-05,31.57
5783,5235,46,271,2024-08-03,27.88
5784,7919,19,109,2024-03-13,28.29
5785,4928,25,145,2024-01-27,26.20
5786,6378,2,8,2024-07-30,10.15
5787,6519,31,185,2024-04-12,12.02
5788,5509,27,161,2024-11-21,23.83
5789,8164,9,54,2024-08-26,15.06
5790,8253,31,185,2024-03-24,19.09
5791,8936,43,258,2024-09-28,21.28
5792,8935,19,114,2024-05-17,52.50
5793,8555,30,176,2024-12-21,12.43
5794,3645,37,219,2024-05-10,22.57
5795,2007,34,203,2024-12-12,34.93
5796,3725,17,99,2024-11-16,18.11
5797,7535,21,124,2024-12-21,15.61
5798,4985,18,103,2024-10-08,34.00
5799,6759,9,49,2024-05-21,23.55
5800,1868,44,259,2024-05-06,30.97
5801,8278,18,105,2024-01-10,13.83
5802,977,20,120,2024-09-01,24.17
5803,1940,3,13,2024-12-22,38.09
5804,8182,46,271,2024-07-20,22.96
5805,8610,14,84,2024-06-03,8.05
5806,9865,50,300,2024-05-20,13.61
5807,8615,50,297,2024-09-24,29.96
5808,7815,44,262,2024-07-22,53.28
5809,7049,33,196,2024-08-24,14.47
5810,1002,35,207,2024-07-04,27.67
5811,2832,30,175,2024-12-15,9.53
5812,67,41,241,2024-12-02,93.10
5813,8606,29,170,2024-05-11,14.51
5814,624,31,186,2024-08-17,11.34
5815,9503,17,99,2024-02-08,19.69
5816,7075,21,121,2024-09-28,12.94
5817,4539,46,273,2024-08-05,24.89
5818,1351,50,300,2024-05-24,17.60
5819,5371,33,194,2024-09-17,26.51
5820,8701,6,31,2024-04-26,27.32
5821,785,43,255,2024-02-04,23.02
5822,1863,40,236,2024-03-03,40.82
5823,4423,17,98,2024-10-02,38.14
5824,2154,29,170,2024-10-07,20.98
5825,1637,11,62,2024-07-29,30.10
5826,3002,42,250,2024-02-12,24.96
5827,7311,14,80,2024-09-17,29.37
5828,5074,18,106,2024-04-15,54.78
5829,8650,14,84,2024-07-20,18.54
5830,6754,8,46,2024-09-18,68.40
5831,6200,39,229,2024-04-10,38.73
5832,4893,8,45,2024-07-21,20.00
5833,1358,3,17,2024-04-24,38.34
5834,7561,32,187,2024-03-24,13.94
5835,5310,31,186,2024-07-06,21.57
5836,1891,31,186,2024-01-15,40.09
5837,1351,15,86,2024-01-17,12.49
5838,9007,47,281,2024-12-25,25.35
5839,1097,11,63,2024-04-19,31.08
5840,4468,31,183,2024-04-16,9.35
5841,1865,1,1,2024-09-29,11.25
5842,443,44,260,2024-01-27,25.31
5843,4656,43,255,2024-01-20,15.85
5844,4994,25,148,2024-09-22,23.11
5845,9099,47,277,2024-09-15,70.70
5846,8495,28,163,2024-08-08,60.33
5847,1689,1,4,2024-05-07,18.56
5848,5235,17,99,2024-10-21,20.83
5849,2957,24,143,2024-02-25,15.89
5850,9667,38,225,2024-11-28,18.75
5851,6971,18,103,2024-08-22,26.90
5852,1723,37,217,2024-01-17,27.75
5853,2523,29,169,2024-01-20,40.74
5854,7,37,221,2024-06-15,38.34
5855,5831,22,132,2024-09-21,30.32
5856,5589,28,167,2024-09-29,7.35
5857,6929,25,148,2024-12-27,20.63
5858,1762,38,224,2024-01-11,31.49
5859,2966,15,90,2024-02-08,40.46
5860,1882,29,171,2024-05-18,39.63
5861,4068,22,128,2024-02-19,24.34
5862,5257,38,223,2024-09-14,14.46
5863,3702,36,214,2024-06-08,7.96
5864,5161,44,264,2024-02-08,61.63
5865,1045,48,287,2024-08-18,24.53
5866,7269,16,93,2024-08-28,36.72
5867,5657,2,7,2024-08-09,28.73
5868,8562,30,178,2024-08-02,31.64
5869,6017,31,184,2024-07-09,65.28
5870,2312,9,49,2024-02-15,8.18
5871,6646,22,132,2024-10-15,8.48
5872,7824,27,157,2024-11-25,25.24
5873,4335,41,242,2024-01-27,32.26
5874,6320,48,283,2024-09-16,17.58
5875,3592,16,93,2024-01-20,24.13
5876,5635,2,9,2024-10-24,36.39
5877,8774,10,60,2024-09-14,24.43
5878,7977,40,238,2024-07-31,55.60
5879,7195,19,109,2024-11-25,20.80
5880,4619,50,298,2024-02-25,10.75
5881,2544,13,76,2024-04-25,27.48
5882,9406,8,48,2024-01-29,19.86
5883,6299,4,20,2024-07-21,64.34
5884,9775,15,88,2024-03-18,17.28
5885,382,23,136,2024-04-28,94.34
5886,8073,23,137,2024-12-01,18.30
5887,7790,38,228,2024-05-27,42.17
5888,4099,24,139,2024-09-29,12.12
5889,4983,33,197,2024-04-01,45.02
5890,2717,41,243,2024-05-09,29.97
5891,5990,39,232,2024-02-25,8.90
5892,4073,7,42,2024-07-25,39.55
5893,6550,40,236,2024-06-25,52.24
5894,7874,25,145,2024-05-05,33.54
5895,7015,9,54,2024-04-02,16.09
5896,4978,33,196,2024-05-06,18.87
5897,6053,28,167,2024-05-27,42.75
5898,6081,18,107,2024-04-01,53.74
5899,2780,44,263,2024-06-24,25.76
5900,8590,2,10,2024-02-09,62.68
5901,7369,34,203,2024-10-27,15.27
5902,368,41,244,2024-06-08,18.25
5903,4455,24,143,2024-07-16,57.61
5904,4270,26,153,2024-01-03,31.00
5905,8547,37,222,2024-04-02,17.20
5906,6732,26,153,2024-11-03,23.18
5907,6967,33,198,2024-06-30,76.11
5908,1184,23,134,2024-10-02,28.34
5909,6461,4,23,2024-09-29,26.15
5910,1020,34,200,2024-10-30,46.70
5911,3769,25,149,2024-06-13,23.48
5912,2234,14,81,2024-12-11,12.73
5913,5201,31,186,2024-05-13,10.64
5914,9146,2,10,2024-12-31,91.89
5915,9555,26,155,2024-11-01,17.14
5916,6502,9,50,2024-04-22,24.49
5917,9623,25,149,2024-11-30,23.02
5918,5447,6,32,2024-07-29,40.91
5919,1592,36,215,2024-12-29,9.85
5920,9132,20,120,2024-01-31,10.18
5921,39,12,67,2024-12-08,15.10
5922,5989,27,157,2024-02-17,29.70
5923,4526,35,207,2024-05-20,9.81
5924,8419,19,111,2024-04-27,23.55
5925,7218,9,49,2024-07-04,37.22
5926,8165,43,256,2024-11-30,58.48
5927,3577,39,230,2024-01-15,41.49
5928,485,26,155,2024-04-22,15.84
5929,9329,7,41,2024-09-13,20.05
5930,6008,39,233,2024-10-08,19.16
5931,1593,15,90,2024-08-22,55.45
5932,911,41,244,2024-07-26,19.40
5933,6711,14,81,2024-06-18,73.23
5934,6999,36,212,2024-04-25,15.12
5935,6020,40,237,2024-03-23,19.14
5936,6556,23,135,2024-11-16,31.72
5937,6534,49,292,2024-10-09,13.03
5938,3636,32,190,2024-05-07,8.55
5939,4447,3,17,2024-11-09,27.62
5940,4167,20,118,2024-08-18,16.31
5941,9858,7,38,2024-12-22,50.85
5942,1691,34,201,2024-02-11,13.63
5943,1119,27,157,2024-11-03,23.93
5944,4992,48,286,2024-07-01,6.80
5945,1730,43,257,2024-03-12,29.62
5946,7082,15,86,2024-09-09,60.13
5947,5325,20,119,2024-10-08,10.90
5948,2809,45,267,2024-06-15,18.72
5949,4292,7,42,2024-05-11,45.73
5950,221,39,233,2024-02-14,37.83
5951,2649,26,153,2024-07-30,16.47
5952,8026,18,104,2024-09-14,61.23
5953,2243,25,148,2024-03-09,21.54
5954,5342,20,118,2024-02-24,20.75
5955,8152,19,113,2024-10-20,33.23
5956,931,17,99,2024-07-10,8.25
5957,319,17,101,2024-08-16,24.34
5958,1584,36,215,2024-03-30,39.77
5959,4455,50,295,2024-08-26,63.44
5960,4198,23,138,2024-03-28,15.41
5961,7998,47,282,2024-02-12,21.37
5962,7746,25,150,2024-03-21,12.36
5963,1747,35,205,2024-03-05,19.48
5964,4356,33,196,2024-01-29,18.00
5965,8072,24,142,2024-02-05,14.60
5966,1098,42,248,2024-07-20,11.86
5967,85,39,229,2024-03-03,16.64
5968,9097,30,175,2024-09-27,20.72
5969,7996,29,170,2024-12-28,25.76
5970,8599,26,155,2024-12-24,14.37
5971,1396,49,291,2024-07-09,22.15
5972,196,23,137,2024-05-24,10.06
5973,7269,9,49,2024-05-15,34.66
5974,9968,23,135,2024-03-18,36.07
5975,9367,20,115,2024-11-26,11.84
5976,9284,40,236,2024-04-05,14.89
5977,8834,7,41,2024-08-04,41.03
5978,5109,30,177,2024-08-19,34.25
5979,8167,10,58,2024-03-03,30.16
5980,2300,40,238,2024-06-13,60.42
5981,676,21,124,2024-08-24,34.00
5982,2085,12,67,2024-07-30,25.95
5983,4579,50,297,2024-11-10,8.05
5984,6922,35,209,2024-02-09,31.45
5985,9226,41,245,2024-11-02,31.99
5986,9530,12,71,2024-11-01,12.99
5987,1918,26,152,2024-03-11,41.25
5988,400,31,181,2024-07-06,39.79
5989,9110,30,180,2024-02-19,10.64
5990,1494,47,278,2024-08-14,33.19
5991,4636,39,230,2024-03-18,38.45
5992,5256,41,245,2024-08-31,36.11
5993,1342,6,33,2024-09-04,20.65
5994,5753,28,163,2024-09-13,12.05
5995,768,19,113,2024-06-25,30.46
5996,10000,44,263,2024-09-04,20.73
5997,9033,29,169,2024-08-19,68.52
5998,2181,36,214,2024-07-01,28.91
5999,4223,2,8,2024-10-05,9.91
6000,6632,24,143,2024-07-31,101.65
6001,6626,39,232,2024-01-01,41.01
6002,9198,4,22,2024-07-20,20.91
6003,2257,18,106,2024-02-11,27.64
6004,5901,24,142,2024-08-05,39.78
6005,8853,39,232,2024-03-01,25.48
6006,9557,10,59,2024-03-22,15.74
6007,8412,12,67,2024-05-21,14.36
6008,2150,5,27,2024-04-03,29.65
6009,2802,50,298,2024-07-13,32.51
6010,7061,31,183,2024-04-01,19.06
6011,6093,10,60,2024-07-30,20.38
6012,1577,39,233,2024-03-07,67.63
6013,7685,17,100,2024-04-10,37.01
6014,6516,24,143,2024-02-26,20.92
6015,1652,47,280,2024-08-18,34.24
6016,2853,36,212,2024-04-23,28.35
6017,1429,38,228,2024-08-15,23.08
6018,4009,40,238,2024-05-04,20.30
6019,3891,42,250,2024-10-05,80.57
6020,3118,13,77,2024-09-19,26.24
6021,1895,3,16,2024-03-16,25.87
6022,215,9,52,2024-01-09,19.62
6023,1134,43,255,2024-04-07,20.58
6024,6513,50,297,2024-08-04,55.42
6025,3480,36,213,2024-12-09,34.19
6026,338,36,215,2024-02-26,14.86
6027,9216,48,284,2024-04-05,21.12
6028,3803,20,115,2024-08-20,30.42
6029,1179,17,97,2024-01-27,34.21
6030,9325,21,125,2024-05-08,24.33
6031,3862,26,154,2024-11-10,23.43
6032,6118,26,155,2024-12-09,20.20
6033,983,18,108,2024-05-12,14.00
6034,5599,45,266,2024-11-11,18.84
6035,4037,28,165,2024-09-16,10.38
6036,799,27,157,2024-04-13,29.90
6037,8869,48,287,2024-11-30,8.27
6038,4699,16,92,2024-02-02,16.04
6039,8707,3,13,2024-09-05,32.34
6040,6307,25,148,2024-08-07,19.89
6041,988,22,128,2024-10-26,19.15
6042,245,13,77,2024-11-27,28.26
6043,3042,39,230,2024-10-09,49.41
6044,938,33,194,2024-03-19,15.17
6045,6031,42,250,2024-10-31,26.41
6046,3481,28,165,2024-03-14,12.32
6047,1550,47,282,2024-05-18,27.98
6048,6626,14,81,2024-06-14,26.88
6049,7797,1,2,2024-11-06,29.38
6050,641,2,10,2024-01-05,13.13
6051,7445,11,65,2024-06-06,21.25
6052,1488,24,144,2024-01-14,53.06
6053,7269,30,179,2024-02-01,8.60
6054,3357,13,76,2024-07-27,9.04
6055,8955,22,131,2024-05-22,56.79
6056,8235,41,243,2024-08-09,39.94
6057,8113,41,245,2024-05-05,18.31
6058,5624,49,294,2024-07-08,15.85
6059,6171,47,280,2024-01-08,12.94
6060,8130,26,155,2024-04-07,7.37
6061,7546,14,79,2024-10-23,18.69
6062,4439,4,24,2024-07-02,29.80
6063,6754,3,13,2024-04-05,16.90
6064,2288,4,19,2024-08-09,14.93
6065,8949,2,10,2024-01-12,41.53
6066,6469,21,123,2024-07-13,16.44
6067,2491,34,202,2024-12-20,55.86
6068,807,33,197,2024-10-16,27.94
6069,2922,28,164,2024-08-01,34.48
6070,1624,2,12,2024-04-14,28.70
6071,2973,33,193,2024-02-06,91.17
6072,4591,35,205,2024-10-18,11.73
6073,2745,16,92,2024-09-22,18.42
6074,913,41,244,2024-04-13,36.30
6075,4506,22,130,2024-01-29,52.22
6076,9731,29,172,2024-09-18,25.28
6077,330,43,253,2024-11-25,7.26
6078,4094,19,110,2024-03-07,62.84
6079,4383,4,19,2024-11-03,55.52
6080,7292,15,85,2024-10-27,37.07
6081,2488,3,14,2024-02-24,28.97
6082,2993,29,171,2024-12-21,31.49
6083,7366,24,142,2024-01-28,24.87
6084,9488,17,99,2024-11-27,16.63
6085,7359,35,205,2024-01-23,19.15
6086,1203,8,45,2024-01-25,70.19
6087,6724,48,285,2024-03-22,37.21
6088,8139,26,151,2024-03-08,19.68
6089,2268,42,248,2024-05-14,16.65
6090,1805,7,42,2024-11-13,10.03
6091,719,15,86,2024-03-07,28.28
6092,9922,22,131,2024-11-05,37.56
6093,4986,19,111,2024-01-16,28.17
6094,1472,11,63,2024-03-08,60.23
6095,2210,19,112,2024-01-20,20.64
6096,5136,15,88,2024-10-21,44.36
6097,6652,30,176,2024-01-03,45.14
6098,9643,39,232,2024-11-15,50.06
6099,9534,9,50,2024-11-13,28.86
6100,6337,17,102,2024-05-05,25.06
6101,5012,35,207,2024-03-05,17.17
6102,3116,24,140,2024-06-15,21.74
6103,7725,46,271,2024-01-18,13.74
6104,1995,12,72,2024-11-25,17.43
6105,5176,32,190,2024-09-11,32.37
6106,9563,46,273,2024-01-06,27.58
6107,6036,34,199,2024-09-26,22.47
6108,450,39,229,2024-10-25,10.13
6109,5557,42,250,2024-01-04,40.34
6110,2774,16,96,2024-12-29,41.16
6111,9980,23,135,2024-06-16,23.59
6112,3647,8,43,2024-05-09,21.92
6113,3821,29,171,2024-12-20,20.05
6114,4347,12,70,2024-05-02,25.61
6115,9108,34,203,2024-02-01,19.87
6116,5880,25,146,2024-02-15,64.34
6117,2288,3,14,2024-12-15,21.82
6118,1447,30,177,2024-09-21,35.00
6119,5207,6,34,2024-12-24,15.74
6120,5481,35,210,2024-01-17,14.44
6121,9582,30,178,2024-04-27,12.45
6122,9973,13,74,2024-07-24,67.68
6123,3119,2,11,2024-02-11,32.36
6124,2,13,73,2024-03-07,8.20
6125,2809,8,48,2024-05-06,29.62
6126,6567,12,72,2024-09-17,22.81
6127,7566,40,235,2024-11-08,29.40
6128,9637,33,195,2024-05-21,30.80
6129,4022,34,201,2024-12-11,76.00
6130,3073,40,237,2024-09-29,23.35
6131,3471,41,242,2024-04-17,18.74
6132,8346,10,57,2024-03-22,35.01
6133,660,9,53,2024-04-22,49.72
6134,9665,2,11,2024-08-30,36.64
6135,755,32,191,2024-07-18,19.35
6136,7066,44,263,2024-07-05,58.81
6137,106,44,264,2024-04-01,33.76
6138,4958,45,267,2024-02-27,30.53
6139,6624,27,162,2024-12-04,20.62
6140,4311,50,295,2024-08-11,30.80
6141,422,49,294,2024-04-06,20.75
6142,3346,46,276,2024-03-18,27.83
6143,1000,48,285,2024-07-02,10.16
6144,7414,50,299,2024-10-18,87.11
6145,9556,13,78,2024-06-18,23.90
6146,2116,31,185,2024-11-20,15.16
6147,1184,37,220,2024-05-09,24.62
6148,5073,39,230,2024-10-09,42.13
6149,8490,47,277,2024-12-18,23.76
6150,5516,39,229,2024-06-30,20.97
6151,8177,20,116,2024-10-02,35.86
6152,4632,5,26,2024-04-27,29.94
6153,5780,5,30,2024-10-03,27.19
6154,1066,16,96,2024-10-26,26.83
6155,7975,16,93,2024-12-12,13.69
6156,2972,24,141,2024-08-04,27.72
6157,9933,32,191,2024-03-28,23.18
6158,335,21,125,2024-09-14,54.55
6159,9124,31,186,2024-01-11,70.76
6160,3717,37,220,2024-02-29,21.04
6161,5906,37,219,2024-04-23,33.46
6162,7374,40,238,2024-03-04,32.17
6163,298,26,156,2024-11-20,17.18
6164,7138,22,130,2024-07-17,20.51
6165,2882,17,99,2024-02-05,43.54
6166,7078,1,3,2024-02-08,75.68
6167,1064,29,171,2024-03-22,14.85
6168,2743,21,122,2024-10-03,21.66
6169,3947,39,232,2024-01-27,21.43
6170,8653,25,145,2024-02-01,24.12
6171,3420,26,153,2024-12-23,50.17
6172,2324,15,85,2024-06-04,13.06
6173,3813,16,96,2024-08-19,18.10
6174,8881,20,115,2024-01-01,57.77
6175,7344,20,115,2024-01-15,12.82
6176,648,13,76,2024-03-18,26.07
6177,220,16,92,2024-08-23,62.87
6178,9822,48,284,2024-05-01,12.85
6179,1661,13,74,2024-06-18,18.72
6180,3323,24,140,2024-01-05,24.04
6181,2982,11,64,2024-08-22,29.48
6182,2627,6,35,2024-10-29,16.24
6183,3278,27,160,2024-02-29,49.83
6184,5617,47,279,2024-10-02,63.87
6185,9057,9,50,2024-04-10,33.46
6186,8844,42,250,2024-06-04,16.74
6187,7465,43,254,2024-11-10,30.24
6188,8480,27,158,2024-02-21,8.81
6189,1990,17,101,2024-04-09,65.75
6190,4657,50,300,2024-06-13,26.54
6191,5934,20,118,2024-04-07,26.12
6192,5175,6,32,2024-04-10,62.62
6193,4622,16,94,2024-06-22,28.79
6194,9250,40,238,2024-01-02,32.70
6195,6925,15,85,2024-10-30,9.80
6196,9353,47,280,2024-07-03,53.22
6197,7140,11,65,2024-11-27,26.44
6198,9215,42,251,2024-08-08,5.73
6199,6109,3,13,2024-07-14,11.57
6200,7798,1,6,2024-10-10,10.00
6201,4854,49,293,2024-02-02,52.92
6202,9357,48,284,2024-08-26,22.43
6203,7310,38,224,2024-08-14,11.33
6204,9166,16,96,2024-06-13,18.47
6205,6984,29,174,2024-10-08,28.46
6206,6628,29,172,2024-08-20,32.00
6207,7579,41,242,2024-08-04,22.16
6208,9729,45,269,2024-10-19,19.55
6209,1175,44,263,2024-04-08,33.42
6210,2343,30,175,2024-04-14,30.22
6211,9206,46,273,2024-12-28,10.22
6212,6222,1,3,2024-05-19,31.04
6213,1081,12,71,2024-06-16,23.03
6214,7816,34,203,2024-11-19,31.40
6215,1159,11,63,2024-07-29,23.44
6216,626,24,143,2024-01-22,41.39
6217,1290,16,96,2024-03-29,61.30
6218,9183,13,74,2024-12-01,17.18
6219,145,17,100,2024-01-04,13.16
6220,2997,11,65,2024-08-06,8.77
6221,9514,18,107,2024-07-29,14.64
6222,8755,20,116,2024-11-10,11.72
6223,8696,44,260,2024-12-26,19.20
6224,3573,39,233,2024-07-15,44.48
6225,3191,36,212,2024-11-16,18.34
6226,4569,43,258,2024-03-24,17.30
6227,8048,18,107,2024-03-17,21.77
6228,3121,45,266,2024-11-02,61.60
6229,5040,13,74,2024-07-10,10.91
6230,8013,8,47,2024-04-01,19.41
6231,2367,19,113,2024-06-03,9.64
6232,1366,3,16,2024-09-28,10.99
6233,7804,50,298,2024-05-25,17.47
6234,8203,32,188,2024-08-05,22.31
6235,5547,39,229,2024-12-17,39.62
6236,6650,20,118,2024-12-12,21.29
6237,9001,29,174,2024-02-29,21.96
6238,4773,19,113,2024-12-19,61.25
6239,7555,47,281,2024-08-17,15.06
6240,2272,2,9,2024-10-02,34.69
6241,6967,7,37,2024-02-03,20.15
6242,8472,32,188,2024-09-04,28.45
6243,4868,33,198,2024-12-27,13.54
6244,4,46,275,2024-11-14,48.26
6245,9724,1,3,2024-09-27,24.36
6246,4020,41,241,2024-04-17,12.96
6247,4452,4,23,2024-01-09,23.56
6248,4410,4,24,2024-09-12,25.40
6249,7792,36,215,2024-05-30,13.67
6250,3739,3,14,2024-02-09,25.04
6251,8941,9,51,2024-02-23,22.15
6252,9179,42,249,2024-01-30,27.76
6253,7506,7,41,2024-01-18,16.99
6254,8415,41,245,2024-05-20,18.74
6255,6406,33,193,2024-07-30,51.51
6256,8191,19,112,2024-06-15,19.25
6257,3054,40,235,2024-02-04,27.62
6258,8448,35,209,2024-09-27,22.59
6259,6741,15,88,2024-01-23,9.88
6260,270,24,139,2024-10-10,60.72
6261,4169,24,143,2024-05-09,39.22
6262,8612,48,288,2024-03-05,13.05
6263,2318,6,35,2024-12-19,34.23
6264,1882,21,126,2024-03-17,70.10
6265,418,25,149,2024-01-16,65.18
6266,7796,32,191,2024-10-23,47.47
6267,2339,6,32,2024-04-19,13.20
6268,4924,2,11,2024-05-09,58.12
6269,3,21,121,2024-08-22,37.29
6270,8738,3,17,2024-08-27,32.54
6271,9121,25,150,2024-04-03,28.02
6272,948,2,7,2024-07-23,29.82
6273,9746,25,146,2024-12-14,29.42
6274,7561,43,253,2024-02-27,17.90
6275,4340,17,98,2024-11-03,27.87
6276,7352,40,239,2024-06-14,31.79
6277,7024,17,101,2024-07-09,24.94
6278,4543,3,13,2024-11-09,52.61
6279,4751,36,211,2024-08-16,28.17
6280,3655,31,186,2024-02-29,30.92
6281,330,25,147,2024-08-08,29.73
6282,4872,4,22,2024-10-27,27.23
6283,9857,45,268,2024-04-03,9.37
6284,9669,31,185,2024-03-21,51.12
6285,752,34,204,2024-01-05,26.14
6286,3075,11,65,2024-03-08,45.90
6287,3750,48,285,2024-04-14,25.15
6288,8526,45,269,2024-03-10,64.56
6289,7897,15,87,2024-11-08,22.32
6290,31,27,162,2024-10-26,13.39
6291,834,27,157,2024-02-05,22.42
6292,9914,35,210,2024-11-13,20.58
6293,3720,39,230,2024-09-13,28.71
6294,9030,15,86,2024-12-03,24.00
6295,377,4,19,2024-01-17,19.36
6296,4123,45,267,2024-06-30,22.58
6297,468,49,289,2024-01-17,34.91
6298,3493,27,159,2024-11-25,32.79
6299,541,2,10,2024-01-21,30.25
6300,5825,11,61,2024-11-08,58.65
6301,7213,40,240,2024-08-28,5.06
6302,4951,31,186,2024-07-22,20.21
6303,7700,17,100,2024-10-30,20.47
6304,209,23,138,2024-11-12,22.70
6305,9194,29,170,2024-04-07,15.44
6306,1190,46,272,2024-11-21,32.80
6307,541,26,156,2024-10-01,27.95
6308,7118,31,184,2024-05-12,37.42
6309,2425,30,178,2024-08-15,48.43
6310,6520,19,114,2024-09-01,31.93
6311,5383,39,233,2024-11-19,15.81
6312,1160,17,98,2024-10-15,18.16
6313,5657,8,44,2024-08-10,6.72
6314,2760,25,150,2024-01-14,26.96
6315,8821,23,136,2024-02-13,10.46
6316,7846,14,79,2024-08-04,27.14
6317,7919,50,296,2024-08-14,91.06
6318,3051,3,18,2024-12-01,17.04
6319,6331,35,209,2024-06-01,26.10
6320,5539,21,124,2024-05-29,24.90
6321,8286,23,134,2024-06-18,40.47
6322,9058,45,265,2024-07-27,25.66
6323,4775,39,233,2024-10-02,20.26
6324,3415,18,103,2024-07-20,16.56
6325,7952,33,193,2024-09-01,13.01
6326,2181,14,80,2024-05-26,16.32
6327,1280,12,72,2024-04-21,9.26
6328,31,3,13,2024-12-04,36.64
6329,1747,9,49,2024-09-03,76.04
6330,4397,9,52,2024-02-24,33.84
6331,6855,3,13,2024-03-25,16.47
6332,3354,23,133,2024-09-07,39.76
6333,3591,27,160,2024-01-08,25.12
6334,4997,36,215,2024-05-23,40.06
6335,9009,27,161,2024-07-22,48.76
6336,3960,17,102,2024-10-02,52.30
6337,4809,10,56,2024-07-09,36.86
6338,4903,32,192,2024-09-22,55.01
6339,8750,26,151,2024-09-15,26.16
6340,4029,6,32,2024-07-05,50.70
6341,5236,15,88,2024-10-16,10.88
6342,8600,26,153,2024-05-12,14.85
6343,6669,32,190,2024-09-29,12.00
6344,5501,16,96,2024-10-19,21.84
6345,3350,33,196,2024-08-03,17.20
6346,8026,18,105,2024-11-21,41.21
6347,2469,47,281,2024-09-21,23.67
6348,5638,23,136,2024-12-13,30.78
6349,431,37,218,2024-08-10,36.54
6350,1798,21,124,2024-05-24,13.18
6351,5225,31,181,2024-07-30,26.28
6352,6290,39,230,2024-12-06,10.00
6353,8676,26,155,2024-11-27,30.26
6354,9550,45,266,2024-01-15,27.64
6355,5284,2,7,2024-06-21,46.62
6356,569,33,196,2024-10-28,20.21
6357,3912,29,172,2024-02-10,26.84
6358,7204,24,140,2024-02-14,12.55
6359,8940,46,272,2024-02-02,16.38
6360,9364,23,138,2024-01-13,17.55
6361,6756,41,243,2024-04-25,22.48
6362,1777,6,33,2024-01-14,39.08
6363,2084,33,197,2024-06-29,15.71
6364,6863,32,189,2024-12-23,32.34
6365,7245,50,296,2024-07-27,48.92
6366,4059,5,27,2024-11-13,26.76
6367,5796,25,145,2024-09-06,14.96
6368,6778,17,102,2024-12-05,37.66
6369,2312,19,114,2024-12-17,17.60
6370,8902,44,263,2024-07-26,26.25
6371,1669,37,220,2024-11-14,14.76
6372,1679,20,118,2024-04-05,27.13
6373,8415,20,115,2024-05-14,22.98
6374,9383,4,23,2024-03-09,25.76
6375,6360,40,236,2024-11-11,17.86
6376,9129,37,221,2024-04-16,17.98
6377,7631,37,222,2024-06-24,37.54
6378,9141,50,299,2024-10-20,30.00
6379,1330,16,95,2024-09-23,19.25
6380,8227,38,227,2024-12-04,20.43
6381,6838,46,276,2024-11-21,33.68
6382,4976,16,92,2024-11-11,27.82
6383,6285,47,279,2024-10-31,25.04
6384,9588,42,247,2024-11-02,22.08
6385,2166,35,207,2024-06-29,24.14
6386,1934,9,51,2024-08-24,36.12
6387,8543,50,297,2024-08-03,45.87
6388,7840,33,197,2024-05-15,20.22
6389,5220,22,131,2024-01-24,14.79
6390,2716,14,83,2024-06-05,14.77
6391,1450,13,73,2024-03-15,28.31
6392,7392,20,119,2024-08-09,23.68
6393,6598,50,296,2024-08-05,10.55
6394,2770,8,43,2024-08-03,14.54
6395,6780,48,288,2024-11-25,9.25
6396,9857,8,46,2024-07-09,25.82
6397,3514,26,152,2024-12-19,57.32
6398,1804,1,4,2024-08-29,17.58
6399,973,23,133,2024-10-23,21.99
6400,7055,48,285,2024-02-20,32.87
6401,3644,29,169,2024-02-05,22.14
6402,3095,32,187,2024-07-25,36.47
6403,3200,20,120,2024-05-15,49.29
6404,230,13,74,2024-09-11,13.91
6405,5886,13,78,2024-08-18,8.73
6406,3925,11,63,2024-02-25,25.99
6407,260,20,120,2024-12-06,13.67
6408,3156,49,292,2024-06-18,35.24
6409,7765,7,40,2024-01-15,17.74
6410,7836,18,106,2024-05-31,25.02
6411,9575,15,86,2024-08-13,15.39
6412,5608,13,73,2024-01-22,16.04
6413,2109,28,165,2024-03-03,26.30
6414,1239,32,192,2024-07-16,46.09
6415,7561,8,46,2024-01-30,22.00
6416,669,30,178,2024-07-09,19.49
6417,421,7,42,2024-07-01,22.75
6418,7878,8,43,2024-02-27,37.47
6419,9392,16,93,2024-12-07,16.39
6420,4894,8,48,2024-04-07,77.37
6421,154,34,201,2024-07-31,34.52
6422,1385,5,25,2024-02-12,22.26
6423,4433,14,83,2024-12-11,55.46
6424,2427,24,140,2024-01-06,36.25
6425,1054,14,82,2024-11-28,15.28
6426,9316,22,132,2024-08-22,16.55
6427,5471,25,149,2024-02-26,23.52
6428,2875,13,78,2024-11-05,21.47
6429,3101,9,49,2024-02-27,68.04
6430,7991,10,57,2024-01-03,24.17
6431,1542,27,158,2024-09-04,16.10
6432,4154,46,271,2024-10-27,14.05
6433,9936,42,249,2024-03-25,20.42
6434,7597,24,144,2024-08-09,55.61
6435,4944,18,103,2024-03-08,24.07
6436,4044,42,247,2024-04-15,12.06
6437,6784,35,208,2024-04-20,24.91
6438,6326,17,101,2024-05-14,57.53
6439,339,8,45,2024-05-01,48.55
6440,1873,1,2,2024-05-27,8.04
6441,2788,29,169,2024-09-20,25.64
6442,4463,39,234,2024-02-07,27.06
6443,6334,25,149,2024-05-23,11.29
6444,6910,36,211,2024-09-03,16.58
6445,2657,41,243,2024-11-26,42.18
6446,5486,36,211,2024-08-07,18.52
6447,6114,9,49,2024-07-07,8.03
6448,1233,18,106,2024-08-10,18.91
6449,1328,45,270,2024-11-23,51.33
6450,6058,17,97,2024-08-22,15.68
6451,6189,34,203,2024-01-01,10.04
6452,8574,30,176,2024-01-19,27.42
6453,4448,33,197,2024-01-13,23.31
6454,5753,18,103,2024-04-25,15.51
6455,3295,5,27,2024-12-10,17.93
6456,2861,18,103,2024-10-14,23.95
6457,4133,11,65,2024-03-27,19.99
6458,1364,43,256,2024-01-15,26.71
6459,6091,50,296,2024-08-29,27.46
6460,2379,19,114,2024-08-25,65.16
6461,5691,12,72,2024-06-15,24.91
6462,2514,20,119,2024-05-03,19.99
6463,3810,20,119,2024-02-27,30.66
6464,6291,39,229,2024-08-31,64.78
6465,8893,38,227,2024-03-03,12.18
6466,349,1,6,2024-06-13,27.15
6467,9449,2,8,2024-02-02,13.61
6468,590,35,210,2024-04-12,38.60
6469,5700,46,275,2024-08-10,12.41
6470,7949,23,135,2024-10-18,10.63
6471,4759,8,43,2024-04-27,31.77
6472,5960,46,274,2024-08-25,111.83
6473,2795,3,17,2024-10-27,71.72
6474,6457,33,198,2024-04-07,7.46
6475,5165,36,211,2024-01-25,18.29
6476,1963,17,97,2024-12-06,48.07
6477,1578,4,20,2024-06-13,8.09
6478,8978,32,192,2024-01-02,67.68
6479,1548,39,233,2024-05-24,20.73
6480,5414,33,198,2024-12-27,63.87
6481,8825,14,81,2024-10-06,49.26
6482,4727,35,208,2024-11-23,52.81
6483,7941,46,274,2024-09-18,19.66
6484,7897,21,125,2024-02-24,13.52
6485,8548,26,151,2024-01-09,18.58
6486,2355,10,59,2024-09-13,30.04
6487,2997,37,220,2024-03-28,26.74
6488,4816,13,77,2024-04-19,13.70
6489,7678,2,7,2024-05-12,24.91
6490,6243,44,262,2024-03-24,24.96
6491,6731,24,144,2024-03-18,31.98
6492,6818,41,245,2024-06-11,16.68
6493,3535,36,214,2024-12-05,26.46
6494,3155,2,7,2024-04-14,22.23
6495,6505,4,21,2024-02-22,27.44
6496,1928,40,236,2024-10-11,47.00
6497,2989,9,49,2024-11-03,21.75
6498,8329,35,208,2024-10-09,18.91
6499,501,45,269,2024-05-05,9.31
6500,9732,15,85,2024-03-27,24.53
6501,9320,26,152,2024-08-27,13.52
6502,9341,19,113,2024-09-11,36.77
6503,653,40,236,2024-06-26,18.90
6504,938,15,90,2024-09-28,32.11
6505,7207,36,211,2024-08-18,19.91
6506,6709,24,141,2024-03-13,39.80
6507,5969,30,175,2024-10-02,20.66
6508,7523,21,125,2024-03-04,22.62
6509,9905,38,228,2024-05-15,15.70
6510,2419,40,235,2024-09-16,18.90
6511,2279,45,268,2024-11-19,13.41
6512,1871,46,273,2024-06-04,20.84
6513,3695,38,226,2024-02-04,15.54
6514,2756,30,176,2024-12-12,26.05
6515,5511,3,17,2024-11-02,62.89
6516,8842,20,120,2024-04-25,14.57
6517,2255,6,36,2024-12-04,23.85
6518,1378,39,234,2024-07-03,26.87
6519,8535,49,289,2024-01-22,27.37
6520,5390,45,265,2024-11-10,34.26
6521,9829,7,37,2024-11-30,36.28
6522,5985,49,291,2024-05-25,30.14
6523,5205,28,165,2024-05-19,38.08
6524,2009,30,180,2024-10-18,24.89
6525,4695,12,70,2024-03-23,30.70
6526,7063,19,110,2024-03-26,63.66
6527,9826,34,203,2024-10-20,43.34
6528,8198,31,185,2024-11-28,27.02
6529,1421,44,261,2024-07-04,31.72
6530,7427,20,116,2024-01-16,23.83
6531,9462,49,294,2024-11-26,37.91
6532,3278,25,146,2024-05-03,35.24
6533,8346,8,43,2024-07-24,27.84
6534,6586,37,217,2024-03-18,23.62
6535,6571,22,130,2024-01-19,30.56
6536,8936,13,74,2024-03-25,40.42
6537,5112,12,67,2024-04-13,25.42
6538,961,32,189,2024-11-11,48.07
6539,3129,31,182,2024-10-21,26.62
6540,3161,43,256,2024-09-01,22.30
6541,3372,28,166,2024-09-02,14.63
6542,4918,34,200,2024-03-14,21.76
6543,3669,40,238,2024-02-22,33.92
6544,2889,38,226,2024-10-28,25.97
6545,5015,31,184,2024-03-22,16.75
6546,2115,36,215,2024-04-14,60.39
6547,5589,10,57,2024-09-29,39.50
6548,2171,32,190,2024-12-22,32.95
6549,3237,1,6,2024-06-05,22.76
6550,2309,7,42,2024-06-24,41.90
6551,4740,9,52,2024-02-28,16.08
6552,3239,50,298,2024-09-16,44.25
6553,8628,20,117,2024-05-15,20.59
6554,4997,35,206,2024-07-24,12.75
6555,4646,3,17,2024-06-02,15.57
6556,8528,41,243,2024-09-20,46.82
6557,5216,12,69,2024-05-04,47.65
6558,7007,44,261,2024-11-18,20.35
6559,2120,19,110,2024-02-26,13.54
6560,6829,42,250,2024-06-02,11.78
6561,5300,16,91,2024-02-13,40.46
6562,5370,13,76,2024-09-30,10.79
6563,4343,41,241,2024-11-17,22.82
6564,4275,31,181,2024-02-14,24.18
6565,2492,2,10,2024-08-03,45.74
6566,246,32,191,2024-04-02,31.37
6567,3699,15,85,2024-09-02,6.93
6568,1158,45,268,2024-10-28,25.56
6569,2792,47,280,2024-07-16,12.32
6570,454,12,67,2024-02-10,17.36
6571,4343,4,24,2024-12-30,32.25
6572,2906,28,164,2024-04-15,16.75
6573,2575,19,114,2024-07-21,71.68
6574,8240,33,197,2024-12-31,23.64
6575,1405,28,164,2024-05-22,30.13
6576,6081,34,200,2024-07-25,78.79
6577,9993,47,280,2024-01-14,31.74
6578,3461,32,187,2024-01-01,8.23
6579,2347,47,277,2024-09-14,22.46
6580,6587,23,133,2024-11-28,23.00
6581,6416,45,266,2024-02-11,48.84
6582,9163,13,77,2024-10-12,36.68
6583,3330,25,145,2024-10-13,10.33
6584,3525,2,11,2024-08-12,11.17
6585,1189,11,63,2024-11-30,14.74
6586,9959,26,151,2024-08-29,35.85
6587,8585,15,90,2024-12-05,41.02
6588,9099,46,272,2024-06-15,20.29
6589,3377,20,120,2024-01-20,33.16
6590,4354,31,186,2024-10-24,11.40
6591,5958,42,250,2024-06-13,13.32
6592,9774,33,193,2024-08-02,23.60
6593,2780,4,23,2024-01-17,66.54
6594,6859,50,300,2024-10-16,39.76
6595,9050,17,102,2024-09-24,24.56
6596,6780,16,93,2024-06-02,22.46
6597,3677,37,220,2024-01-12,12.28
6598,9665,38,228,2024-03-19,17.00
6599,5871,16,91,2024-03-28,19.96
6600,6275,41,243,2024-03-16,38.48
6601,6155,34,202,2024-11-02,34.36
6602,7393,5,29,2024-07-16,34.61
6603,7488,11,66,2024-04-09,13.34
6604,488,3,14,2024-05-14,26.26
6605,2080,21,124,2024-05-05,17.33
6606,6545,40,239,2024-12-23,29.15
6607,1898,50,297,2024-12-04,12.96
6608,9559,34,201,2024-09-27,19.36
6609,1326,41,241,2024-04-16,14.58
6610,2375,49,294,2024-03-16,40.78
6611,4160,9,50,2024-10-28,25.44
6612,8712,28,168,2024-09-13,29.29
6613,1322,6,36,2024-01-26,31.12
6614,1598,21,123,2024-06-29,15.10
6615,1243,21,123,2024-01-15,22.76
6616,4848,4,24,2024-06-24,23.48
6617,7059,35,206,2024-03-01,52.03
6618,836,40,235,2024-02-15,18.78
6619,7875,40,235,2024-06-30,34.38
6620,1449,14,79,2024-07-31,31.22
6621,3178,42,250,2024-04-19,22.18
6622,2077,45,269,2024-01-16,23.32
6623,5710,20,115,2024-11-07,19.32
6624,357,44,262,2024-01-28,18.19
6625,1451,29,170,2024-03-19,24.70
6626,4443,15,86,2024-09-18,17.35
6627,1895,43,258,2024-06-13,8.86
6628,3680,21,126,2024-06-02,19.97
6629,8733,49,294,2024-12-06,19.38
6630,1263,49,290,2024-10-08,83.24
6631,4554,25,145,2024-12-08,55.33
6632,6166,4,22,2024-09-29,27.73
6633,6125,1,6,2024-12-30,21.49
6634,7038,6,32,2024-01-12,25.21
6635,9994,35,208,2024-06-13,42.41
6636,6868,20,119,2024-09-13,28.18
6637,8876,4,21,2024-07-10,22.36
6638,1712,23,137,2024-02-02,18.30
6639,3127,28,166,2024-06-21,22.39
6640,655,26,156,2024-02-18,23.89
6641,7362,32,187,2024-01-01,10.44
6642,9312,27,159,2024-05-03,15.83
6643,9460,37,221,2024-01-11,13.48
6644,6756,24,141,2024-06-16,7.78
6645,1100,36,216,2024-12-21,22.90
6646,6275,41,244,2024-03-23,30.37
6647,3023,12,72,2024-08-22,16.36
6648,587,32,190,2024-12-31,19.47
6649,4064,46,276,2024-12-30,37.61
6650,5546,50,295,2024-12-02,17.78
6651,5942,37,218,2024-07-01,26.68
6652,8200,42,248,2024-08-27,35.80
6653,1580,23,137,2024-12-15,27.10
6654,6410,5,28,2024-09-22,15.54
6655,9108,41,243,2024-10-04,38.84
6656,1239,13,74,2024-03-12,33.58
6657,1856,22,129,2024-08-16,16.17
6658,7882,31,182,2024-11-30,18.12
6659,1613,45,265,2024-08-05,13.39
6660,8480,12,71,2024-09-20,76.42
6661,8668,18,107,2024-01-10,36.18
6662,4086,21,123,2024-05-17,19.67
6663,1246,8,44,2024-09-14,14.73
6664,3917,12,69,2024-09-17,24.31
6665,7396,12,71,2024-09-01,20.92
6666,8570,12,71,2024-12-10,33.23
6667,5728,2,11,2024-01-14,18.99
6668,1560,46,275,2024-07-25,20.40
6669,5178,32,188,2024-11-12,41.62
6670,2070,45,267,2024-01-22,15.63
6671,8654,1,4,2024-05-21,33.47
6672,3181,41,246,2024-01-25,8.84
6673,9986,20,117,2024-07-16,25.72
6674,3963,44,260,2024-08-02,34.18
6675,7026,40,235,2024-04-16,23.81
6676,8094,48,287,2024-07-31,18.36
6677,4668,41,243,2024-08-17,30.63
6678,4207,27,157,2024-12-23,20.99
6679,1116,48,286,2024-05-31,42.66
6680,3507,8,48,2024-06-10,25.11
6681,6017,17,100,2024-10-01,14.71
6682,7786,16,92,2024-11-22,21.77
6683,7064,48,287,2024-01-24,43.78
6684,7223,41,245,2024-01-16,25.00
6685,6926,25,150,2024-10-18,34.26
6686,9638,5,27,2024-05-30,41.50
6687,8725,44,261,2024-05-21,20.11
6688,5133,5,27,2024-12-08,64.06
6689,6674,18,108,2024-03-27,23.42
6690,5877,31,183,2024-09-27,17.78
6691,90,24,139,2024-12-04,12.96
6692,3170,25,150,2024-11-24,28.46
6693,8559,17,100,2024-11-23,12.63
6694,8971,18,107,2024-05-03,67.50
6695,2891,31,182,2024-10-18,21.92
6696,543,29,171,2024-07-10,15.85
6697,2690,43,254,2024-03-06,18.22
6698,6701,8,47,2024-04-01,14.98
6699,6926,33,193,2024-02-15,68.90
6700,765,23,135,2024-03-27,8.40
6701,2730,22,132,2024-06-25,19.50
6702,3069,31,185,2024-05-06,17.18
6703,1897,42,249,2024-10-06,20.68
6704,5584,44,264,2024-09-04,90.05
6705,9806,27,162,2024-07-27,15.57
6706,3040,40,235,2024-05-31,17.34
6707,8145,6,35,2024-03-04,18.72
6708,3829,36,212,2024-06-09,15.15
6709,1286,9,51,2024-11-09,42.02
6710,4370,3,17,2024-08-29,31.49
6711,1484,29,170,2024-02-12,81.31
6712,1468,5,28,2024-07-11,26.17
6713,1631,36,216,2024-07-18,13.55
6714,9245,17,97,2024-08-14,27.62
6715,3430,44,259,2024-11-28,28.26
6716,2243,2,8,2024-11-09,15.68
6717,2521,24,144,2024-08-04,39.55
6718,3129,40,237,2024-01-11,18.92
6719,218,7,38,2024-12-13,14.85
6720,8648,30,178,2024-05-02,26.65
6721,4437,12,70,2024-02-24,24.37
6722,2999,4,20,2024-12-26,8.79
6723,2690,4,21,2024-07-21,41.18
6724,4928,4,20,2024-06-23,57.51
6725,7123,16,95,2024-11-20,19.42
6726,7050,24,139,2024-05-10,7.57
6727,7236,44,261,2024-10-12,27.77
6728,5326,21,124,2024-07-18,10.87
6729,727,8,48,2024-09-07,37.45
6730,9198,49,289,2024-02-17,31.67
6731,1868,34,203,2024-03-02,35.03
6732,7237,32,190,2024-05-30,23.26
6733,2535,33,197,2024-04-21,28.08
6734,3256,43,258,2024-02-20,30.32
6735,8050,2,12,2024-08-14,16.56
6736,959,25,146,2024-02-12,11.03
6737,7072,46,272,2024-02-22,16.72
6738,458,22,131,2024-09-17,23.71
6739,3378,8,45,2024-06-08,10.66
6740,6674,30,176,2024-12-24,14.77
6741,6843,29,169,2024-12-25,36.84
6742,1047,11,62,2024-08-21,47.77
6743,926,9,51,2024-01-18,18.54
6744,8881,40,236,2024-06-12,16.49
6745,8192,16,93,2024-11-14,73.76
6746,5743,21,125,2024-07-19,8.62
6747,9885,41,244,2024-02-09,16.29
6748,1745,44,264,2024-09-17,54.65
6749,9368,12,68,2024-01-17,16.85
6750,3129,44,261,2024-12-26,18.77
6751,8972,31,183,2024-08-30,24.21
6752,6444,25,146,2024-12-11,11.13
6753,5812,14,81,2024-04-11,41.94
6754,209,23,134,2024-02-23,22.37
6755,9816,27,161,2024-04-03,59.17
6756,2495,36,215,2024-03-03,25.57
6757,2467,36,215,2024-03-25,27.22
6758,8836,14,81,2024-12-17,21.43
6759,593,2,8,2024-08-06,14.43
6760,9529,28,166,2024-03-04,28.71
6761,739,2,8,2024-01-19,34.61
6762,7755,6,35,2024-01-12,31.77
6763,7739,35,207,2024-01-14,10.56
6764,4791,3,18,2024-01-10,8.05
6765,5704,43,258,2024-04-05,35.84
6766,2971,11,66,2024-05-02,12.92
6767,6274,28,165,2024-03-30,16.35
6768,1653,21,126,2024-08-11,16.77
6769,8843,42,249,2024-04-05,43.26
6770,1800,30,176,2024-01-21,10.86
6771,3154,49,291,2024-03-23,9.81
6772,1888,14,80,2024-01-30,24.59
6773,6886,43,255,2024-10-24,51.98
6774,8882,27,162,2024-01-02,17.33
6775,9569,30,179,2024-10-24,25.11
6776,2781,14,82,2024-12-21,32.34
6777,7742,46,276,2024-04-08,14.30
6778,5209,30,179,2024-01-03,33.21
6779,9242,28,168,2024-11-03,14.55
6780,5164,1,2,2024-01-08,27.49
6781,7638,19,110,2024-01-29,53.69
6782,9692,38,227,2024-05-19,9.36
6783,1906,6,31,2024-08-24,25.74
6784,5284,18,104,2024-03-20,26.45
6785,2932,19,114,2024-03-07,30.84
6786,6736,16,96,2024-03-27,25.87
6787,5048,35,209,2024-10-26,17.15
6788,8535,35,208,2024-08-10,21.56
6789,4941,31,186,2024-06-15,29.51
6790,7153,40,236,2024-08-18,8.68
6791,8248,25,150,2024-12-19,25.34
6792,5172,32,190,2024-05-13,18.94
6793,9273,13,78,2024-12-31,31.95
6794,8445,33,197,2024-06-27,64.26
6795,2829,5,27,2024-10-03,42.88
6796,4447,23,136,2024-07-17,14.67
6797,1971,15,87,2024-02-13,24.83
6798,6048,19,110,2024-12-09,47.47
6799,9683,20,116,2024-05-25,25.11
6800,2734,34,199,2024-02-13,19.39
6801,9569,24,141,2024-08-23,16.46
6802,7496,18,107,2024-07-23,11.37
6803,9612,39,230,2024-06-12,26.70
6804,3149,3,18,2024-07-31,20.67
6805,1193,3,13,2024-09-16,28.78
6806,9708,47,281,2024-02-12,69.24
6807,7606,20,120,2024-10-16,20.61
6808,301,8,43,2024-11-02,19.07
6809,3738,14,82,2024-12-27,16.85
6810,8281,41,246,2024-09-09,16.79
6811,8377,22,128,2024-03-29,44.50
6812,3074,6,31,2024-01-02,19.78
6813,1494,41,241,2024-09-06,14.42
6814,6098,4,22,2024-09-22,17.52
6815,2608,21,121,2024-03-28,46.84
6816,1600,40,236,2024-04-01,16.45
6817,5282,18,108,2024-03-03,32.38
6818,3262,28,167,2024-12-16,29.89
6819,2766,16,94,2024-08-08,20.97
6820,8616,19,110,2024-02-23,17.82
6821,1636,37,217,2024-09-20,16.83
6822,270,7,41,2024-01-09,12.36
6823,5379,32,187,2024-12-03,46.01
6824,4000,23,135,2024-12-14,55.87
6825,7264,24,142,2024-01-20,13.85
6826,1644,7,39,2024-07-22,11.91
6827,467,1,1,2024-05-12,21.79
6828,2256,37,220,2024-02-26,35.71
6829,6391,44,261,2024-10-09,14.09
6830,905,31,181,2024-08-05,26.39
6831,6662,1,1,2024-06-08,44.80
6832,3660,16,92,2024-06-23,22.87
6833,7963,17,98,2024-11-09,16.21
6834,7748,37,221,2024-08-13,22.32
6835,3081,43,253,2024-11-13,24.37
6836,3657,17,100,2024-02-15,14.13
6837,8729,5,30,2024-11-21,16.09
6838,4241,16,95,2024-01-16,12.22
6839,7700,26,153,2024-02-03,12.83
6840,1933,43,255,2024-12-09,23.53
6841,958,33,193,2024-11-10,20.92
6842,2949,41,244,2024-05-12,42.16
6843,9593,1,2,2024-09-10,20.84
6844,7180,11,64,2024-07-25,46.01
6845,192,31,182,2024-09-09,24.70
6846,4608,31,186,2024-02-15,18.61
6847,3775,50,298,2024-10-05,21.62
6848,5360,6,35,2024-10-25,76.48
6849,1639,13,73,2024-08-17,22.07
6850,2959,16,95,2024-03-12,27.42
6851,2863,41,246,2024-03-23,19.47
6852,9207,27,159,2024-01-12,18.11
6853,4532,15,89,2024-10-03,35.73
6854,6731,38,224,2024-04-16,19.94
6855,3870,40,237,2024-11-15,30.14
6856,1668,26,154,2024-04-05,27.02
6857,6502,18,103,2024-11-30,16.82
6858,3787,23,138,2024-08-20,74.41
6859,881,44,261,2024-12-30,17.75
6860,828,28,167,2024-02-15,25.92
6861,8578,16,94,2024-08-07,15.78
6862,3596,4,22,2024-09-30,12.43
6863,2839,29,173,2024-04-18,32.24
6864,2677,26,154,2024-12-13,53.17
6865,4601,48,284,2024-03-01,11.04
6866,4729,25,150,2024-11-18,22.19
6867,5693,28,165,2024-01-22,31.55
6868,1278,7,39,2024-08-28,36.47
6869,2561,38,227,2024-01-01,14.71
6870,7465,27,161,2024-03-02,21.18
6871,9701,14,82,2024-03-03,24.40
6872,8778,32,192,2024-05-01,29.43
6873,147,48,283,2024-10-14,12.42
6874,5806,27,161,2024-03-23,22.04
6875,5936,8,48,2024-12-11,22.62
6876,9514,15,86,2024-11-10,25.04
6877,4131,37,220,2024-08-07,24.13
6878,5234,24,142,2024-05-15,19.28
6879,1398,21,124,2024-10-14,23.61
6880,4814,35,205,2024-12-30,78.47
6881,765,48,288,2024-11-26,32.68
6882,5279,42,249,2024-01-15,37.24
6883,2386,27,160,2024-07-25,17.36
6884,603,27,160,2024-05-01,17.58
6885,1686,42,249,2024-09-16,21.71
6886,5853,40,236,2024-08-07,12.20
6887,6464,20,117,2024-04-10,21.23
6888,3939,26,152,2024-07-11,33.88
6889,4015,36,216,2024-08-05,20.10
6890,5514,11,61,2024-09-10,31.93
6891,8810,4,21,2024-07-30,14.63
6892,6595,32,188,2024-10-02,68.77
6893,3468,15,87,2024-03-09,44.00
6894,1719,47,279,2024-02-13,32.46
6895,1125,23,134,2024-11-18,35.05
6896,9484,15,87,2024-11-08,68.49
6897,2629,14,83,2024-06-11,31.26
6898,2636,13,78,2024-08-14,23.95
6899,4013,6,33,2024-02-16,12.16
6900,3269,25,146,2024-10-13,23.62
6901,4844,35,207,2024-08-20,40.67
6902,7454,26,156,2024-08-22,19.09
6903,5358,38,225,2024-06-10,13.73
6904,748,1,2,2024-07-23,30.75
6905,8120,1,5,2024-07-16,34.80
6906,817,24,143,2024-07-08,26.88
6907,1180,44,259,2024-02-11,19.71
6908,9216,4,22,2024-09-28,22.11
6909,7508,4,23,2024-06-22,23.00
6910,1354,2,11,2024-05-05,17.75
6911,5249,2,9,2024-08-26,17.48
6912,711,40,236,2024-07-16,16.16
6913,2291,10,58,2024-04-14,8.86
6914,896,13,74,2024-03-05,8.43
6915,3982,3,18,2024-10-27,109.85
6916,9945,23,137,2024-01-15,60.24
6917,764,8,43,2024-10-29,38.42
6918,7580,14,83,2024-05-23,12.58
6919,1512,39,232,2024-02-10,27.73
6920,5348,39,233,2024-07-01,12.81
6921,5066,4,22,2024-07-06,28.57
6922,4454,37,222,2024-06-18,24.42
6923,4636,49,294,2024-03-18,46.92
6924,7878,12,68,2024-10-26,37.00
6925,5737,46,273,2024-06-13,16.12
6926,2026,41,245,2024-06-21,19.78
6927,2954,47,278,2024-10-24,48.60
6928,8537,22,131,2024-08-20,53.84
6929,3530,32,190,2024-12-04,47.03
6930,4094,50,295,2024-07-14,31.44
6931,5673,33,194,2024-04-02,20.52
6932,6620,22,128,2024-04-12,15.38
6933,6831,44,263,2024-02-01,16.42
6934,3714,39,230,2024-01-02,11.80
6935,7302,41,241,2024-01-21,31.55
6936,1971,17,98,2024-12-18,16.18
6937,1054,8,43,2024-08-10,17.87
6938,9318,25,148,2024-06-01,31.97
6939,9064,16,93,2024-10-04,13.12
6940,4593,22,128,2024-12-24,17.58
6941,9672,3,13,2024-06-10,32.72
6942,1165,41,242,2024-10-14,25.23
6943,453,21,125,2024-04-21,26.42
6944,8464,23,133,2024-06-30,16.93
6945,2403,40,240,2024-11-08,12.45
6946,7412,43,255,2024-03-05,58.73
6947,2023,48,283,2024-10-11,49.62
6948,3727,47,281,2024-11-30,15.74
6949,9395,34,200,2024-01-22,23.34
6950,5047,44,260,2024-05-20,42.29
6951,7298,32,187,2024-07-28,20.55
6952,3983,41,245,2024-09-18,29.43
6953,4179,45,269,2024-11-08,17.43
6954,8171,49,290,2024-11-11,28.95
6955,9495,14,79,2024-06-02,53.73
6956,5866,49,294,2024-10-18,11.35
6957,2309,28,163,2024-02-13,24.45
6958,2285,25,149,2024-02-24,12.84
6959,1846,6,35,2024-05-12,65.00
6960,9819,42,251,2024-12-22,32.31
6961,9158,13,76,2024-09-28,66.68
6962,8317,43,255,2024-11-05,28.90
6963,7094,38,224,2024-04-22,20.05
6964,4688,8,48,2024-01-08,21.46
6965,5271,5,28,2024-10-03,34.40
6966,1807,43,253,2024-04-26,25.08
6967,3266,32,192,2024-01-01,28.52
6968,9004,29,170,2024-11-28,34.57
6969,7483,46,275,2024-10-23,9.39
6970,7327,33,195,2024-03-10,16.87
6971,8959,21,124,2024-01-22,58.35
6972,3040,26,152,2024-03-21,13.71
6973,1767,17,102,2024-12-21,58.52
6974,3507,6,35,2024-02-02,18.97
6975,6172,40,236,2024-12-12,23.75
6976,1711,46,276,2024-06-22,19.94
6977,8255,4,22,2024-09-12,17.22
6978,5036,29,170,2024-03-18,51.08
6979,9666,7,42,2024-12-28,33.95
6980,588,19,113,2024-07-26,8.16
6981,2000,3,15,2024-07-16,54.66
6982,4289,6,33,2024-01-26,25.17
6983,6627,11,65,2024-07-25,44.60
6984,7906,21,121,2024-03-09,43.70
6985,8657,41,242,2024-03-13,31.26
6986,4490,15,85,2024-02-11,12.62
6987,5614,38,224,2024-09-08,11.93
6988,6936,40,238,2024-06-11,17.35
6989,8679,41,244,2024-06-04,41.37
6990,2177,7,37,2024-06-01,44.45
6991,6345,31,183,2024-08-25,26.68
6992,2677,22,132,2024-06-10,42.25
6993,6022,10,56,2024-05-25,44.36
6994,2414,1,3,2024-08-07,14.49
6995,2804,13,78,2024-12-05,56.60
6996,6077,10,57,2024-04-24,15.26
6997,2357,29,173,2024-04-21,17.94
6998,6834,22,127,2024-05-10,18.97
6999,2932,7,39,2024-07-17,58.90
7000,8533,29,170,2024-01-29,52.88
7001,6091,32,191,2024-07-27,15.99
7002,6765,44,260,2024-09-21,17.64
7003,4741,30,177,2024-06-13,15.34
7004,1382,21,123,2024-04-04,16.46
7005,4131,38,227,2024-04-08,63.21
7006,5659,13,73,2024-02-16,11.87
7007,9823,12,68,2024-09-20,32.48
7008,1842,14,79,2024-03-30,40.10
7009,8058,17,97,2024-11-04,27.34
7010,6438,7,39,2024-06-08,23.19
7011,1780,34,199,2024-12-17,24.55
7012,11,49,292,2024-10-11,31.18
7013,895,23,137,2024-02-25,14.55
7014,5162,11,65,2024-06-30,21.02
7015,3694,30,177,2024-04-14,22.36
7016,376,47,277,2024-11-06,23.88
7017,9969,4,20,2024-10-29,31.45
7018,5827,17,100,2024-01-03,70.24
7019,9734,28,165,2024-04-25,65.14
7020,4488,16,93,2024-11-12,23.45
7021,1762,26,155,2024-11-28,16.43
7022,7124,35,210,2024-07-17,49.15
7023,7283,26,154,2024-05-03,50.68
7024,9408,29,174,2024-10-12,20.74
7025,3023,6,36,2024-01-03,22.51
7026,4869,50,299,2024-09-13,20.18
7027,946,25,145,2024-02-27,14.96
7028,9447,47,281,2024-08-08,25.75
7029,9079,41,245,2024-10-21,27.53
7030,937,28,165,2024-12-15,31.88
7031,8323,1,1,2024-03-27,10.08
7032,1349,41,241,2024-05-01,19.82
7033,3636,37,218,2024-08-18,32.78
7034,7122,5,27,2024-09-01,6.92
7035,2846,21,125,2024-11-29,24.47
7036,3481,18,104,2024-02-24,20.76
7037,7211,23,133,2024-01-24,36.70
7038,3181,3,16,2024-05-28,8.98
7039,2904,11,66,2024-04-17,21.11
7040,1733,14,79,2024-04-02,16.14
7041,1556,41,242,2024-07-30,21.01
7042,7343,27,162,2024-07-10,26.52
7043,7469,31,185,2024-07-02,31.42
7044,2908,31,183,2024-10-20,9.40
7045,4909,17,97,2024-07-23,9.14
7046,2839,36,211,2024-10-19,23.43
7047,803,17,101,2024-05-15,37.62
7048,7693,19,111,2024-09-16,38.00
7049,4130,2,10,2024-06-23,11.66
7050,2352,4,23,2024-04-11,30.56
7051,9448,17,97,2024-09-13,9.74
7052,7937,15,89,2024-09-21,22.98
7053,1631,18,106,2024-07-24,12.85
7054,6682,36,216,2024-07-16,7.65
7055,5843,18,103,2024-01-26,22.81
7056,9576,31,183,2024-06-13,13.98
7057,5860,36,214,2024-01-26,30.86
7058,2629,39,231,2024-08-04,42.41
7059,664,5,30,2024-01-07,34.32
7060,4842,33,197,2024-02-07,39.50
7061,1457,11,62,2024-06-11,40.38
7062,3848,27,161,2024-01-24,39.38
7063,4039,21,121,2024-12-18,16.17
7064,1244,15,88,2024-01-01,21.00
7065,9584,2,10,2024-11-03,29.29
7066,683,15,86,2024-12-17,39.03
7067,5404,40,235,2024-02-04,10.31
7068,1048,23,133,2024-10-11,31.88
7069,9988,34,200,2024-11-23,20.21
7070,4976,30,177,2024-12-16,25.64
7071,4136,3,17,2024-03-11,19.69
7072,7575,27,160,2024-06-07,13.10
7073,9023,12,67,2024-01-20,11.86
7074,2941,33,198,2024-07-09,25.97
7075,153,25,146,2024-03-15,16.66
7076,8218,12,71,2024-07-22,24.42
7077,1885,8,45,2024-01-06,56.33
7078,9254,22,132,2024-11-06,66.72
7079,9190,30,175,2024-05-07,15.34
7080,6408,10,60,2024-09-28,38.56
7081,7630,43,255,2024-06-30,61.33
7082,1508,27,159,2024-05-03,14.82
7083,8433,7,38,2024-07-28,36.88
7084,5535,44,259,2024-02-29,27.69
7085,3823,12,68,2024-07-17,24.95
7086,9381,50,299,2024-07-16,14.06
7087,738,40,239,2024-10-30,10.56
7088,6658,24,141,2024-04-30,19.99
7089,2750,37,219,2024-10-14,15.27
7090,48,35,205,2024-01-08,11.74
7091,192,29,171,2024-10-12,9.53
7092,9010,13,77,2024-02-06,25.33
7093,3771,18,107,2024-01-25,19.01
7094,1524,24,143,2024-07-10,13.18
7095,4593,44,262,2024-03-27,15.28
7096,4487,36,212,2024-12-31,77.47
7097,1348,25,147,2024-10-01,34.64
7098,4475,2,9,2024-02-12,44.48
7099,544,3,16,2024-02-29,29.21
7100,5913,19,114,2024-11-07,43.17
7101,2507,45,268,2024-10-04,45.70
7102,8956,10,60,2024-12-26,25.05
7103,3183,16,95,2024-11-29,8.91
7104,6629,30,176,2024-07-20,7.02
7105,8536,39,232,2024-02-08,17.58
7106,3139,14,81,2024-08-20,21.11
7107,9576,6,31,2024-09-15,45.82
7108,3350,35,208,2024-01-10,21.90
7109,6670,36,214,2024-08-27,22.14
7110,9442,46,272,2024-09-14,34.37
7111,2611,47,280,2024-09-07,43.06
7112,2562,50,295,2024-03-05,20.92
7113,32,23,134,2024-11-17,21.13
7114,3480,5,25,2024-12-01,46.25
7115,4762,28,168,2024-02-05,48.43
7116,9960,14,80,2024-03-04,9.12
7117,9806,11,64,2024-03-18,30.82
7118,4698,14,79,2024-08-01,18.32
7119,9683,47,278,2024-06-20,28.37
7120,6523,36,214,2024-09-20,31.16
7121,4847,46,271,2024-04-04,15.83
7122,7594,4,19,2024-09-12,8.85
7123,9684,37,220,2024-12-29,9.62
7124,8847,16,94,2024-05-09,14.05
7125,5676,30,179,2024-10-25,16.88
7126,1311,46,275,2024-03-06,25.72
7127,4413,24,140,2024-11-01,20.13
7128,8501,11,65,2024-01-09,36.46
7129,8692,49,290,2024-11-21,13.06
7130,5793,5,27,2024-06-17,29.36
7131,5285,17,102,2024-07-23,14.39
7132,6030,15,89,2024-01-31,21.98
7133,4249,5,29,2024-06-28,71.87
7134,6659,11,65,2024-12-31,16.70
7135,2404,50,300,2024-08-19,24.46
7136,6886,32,192,2024-10-20,18.06
7137,4710,40,239,2024-03-23,87.65
7138,3331,36,213,2024-06-04,15.50
7139,8720,19,112,2024-01-10,64.66
7140,1607,33,196,2024-06-24,45.82
7141,7020,39,233,2024-05-11,24.36
7142,3277,11,63,2024-09-07,22.30
7143,5317,18,107,2024-01-23,7.93
7144,1522,46,272,2024-05-29,17.11
7145,5425,32,189,2024-03-06,17.72
7146,8013,2,11,2024-09-24,11.23
7147,6525,47,278,2024-09-01,32.73
7148,3845,18,106,2024-09-16,31.64
7149,9997,45,266,2024-09-29,54.61
7150,4564,2,10,2024-08-09,19.78
7151,9064,11,66,2024-10-25,31.62
7152,3898,22,128,2024-09-26,29.11
7153,8616,38,225,2024-01-14,15.49
7154,1120,1,6,2024-08-09,28.15
7155,9347,19,112,2024-09-25,26.12
7156,8971,32,191,2024-07-27,9.40
7157,8575,3,16,2024-07-14,40.52
7158,383,3,16,2024-02-12,16.29
7159,295,43,255,2024-03-29,25.90
7160,9243,41,242,2024-11-28,20.40
7161,2339,24,140,2024-10-31,21.98
7162,1095,35,207,2024-02-04,8.04
7163,1726,41,242,2024-03-27,40.14
7164,7561,36,215,2024-05-05,16.75
7165,2445,18,107,2024-10-25,12.98
7166,708,18,103,2024-03-23,21.03
7167,8744,9,49,2024-02-01,9.36
7168,321,37,217,2024-03-25,53.30
7169,5438,13,76,2024-09-20,11.13
7170,1351,27,157,2024-01-27,31.27
7171,7970,42,249,2024-05-13,8.10
7172,6051,18,106,2024-09-19,23.72
7173,2004,30,179,2024-08-14,23.52
7174,9330,40,235,2024-07-24,13.73
7175,8348,34,203,2024-06-17,42.64
7176,8783,8,46,2024-01-28,73.98
7177,7862,9,52,2024-07-31,13.20
7178,2190,9,53,2024-01-27,16.44
7179,6732,14,83,2024-10-31,26.06
7180,4471,28,163,2024-02-28,49.31
7181,4785,46,276,2024-01-04,24.61
7182,4454,34,200,2024-11-12,15.67
7183,2799,32,189,2024-04-04,10.47
7184,7293,8,47,2024-10-27,10.14
7185,5113,46,271,2024-12-10,24.71
7186,2309,7,39,2024-10-01,53.10
7187,7012,28,164,2024-07-06,40.12
7188,3720,15,88,2024-05-26,27.10
7189,9099,1,5,2024-08-27,28.41
7190,1610,7,37,2024-08-25,20.44
7191,4970,27,160,2024-09-29,37.54
7192,6772,26,153,2024-01-17,8.96
7193,5121,18,108,2024-02-29,22.82
7194,3312,1,3,2024-05-25,32.57
7195,9396,20,116,2024-04-03,15.75
7196,8788,41,244,2024-02-09,16.24
7197,5336,13,78,2024-10-29,10.98
7198,6314,45,268,2024-09-10,11.23
7199,5999,25,147,2024-11-29,26.92
7200,7851,21,121,2024-10-02,26.76
7201,2710,2,11,2024-07-07,19.60
7202,3209,23,133,2024-09-06,20.50
7203,2812,50,298,2024-07-17,10.05
7204,3251,21,121,2024-10-07,45.73
7205,651,29,174,2024-09-13,21.55
7206,7822,41,243,2024-08-28,40.04
7207,8949,41,243,2024-02-09,40.44
7208,5187,1,3,2024-04-27,31.17
7209,7730,31,186,2024-02-17,16.06
7210,9362,50,296,2024-11-22,34.70
7211,3064,1,4,2024-07-11,13.78
7212,9837,32,191,2024-02-11,21.55
7213,4630,29,169,2024-11-17,7.49
7214,304,44,263,2024-07-27,27.94
7215,4170,30,178,2024-08-17,44.26
7216,5151,42,251,2024-06-02,21.54
7217,9692,12,70,2024-04-04,16.15
7218,9229,25,149,2024-02-14,27.64
7219,5687,24,140,2024-07-14,10.78
7220,7852,45,265,2024-08-25,18.86
7221,4449,19,112,2024-11-20,20.83
7222,2390,49,291,2024-10-23,15.57
7223,6459,27,159,2024-05-05,14.42
7224,6335,10,58,2024-08-30,40.62
7225,6548,11,61,2024-11-27,15.77
7226,2570,26,153,2024-03-22,45.42
7227,9374,20,117,2024-02-04,49.65
7228,6226,11,65,2024-01-08,33.28
7229,8331,26,156,2024-02-18,24.27
7230,7125,34,200,2024-02-20,9.46
7231,8825,5,30,2024-02-08,14.52
7232,6256,2,12,2024-05-29,31.28
7233,9457,37,219,2024-08-16,38.44
7234,9375,30,176,2024-06-15,32.01
7235,150,38,228,2024-09-29,22.83
7236,6264,44,260,2024-02-13,22.48
7237,3207,32,191,2024-01-21,36.99
7238,967,48,284,2024-07-05,52.35
7239,8394,35,206,2024-05-02,14.72
7240,442,40,237,2024-11-07,33.53
7241,6672,50,295,2024-10-17,25.48
7242,339,10,59,2024-11-16,19.55
7243,8788,41,243,2024-04-26,43.08
7244,5861,27,162,2024-04-15,17.45
7245,9037,33,194,2024-02-11,11.24
7246,9111,9,53,2024-10-18,16.46
7247,6986,14,82,2024-07-07,45.08
7248,3447,46,274,2024-03-17,44.58
7249,5360,35,206,2024-10-02,17.24
7250,5414,29,172,2024-06-11,42.25
7251,6182,3,17,2024-11-01,31.91
7252,890,3,15,2024-02-15,36.20
7253,6001,31,184,2024-02-05,33.02
7254,3546,21,121,2024-12-19,25.54
7255,4088,18,106,2024-05-13,24.12
7256,8397,31,184,2024-10-02,15.19
7257,1295,24,144,2024-07-08,24.56
7258,2028,14,79,2024-04-11,30.38
7259,3735,40,235,2024-08-09,20.95
7260,9519,15,90,2024-06-09,33.85
7261,3723,29,169,2024-09-21,18.50
7262,5813,29,171,2024-03-27,56.82
7263,4353,1,4,2024-12-07,26.92
7264,9392,47,278,2024-03-25,7.94
7265,8004,16,94,2024-06-07,23.63
7266,7962,10,60,2024-12-01,14.42
7267,6832,42,252,2024-03-19,74.28
7268,2582,28,167,2024-12-23,19.04
7269,7426,23,137,2024-11-22,59.35
7270,2443,36,211,2024-01-24,17.13
7271,5072,9,53,2024-06-02,21.38
7272,9456,29,173,2024-02-16,18.94
7273,8960,21,124,2024-12-25,21.82
7274,2275,15,89,2024-07-25,39.35
7275,2239,49,294,2024-12-13,44.38
7276,6072,27,159,2024-04-13,32.66
7277,6973,26,154,2024-04-20,26.60
7278,1104,47,278,2024-05-03,17.03
7279,2567,36,212,2024-08-09,8.15
7280,37,45,267,2024-11-29,20.18
7281,322,1,4,2024-10-02,45.08
7282,9172,44,260,2024-07-19,11.34
7283,4825,9,53,2024-03-16,7.53
7284,1952,7,39,2024-11-13,14.78
7285,8553,6,36,2024-11-20,44.92
7286,9015,37,217,2024-10-29,34.80
7287,4766,39,231,2024-04-12,25.84
7288,4561,4,20,2024-03-21,27.18
7289,7427,39,231,2024-05-16,14.42
7290,5079,44,261,2024-11-26,15.78
7291,8330,5,29,2024-03-23,9.62
7292,5575,31,182,2024-11-29,32.63
7293,1249,33,198,2024-07-23,34.86
7294,3645,46,273,2024-12-02,40.07
7295,8634,34,203,2024-08-24,25.30
7296,544,46,271,2024-07-02,32.50
7297,1070,7,37,2024-09-23,20.13
7298,1378,46,275,2024-02-03,49.73
7299,5484,30,177,2024-09-22,30.83
7300,9966,35,208,2024-11-18,19.83
7301,7248,13,78,2024-02-16,21.46
7302,1180,37,220,2024-12-07,41.39
7303,5360,11,66,2024-11-09,48.68
7304,7951,15,89,2024-02-23,17.98
7305,4525,2,11,2024-07-06,13.78
7306,8317,16,92,2024-06-22,20.16
7307,1117,3,13,2024-04-23,16.68
7308,8162,16,92,2024-11-01,15.01
7309,9419,29,170,2024-08-13,29.81
7310,6554,32,187,2024-04-08,30.47
7311,6950,50,296,2024-10-27,88.10
7312,7899,30,178,2024-10-10,24.19
7313,1635,40,236,2024-12-12,68.88
7314,7933,18,106,2024-09-26,22.76
7315,8515,7,37,2024-08-21,35.68
7316,1220,22,130,2024-12-22,18.32
7317,3290,33,195,2024-05-26,22.94
7318,3569,45,266,2024-04-23,14.47
7319,7091,21,123,2024-12-22,48.46
7320,6097,47,280,2024-12-30,9.04
7321,2981,48,285,2024-12-12,28.81
7322,4894,28,168,2024-01-20,23.63
7323,2950,20,120,2024-07-17,76.02
7324,1460,45,268,2024-04-11,75.66
7325,3859,6,34,2024-04-07,33.88
7326,479,11,61,2024-05-19,31.29
7327,8249,27,162,2024-11-16,22.98
7328,704,43,256,2024-05-12,31.19
7329,721,22,131,2024-01-19,18.45
7330,7919,23,135,2024-01-28,43.01
7331,2408,19,111,2024-02-29,14.17
7332,4035,32,187,2024-03-31,19.31
7333,9987,42,252,2024-12-31,28.82
7334,1359,20,118,2024-05-05,21.48
7335,3177,39,233,2024-11-01,56.78
7336,934,25,149,2024-08-20,21.68
7337,7883,49,294,2024-10-04,29.32
7338,20,4,21,2024-04-09,41.13
7339,3907,22,130,2024-08-05,15.30
7340,5253,49,292,2024-12-24,33.04
7341,281,42,248,2024-12-06,21.48
7342,3771,13,78,2024-09-02,20.06
7343,873,48,285,2024-02-16,32.68
7344,5695,42,250,2024-03-22,15.99
7345,9227,42,251,2024-12-31,47.94
7346,482,40,238,2024-04-25,8.78
7347,4971,18,104,2024-03-26,14.17
7348,7307,20,117,2024-07-12,48.89
7349,1916,10,59,2024-07-16,18.60
7350,6911,39,232,2024-01-09,27.70
7351,2233,16,95,2024-01-20,18.17
7352,9860,6,35,2024-04-13,33.34
7353,3728,41,243,2024-09-24,12.00
7354,8378,42,252,2024-08-22,28.23
7355,4836,11,65,2024-03-26,65.00
7356,256,6,34,2024-11-11,22.41
7357,1542,35,206,2024-11-07,47.62
7358,5421,33,194,2024-08-26,26.77
7359,9902,13,75,2024-05-01,16.56
7360,4738,23,135,2024-03-10,22.74
7361,6183,40,239,2024-11-02,55.72
7362,277,45,267,2024-08-25,19.68
7363,50,43,254,2024-10-07,21.17
7364,3650,5,29,2024-06-10,21.81
7365,9084,21,126,2024-12-09,51.79
7366,7130,40,238,2024-07-01,25.83
7367,6856,6,34,2024-06-08,50.67
7368,4373,49,293,2024-06-10,15.09
7369,6168,47,281,2024-11-01,34.68
7370,7648,7,41,2024-03-09,35.68
7371,5940,13,77,2024-06-03,14.72
7372,9681,26,154,2024-06-12,22.62
7373,388,48,285,2024-07-28,33.00
7374,6281,43,256,2024-04-27,65.79
7375,9808,8,48,2024-10-17,14.82
7376,5966,14,80,2024-09-23,28.93
7377,2004,37,219,2024-06-11,18.57
7378,8395,46,275,2024-11-04,24.78
7379,6455,39,233,2024-12-13,13.82
7380,3210,20,115,2024-09-01,41.34
7381,1421,6,32,2024-01-29,10.95
7382,260,9,50,2024-04-12,26.42
7383,8876,45,270,2024-07-31,27.81
7384,9090,24,142,2024-03-23,13.59
7385,3257,45,267,2024-05-07,35.77
7386,4788,2,7,2024-09-05,27.31
7387,7219,3,14,2024-05-18,25.40
7388,455,49,289,2024-08-20,19.93
7389,4562,5,29,2024-09-21,16.86
7390,6985,27,162,2024-01-26,34.14
7391,1225,15,86,2024-05-28,40.06
7392,8137,16,95,2024-06-30,10.29
7393,1941,21,126,2024-08-11,23.97
7394,8128,31,181,2024-07-11,69.69
7395,101,49,294,2024-05-26,19.89
7396,6304,16,95,2024-10-20,22.36
7397,1896,26,152,2024-02-23,24.41
7398,2017,32,190,2024-03-09,9.81
7399,8880,42,249,2024-03-08,42.80
7400,6534,44,262,2024-05-14,25.25
7401,45,16,96,2024-04-20,25.25
7402,2367,36,214,2024-01-14,38.19
7403,5578,37,220,2024-09-29,13.15
7404,6371,14,80,2024-02-14,18.84
7405,5647,31,184,2024-12-10,28.69
7406,6032,46,274,2024-04-07,11.38
7407,7364,40,238,2024-04-02,23.81
7408,2421,49,294,2024-06-21,25.42
7409,340,11,63,2024-10-11,9.73
7410,7868,39,231,2024-02-13,17.65
7411,6101,44,262,2024-02-10,20.77
7412,3987,26,155,2024-06-19,35.04
7413,1166,25,145,2024-09-16,56.76
7414,3011,13,74,2024-10-31,31.44
7415,8786,30,177,2024-02-05,25.57
7416,2061,35,208,2024-11-10,23.08
7417,2933,21,124,2024-05-24,21.93
7418,3898,22,127,2024-08-29,24.05
7419,4687,29,172,2024-05-16,20.13
7420,6135,18,108,2024-08-26,13.98
7421,5671,25,146,2024-05-07,28.71
7422,9112,12,68,2024-01-11,24.08
7423,5136,6,36,2024-02-22,16.78
7424,3577,2,12,2024-07-02,15.81
7425,405,21,126,2024-07-10,28.46
7426,4996,1,3,2024-07-13,29.00
7427,1211,49,292,2024-12-25,14.93
7428,975,31,185,2024-06-26,17.80
7429,9828,43,254,2024-02-21,16.09
7430,3935,35,205,2024-12-21,21.91
7431,9070,10,59,2024-07-23,9.25
7432,7095,46,272,2024-12-14,10.16
7433,9335,31,186,2024-01-14,36.61
7434,2618,46,276,2024-03-07,15.64
7435,5354,34,201,2024-10-03,78.78
7436,486,22,132,2024-07-25,25.33
7437,1047,31,186,2024-01-03,15.66
7438,4872,49,292,2024-04-25,13.47
7439,2969,44,263,2024-02-28,18.52
7440,4989,47,282,2024-08-09,15.39
7441,7315,19,111,2024-09-28,66.12
7442,815,37,218,2024-01-26,46.06
7443,6837,40,238,2024-07-18,16.16
7444,3670,16,93,2024-07-16,20.72
7445,6177,48,285,2024-10-18,17.17
7446,910,43,258,2024-11-21,22.74
7447,4800,46,271,2024-01-06,77.47
7448,5292,42,248,2024-04-08,24.03
7449,5478,44,262,2024-05-20,44.12
7450,5963,46,275,2024-10-20,36.38
7451,9952,43,256,2024-10-05,27.62
7452,6712,40,237,2024-08-22,28.46
7453,2481,16,96,2024-06-30,19.80
7454,519,40,236,2024-06-11,27.40
7455,2071,4,23,2024-09-24,16.31
7456,8719,32,191,2024-10-16,28.72
7457,6846,8,44,2024-11-07,15.27
7458,4616,21,122,2024-10-30,31.06
7459,8768,25,147,2024-03-25,21.50
7460,9536,22,128,2024-07-26,10.11
7461,2781,25,150,2024-03-14,26.30
7462,5309,36,215,2024-01-18,23.04
7463,4212,16,95,2024-07-19,17.85
7464,7071,22,128,2024-10-28,18.51
7465,2301,45,265,2024-12-10,34.67
7466,5424,29,172,2024-04-08,29.25
7467,6217,4,22,2024-12-27,18.03
7468,4127,28,166,2024-02-02,13.68
7469,5305,34,204,2024-08-16,27.43
7470,2230,21,123,2024-11-21,87.78
7471,2087,48,284,2024-08-03,13.00
7472,7396,38,226,2024-06-02,7.47
7473,2064,25,145,2024-09-13,13.26
7474,825,14,83,2024-07-19,15.28
7475,3146,2,11,2024-11-17,29.52
7476,8959,37,218,2024-01-04,19.05
7477,5663,5,26,2024-03-19,19.75
7478,8897,9,49,2024-10-31,31.43
7479,5530,39,233,2024-01-22,13.56
7480,1786,20,116,2024-03-31,35.36
7481,9346,41,244,2024-04-26,18.60
7482,8342,26,156,2024-12-06,17.75
7483,2916,38,227,2024-06-16,16.36
7484,313,25,147,2024-11-11,29.52
7485,8054,35,209,2024-09-14,7.81
7486,2527,41,243,2024-03-21,50.96
7487,1351,48,284,2024-04-13,29.38
7488,3571,45,265,2024-07-26,43.15
7489,7808,33,196,2024-09-09,33.85
7490,8484,6,34,2024-05-21,14.08
7491,6047,32,187,2024-11-29,39.67
7492,6990,9,49,2024-09-05,25.50
7493,762,31,182,2024-08-22,35.59
7494,4500,22,132,2024-03-11,15.32
7495,7502,35,206,2024-07-26,19.55
7496,6689,32,188,2024-12-11,9.81
7497,1595,24,144,2024-09-26,16.19
7498,924,38,227,2024-08-12,19.01
7499,8421,6,31,2024-11-18,22.91
7500,779,47,281,2024-09-09,31.72
7501,9451,42,248,2024-02-09,43.46
7502,5621,38,226,2024-08-22,19.15
7503,964,38,223,2024-05-12,65.13
7504,2043,18,108,2024-08-14,57.80
7505,8115,35,206,2024-08-05,40.62
7506,7220,7,39,2024-04-19,27.76
7507,7662,16,93,2024-07-23,18.46
7508,2771,10,57,2024-01-12,81.19
7509,2503,25,147,2024-02-14,17.06
7510,9306,39,231,2024-12-27,65.70
7511,3163,18,107,2024-10-18,29.01
7512,617,41,245,2024-05-15,36.24
7513,450,8,46,2024-01-25,24.04
7514,4053,25,147,2024-01-12,17.12
7515,6357,5,30,2024-09-12,57.02
7516,3221,44,259,2024-01-21,10.77
7517,6976,29,172,2024-09-14,20.57
7518,7723,25,147,2024-06-08,11.68
7519,7682,48,288,2024-03-11,22.68
7520,1225,22,132,2024-02-12,22.68
7521,3156,7,37,2024-10-29,29.40
7522,6497,8,48,2024-03-14,13.73
7523,4531,41,241,2024-02-21,53.19
7524,2523,35,206,2024-11-01,11.97
7525,3652,26,156,2024-12-30,12.49
7526,4003,36,211,2024-02-09,21.68
7527,2708,16,91,2024-01-21,22.76
7528,1236,18,103,2024-08-21,25.72
7529,8365,1,1,2024-03-31,22.56
7530,5151,24,141,2024-10-21,22.53
7531,6449,49,292,2024-08-03,45.72
7532,9518,28,166,2024-04-25,38.67
7533,9581,17,98,2024-06-28,16.61
7534,9996,49,292,2024-10-22,38.09
7535,4583,25,149,2024-05-06,67.44
7536,5435,27,161,2024-06-11,29.81
7537,8909,31,186,2024-08-17,32.65
7538,5120,37,221,2024-03-20,18.04
7539,7932,39,232,2024-05-24,27.11
7540,8570,31,182,2024-08-02,48.18
7541,4064,35,209,2024-07-31,15.05
7542,8292,29,174,2024-02-16,15.81
7543,6052,20,116,2024-02-10,30.09
7544,6443,38,227,2024-05-16,21.32
7545,2817,15,87,2024-08-07,11.61
7546,6730,48,287,2024-01-28,37.80
7547,6489,18,108,2024-01-13,13.72
7548,6591,50,295,2024-09-19,14.63
7549,8718,48,285,2024-11-05,14.50
7550,3835,10,60,2024-10-27,16.48
7551,2189,21,125,2024-07-12,12.97
7552,4111,11,65,2024-04-05,28.19
7553,366,3,13,2024-05-20,66.40
7554,9361,36,211,2024-04-30,21.16
7555,1814,13,77,2024-12-12,30.63
7556,5387,6,31,2024-06-15,21.50
7557,544,37,222,2024-03-28,44.19
7558,4677,33,194,2024-06-14,16.53
7559,6895,21,123,2024-11-09,14.85
7560,422,44,261,2024-03-07,14.29
7561,375,31,183,2024-04-21,11.23
7562,4799,49,289,2024-09-22,27.98
7563,8813,10,56,2024-06-24,9.85
7564,2746,1,1,2024-12-12,10.46
7565,3275,3,18,2024-06-20,17.62
7566,4420,23,138,2024-03-06,11.93
7567,1900,36,214,2024-08-13,26.54
7568,3052,34,200,2024-06-23,21.82
7569,8959,18,104,2024-10-21,65.07
7570,4487,2,11,2024-12-13,12.09
7571,4883,4,22,2024-07-26,15.52
7572,1256,38,225,2024-09-01,31.28
7573,4519,3,17,2024-04-09,41.58
7574,4432,15,89,2024-08-06,23.01
7575,4628,47,280,2024-03-03,20.33
7576,4577,29,174,2024-05-05,16.34
7577,7401,16,93,2024-12-13,16.14
7578,2746,25,145,2024-09-06,39.45
7579,363,1,3,2024-05-17,15.46
7580,4184,47,282,2024-06-30,14.21
7581,2012,3,17,2024-11-20,21.51
7582,8390,36,211,2024-04-20,32.96
7583,8915,37,219,2024-08-15,20.30
7584,3937,19,109,2024-10-05,21.77
7585,5949,19,111,2024-03-15,32.48
7586,6516,3,16,2024-07-26,14.03
7587,3679,2,8,2024-12-05,7.52
7588,7648,2,11,2024-07-10,42.82
7589,3479,34,203,2024-01-21,20.16
7590,7891,28,165,2024-08-04,38.03
7591,5707,35,208,2024-05-15,52.64
7592,719,40,236,2024-08-04,45.77
7593,2726,1,1,2024-12-14,34.11
7594,5934,12,68,2024-05-20,20.39
7595,456,30,176,2024-10-28,30.76
7596,4568,29,173,2024-09-12,17.89
7597,976,14,79,2024-06-14,9.99
7598,6337,17,100,2024-05-31,61.62
7599,2352,8,46,2024-08-04,59.46
7600,7386,37,217,2024-06-14,67.48
7601,5079,20,115,2024-03-05,38.95
7602,3522,36,212,2024-07-15,20.50
7603,4674,13,73,2024-10-20,10.89
7604,1735,1,6,2024-04-08,27.66
7605,5895,15,88,2024-01-16,18.88
7606,4927,5,30,2024-07-25,30.95
7607,7165,24,140,2024-07-26,13.01
7608,232,18,108,2024-02-07,26.01
7609,8798,26,153,2024-06-12,45.24
7610,3945,31,182,2024-08-29,24.56
7611,7351,44,259,2024-09-18,7.30
7612,3703,30,175,2024-07-19,35.90
7613,7967,42,252,2024-06-14,19.82
7614,3643,33,197,2024-06-16,17.21
7615,2367,44,264,2024-04-18,22.08
7616,7240,41,241,2024-12-14,7.89
7617,5106,37,220,2024-07-18,23.60
7618,1936,24,144,2024-10-24,42.57
7619,1067,33,193,2024-10-14,60.41
7620,5348,41,246,2024-03-21,16.16
7621,3760,44,263,2024-08-02,23.73
7622,9411,50,300,2024-07-05,55.18
7623,8094,11,61,2024-10-30,49.43
7624,858,34,200,2024-09-13,65.69
7625,2825,12,72,2024-03-24,29.19
7626,6883,14,84,2024-03-24,12.62
7627,2546,19,111,2024-12-10,57.73
7628,9623,47,281,2024-01-28,45.85
7629,5895,31,183,2024-05-24,17.10
7630,6458,47,280,2024-10-21,27.06
7631,4251,10,58,2024-10-22,44.38
7632,1061,34,202,2024-07-04,15.28
7633,9107,4,22,2024-09-10,18.39
7634,4560,34,202,2024-12-12,11.46
7635,5881,40,240,2024-08-26,29.23
7636,4522,9,51,2024-11-10,27.36
7637,1079,26,154,2024-11-10,57.28
7638,9471,6,32,2024-06-30,27.79
7639,8793,49,290,2024-08-25,14.81
7640,2373,8,47,2024-10-24,43.04
7641,3945,35,207,2024-05-04,28.01
7642,4557,14,81,2024-04-07,15.82
7643,1620,21,125,2024-12-10,48.09
7644,7503,50,299,2024-04-21,24.50
7645,5794,37,221,2024-07-30,16.19
7646,3144,12,71,2024-03-22,12.43
7647,6745,33,198,2024-03-15,11.55
7648,9169,3,16,2024-07-04,13.26
7649,7180,16,96,2024-08-13,8.85
7650,2338,7,38,2024-10-01,16.24
7651,3556,28,163,2024-11-16,40.33
7652,13,14,82,2024-05-18,25.26
7653,2985,40,235,2024-12-28,32.87
7654,715,21,124,2024-04-04,16.33
7655,7297,7,41,2024-09-17,50.92
7656,1171,11,61,2024-05-18,75.14
7657,3542,39,231,2024-01-26,25.67
7658,9206,33,193,2024-10-07,21.45
7659,348,15,87,2024-06-02,11.81
7660,642,44,263,2024-09-29,13.10
7661,8580,18,103,2024-07-11,38.73
7662,8623,4,22,2024-05-05,9.23
7663,466,1,3,2024-05-30,13.34
7664,8769,7,41,2024-10-26,55.12
7665,2149,46,276,2024-09-23,36.25
7666,9960,15,89,2024-09-27,8.61
7667,2341,4,23,2024-12-20,30.59
7668,6584,44,259,2024-12-15,20.11
7669,1248,22,128,2024-01-28,14.65
7670,5420,50,295,2024-06-19,68.77
7671,5703,49,290,2024-02-12,17.59
7672,535,46,271,2024-09-05,25.40
7673,6393,42,251,2024-06-13,17.46
7674,6323,20,118,2024-08-04,44.97
7675,4508,47,280,2024-12-19,28.77
7676,7147,4,20,2024-06-01,9.21
7677,3363,17,100,2024-09-29,14.69
7678,7921,10,60,2024-01-27,51.68
7679,4340,50,300,2024-11-26,14.93
7680,5073,6,35,2024-04-29,40.39
7681,3365,46,271,2024-07-24,27.56
7682,2963,11,63,2024-07-28,19.87
7683,9785,38,223,2024-05-21,52.36
7684,3352,16,91,2024-09-23,26.52
7685,6668,47,282,2024-04-11,59.08
7686,1406,35,210,2024-02-10,21.20
7687,7576,37,222,2024-10-10,32.77
7688,9327,32,187,2024-10-11,10.19
7689,6654,4,24,2024-05-23,29.31
7690,9750,42,251,2024-03-13,31.61
7691,7249,48,285,2024-08-29,14.69
7692,175,41,245,2024-08-12,19.42
7693,4691,1,5,2024-03-08,36.69
7694,2365,50,297,2024-06-25,66.32
7695,5035,20,117,2024-07-24,19.92
7696,6901,4,24,2024-07-18,22.43
7697,1579,30,175,2024-10-18,15.35
7698,4839,38,228,2024-03-23,20.97
7699,6776,39,233,2024-04-09,89.97
7700,8266,37,218,2024-11-21,11.87
7701,2003,19,109,2024-12-24,14.21
7702,4353,38,224,2024-11-11,28.96
7703,2649,23,135,2024-10-05,20.95
7704,7222,24,139,2024-09-20,19.96
7705,1937,11,61,2024-02-12,15.65
7706,9675,2,8,2024-05-01,62.87
7707,1770,21,123,2024-08-23,9.34
7708,2217,38,224,2024-12-30,61.76
7709,8135,48,283,2024-12-06,13.45
7710,4947,12,68,2024-04-05,14.76
7711,8320,39,233,2024-03-12,17.94
7712,4432,15,86,2024-04-12,14.52
7713,2795,33,194,2024-12-28,13.20
7714,5412,43,255,2024-01-24,37.13
7715,404,20,118,2024-04-04,14.95
7716,473,38,223,2024-10-03,18.14
7717,180,28,164,2024-12-24,10.23
7718,1391,3,15,2024-12-18,33.48
7719,1714,35,207,2024-02-07,13.82
7720,4905,12,67,2024-08-31,12.98
7721,9218,48,285,2024-03-23,14.57
7722,1413,33,195,2024-01-11,11.55
7723,3537,34,201,2024-12-21,11.86
7724,4430,25,150,2024-04-01,12.69
7725,8297,12,69,2024-01-08,45.33
7726,2956,50,296,2024-09-15,15.10
7727,6414,40,236,2024-11-14,32.78
7728,7283,17,99,2024-01-08,18.48
7729,7597,46,276,2024-09-19,12.89
7730,6206,22,130,2024-10-17,20.56
7731,7609,25,147,2024-12-24,28.06
7732,1202,33,195,2024-06-14,44.87
7733,7094,43,256,2024-01-18,28.05
7734,5515,1,2,2024-11-16,18.85
7735,4295,49,293,2024-05-27,51.00
7736,5898,23,134,2024-08-26,16.11
7737,4618,42,252,2024-06-23,47.23
7738,6008,17,98,2024-11-27,8.41
7739,7673,43,257,2024-06-04,33.15
7740,4062,38,228,2024-10-02,30.89
7741,7824,5,25,2024-04-09,70.16
7742,6028,13,77,2024-02-22,19.42
7743,4363,9,51,2024-02-01,12.94
7744,3504,46,276,2024-02-15,20.20
7745,7692,48,284,2024-07-12,32.89
7746,6734,32,188,2024-08-11,20.18
7747,9879,39,234,2024-10-23,13.54
7748,4803,2,11,2024-08-04,42.63
7749,7228,4,22,2024-10-02,79.48
7750,9216,31,185,2024-06-17,12.13
7751,7585,1,2,2024-04-15,26.69
7752,8035,22,129,2024-04-26,10.24
7753,829,35,206,2024-12-21,35.84
7754,9732,6,35,2024-05-13,14.57
7755,7828,4,24,2024-12-12,14.88
7756,4856,6,35,2024-10-08,28.26
7757,2334,33,196,2024-05-28,34.88
7758,6404,12,67,2024-10-04,28.39
7759,4186,2,8,2024-08-12,48.04
7760,5977,50,299,2024-12-19,24.85
7761,7968,35,209,2024-03-05,26.30
7762,3569,23,135,2024-11-29,10.47
7763,4255,19,113,2024-01-01,21.29
7764,5220,50,297,2024-01-20,17.01
7765,2622,3,18,2024-03-01,11.94
7766,5308,2,8,2024-09-12,24.52
7767,6617,43,255,2024-09-19,13.19
7768,2969,23,133,2024-06-07,27.96
7769,8172,6,33,2024-05-13,13.53
7770,7112,35,205,2024-09-20,11.30
7771,6860,20,119,2024-11-16,24.32
7772,9348,49,289,2024-03-23,16.09
7773,210,6,36,2024-08-22,9.30
7774,4798,34,203,2024-12-20,36.81
7775,9874,2,11,2024-03-28,30.46
7776,5303,14,82,2024-11-03,30.49
7777,5806,37,222,2024-05-27,37.31
7778,3325,24,144,2024-01-25,25.62
7779,3097,13,73,2024-06-27,12.76
7780,7936,6,34,2024-12-28,9.94
7781,769,49,289,2024-12-17,8.50
7782,9031,30,176,2024-06-25,26.72
7783,2221,50,300,2024-11-03,45.48
7784,4591,4,22,2024-02-03,35.39
7785,9949,19,109,2024-06-16,40.50
7786,7172,23,136,2024-10-17,18.31
7787,4729,34,201,2024-03-28,13.66
7788,4776,26,153,2024-02-26,47.73
7789,6314,11,61,2024-10-06,31.18
7790,5490,37,219,2024-10-28,20.54
7791,2604,39,229,2024-12-01,38.79
7792,1192,6,35,2024-05-17,46.19
7793,4129,50,298,2024-08-26,31.49
7794,7556,33,197,2024-10-18,6.02
7795,9346,12,70,2024-12-13,10.69
7796,4479,48,288,2024-07-08,32.02
7797,1143,18,103,2024-02-29,9.43
7798,7266,12,67,2024-08-15,14.49
7799,3799,10,55,2024-10-30,19.26
7800,5507,34,200,2024-10-08,14.98
7801,2510,14,83,2024-10-17,13.10
7802,9142,34,201,2024-09-20,13.45
7803,9326,3,15,2024-10-20,35.58
7804,8829,38,228,2024-05-09,21.36
7805,8395,11,62,2024-12-29,42.00
7806,3817,32,189,2024-03-06,16.37
7807,3333,24,140,2024-03-12,21.16
7808,7850,16,92,2024-08-12,37.88
7809,8894,48,284,2024-12-28,38.55
7810,2655,35,206,2024-06-25,19.69
7811,4288,9,52,2024-06-10,25.75
7812,272,50,300,2024-11-03,18.61
7813,8442,13,74,2024-08-26,24.42
7814,219,42,248,2024-07-27,38.17
7815,5652,15,87,2024-08-13,13.69
7816,2544,15,87,2024-02-10,14.17
7817,7566,26,155,2024-06-15,16.83
7818,2408,31,186,2024-02-26,15.78
7819,8290,21,126,2024-06-27,33.05
7820,8362,34,199,2024-12-30,31.05
7821,6164,26,152,2024-10-05,29.13
7822,6321,32,189,2024-10-01,18.67
7823,6208,2,8,2024-05-26,30.09
7824,1192,29,170,2024-01-28,19.17
7825,6081,28,164,2024-05-17,18.48
7826,9640,6,31,2024-04-25,64.10
7827,2953,1,3,2024-09-06,39.72
7828,722,5,25,2024-11-05,42.38
7829,4832,26,153,2024-10-27,18.74
7830,1202,44,259,2024-05-19,19.70
7831,7983,22,130,2024-11-28,43.33
7832,6130,38,224,2024-09-20,23.09
7833,2875,17,99,2024-11-29,15.18
7834,5790,20,120,2024-09-13,25.78
7835,4494,41,242,2024-07-06,12.33
7836,4187,15,86,2024-01-04,21.91
7837,8785,26,155,2024-07-27,19.08
7838,9795,11,63,2024-04-01,78.76
7839,99,14,80,2024-11-24,28.23
7840,3170,23,138,2024-01-06,5.41
7841,1797,34,200,2024-09-23,30.19
7842,7288,11,64,2024-01-16,18.92
7843,1557,45,266,2024-05-14,15.02
7844,224,9,53,2024-07-21,17.37
7845,5480,6,31,2024-10-06,8.83
7846,1060,13,73,2024-11-26,26.00
7847,4488,23,135,2024-05-10,40.15
7848,6965,36,215,2024-02-18,27.14
7849,4405,1,2,2024-07-13,12.42
7850,4826,39,229,2024-08-29,43.90
7851,9105,18,106,2024-05-14,31.20
7852,2497,34,201,2024-04-14,14.29
7853,1459,42,249,2024-09-30,15.87
7854,6100,26,153,2024-02-14,23.78
7855,9877,35,208,2024-08-03,14.75
7856,2135,33,193,2024-07-12,16.89
7857,4263,25,147,2024-05-29,73.43
7858,9379,40,236,2024-06-01,31.06
7859,2011,19,109,2024-01-03,19.28
7860,5156,35,208,2024-09-07,20.05
7861,1927,12,69,2024-09-18,14.30
7862,3736,41,242,2024-10-28,37.16
7863,1605,5,27,2024-11-28,12.23
7864,1658,32,187,2024-07-24,11.48
7865,5528,42,249,2024-08-10,24.46
7866,1018,39,230,2024-11-09,35.66
7867,9512,30,176,2024-05-17,11.88
7868,431,47,280,2024-08-18,16.49
7869,9508,7,42,2024-12-23,45.72
7870,1241,20,120,2024-10-01,22.30
7871,9377,4,19,2024-06-27,33.71
7872,8333,42,252,2024-11-12,26.65
7873,9708,17,98,2024-04-11,20.44
7874,1267,45,270,2024-10-09,42.08
7875,983,27,158,2024-06-27,8.91
7876,163,6,32,2024-01-24,21.10
7877,3088,36,211,2024-05-19,50.66
7878,6657,27,162,2024-05-18,21.65
7879,2368,4,21,2024-06-15,29.75
7880,1126,34,203,2024-10-13,31.35
7881,811,13,73,2024-02-26,27.36
7882,6377,19,112,2024-04-11,41.36
7883,2678,9,52,2024-02-14,19.22
7884,1433,41,242,2024-05-23,11.24
7885,1153,8,48,2024-12-02,24.10
7886,1813,33,196,2024-05-11,18.80
7887,8530,38,224,2024-12-07,18.00
7888,2077,2,8,2024-05-16,31.79
7889,3500,44,263,2024-12-08,14.41
7890,2121,15,88,2024-08-20,37.26
7891,4710,15,87,2024-12-19,50.08
7892,600,29,171,2024-04-10,7.04
7893,8716,17,102,2024-07-11,20.53
7894,4448,44,261,2024-02-27,29.10
7895,2723,11,61,2024-04-23,29.97
7896,4434,49,294,2024-09-24,60.45
7897,386,49,292,2024-02-29,23.82
7898,7945,32,187,2024-01-29,42.40
7899,472,16,94,2024-11-22,57.38
7900,2510,42,252,2024-10-11,30.50
7901,2777,4,22,2024-08-02,29.33
7902,182,8,48,2024-01-01,16.40
7903,5954,38,228,2024-03-13,34.14
7904,5664,4,24,2024-10-05,19.99
7905,2965,21,126,2024-12-09,7.11
7906,391,31,182,2024-07-08,33.35
7907,9604,48,286,2024-10-18,28.19
7908,6047,9,49,2024-05-27,38.73
7909,2050,26,156,2024-04-15,19.95
7910,2800,24,143,2024-03-13,16.93
7911,8672,34,201,2024-11-26,29.98
7912,2749,21,124,2024-04-28,21.56
7913,1096,9,54,2024-12-09,50.72
7914,6841,2,7,2024-01-22,17.29
7915,5023,50,297,2024-09-26,28.41
7916,3740,7,39,2024-09-18,25.54
7917,7864,28,168,2024-03-23,17.55
7918,6263,25,150,2024-06-06,28.37
7919,8167,23,134,2024-04-12,23.98
7920,6267,20,115,2024-09-08,33.66
7921,3997,40,235,2024-12-20,30.76
7922,7456,7,41,2024-04-24,18.27
7923,2631,35,206,2024-10-21,39.24
7924,5911,41,244,2024-01-09,23.89
7925,8960,29,172,2024-06-14,33.90
7926,6844,8,45,2024-05-10,99.44
7927,9459,43,253,2024-11-08,31.12
7928,2468,14,82,2024-02-08,17.84
7929,8003,9,53,2024-11-06,16.93
7930,8496,21,123,2024-09-24,20.92
7931,3441,34,203,2024-10-15,24.78
7932,9056,38,226,2024-09-30,25.04
7933,7908,21,124,2024-08-06,20.51
7934,8222,49,291,2024-09-27,82.66
7935,7476,15,88,2024-12-15,19.23
7936,2585,17,101,2024-06-11,10.68
7937,5302,2,9,2024-07-11,51.07
7938,1861,50,300,2024-11-16,87.58
7939,5020,14,82,2024-10-14,51.17
7940,6193,15,89,2024-09-08,25.59
7941,668,22,128,2024-08-20,15.22
7942,2396,24,142,2024-04-27,22.06
7943,8973,29,169,2024-03-01,26.70
7944,3990,17,98,2024-12-28,52.50
7945,1384,23,137,2024-11-04,7.74
7946,177,23,138,2024-10-20,15.55
7947,8776,12,69,2024-08-08,16.80
7948,8153,3,16,2024-10-25,91.31
7949,3679,23,134,2024-09-24,38.96
7950,8831,27,159,2024-09-19,25.00
7951,635,11,66,2024-04-26,26.36
7952,3176,35,206,2024-12-03,37.29
7953,877,23,135,2024-03-08,22.55
7954,1524,11,64,2024-07-14,62.53
7955,6059,21,125,2024-10-11,21.92
7956,7957,50,298,2024-02-07,44.07
7957,4942,47,278,2024-08-07,26.04
7958,1338,24,140,2024-02-10,28.17
7959,9465,47,282,2024-06-14,16.31
7960,1071,14,79,2024-09-10,19.30
7961,6132,45,267,2024-04-24,9.09
7962,631,19,113,2024-12-21,9.94
7963,7202,14,81,2024-12-31,38.31
7964,429,23,137,2024-12-01,30.66
7965,9952,9,52,2024-11-24,30.03
7966,909,41,244,2024-09-07,15.88
7967,3682,36,215,2024-04-14,40.35
7968,6083,21,125,2024-11-25,11.06
7969,5031,11,61,2024-09-06,49.62
7970,9454,4,22,2024-03-24,8.82
7971,9283,30,178,2024-02-10,103.75
7972,8332,44,259,2024-03-13,7.91
7973,6489,31,185,2024-11-12,18.39
7974,2051,29,170,2024-01-06,32.79
7975,8145,5,30,2024-04-01,14.98
7976,7455,22,132,2024-11-22,40.16
7977,4460,17,100,2024-12-26,56.54
7978,8529,24,143,2024-08-08,44.95
7979,7353,15,85,2024-03-18,33.82
7980,7331,5,29,2024-05-28,69.12
7981,6835,49,290,2024-06-09,26.40
7982,3460,31,186,2024-05-15,41.06
7983,5864,49,291,2024-12-14,24.36
7984,3179,35,206,2024-03-17,18.44
7985,4711,32,191,2024-12-20,15.50
7986,3425,11,63,2024-12-25,21.06
7987,8242,29,170,2024-11-02,9.83
7988,2512,48,283,2024-08-10,18.68
7989,1542,13,74,2024-01-05,55.01
7990,1269,3,18,2024-11-15,24.91
7991,2625,44,264,2024-09-21,33.98
7992,6594,25,147,2024-09-27,24.97
7993,2508,2,12,2024-11-02,22.28
7994,599,4,23,2024-03-11,33.62
7995,6905,50,300,2024-06-20,26.90
7996,209,41,245,2024-03-07,10.49
7997,8670,23,133,2024-09-16,18.00
7998,1470,20,116,2024-07-04,10.54
7999,3970,19,114,2024-07-30,31.59
8000,5583,42,251,2024-07-15,19.22
8001,7072,28,167,2024-10-09,31.96
8002,7273,19,111,2024-12-27,22.72
8003,624,42,250,2024-05-28,89.75
8004,4025,48,287,2024-10-24,50.73
8005,7127,41,241,2024-05-21,24.46
8006,5928,6,31,2024-01-08,25.90
8007,88,43,254,2024-06-25,31.12
8008,7725,50,296,2024-01-21,41.17
8009,5091,13,77,2024-12-03,88.00
8010,1406,45,267,2024-04-01,15.18
8011,8268,8,47,2024-05-31,57.47
8012,6640,4,19,2024-01-14,20.04
8013,5070,30,180,2024-07-02,24.84
8014,6347,46,272,2024-08-21,43.57
8015,2601,11,64,2024-08-30,7.82
8016,4110,41,242,2024-04-28,24.89
8017,941,13,78,2024-09-15,8.93
8018,8839,20,117,2024-06-20,25.89
8019,6024,6,35,2024-03-07,76.70
8020,2839,11,63,2024-01-14,26.39
8021,9810,27,159,2024-04-08,27.72
8022,582,44,259,2024-04-15,8.66
8023,8152,8,46,2024-08-29,45.20
8024,8215,11,65,2024-06-19,13.02
8025,5099,30,180,2024-06-29,17.99
8026,8948,20,117,2024-06-22,26.79
8027,4863,31,184,2024-03-29,65.94
8028,8633,46,271,2024-12-06,7.82
8029,5643,19,114,2024-07-19,8.00
8030,6440,29,173,2024-02-29,24.98
8031,2690,36,216,2024-04-01,14.22
8032,5775,2,11,2024-11-27,36.04
8033,1279,14,81,2024-01-06,10.85
8034,9525,20,115,2024-06-18,27.70
8035,5220,48,287,2024-09-14,10.35
8036,4794,40,238,2024-09-19,29.22
8037,4170,14,82,2024-08-30,54.56
8038,3098,34,201,2024-01-05,19.04
8039,5871,31,181,2024-05-17,30.60
8040,148,28,164,2024-07-02,27.46
8041,7892,14,79,2024-06-27,25.51
8042,9433,34,200,2024-04-18,15.17
8043,1429,36,213,2024-03-13,33.33
8044,2816,25,145,2024-05-08,9.91
8045,2303,49,290,2024-12-27,14.47
8046,925,35,209,2024-09-11,19.80
8047,7583,50,295,2024-02-29,37.80
8048,5510,30,180,2024-08-30,28.57
8049,7715,31,182,2024-05-30,12.27
8050,42,26,154,2024-06-01,24.90
8051,4908,18,104,2024-04-19,11.59
8052,5411,30,176,2024-07-22,14.26
8053,9606,31,183,2024-11-15,20.87
8054,8920,31,181,2024-08-10,30.46
8055,5592,43,257,2024-10-05,15.37
8056,6517,14,80,2024-09-05,49.52
8057,6748,22,130,2024-04-08,21.65
8058,4132,36,216,2024-09-02,13.01
8059,1938,38,224,2024-07-10,23.60
8060,396,47,282,2024-01-29,38.99
8061,2073,13,74,2024-09-27,48.03
8062,8014,15,88,2024-11-07,34.66
8063,4823,29,169,2024-06-09,23.02
8064,8973,26,152,2024-05-28,60.63
8065,7923,5,27,2024-02-26,30.93
8066,9353,15,89,2024-12-03,18.78
8067,3618,22,128,2024-03-13,26.50
8068,3096,23,136,2024-11-07,9.13
8069,2514,2,11,2024-10-28,12.26
8070,5286,37,221,2024-01-21,8.55
8071,9283,31,185,2024-03-25,12.64
8072,5750,42,251,2024-07-07,24.67
8073,7962,6,36,2024-06-10,13.08
8074,5973,36,212,2024-02-15,24.24
8075,8366,27,162,2024-10-14,17.82
8076,3685,4,21,2024-03-10,7.54
8077,9290,40,236,2024-04-05,21.02
8078,8225,45,269,2024-06-01,40.19
8079,2838,49,294,2024-02-28,22.44
8080,4574,35,207,2024-04-17,43.21
8081,2903,11,61,2024-09-22,40.22
8082,6238,9,50,2024-02-28,19.76
8083,1522,6,32,2024-01-05,27.48
8084,4757,42,249,2024-11-03,31.74
8085,5478,3,16,2024-03-05,11.71
8086,4910,43,258,2024-10-20,33.36
8087,3459,27,159,2024-11-21,23.65
8088,3952,13,74,2024-08-30,23.16
8089,7457,21,122,2024-04-25,15.59
8090,3725,21,123,2024-01-15,40.17
8091,4926,38,223,2024-12-22,5.79
8092,2698,49,290,2024-10-05,18.08
8093,9145,2,7,2024-02-19,38.34
8094,7794,24,141,2024-12-09,35.28
8095,2956,16,96,2024-11-27,35.62
8096,191,46,276,2024-12-01,23.94
8097,8709,46,273,2024-10-01,25.44
8098,6598,34,200,2024-10-13,50.14
8099,2636,35,208,2024-09-26,43.70
8100,9702,22,129,2024-01-07,55.16
8101,6152,26,154,2024-06-19,8.16
8102,3004,37,219,2024-08-19,44.50
8103,5459,13,75,2024-12-26,78.61
8104,3180,41,244,2024-08-19,17.10
8105,6811,5,26,2024-05-03,45.78
8106,9108,8,47,2024-06-23,22.46
8107,959,18,107,2024-01-22,30.62
8108,5185,4,23,2024-08-04,22.55
8109,4310,13,78,2024-04-09,16.92
8110,5625,11,66,2024-08-08,71.26
8111,6636,10,60,2024-02-22,27.70
8112,5279,27,162,2024-11-24,17.30
8113,3860,11,64,2024-12-09,18.73
8114,4137,32,191,2024-08-31,53.95
8115,3784,19,113,2024-01-26,23.81
8116,2281,19,111,2024-12-01,43.80
8117,4181,36,212,2024-06-07,30.59
8118,210,3,15,2024-10-14,12.65
8119,7680,8,44,2024-02-18,11.77
8120,5084,39,234,2024-02-29,48.11
8121,8780,3,16,2024-07-12,34.43
8122,7302,48,288,2024-02-21,11.27
8123,7895,9,54,2024-02-29,23.50
8124,4626,4,20,2024-03-11,10.41
8125,3392,48,286,2024-08-03,29.86
8126,9033,5,30,2024-09-25,40.45
8127,4489,12,69,2024-05-25,18.42
8128,6532,42,252,2024-09-03,63.34
8129,7935,1,6,2024-01-28,54.37
8130,589,17,99,2024-03-30,27.18
8131,4453,20,119,2024-05-17,32.02
8132,2893,14,81,2024-10-05,18.59
8133,1800,41,244,2024-09-23,30.76
8134,6408,13,74,2024-01-07,26.62
8135,5955,14,80,2024-01-14,11.96
8136,8799,1,6,2024-11-01,13.95
8137,5099,28,163,2024-03-11,44.72
8138,3851,44,259,2024-12-10,34.63
8139,8671,41,243,2024-01-03,16.29
8140,4632,31,181,2024-06-15,17.79
8141,8129,12,70,2024-12-26,22.62
8142,7208,21,123,2024-04-16,57.29
8143,4469,31,182,2024-03-10,28.11
8144,7655,27,158,2024-04-04,27.11
8145,2404,10,56,2024-05-20,30.08
8146,2682,11,66,2024-05-21,17.94
8147,5481,9,51,2024-10-15,23.06
8148,3230,9,50,2024-11-30,16.55
8149,7324,13,75,2024-04-20,48.31
8150,4896,2,9,2024-04-09,26.58
8151,7534,26,152,2024-03-06,43.17
8152,9439,38,223,2024-05-26,11.57
8153,7972,13,77,2024-07-03,10.61
8154,6589,31,186,2024-12-22,12.74
8155,2638,16,92,2024-06-01,20.17
8156,9431,39,233,2024-07-04,10.12
8157,7126,12,71,2024-10-02,34.91
8158,6608,49,293,2024-12-29,15.56
8159,5625,1,5,2024-08-22,27.50
8160,184,26,154,2024-06-03,29.02
8161,9510,43,258,2024-03-19,17.28
8162,3218,5,27,2024-04-19,33.81
8163,9885,3,15,2024-07-03,34.18
8164,7581,5,28,2024-07-07,52.54
8165,9020,17,101,2024-07-24,23.96
8166,7018,23,133,2024-12-30,31.23
8167,9146,33,193,2024-02-23,30.33
8168,3549,21,121,2024-04-02,16.48
8169,8209,17,102,2024-04-13,47.43
8170,9111,42,252,2024-01-19,45.00
8171,4450,24,143,2024-01-02,10.61
8172,1616,24,139,2024-07-20,10.39
8173,6258,29,170,2024-07-11,19.00
8174,4348,34,199,2024-10-22,26.16
8175,8067,49,293,2024-02-25,69.72
8176,1975,24,144,2024-10-14,10.21
8177,6532,23,134,2024-12-04,13.63
8178,1749,18,103,2024-08-15,15.55
8179,7765,15,87,2024-10-21,23.98
8180,2043,16,91,2024-04-09,30.55
8181,6579,4,19,2024-01-09,35.63
8182,5526,13,78,2024-06-21,65.48
8183,2591,35,207,2024-05-08,12.44
8184,4585,35,207,2024-04-17,15.88
8185,9924,15,86,2024-04-03,43.28
8186,1114,38,224,2024-12-14,65.47
8187,6585,19,109,2024-06-10,8.71
8188,7138,25,147,2024-04-05,26.90
8189,3431,2,12,2024-06-10,24.86
8190,6695,21,123,2024-09-17,16.60
8191,9985,45,266,2024-07-21,19.71
8192,1736,24,142,2024-12-28,31.89
8193,3157,21,125,2024-03-29,25.53
8194,560,21,125,2024-12-17,15.14
8195,8202,11,61,2024-01-18,31.22
8196,4172,44,259,2024-05-23,16.18
8197,574,33,194,2024-06-09,46.19
8198,3670,29,174,2024-11-09,11.04
8199,3479,27,158,2024-12-03,39.14
8200,1163,4,19,2024-01-13,30.39
8201,808,19,112,2024-01-30,18.96
8202,6802,1,5,2024-04-06,18.50
8203,1191,46,272,2024-07-30,51.56
8204,6437,47,282,2024-04-26,17.00
8205,8306,40,238,2024-06-22,15.11
8206,856,34,204,2024-10-31,31.31
8207,8986,27,159,2024-05-31,32.60
8208,388,5,27,2024-02-17,15.93
8209,7236,6,31,2024-01-31,13.68
8210,3645,32,192,2024-07-21,27.60
8211,6381,27,158,2024-11-28,26.28
8212,4680,17,98,2024-03-15,34.68
8213,4097,20,117,2024-09-17,42.05
8214,8127,27,157,2024-07-25,21.26
8215,1524,35,206,2024-12-16,46.23
8216,3184,37,217,2024-12-05,15.97
8217,4758,27,162,2024-08-26,61.71
8218,2469,34,199,2024-02-02,56.60
8219,7491,40,239,2024-08-30,17.94
8220,1311,16,91,2024-03-17,19.97
8221,8499,32,191,2024-10-29,27.17
8222,5081,39,229,2024-08-06,36.22
8223,1133,9,49,2024-07-15,28.66
8224,129,29,171,2024-09-11,15.07
8225,889,47,281,2024-07-08,30.56
8226,2483,15,89,2024-04-23,44.88
8227,1473,41,243,2024-08-28,53.15
8228,591,10,60,2024-02-03,34.43
8229,8318,34,203,2024-02-06,23.77
8230,6673,7,38,2024-06-04,29.85
8231,2757,4,21,2024-08-19,13.75
8232,8991,21,126,2024-04-17,38.73
8233,2088,43,254,2024-01-19,17.93
8234,7211,48,286,2024-10-13,29.82
8235,4350,25,146,2024-06-23,30.03
8236,9920,36,216,2024-12-02,41.41
8237,9489,17,101,2024-09-03,27.40
8238,3961,8,46,2024-12-04,26.70
8239,4649,9,49,2024-07-14,19.08
8240,1652,10,60,2024-07-12,33.30
8241,7985,4,19,2024-11-05,6.42
8242,7592,9,50,2024-09-26,36.14
8243,121,31,186,2024-12-30,10.91
8244,7918,34,199,2024-04-08,14.90
8245,7615,22,132,2024-01-27,12.11
8246,6743,21,122,2024-07-27,33.23
8247,5316,42,252,2024-05-06,47.03
8248,1124,26,151,2024-12-18,17.66
8249,6118,25,148,2024-06-12,29.79
8250,4417,12,72,2024-12-28,16.13
8251,3158,22,129,2024-05-17,34.22
8252,9311,46,271,2024-01-19,17.75
8253,6562,41,243,2024-11-14,13.38
8254,789,7,37,2024-06-20,32.76
8255,1326,43,256,2024-03-26,33.82
8256,7475,18,103,2024-08-08,58.72
8257,537,4,19,2024-03-17,16.88
8258,2851,21,125,2024-07-06,41.05
8259,159,21,123,2024-02-10,29.11
8260,1508,18,106,2024-12-29,23.21
8261,9359,41,243,2024-05-21,20.95
8262,8514,39,234,2024-01-18,13.42
8263,3942,21,126,2024-05-12,18.40
8264,370,33,197,2024-08-11,20.12
8265,7973,38,225,2024-11-22,15.60
8266,6159,31,186,2024-10-01,43.57
8267,3722,49,294,2024-11-20,82.64
8268,9652,5,26,2024-04-22,14.47
8269,2927,32,192,2024-07-24,56.72
8270,4060,41,244,2024-09-24,73.03
8271,6793,10,55,2024-08-29,30.56
8272,194,44,264,2024-04-08,23.47
8273,345,14,83,2024-09-07,41.24
8274,5846,16,95,2024-07-19,17.34
8275,459,32,192,2024-06-26,34.88
8276,3180,9,51,2024-10-04,58.57
8277,9019,46,276,2024-06-03,24.75
8278,553,6,35,2024-09-21,38.12
8279,2091,10,57,2024-10-01,31.04
8280,8682,44,260,2024-03-14,27.08
8281,9465,7,39,2024-08-29,50.10
8282,9868,23,137,2024-03-02,32.50
8283,9380,9,51,2024-06-21,21.90
8284,9164,8,48,2024-11-20,5.50
8285,6482,17,102,2024-07-30,21.14
8286,8286,24,140,2024-10-05,9.11
8287,3108,12,71,2024-10-22,21.72
8288,8788,26,151,2024-12-04,15.61
8289,7807,48,285,2024-12-24,8.63
8290,9454,11,64,2024-06-09,25.59
8291,4151,23,134,2024-05-26,28.22
8292,3469,23,137,2024-09-08,19.35
8293,4903,24,139,2024-07-25,38.77
8294,9604,2,10,2024-06-30,32.58
8295,9033,14,81,2024-08-29,10.71
8296,62,40,235,2024-11-12,23.55
8297,480,46,275,2024-01-13,7.34
8298,611,5,28,2024-08-20,22.12
8299,6006,29,171,2024-03-29,14.18
8300,4414,29,169,2024-07-24,11.42
8301,1268,37,221,2024-08-07,19.80
8302,4339,31,185,2024-11-28,16.79
8303,8906,4,22,2024-04-02,12.74
8304,2344,23,133,2024-03-26,38.09
8305,4837,18,104,2024-04-19,11.48
8306,2460,2,7,2024-07-27,20.14
8307,5153,34,202,2024-03-28,39.16
8308,2190,34,204,2024-05-09,74.00
8309,3289,22,130,2024-05-16,20.87
8310,2245,45,266,2024-07-15,26.91
8311,6558,49,292,2024-09-05,13.74
8312,4120,37,220,2024-01-01,27.20
8313,9904,14,81,2024-03-10,77.18
8314,8082,48,288,2024-09-10,25.54
8315,991,42,250,2024-11-09,23.05
8316,188,30,177,2024-06-20,22.65
8317,4561,41,242,2024-04-30,33.44
8318,1036,4,22,2024-01-03,36.53
8319,7169,32,190,2024-10-15,15.07
8320,69,32,187,2024-03-22,21.04
8321,3994,40,236,2024-06-01,18.78
8322,7508,46,272,2024-11-21,30.56
8323,6669,49,291,2024-04-09,23.78
8324,5907,38,226,2024-10-31,15.75
8325,7855,16,96,2024-03-05,25.86
8326,1535,22,130,2024-03-29,10.36
8327,16,28,166,2024-11-10,34.58
8328,1150,43,256,2024-07-08,21.50
8329,7425,18,103,2024-01-06,11.91
8330,9341,4,19,2024-08-13,19.54
8331,7666,42,247,2024-02-16,8.48
8332,6913,36,211,2024-12-09,10.99
8333,6832,22,129,2024-02-08,10.86
8334,9735,39,232,2024-01-20,25.54
8335,4223,9,50,2024-05-25,28.25
8336,2229,2,8,2024-09-28,39.86
8337,828,16,95,2024-07-03,20.08
8338,2811,41,242,2024-03-09,14.17
8339,3054,35,209,2024-02-24,16.92
8340,2932,34,200,2024-06-13,53.97
8341,6972,38,227,2024-11-01,29.30
8342,5305,33,197,2024-05-13,33.38
8343,7872,44,262,2024-06-17,12.29
8344,7460,1,3,2024-04-21,17.31
8345,5238,5,29,2024-09-27,24.85
8346,4575,29,172,2024-04-15,41.14
8347,361,14,79,2024-01-08,15.35
8348,2745,40,235,2024-01-12,30.64
8349,2352,14,83,2024-02-25,73.92
8350,8449,4,21,2024-06-09,25.59
8351,7160,27,162,2024-11-21,20.36
8352,1482,13,75,2024-04-02,24.94
8353,2621,46,273,2024-04-13,28.82
8354,6560,26,155,2024-04-24,9.91
8355,513,37,222,2024-12-28,25.39
8356,5221,21,125,2024-02-27,11.26
8357,7190,26,151,2024-11-15,19.21
8358,8942,25,147,2024-05-20,13.84
8359,4460,45,266,2024-10-18,38.26
8360,5607,41,245,2024-07-22,20.47
8361,1822,39,229,2024-09-20,22.86
8362,8701,23,135,2024-06-08,34.83
8363,4745,31,182,2024-12-13,35.86
8364,3228,1,2,2024-01-16,48.60
8365,5151,42,251,2024-03-08,34.80
8366,9179,27,161,2024-04-13,14.32
8367,6658,6,32,2024-03-02,13.06
8368,3860,17,102,2024-11-18,31.95
8369,5092,18,104,2024-07-08,36.40
8370,5328,26,155,2024-05-14,30.89
8371,5350,27,159,2024-03-13,9.98
8372,4942,1,6,2024-05-21,26.13
8373,1818,9,53,2024-04-24,17.01
8374,6261,1,4,2024-07-31,31.29
8375,3120,1,4,2024-10-26,27.75
8376,4597,38,226,2024-12-20,25.61
8377,4412,38,226,2024-12-08,16.20
8378,6630,46,271,2024-10-28,55.35
8379,2948,49,292,2024-05-03,12.84
8380,2602,30,178,2024-12-27,31.06
8381,1075,49,294,2024-06-14,58.99
8382,3070,28,164,2024-10-28,8.03
8383,7292,28,168,2024-10-04,35.67
8384,8433,41,242,2024-10-06,27.53
8385,4253,20,119,2024-12-04,24.57
8386,4868,28,165,2024-09-10,28.58
8387,6592,13,74,2024-01-26,34.69
8388,2009,35,210,2024-06-13,14.07
8389,3279,9,54,2024-10-21,17.59
8390,1703,39,229,2024-02-10,13.86
8391,147,27,157,2024-02-08,10.54
8392,7192,9,49,2024-07-02,11.49
8393,4015,4,23,2024-07-20,16.83
8394,8481,46,271,2024-06-08,23.77
8395,5500,13,77,2024-04-29,21.08
8396,2036,17,101,2024-12-05,65.25
8397,301,23,133,2024-06-21,34.94
8398,4425,42,249,2024-06-05,23.40
8399,6218,4,24,2024-06-28,20.91
8400,532,22,129,2024-10-08,10.90
8401,4091,26,155,2024-02-05,17.96
8402,5587,46,273,2024-10-13,18.13
8403,1690,39,233,2024-02-11,59.70
8404,7160,21,122,2024-12-29,23.79
8405,7742,43,255,2024-07-17,14.91
8406,5316,38,224,2024-03-09,20.20
8407,6312,35,210,2024-06-27,20.02
8408,4865,11,66,2024-01-26,28.19
8409,295,48,286,2024-10-08,38.97
8410,1950,27,157,2024-01-31,56.40
8411,1976,9,50,2024-04-26,19.94
8412,296,24,140,2024-08-07,22.00
8413,2902,5,29,2024-11-04,16.88
8414,8903,50,298,2024-04-12,15.00
8415,6937,10,56,2024-12-21,17.79
8416,1527,23,136,2024-05-25,29.87
8417,7906,35,210,2024-07-17,17.09
8418,3514,12,71,2024-08-21,28.18
8419,3702,5,28,2024-06-11,28.06
8420,5739,40,239,2024-11-06,71.58
8421,974,20,119,2024-01-13,16.70
8422,7860,8,46,2024-02-01,18.34
8423,5701,27,160,2024-05-24,21.21
8424,4351,21,123,2024-04-23,25.30
8425,8635,29,169,2024-06-13,57.75
8426,8084,38,223,2024-02-27,44.04
8427,7195,39,233,2024-04-22,31.51
8428,9982,22,127,2024-12-01,15.14
8429,7064,46,274,2024-04-05,20.70
8430,2045,47,282,2024-09-07,22.56
8431,9280,32,191,2024-01-03,10.32
8432,1449,39,229,2024-02-08,40.84
8433,2254,2,7,2024-06-08,20.77
8434,3604,40,238,2024-02-13,26.92
8435,5106,17,97,2024-06-02,35.40
8436,1458,14,82,2024-06-26,24.04
8437,5674,15,85,2024-07-28,21.31
8438,9832,41,241,2024-09-18,23.66
8439,4935,12,69,2024-03-21,47.58
8440,7522,30,176,2024-10-04,20.38
8441,8986,29,169,2024-08-24,12.42
8442,4463,36,213,2024-08-08,19.46
8443,10000,28,166,2024-06-09,33.72
8444,2876,20,115,2024-06-30,60.86
8445,1633,50,299,2024-03-30,49.64
8446,9952,20,120,2024-07-29,22.24
8447,7608,48,288,2024-02-09,21.88
8448,5764,50,298,2024-02-29,17.84
8449,4659,49,293,2024-08-23,14.03
8450,485,27,160,2024-11-10,25.68
8451,5584,39,234,2024-12-06,74.83
8452,4832,42,250,2024-07-04,75.12
8453,6036,1,6,2024-03-26,59.96
8454,877,43,254,2024-02-24,62.74
8455,1077,26,156,2024-11-22,39.69
8456,5824,10,56,2024-08-08,10.96
8457,8880,8,44,2024-01-09,26.57
8458,2785,32,192,2024-04-09,34.98
8459,3905,36,214,2024-11-15,33.99
8460,4370,16,95,2024-03-10,41.42
8461,1685,28,167,2024-04-20,20.78
8462,9956,8,48,2024-03-31,43.14
8463,7519,47,281,2024-09-21,8.42
8464,9144,10,56,2024-09-07,26.74
8465,1141,17,98,2024-04-28,12.22
8466,3246,50,297,2024-12-01,27.78
8467,5319,5,28,2024-03-17,23.06
8468,5969,22,128,2024-07-26,38.12
8469,3701,47,279,2024-05-01,36.76
8470,3279,24,144,2024-11-10,17.26
8471,7952,26,151,2024-09-17,10.86
8472,5527,18,105,2024-07-12,78.92
8473,1103,33,198,2024-03-05,44.08
8474,1408,40,238,2024-08-07,44.88
8475,4995,25,147,2024-10-23,68.89
8476,5859,5,25,2024-07-01,9.80
8477,7691,37,219,2024-08-05,24.72
8478,3818,36,211,2024-01-16,10.54
8479,1099,16,95,2024-05-30,21.90
8480,8854,28,165,2024-09-06,30.77
8481,2763,38,228,2024-06-08,13.27
8482,693,11,65,2024-04-09,27.62
8483,8375,46,274,2024-06-12,18.52
8484,4541,6,34,2024-07-17,31.32
8485,1449,3,15,2024-10-23,21.68
8486,8288,41,243,2024-10-02,34.99
8487,3792,27,161,2024-07-22,31.55
8488,9314,12,68,2024-09-30,16.78
8489,4537,16,91,2024-06-22,11.05
8490,1668,14,80,2024-02-16,21.91
8491,3675,1,1,2024-01-27,21.13
8492,6936,20,120,2024-07-07,15.27
8493,1653,23,133,2024-11-06,20.38
8494,2802,36,216,2024-11-18,19.13
8495,8334,16,94,2024-11-30,75.97
8496,6060,3,15,2024-06-25,12.43
8497,9030,34,204,2024-12-25,32.82
8498,1363,12,69,2024-12-23,25.88
8499,6620,31,181,2024-08-25,12.72
8500,4017,1,2,2024-02-16,35.49
8501,1942,20,119,2024-01-03,30.38
8502,8059,1,3,2024-05-09,65.36
8503,3531,3,17,2024-11-26,32.44
8504,9442,12,69,2024-12-11,25.54
8505,3438,45,270,2024-05-22,30.45
8506,3535,46,275,2024-05-08,16.36
8507,3977,44,262,2024-05-22,32.68
8508,3181,20,119,2024-05-05,21.00
8509,3128,13,74,2024-09-01,21.42
8510,5813,50,298,2024-11-17,14.66
8511,6765,27,159,2024-12-03,29.80
8512,5125,48,288,2024-01-20,12.36
8513,3746,35,210,2024-03-29,94.95
8514,9255,23,136,2024-03-30,10.19
8515,1077,45,267,2024-01-14,28.96
8516,7141,38,225,2024-07-07,13.17
8517,3036,23,133,2024-10-10,17.74
8518,1641,22,129,2024-01-17,18.53
8519,8361,30,176,2024-09-07,30.05
8520,1653,25,145,2024-07-05,9.25
8521,1737,43,255,2024-06-30,55.54
8522,3400,19,114,2024-05-27,49.03
8523,158,19,112,2024-06-28,17.89
8524,6358,47,280,2024-10-26,5.97
8525,9122,5,28,2024-02-09,11.06
8526,6162,11,62,2024-04-08,21.13
8527,2049,8,46,2024-01-13,38.21
8528,3799,49,291,2024-12-07,29.55
8529,7709,11,66,2024-08-21,20.03
8530,7193,21,126,2024-03-09,42.95
8531,5207,47,280,2024-06-09,62.31
8532,9063,21,124,2024-10-21,37.49
8533,6929,46,273,2024-08-03,28.22
8534,925,28,166,2024-01-23,8.20
8535,1572,14,80,2024-10-30,37.39
8536,2772,43,256,2024-10-11,12.36
8537,3091,5,30,2024-09-18,15.81
8538,1710,18,108,2024-02-10,25.78
8539,6744,27,162,2024-06-12,11.38
8540,8410,27,159,2024-10-11,14.62
8541,9011,11,66,2024-01-14,36.62
8542,885,34,199,2024-09-07,16.56
8543,4769,24,143,2024-02-04,38.38
8544,9830,17,100,2024-04-10,30.51
8545,9842,50,300,2024-12-11,39.15
8546,7277,50,296,2024-01-01,13.04
8547,1952,29,173,2024-04-04,25.01
8548,8281,37,220,2024-08-27,35.64
8549,5609,44,261,2024-07-07,15.26
8550,1037,29,172,2024-11-10,42.37
8551,582,2,12,2024-11-14,23.66
8552,3022,16,95,2024-04-22,24.28
8553,6440,25,146,2024-12-03,21.71
8554,7278,4,21,2024-10-21,77.41
8555,3186,8,45,2024-06-22,12.08
8556,3554,40,237,2024-07-27,16.13
8557,318,35,209,2024-10-10,18.84
8558,9981,36,213,2024-03-27,11.78
8559,3951,41,242,2024-06-18,26.10
8560,7625,13,78,2024-05-09,18.88
8561,2891,38,226,2024-03-30,19.50
8562,2715,4,24,2024-02-07,19.18
8563,759,14,80,2024-05-16,19.18
8564,2252,36,212,2024-04-14,31.64
8565,6219,47,280,2024-06-13,19.46
8566,6150,14,81,2024-10-02,18.99
8567,1530,44,262,2024-01-30,23.98
8568,1832,44,259,2024-07-04,18.64
8569,9983,44,263,2024-07-10,18.85
8570,1865,17,101,2024-06-27,19.31
8571,4851,26,152,2024-12-30,52.26
8572,1961,10,56,2024-11-24,17.85
8573,902,36,212,2024-04-05,14.56
8574,3619,33,196,2024-09-09,11.71
8575,4928,22,128,2024-06-19,20.08
8576,511,21,121,2024-07-11,24.28
8577,8647,23,138,2024-08-14,12.63
8578,9494,41,241,2024-02-05,21.42
8579,8626,3,13,2024-07-25,12.87
8580,8221,37,219,2024-06-23,19.73
8581,526,2,7,2024-09-14,18.29
8582,5541,22,131,2024-04-30,27.35
8583,7871,38,225,2024-10-25,23.04
8584,8439,12,68,2024-06-25,22.37
8585,3672,13,76,2024-10-15,10.62
8586,5152,33,196,2024-03-23,24.63
8587,7565,38,227,2024-12-23,42.03
8588,2305,9,49,2024-09-21,14.88
8589,3031,5,25,2024-07-18,49.77
8590,8599,44,262,2024-01-25,33.32
8591,8186,27,157,2024-06-28,29.40
8592,5100,13,73,2024-04-21,15.68
8593,7445,46,275,2024-05-02,59.87
8594,6522,11,64,2024-09-20,16.48
8595,4333,17,97,2024-08-10,22.88
8596,5654,6,36,2024-07-22,17.68
8597,1604,12,71,2024-01-14,10.29
8598,9202,23,135,2024-10-25,20.40
8599,4935,3,15,2024-07-02,22.09
8600,6132,21,123,2024-08-23,50.90
8601,2986,44,260,2024-01-06,53.48
8602,5852,46,273,2024-12-05,26.09
8603,7396,44,260,2024-06-01,23.52
8604,4595,49,291,2024-10-20,17.69
8605,8537,27,157,2024-05-04,11.54
8606,3275,14,84,2024-01-17,22.25
8607,8760,30,175,2024-08-19,36.84
8608,1741,22,132,2024-12-15,48.80
8609,8224,28,163,2024-03-13,38.18
8610,5665,42,252,2024-12-08,60.15
8611,2083,10,58,2024-02-09,18.94
8612,8212,34,203,2024-11-13,19.77
8613,3372,3,14,2024-06-02,12.23
8614,1982,19,111,2024-12-09,55.99
8615,6899,25,147,2024-10-30,25.98
8616,6676,31,184,2024-11-26,19.20
8617,7545,26,151,2024-09-18,17.77
8618,8366,4,20,2024-09-17,32.00
8619,3986,34,202,2024-03-09,38.12
8620,7409,48,287,2024-05-11,15.81
8621,3423,6,31,2024-09-17,11.62
8622,498,31,182,2024-06-04,84.65
8623,1973,48,287,2024-04-26,28.70
8624,4151,1,2,2024-10-17,27.98
8625,2025,18,105,2024-12-17,15.26
8626,4332,4,19,2024-09-22,13.14
8627,218,9,52,2024-06-26,47.66
8628,1683,1,3,2024-01-05,32.76
8629,4962,28,166,2024-08-21,19.92
8630,235,37,222,2024-07-16,92.81
8631,2891,13,78,2024-01-27,17.36
8632,4334,24,141,2024-09-24,24.71
8633,2011,35,208,2024-04-08,7.18
8634,9174,45,265,2024-07-09,24.73
8635,307,8,46,2024-08-12,12.79
8636,6570,13,73,2024-05-31,12.51
8637,7602,1,1,2024-04-09,21.56
8638,4123,12,69,2024-09-22,53.74
8639,6552,4,21,2024-08-08,34.39
8640,2792,24,139,2024-02-09,5.85
8641,1282,28,167,2024-11-26,11.57
8642,5550,40,237,2024-12-06,18.02
8643,6879,18,105,2024-05-13,14.74
8644,9823,28,167,2024-09-27,27.96
8645,4639,31,181,2024-05-23,7.86
8646,3880,14,81,2024-09-19,21.96
8647,4175,42,250,2024-03-17,19.56
8648,8816,19,113,2024-03-11,36.34
8649,4198,9,50,2024-12-07,17.06
8650,8450,32,188,2024-11-04,43.78
8651,6361,34,202,2024-08-12,11.20
8652,8229,35,207,2024-03-28,22.95
8653,4622,2,11,2024-10-07,29.62
8654,1683,23,134,2024-11-14,25.78
8655,7717,14,83,2024-12-07,21.66
8656,4665,14,82,2024-06-24,17.33
8657,81,3,18,2024-11-25,40.33
8658,6824,43,253,2024-05-08,18.06
8659,4832,11,66,2024-08-05,30.57
8660,4793,31,184,2024-04-28,26.88
8661,5542,15,87,2024-08-07,20.14
8662,695,38,225,2024-09-28,17.84
8663,4809,39,234,2024-09-18,40.56
8664,527,36,211,2024-12-02,40.25
8665,9858,47,280,2024-10-14,17.90
8666,1821,22,127,2024-11-20,25.65
8667,6987,12,67,2024-07-08,16.84
8668,9898,24,140,2024-08-29,34.78
8669,8799,49,293,2024-02-12,26.94
8670,6681,1,4,2024-06-24,18.02
8671,3026,15,89,2024-03-19,32.84
8672,7853,28,166,2024-07-16,13.11
8673,7634,42,248,2024-12-11,35.20
8674,215,32,190,2024-06-05,32.92
8675,6707,32,188,2024-06-12,16.41
8676,3579,8,48,2024-10-15,31.94
8677,1388,34,203,2024-02-05,9.84
8678,6855,48,287,2024-02-27,18.01
8679,6840,50,298,2024-02-14,58.77
8680,1572,35,210,2024-10-23,24.55
8681,2768,27,157,2024-03-15,18.15
8682,3884,36,216,2024-02-24,22.20
8683,4910,44,263,2024-07-21,33.27
8684,7292,5,26,2024-03-29,23.45
8685,2334,20,118,2024-05-18,15.51
8686,3215,48,287,2024-02-16,30.12
8687,6628,7,40,2024-04-19,17.94
8688,214,21,124,2024-10-23,33.24
8689,7105,31,185,2024-05-06,38.01
8690,5284,6,35,2024-09-18,36.02
8691,9276,9,51,2024-02-10,8.40
8692,5871,43,253,2024-02-16,11.24
8693,6580,27,161,2024-12-10,19.30
8694,6115,36,215,2024-05-16,16.93
8695,4453,43,257,2024-01-18,13.92
8696,5989,49,294,2024-03-21,12.63
8697,9152,38,227,2024-04-08,35.67
8698,3856,22,128,2024-04-06,32.27
8699,8023,17,100,2024-02-25,47.72
8700,8232,26,152,2024-09-01,17.19
8701,4538,29,169,2024-10-31,17.47
8702,7704,35,207,2024-01-29,32.69
8703,9038,26,156,2024-01-19,19.50
8704,3481,39,232,2024-09-18,22.47
8705,6344,18,105,2024-11-27,52.72
8706,8344,44,262,2024-04-20,48.70
8707,2469,44,263,2024-04-11,26.47
8708,9379,35,209,2024-10-10,36.40
8709,4401,2,11,2024-12-01,22.16
8710,5298,42,250,2024-09-08,12.88
8711,4564,7,37,2024-08-05,42.83
8712,3647,25,148,2024-11-07,38.76
8713,1223,44,259,2024-02-06,33.60
8714,412,9,51,2024-05-19,7.88
8715,8936,16,91,2024-03-12,22.14
8716,6926,23,136,2024-10-11,19.82
8717,6680,22,127,2024-06-01,67.29
8718,4348,2,12,2024-01-20,25.58
8719,6299,15,86,2024-07-23,26.85
8720,2017,4,21,2024-02-14,28.36
8721,8888,1,5,2024-10-21,58.95
8722,5781,42,248,2024-10-21,75.45
8723,8593,1,6,2024-12-13,22.84
8724,1966,47,279,2024-05-23,10.06
8725,6910,47,279,2024-07-24,30.48
8726,212,18,105,2024-09-23,20.61
8727,2775,36,212,2024-08-20,68.54
8728,8042,38,228,2024-03-03,23.84
8729,6892,3,15,2024-01-26,27.89
8730,8800,29,172,2024-09-02,24.64
8731,9630,33,197,2024-06-06,42.88
8732,6352,9,50,2024-02-01,22.88
8733,7804,31,186,2024-03-04,29.50
8734,4698,2,10,2024-05-07,15.41
8735,745,50,297,2024-12-05,52.91
8736,8718,9,52,2024-09-06,23.68
8737,1525,29,173,2024-01-11,35.19
8738,6802,45,269,2024-10-01,10.11
8739,7502,31,185,2024-10-20,38.29
8740,6272,21,125,2024-10-17,51.46
8741,8631,49,290,2024-11-20,9.74
8742,786,24,140,2024-03-03,23.27
8743,4558,41,242,2024-04-21,24.52
8744,5866,10,60,2024-10-07,58.85
8745,587,46,276,2024-03-07,68.38
8746,6074,37,218,2024-01-20,37.73
8747,6673,47,281,2024-10-02,18.76
8748,5219,18,104,2024-11-09,13.84
8749,255,11,65,2024-02-23,14.52
8750,7528,21,124,2024-11-13,42.87
8751,392,49,289,2024-10-02,38.08
8752,5544,42,252,2024-06-05,20.85
8753,4502,35,209,2024-11-05,15.85
8754,4941,36,215,2024-08-24,39.21
8755,9240,25,149,2024-01-14,11.24
8756,1822,21,124,2024-11-17,16.55
8757,1545,19,111,2024-09-16,19.30
8758,3901,14,80,2024-08-23,28.87
8759,9080,23,134,2024-03-10,37.47
8760,5602,27,162,2024-10-14,43.71
8761,3277,36,212,2024-09-04,32.63
8762,9205,34,204,2024-04-01,16.50
8763,8268,16,91,2024-11-26,11.67
8764,7142,8,44,2024-02-17,14.40
8765,2634,28,168,2024-11-16,24.07
8766,6812,9,50,2024-08-16,19.40
8767,7738,33,197,2024-11-06,28.59
8768,8102,47,280,2024-09-21,72.18
8769,5657,1,5,2024-03-02,7.60
8770,8203,9,50,2024-12-12,24.22
8771,7921,8,48,2024-02-08,24.19
8772,1939,50,296,2024-04-18,20.00
8773,1091,21,125,2024-07-06,24.11
8774,2990,12,69,2024-12-22,25.98
8775,8782,23,138,2024-04-13,66.10
8776,5690,17,102,2024-07-24,23.94
8777,6242,2,10,2024-05-13,30.72
8778,5187,15,87,2024-09-22,18.56
8779,9754,32,189,2024-01-25,12.09
8780,903,42,250,2024-09-02,21.14
8781,2504,22,129,2024-03-07,64.64
8782,4119,17,97,2024-08-21,48.04
8783,1281,22,129,2024-11-04,11.88
8784,2283,3,17,2024-11-07,27.90
8785,5463,46,274,2024-01-28,33.06
8786,7190,16,96,2024-08-25,30.57
8787,6291,41,245,2024-03-25,31.50
8788,1374,25,148,2024-10-23,17.25
8789,9525,6,34,2024-05-08,26.43
8790,4256,3,15,2024-12-26,39.25
8791,7294,15,88,2024-05-14,26.62
8792,6032,20,116,2024-04-03,80.46
8793,3019,49,291,2024-01-29,35.56
8794,2402,6,35,2024-07-16,20.50
8795,9065,17,102,2024-03-31,63.56
8796,5518,17,100,2024-04-07,37.22
8797,4549,47,278,2024-06-21,8.83
8798,6647,15,86,2024-10-05,19.97
8799,8003,31,181,2024-04-17,33.80
8800,4098,21,121,2024-07-27,10.95
8801,3110,13,78,2024-04-24,24.24
8802,7992,30,180,2024-03-05,8.83
8803,8729,5,29,2024-08-06,34.84
8804,4000,35,207,2024-08-30,64.17
8805,57,22,132,2024-08-05,83.60
8806,7086,39,232,2024-08-13,17.26
8807,6290,1,6,2024-01-16,11.90
8808,1503,23,135,2024-05-12,12.74
8809,3893,34,203,2024-07-17,20.33
8810,2167,19,113,2024-04-27,68.35
8811,6825,40,236,2024-05-15,17.28
8812,2963,1,2,2024-07-02,23.40
8813,1794,14,80,2024-02-04,20.98
8814,2773,32,187,2024-03-08,34.16
8815,8952,23,137,2024-03-01,15.56
8816,3482,11,63,2024-07-22,21.80
8817,368,23,138,2024-12-13,18.96
8818,4000,19,110,2024-01-25,28.18
8819,2556,35,209,2024-05-17,31.73
8820,6594,2,7,2024-11-16,40.88
8821,1378,18,106,2024-02-03,7.83
8822,1873,21,123,2024-02-18,30.43
8823,7188,29,170,2024-07-18,52.20
8824,1610,6,36,2024-02-10,21.48
8825,6745,47,277,2024-01-12,14.79
8826,7480,8,43,2024-04-15,31.61
8827,1840,47,277,2024-01-18,14.04
8828,5088,49,293,2024-12-27,14.09
8829,9221,39,229,2024-05-08,7.71
8830,6338,17,101,2024-10-10,27.05
8831,528,46,272,2024-06-01,27.56
8832,1214,25,149,2024-07-05,16.44
8833,8723,19,114,2024-10-15,27.76
8834,6011,19,110,2024-04-22,21.87
8835,1514,46,276,2024-01-01,35.24
8836,2826,2,9,2024-11-24,40.84
8837,4145,50,298,2024-05-31,27.61
8838,3357,11,62,2024-04-03,21.68
8839,130,50,295,2024-03-07,31.53
8840,8325,7,42,2024-12-21,25.03
8841,1682,38,226,2024-12-17,8.99
8842,9213,28,168,2024-04-02,31.00
8843,7874,7,39,2024-12-14,14.41
8844,4966,1,4,2024-09-02,13.64
8845,7975,3,14,2024-12-07,10.31
8846,7958,6,35,2024-11-23,22.47
8847,5924,36,215,2024-06-20,20.90
8848,3633,21,123,2024-08-21,42.87
8849,2241,23,136,2024-04-07,17.66
8850,1170,27,158,2024-06-02,19.94
8851,2617,19,113,2024-04-19,17.25
8852,7339,23,138,2024-12-03,25.33
8853,6892,28,168,2024-05-03,21.80
8854,2198,17,101,2024-06-08,44.74
8855,548,23,134,2024-06-04,10.82
8856,6338,35,207,2024-05-01,27.37
8857,1051,46,276,2024-12-23,10.04
8858,3507,34,202,2024-02-16,13.67
8859,8,40,239,2024-03-05,36.93
8860,2199,29,174,2024-01-03,37.17
8861,9754,26,154,2024-06-20,47.40
8862,6200,32,188,2024-05-06,22.54
8863,9782,28,164,2024-12-14,28.40
8864,202,8,46,2024-11-06,17.28
8865,7308,12,68,2024-12-19,7.26
8866,8479,26,155,2024-12-24,16.86
8867,178,20,115,2024-04-08,66.76
8868,9402,30,176,2024-02-08,28.42
8869,5455,14,81,2024-03-01,14.57
8870,5370,6,35,2024-01-18,24.91
8871,8036,41,245,2024-12-02,40.36
8872,1117,21,124,2024-08-26,9.89
8873,6884,4,19,2024-05-10,23.47
8874,2277,50,298,2024-01-20,24.93
8875,2033,17,99,2024-02-16,16.20
8876,6667,39,233,2024-11-15,16.21
8877,9906,5,27,2024-01-12,57.35
8878,6686,2,11,2024-09-30,11.04
8879,2454,11,63,2024-03-05,17.13
8880,715,10,57,2024-08-10,20.32
8881,4573,45,265,2024-08-26,7.24
8882,2571,4,20,2024-05-24,23.01
8883,5326,23,134,2024-01-04,13.82
8884,1434,21,121,2024-08-18,32.42
8885,5894,43,256,2024-03-16,13.98
8886,1322,36,213,2024-02-03,23.42
8887,4887,14,83,2024-12-29,30.09
8888,9320,1,6,2024-12-24,19.54
8889,2926,34,204,2024-08-15,43.64
8890,7777,32,187,2024-08-12,24.86
8891,6558,17,98,2024-06-15,13.12
8892,6594,10,56,2024-03-20,23.79
8893,7056,34,200,2024-03-15,12.03
8894,1238,48,283,2024-04-21,61.17
8895,9810,48,284,2024-10-29,61.52
8896,3584,23,134,2024-08-06,26.48
8897,9177,38,225,2024-02-22,14.72
8898,9567,5,29,2024-02-11,54.54
8899,933,50,295,2024-01-09,23.82
8900,350,33,198,2024-06-16,15.50
8901,4676,32,189,2024-04-26,25.01
8902,9369,16,95,2024-02-17,12.92
8903,7599,22,132,2024-04-19,29.40
8904,7416,15,88,2024-06-06,50.35
8905,3379,40,237,2024-08-19,20.38
8906,3957,48,287,2024-10-24,28.01
8907,6067,35,210,2024-03-02,15.14
8908,9255,31,185,2024-08-27,7.81
8909,6694,45,267,2024-01-30,38.24
8910,1390,38,226,2024-08-19,78.46
8911,4292,22,128,2024-09-01,25.25
8912,4676,39,230,2024-01-28,36.05
8913,7021,14,83,2024-10-22,26.62
8914,7023,2,9,2024-10-21,19.80
8915,4354,41,244,2024-04-12,28.15
8916,2021,22,129,2024-03-02,6.78
8917,9378,30,178,2024-07-10,27.56
8918,9200,19,110,2024-07-03,61.23
8919,947,18,103,2024-10-03,19.84
8920,9160,5,28,2024-02-01,63.42
8921,5647,44,263,2024-08-06,22.65
8922,5603,25,149,2024-03-07,24.13
8923,3478,36,213,2024-12-26,15.35
8924,91,21,122,2024-08-21,15.83
8925,1584,31,183,2024-05-28,41.88
8926,7788,2,12,2024-11-18,33.30
8927,2112,7,41,2024-06-23,30.48
8928,7557,39,232,2024-03-14,28.01
8929,4546,34,203,2024-12-12,17.95
8930,6031,12,69,2024-10-05,26.93
8931,3838,5,29,2024-12-21,43.32
8932,6253,33,193,2024-02-05,18.67
8933,2301,14,83,2024-09-23,17.44
8934,2286,8,48,2024-11-16,23.41
8935,6522,11,62,2024-09-01,25.29
8936,9256,16,92,2024-12-13,22.38
8937,7401,35,207,2024-06-28,51.81
8938,5885,23,136,2024-02-04,23.47
8939,4289,49,294,2024-10-17,20.18
8940,8804,29,174,2024-04-06,53.91
8941,6300,27,158,2024-09-09,14.30
8942,8986,47,280,2024-08-05,52.78
8943,5414,10,55,2024-07-21,24.37
8944,5018,49,293,2024-10-03,30.55
8945,9227,18,105,2024-10-30,26.47
8946,8044,13,77,2024-12-22,80.57
8947,4382,46,273,2024-03-02,15.36
8948,6895,15,88,2024-10-28,58.83
8949,5871,20,115,2024-05-18,21.40
8950,539,15,90,2024-02-02,21.10
8951,6285,15,86,2024-04-10,8.43
8952,8491,6,35,2024-11-13,13.23
8953,5128,29,170,2024-07-31,17.46
8954,753,25,150,2024-07-13,24.26
8955,6651,49,292,2024-08-22,6.46
8956,1923,39,229,2024-09-18,18.92
8957,7916,31,182,2024-03-25,25.59
8958,8309,12,67,2024-04-03,17.94
8959,8581,30,178,2024-03-16,16.56
8960,1848,11,61,2024-10-03,15.92
8961,2178,26,154,2024-10-17,39.33
8962,9513,26,154,2024-12-28,27.05
8963,8042,8,44,2024-04-16,35.66
8964,877,41,244,2024-08-19,18.95
8965,3915,1,1,2024-07-08,86.06
8966,5147,10,58,2024-08-22,47.76
8967,6780,2,9,2024-07-09,55.72
8968,7554,19,113,2024-03-04,23.95
8969,3013,29,171,2024-03-28,10.97
8970,1612,22,129,2024-05-26,31.82
8971,788,4,21,2024-02-12,10.72
8972,3500,26,151,2024-06-19,10.66
8973,3164,16,96,2024-10-17,9.18
8974,6044,13,78,2024-06-17,51.13
8975,177,13,74,2024-07-27,11.29
8976,174,39,232,2024-05-28,54.72
8977,1113,37,218,2024-12-23,23.51
8978,4477,45,269,2024-02-20,21.40
8979,4910,38,226,2024-04-26,17.75
8980,258,48,284,2024-12-20,22.22
8981,2731,29,174,2024-08-07,26.72
8982,6810,6,33,2024-09-29,15.35
8983,2806,32,190,2024-05-05,23.29
8984,3570,37,220,2024-04-22,25.68
8985,4444,50,299,2024-05-11,33.28
8986,3775,11,63,2024-09-04,29.97
8987,9350,36,213,2024-03-27,24.77
8988,763,45,265,2024-09-14,23.36
8989,2942,13,73,2024-03-26,18.33
8990,9439,39,234,2024-01-13,61.99
8991,3269,34,204,2024-08-18,28.92
8992,6589,1,4,2024-04-05,16.86
8993,3287,17,98,2024-08-30,20.54
8994,6647,45,266,2024-09-22,21.64
8995,9090,17,99,2024-06-05,67.16
8996,7122,36,213,2024-05-04,13.88
8997,8013,5,29,2024-05-14,65.22
8998,6799,14,81,2024-04-20,36.04
8999,5255,37,219,2024-03-23,12.42
9000,7327,50,295,2024-07-11,12.84
9001,7202,12,67,2024-01-02,10.76
9002,476,45,266,2024-08-13,22.04
9003,5301,5,28,2024-03-08,31.29
9004,7072,12,72,2024-04-05,21.04
9005,3317,41,242,2024-02-26,21.57
9006,8625,22,127,2024-03-08,16.58
9007,4463,2,9,2024-04-13,34.36
9008,9832,42,247,2024-02-28,21.57
9009,4704,36,211,2024-10-28,21.53
9010,4886,3,14,2024-10-20,15.96
9011,2596,49,293,2024-08-03,23.60
9012,6450,17,101,2024-03-25,21.94
9013,5106,42,251,2024-09-04,20.56
9014,7160,40,237,2024-10-17,88.46
9015,4992,30,176,2024-12-16,10.85
9016,7870,21,124,2024-04-26,30.40
9017,2492,12,72,2024-05-06,47.29
9018,8965,32,192,2024-10-14,22.41
9019,7634,13,74,2024-01-10,16.32
9020,1117,21,125,2024-12-24,16.01
9021,1104,38,226,2024-10-15,24.16
9022,5563,14,81,2024-04-02,13.55
9023,6938,2,10,2024-06-12,31.22
9024,3764,20,119,2024-03-04,22.38
9025,5397,27,157,2024-05-12,21.42
9026,2798,26,153,2024-03-14,19.20
9027,7586,10,56,2024-04-23,45.81
9028,5742,8,45,2024-06-29,43.54
9029,7108,12,71,2024-03-22,37.66
9030,6172,7,38,2024-12-14,31.03
9031,6574,42,252,2024-08-24,27.03
9032,1058,43,253,2024-07-13,26.14
9033,2441,31,184,2024-03-11,45.73
9034,8370,9,49,2024-03-06,13.39
9035,6442,49,294,2024-02-06,75.02
9036,1377,47,277,2024-11-29,13.34
9037,374,37,222,2024-09-20,27.68
9038,6947,37,221,2024-04-18,19.70
9039,4719,13,77,2024-04-05,13.01
9040,3513,14,79,2024-04-22,21.56
9041,7935,32,188,2024-03-07,85.27
9042,7461,1,1,2024-12-02,24.53
9043,8685,32,189,2024-07-06,14.62
9044,8941,19,111,2024-05-07,21.32
9045,9198,11,65,2024-05-17,48.58
9046,9859,12,71,2024-07-01,57.09
9047,7061,39,233,2024-07-26,24.39
9048,9492,24,142,2024-03-20,71.72
9049,5853,40,239,2024-08-14,33.51
9050,6510,46,274,2024-10-24,34.51
9051,5095,13,73,2024-03-29,23.44
9052,9823,18,105,2024-06-29,27.18
9053,1273,35,206,2024-03-22,22.89
9054,1298,18,106,2024-07-02,24.68
9055,2455,47,280,2024-08-10,88.04
9056,9764,48,283,2024-11-04,6.93
9057,5498,1,5,2024-03-30,15.03
9058,9992,46,273,2024-01-30,14.80
9059,8916,28,166,2024-06-22,40.21
9060,4495,6,34,2024-05-13,25.07
9061,3642,49,290,2024-02-16,41.21
9062,275,46,271,2024-08-19,15.74
9063,1104,27,162,2024-05-29,56.87
9064,6613,16,96,2024-05-10,19.25
9065,2505,22,129,2024-01-11,15.73
9066,30,16,92,2024-05-31,10.22
9067,2121,19,111,2024-08-31,51.98
9068,6043,3,17,2024-10-30,27.80
9069,6608,35,205,2024-01-28,47.12
9070,2202,43,254,2024-12-20,25.91
9071,837,33,194,2024-05-17,19.21
9072,1577,4,24,2024-12-29,48.38
9073,6486,24,139,2024-03-02,34.06
9074,1809,50,300,2024-02-24,22.65
9075,3072,27,161,2024-09-20,15.82
9076,7791,48,288,2024-03-13,23.30
9077,1462,1,3,2024-07-06,17.80
9078,4108,37,219,2024-09-28,30.99
9079,3865,40,238,2024-08-02,26.87
9080,3548,20,118,2024-09-26,11.85
9081,8489,17,98,2024-05-25,15.65
9082,7391,32,189,2024-05-12,22.10
9083,7696,23,138,2024-10-05,26.02
9084,9145,6,33,2024-08-18,26.48
9085,7938,18,104,2024-11-19,16.98
9086,7119,41,245,2024-02-09,19.67
9087,9386,5,29,2024-08-17,27.13
9088,4158,12,72,2024-10-29,28.61
9089,4442,34,201,2024-03-11,22.64
9090,3430,22,131,2024-01-18,23.64
9091,3700,25,145,2024-02-29,8.87
9092,1168,37,221,2024-08-29,18.04
9093,2496,15,86,2024-01-08,27.45
9094,734,40,238,2024-04-12,12.11
9095,4511,32,187,2024-06-13,30.65
9096,5087,31,183,2024-04-08,23.96
9097,7482,46,274,2024-09-21,18.82
9098,3614,10,60,2024-11-05,25.60
9099,2494,23,136,2024-10-08,8.60
9100,6017,42,247,2024-04-10,22.79
9101,6545,42,247,2024-03-09,24.33
9102,8017,48,287,2024-05-18,23.91
9103,3488,21,123,2024-01-26,20.19
9104,5196,16,94,2024-02-01,12.48
9105,9278,46,273,2024-08-17,13.52
9106,5822,45,266,2024-12-16,15.48
9107,6737,39,234,2024-09-20,30.53
9108,8339,9,53,2024-08-11,9.70
9109,4294,21,122,2024-03-21,21.32
9110,7316,35,207,2024-12-25,11.66
9111,2743,16,95,2024-06-05,16.79
9112,3346,2,9,2024-10-09,7.98
9113,4582,8,46,2024-05-30,13.74
9114,4268,7,39,2024-12-18,42.03
9115,3920,42,249,2024-03-29,26.97
9116,4714,43,253,2024-07-24,7.65
9117,7228,20,116,2024-01-09,21.05
9118,2333,2,11,2024-04-23,76.27
9119,3904,21,121,2024-04-13,21.94
9120,1856,21,124,2024-02-12,21.11
9121,192,13,73,2024-01-02,16.87
9122,7210,11,61,2024-08-20,44.32
9123,8668,1,2,2024-06-30,24.14
9124,8571,47,279,2024-08-30,31.58
9125,5426,23,134,2024-01-20,20.70
9126,4240,6,34,2024-11-27,33.13
9127,957,38,224,2024-01-24,45.96
9128,2374,24,141,2024-02-28,9.70
9129,891,46,276,2024-08-12,14.09
9130,4415,38,224,2024-12-29,15.43
9131,1797,37,217,2024-04-11,23.30
9132,9847,30,178,2024-12-20,28.52
9133,4468,13,76,2024-04-02,18.39
9134,6468,27,157,2024-11-15,15.47
9135,6322,13,73,2024-11-14,55.51
9136,2608,38,223,2024-12-15,16.06
9137,3001,15,90,2024-03-27,26.90
9138,2530,21,121,2024-08-04,45.05
9139,2779,27,161,2024-10-27,25.23
9140,4463,16,95,2024-05-17,20.02
9141,7358,13,74,2024-04-09,15.80
9142,3714,42,249,2024-12-08,63.03
9143,5871,11,62,2024-01-02,18.96
9144,5943,2,12,2024-10-31,32.07
9145,6002,11,65,2024-02-18,25.70
9146,5996,1,1,2024-06-25,22.11
9147,8804,24,141,2024-11-19,31.62
9148,8692,43,253,2024-05-20,10.44
9149,4459,18,103,2024-11-16,39.31
9150,3571,25,148,2024-08-08,14.71
9151,4387,47,281,2024-04-25,10.32
9152,4173,15,85,2024-10-31,24.19
9153,9340,39,233,2024-02-24,31.47
9154,5831,18,106,2024-07-29,21.43
9155,2119,5,30,2024-05-24,16.29
9156,8746,42,252,2024-12-21,25.14
9157,8939,31,182,2024-07-29,28.82
9158,3233,31,184,2024-06-23,23.94
9159,8108,5,30,2024-10-06,74.60
9160,6881,50,300,2024-02-16,20.08
9161,3046,18,103,2024-10-10,9.04
9162,5735,19,110,2024-02-02,25.21
9163,6550,31,182,2024-07-15,28.96
9164,6621,8,48,2024-04-24,33.20
9165,3039,44,259,2024-01-12,17.52
9166,2646,21,125,2024-06-20,12.76
9167,9526,35,209,2024-10-13,15.46
9168,1676,1,6,2024-01-04,9.51
9169,410,20,119,2024-12-05,17.29
9170,9952,26,152,2024-03-18,54.88
9171,832,2,11,2024-11-23,33.77
9172,8289,13,74,2024-03-08,48.13
9173,2695,30,178,2024-09-29,24.58
9174,4897,45,265,2024-08-16,40.92
9175,8688,10,55,2024-07-30,11.44
9176,4767,36,212,2024-03-03,23.94
9177,9187,41,243,2024-04-14,22.32
9178,5340,27,160,2024-01-31,82.52
9179,1892,33,198,2024-08-30,24.05
9180,5469,5,26,2024-02-13,15.94
9181,2270,20,117,2024-05-30,32.72
9182,3832,5,27,2024-08-21,28.17
9183,3161,2,9,2024-12-21,18.49
9184,3812,29,169,2024-11-16,8.76
9185,4594,49,290,2024-08-28,28.38
9186,9299,34,199,2024-04-11,24.20
9187,7648,48,288,2024-01-27,24.02
9188,6073,33,193,2024-05-17,28.16
9189,6605,1,3,2024-06-30,34.61
9190,5678,23,134,2024-08-18,14.98
9191,7289,38,226,2024-09-17,19.37
9192,5715,38,227,2024-05-23,40.94
9193,8496,9,51,2024-03-05,25.92
9194,2625,44,261,2024-02-03,14.50
9195,7288,16,92,2024-05-07,6.68
9196,7886,15,88,2024-07-31,33.46
9197,4467,47,279,2024-05-18,51.19
9198,9468,47,280,2024-01-29,17.62
9199,5860,48,283,2024-06-14,45.44
9200,4619,28,165,2024-04-08,30.44
9201,1061,16,91,2024-04-02,23.28
9202,3112,22,129,2024-03-29,13.40
9203,8609,20,118,2024-05-04,22.20
9204,6912,42,247,2024-03-09,13.33
9205,8307,16,94,2024-05-17,16.23
9206,980,3,18,2024-07-30,16.79
9207,7831,11,62,2024-05-03,81.89
9208,724,31,181,2024-08-22,30.96
9209,4999,46,271,2024-09-03,28.34
9210,4260,11,62,2024-08-28,26.97
9211,998,1,1,2024-04-21,16.06
9212,677,42,251,2024-05-01,20.51
9213,1906,45,266,2024-09-08,70.34
9214,8955,11,65,2024-09-19,24.08
9215,360,43,253,2024-11-11,20.34
9216,2100,12,69,2024-01-29,26.23
9217,363,15,86,2024-03-21,30.69
9218,3393,3,15,2024-01-21,10.95
9219,22,27,157,2024-12-17,29.98
9220,914,6,36,2024-08-23,30.32
9221,7929,38,223,2024-04-05,66.46
9222,1787,32,189,2024-03-28,39.12
9223,3460,34,202,2024-02-02,9.32
9224,6032,14,80,2024-03-09,25.78
9225,8802,9,51,2024-07-20,38.65
9226,8572,46,273,2024-07-14,60.26
9227,1232,13,74,2024-02-05,9.09
9228,6906,48,287,2024-10-02,32.75
9229,238,31,182,2024-10-06,18.03
9230,2916,29,169,2024-11-19,34.41
9231,2286,15,86,2024-09-19,28.76
9232,8695,18,108,2024-05-11,15.70
9233,7736,39,230,2024-03-27,31.41
9234,1477,35,207,2024-07-17,61.42
9235,1530,10,56,2024-04-09,40.13
9236,3483,44,264,2024-05-27,10.72
9237,7977,18,107,2024-10-23,28.92
9238,8610,38,223,2024-03-01,16.06
9239,8672,14,79,2024-08-04,34.98
9240,9200,10,56,2024-01-05,19.43
9241,7262,23,133,2024-03-10,34.27
9242,6833,7,40,2024-11-08,29.98
9243,9945,44,264,2024-04-06,41.65
9244,3664,34,201,2024-04-17,24.19
9245,8667,19,110,2024-08-26,18.88
9246,6878,15,90,2024-07-02,17.06
9247,939,25,146,2024-03-20,20.19
9248,8736,45,268,2024-11-18,12.42
9249,4064,23,137,2024-06-17,22.76
9250,8546,28,166,2024-10-10,21.12
9251,5007,20,118,2024-05-08,43.68
9252,3922,50,296,2024-01-09,18.79
9253,7824,38,224,2024-12-07,45.88
9254,6593,49,293,2024-12-24,22.94
9255,7507,13,76,2024-07-03,37.51
9256,4838,19,113,2024-01-16,17.53
9257,9315,47,278,2024-07-08,28.58
9258,9471,9,51,2024-12-17,10.35
9259,6174,28,165,2024-01-14,22.87
9260,1137,43,253,2024-03-08,13.88
9261,8764,14,83,2024-07-27,21.28
9262,7770,23,133,2024-12-29,23.88
9263,4602,32,191,2024-04-02,26.78
9264,3044,5,30,2024-05-21,70.28
9265,3127,17,100,2024-12-26,25.69
9266,4584,40,239,2024-02-24,17.99
9267,9975,2,10,2024-07-30,15.82
9268,3324,46,272,2024-04-07,16.93
9269,8608,24,140,2024-12-19,36.26
9270,4134,1,2,2024-04-09,65.78
9271,3280,26,152,2024-02-07,35.83
9272,1306,41,241,2024-10-21,77.14
9273,6911,32,191,2024-01-05,34.64
9274,6166,38,226,2024-11-09,35.96
9275,7932,31,182,2024-03-16,16.85
9276,5154,23,138,2024-01-16,33.58
9277,2706,3,16,2024-06-08,14.48
9278,332,40,238,2024-08-01,22.33
9279,9462,25,145,2024-05-14,43.44
9280,8055,7,37,2024-06-09,18.21
9281,7196,1,6,2024-09-28,89.06
9282,2227,8,48,2024-12-11,8.69
9283,837,27,158,2024-02-29,49.98
9284,6422,7,38,2024-02-22,17.47
9285,1345,2,12,2024-05-15,32.20
9286,7358,37,219,2024-02-11,19.04
9287,1412,42,247,2024-01-30,34.67
9288,6339,7,38,2024-11-12,11.77
9289,4816,4,24,2024-07-22,47.02
9290,1549,33,198,2024-05-26,21.90
9291,4920,34,200,2024-12-06,60.30
9292,3292,23,137,2024-08-30,28.22
9293,7096,41,244,2024-08-03,63.08
9294,8600,50,300,2024-12-03,48.72
9295,2087,3,15,2024-07-10,23.10
9296,85,15,88,2024-08-02,70.00
9297,8997,37,220,2024-03-22,17.36
9298,2441,39,230,2024-07-23,4.97
9299,8369,8,44,2024-02-11,16.49
9300,3119,47,278,2024-10-15,37.30
9301,5078,1,4,2024-05-14,69.76
9302,6511,1,3,2024-06-12,73.44
9303,8427,45,267,2024-07-09,33.83
9304,2684,25,147,2024-09-28,35.72
9305,610,29,170,2024-08-07,43.04
9306,7406,26,152,2024-04-05,69.33
9307,7250,27,161,2024-05-20,56.38
9308,2317,16,94,2024-12-16,49.14
9309,608,12,71,2024-08-10,44.10
9310,4685,21,125,2024-04-13,26.54
9311,4398,44,263,2024-07-21,12.02
9312,3742,39,229,2024-02-04,8.94
9313,7839,2,7,2024-04-04,14.52
9314,256,1,5,2024-09-05,15.48
9315,2999,4,21,2024-07-06,23.88
9316,8357,8,48,2024-03-17,80.01
9317,3410,25,146,2024-04-08,15.44
9318,4642,11,63,2024-07-31,52.62
9319,1371,8,48,2024-11-08,29.68
9320,634,40,235,2024-07-15,6.64
9321,9032,34,200,2024-06-22,27.13
9322,4382,44,259,2024-12-07,15.51
9323,9889,38,226,2024-02-28,18.78
9324,5077,37,222,2024-06-14,19.87
9325,806,28,165,2024-08-03,32.96
9326,7565,33,194,2024-12-31,26.47
9327,361,15,87,2024-02-28,41.31
9328,5406,2,11,2024-06-16,12.89
9329,9973,23,133,2024-11-29,19.43
9330,9851,8,48,2024-08-08,59.98
9331,7928,23,134,2024-08-27,23.13
9332,7142,27,157,2024-01-11,29.24
9333,2449,48,286,2024-02-14,16.50
9334,9870,46,276,2024-08-15,61.70
9335,9818,44,263,2024-10-12,23.44
9336,4748,12,67,2024-10-06,16.91
9337,8169,5,27,2024-06-02,24.06
9338,4744,35,208,2024-12-05,26.36
9339,4706,10,57,2024-04-26,16.89
9340,2427,20,116,2024-07-03,20.58
9341,6201,20,120,2024-04-21,14.21
9342,377,17,100,2024-02-03,17.66
9343,3055,7,42,2024-05-26,58.51
9344,4222,3,13,2024-10-27,58.51
9345,7349,12,72,2024-03-28,29.60
9346,1890,7,42,2024-07-27,21.78
9347,7806,25,146,2024-11-01,19.74
9348,7298,32,190,2024-11-10,37.58
9349,7592,18,103,2024-06-20,45.16
9350,4240,12,69,2024-04-29,72.70
9351,7105,28,167,2024-09-24,25.26
9352,5221,48,284,2024-03-12,25.25
9353,7267,33,197,2024-03-13,10.09
9354,8583,25,146,2024-11-02,15.27
9355,9982,46,273,2024-09-09,37.14
9356,5128,39,231,2024-12-08,57.45
9357,2170,35,205,2024-10-30,99.58
9358,6575,2,10,2024-11-22,23.72
9359,4687,23,138,2024-09-24,12.05
9360,6657,28,165,2024-04-22,33.62
9361,2164,6,31,2024-04-20,41.15
9362,9042,47,279,2024-09-27,14.78
9363,2875,2,10,2024-07-09,68.43
9364,1564,15,90,2024-04-27,22.44
9365,2500,13,75,2024-12-29,15.49
9366,159,12,70,2024-10-30,15.79
9367,4117,40,237,2024-12-24,26.91
9368,3061,22,129,2024-08-30,51.87
9369,8685,3,14,2024-08-22,17.13
9370,6105,25,145,2024-12-13,47.09
9371,2412,46,274,2024-11-05,22.42
9372,5555,41,243,2024-06-27,26.20
9373,6190,7,37,2024-11-12,46.98
9374,8724,31,183,2024-10-01,30.56
9375,6381,40,235,2024-10-12,54.82
9376,2205,3,16,2024-03-25,28.28
9377,7264,33,194,2024-02-29,14.07
9378,9031,18,103,2024-12-11,23.04
9379,9890,21,121,2024-05-15,23.41
9380,4583,16,96,2024-02-03,18.34
9381,5960,5,29,2024-03-20,25.34
9382,13,48,287,2024-02-10,66.23
9383,6050,26,154,2024-06-12,24.41
9384,5578,42,249,2024-03-23,14.69
9385,7767,45,268,2024-01-28,23.37
9386,4139,3,16,2024-08-09,23.99
9387,2528,37,220,2024-10-09,97.37
9388,2383,7,42,2024-04-22,27.78
9389,8965,24,142,2024-05-17,23.08
9390,7340,27,161,2024-05-30,19.90
9391,6321,7,38,2024-11-04,39.32
9392,8537,22,129,2024-02-04,41.07
9393,4195,13,74,2024-03-26,34.50
9394,2087,18,104,2024-03-04,24.56
9395,527,3,18,2024-12-30,11.72
9396,9665,43,258,2024-10-23,22.47
9397,2166,32,191,2024-08-17,20.60
9398,1345,12,67,2024-07-19,24.17
9399,7122,43,253,2024-05-29,28.15
9400,2724,33,196,2024-09-25,18.40
9401,3456,8,45,2024-08-09,15.17
9402,3808,26,153,2024-01-19,22.15
9403,8917,9,51,2024-08-12,16.35
9404,9390,18,103,2024-09-08,43.36
9405,7965,49,289,2024-05-04,25.90
9406,7342,19,110,2024-08-26,16.38
9407,5507,11,63,2024-02-12,22.94
9408,98,35,209,2024-07-03,28.26
9409,8620,18,104,2024-10-27,24.98
9410,9555,11,63,2024-08-11,65.32
9411,2793,33,195,2024-01-10,44.59
9412,9952,38,227,2024-05-01,70.88
9413,6931,37,218,2024-09-27,10.87
9414,4359,28,168,2024-09-21,16.18
9415,9107,31,185,2024-06-25,12.65
9416,9960,29,169,2024-01-12,14.83
9417,4637,19,110,2024-01-13,19.02
9418,3034,34,199,2024-08-18,22.34
9419,2725,30,177,2024-09-12,30.68
9420,3563,16,91,2024-08-31,24.23
9421,8944,28,168,2024-09-29,42.18
9422,4392,27,161,2024-10-27,9.85
9423,9718,23,135,2024-06-07,41.34
9424,9622,43,257,2024-09-15,20.59
9425,604,4,21,2024-03-14,28.05
9426,4348,43,253,2024-09-19,27.40
9427,8769,47,278,2024-02-08,21.82
9428,920,45,268,2024-10-08,12.94
9429,5101,24,141,2024-12-10,28.57
9430,2563,31,182,2024-03-17,22.38
9431,6082,13,77,2024-02-17,8.81
9432,6962,7,41,2024-02-15,14.15
9433,1315,6,31,2024-04-25,25.23
9434,8095,50,297,2024-08-11,73.71
9435,1904,11,66,2024-07-15,33.38
9436,1187,44,262,2024-10-07,22.19
9437,6115,13,73,2024-04-20,20.33
9438,3399,25,150,2024-03-10,14.87
9439,4943,10,60,2024-02-16,8.80
9440,9940,40,240,2024-05-06,27.36
9441,9491,9,54,2024-05-18,49.18
9442,2592,6,33,2024-08-10,28.29
9443,5621,20,120,2024-06-10,19.58
9444,7541,22,131,2024-04-11,32.42
9445,244,18,104,2024-11-23,15.98
9446,5906,45,270,2024-03-22,12.46
9447,2361,9,54,2024-03-18,24.50
9448,176,31,183,2024-12-24,22.35
9449,7324,25,146,2024-08-13,17.35
9450,6786,24,143,2024-05-07,33.31
9451,4376,4,22,2024-11-10,14.14
9452,3065,17,100,2024-10-27,14.02
9453,9836,7,38,2024-12-18,7.99
9454,4861,2,8,2024-03-22,13.29
9455,7177,28,164,2024-09-11,29.41
9456,9842,12,68,2024-04-27,18.34
9457,96,18,104,2024-01-04,12.24
9458,170,28,164,2024-09-24,17.83
9459,3219,5,26,2024-06-08,33.46
9460,2462,16,91,2024-07-15,26.88
9461,2941,27,159,2024-04-22,21.48
9462,9677,27,162,2024-09-27,10.51
9463,4986,24,139,2024-03-11,11.56
9464,5639,25,145,2024-12-16,25.69
9465,1962,4,23,2024-08-21,14.49
9466,9536,34,200,2024-04-11,48.07
9467,2932,47,278,2024-04-07,53.07
9468,6597,9,53,2024-12-14,20.03
9469,4507,33,194,2024-01-06,22.23
9470,9113,31,183,2024-03-11,25.76
9471,7435,16,93,2024-07-06,17.52
9472,7958,24,139,2024-05-11,47.67
9473,4752,17,97,2024-08-06,21.64
9474,9817,48,285,2024-08-01,61.10
9475,2382,2,11,2024-03-13,28.16
9476,3839,24,140,2024-03-15,12.02
9477,5325,32,187,2024-09-28,20.99
9478,3283,20,120,2024-12-28,6.04
9479,3729,28,164,2024-06-09,12.42
9480,4355,30,178,2024-09-27,16.62
9481,3909,6,32,2024-11-03,83.89
9482,7895,38,225,2024-06-14,78.56
9483,6654,37,217,2024-12-15,22.00
9484,8692,50,295,2024-10-30,36.92
9485,717,15,89,2024-03-13,48.86
9486,4986,15,88,2024-11-16,14.83
9487,8595,10,58,2024-09-25,16.95
9488,3314,16,91,2024-01-05,81.26
9489,1791,6,31,2024-11-07,29.47
9490,8825,9,49,2024-07-12,83.20
9491,3301,36,215,2024-11-20,50.36
9492,6030,29,173,2024-04-07,12.66
9493,9567,17,98,2024-06-05,28.83
9494,4429,44,264,2024-04-20,23.73
9495,6720,38,223,2024-01-21,32.81
9496,2945,10,57,2024-02-05,20.82
9497,7336,50,300,2024-05-01,12.13
9498,9452,48,283,2024-09-18,19.32
9499,1806,8,46,2024-04-10,26.71
9500,4633,18,104,2024-12-01,25.01
9501,6835,28,167,2024-02-01,17.55
9502,5926,19,110,2024-10-23,10.43
9503,7151,42,249,2024-07-16,20.94
9504,8418,32,188,2024-05-15,15.20
9505,1871,40,235,2024-06-18,23.25
9506,4035,10,57,2024-06-03,11.25
9507,9788,30,178,2024-06-20,29.38
9508,2168,15,88,2024-05-04,51.42
9509,6804,3,17,2024-11-17,17.63
9510,2196,6,31,2024-03-28,30.65
9511,2851,32,189,2024-05-20,9.84
9512,9318,6,35,2024-12-18,18.11
9513,8829,48,286,2024-03-12,21.81
9514,8228,12,71,2024-12-15,12.80
9515,8780,31,184,2024-08-27,30.03
9516,7392,16,92,2024-10-17,7.31
9517,4363,14,81,2024-07-16,31.55
9518,9152,12,69,2024-10-28,19.26
9519,3410,12,69,2024-01-17,28.53
9520,7145,43,255,2024-11-19,12.99
9521,187,37,222,2024-04-21,23.50
9522,5184,36,213,2024-12-08,20.81
9523,7667,9,53,2024-12-19,20.38
9524,63,50,300,2024-03-10,15.71
9525,328,38,223,2024-06-08,22.16
9526,6310,28,166,2024-10-18,31.35
9527,1699,5,26,2024-01-15,16.24
9528,5357,46,276,2024-01-01,14.25
9529,240,1,6,2024-10-09,37.56
9530,9187,8,48,2024-01-29,15.70
9531,2613,17,101,2024-10-14,23.62
9532,8871,48,286,2024-08-28,16.50
9533,5831,21,124,2024-06-16,27.44
9534,9254,32,191,2024-06-11,46.27
9535,5861,8,48,2024-04-13,33.85
9536,951,41,243,2024-07-01,11.38
9537,3025,7,38,2024-04-11,19.74
9538,7226,10,60,2024-03-29,27.31
9539,2663,17,101,2024-12-10,11.03
9540,2245,17,99,2024-12-24,21.21
9541,1998,1,2,2024-04-24,26.31
9542,9523,17,101,2024-01-22,16.46
9543,6391,7,38,2024-08-19,12.66
9544,4446,2,11,2024-08-05,63.92
9545,606,24,142,2024-03-27,12.22
9546,76,16,96,2024-09-22,12.41
9547,8994,16,95,2024-01-23,35.14
9548,3011,35,210,2024-07-09,27.85
9549,7504,1,5,2024-06-16,15.90
9550,6875,27,159,2024-07-08,30.26
9551,4082,34,200,2024-04-13,10.73
9552,745,28,164,2024-04-24,10.48
9553,1654,14,82,2024-03-03,28.49
9554,7136,30,179,2024-01-05,26.27
9555,1661,49,292,2024-04-16,73.30
9556,9064,9,54,2024-08-17,10.64
9557,9649,26,151,2024-04-18,32.86
9558,8315,21,124,2024-10-29,35.57
9559,7145,1,1,2024-02-18,20.81
9560,266,34,201,2024-11-01,21.19
9561,3743,36,215,2024-08-31,8.46
9562,7573,48,285,2024-04-01,59.66
9563,3386,30,180,2024-09-28,9.75
9564,3982,8,43,2024-11-02,26.69
9565,8501,2,11,2024-09-12,32.16
9566,5333,18,106,2024-06-30,9.29
9567,1308,7,42,2024-06-06,14.45
9568,4484,7,42,2024-12-20,39.09
9569,5753,42,251,2024-07-31,13.92
9570,9496,47,280,2024-05-22,41.31
9571,377,15,85,2024-04-22,24.97
9572,8632,30,178,2024-07-17,16.18
9573,6516,8,47,2024-06-01,13.97
9574,8753,26,152,2024-05-20,18.12
9575,1448,39,231,2024-12-25,14.24
9576,1441,13,78,2024-02-05,54.68
9577,9203,40,239,2024-12-08,23.51
9578,8070,38,226,2024-07-20,15.89
9579,4559,50,296,2024-02-19,23.26
9580,225,10,56,2024-04-26,46.03
9581,8653,45,265,2024-10-20,29.65
9582,7225,26,153,2024-03-30,22.34
9583,3592,20,118,2024-07-06,26.98
9584,5853,9,51,2024-09-19,19.70
9585,5004,7,41,2024-04-07,18.08
9586,3319,22,131,2024-08-08,38.38
9587,3589,44,263,2024-10-03,44.92
9588,4456,45,268,2024-08-09,23.21
9589,2856,44,263,2024-08-04,64.93
9590,7035,19,110,2024-11-22,11.30
9591,2931,13,77,2024-02-15,53.72
9592,4035,11,62,2024-06-29,36.73
9593,6746,35,206,2024-06-02,19.36
9594,8,21,125,2024-07-25,51.34
9595,4786,43,257,2024-09-03,20.17
9596,2984,45,266,2024-03-10,29.84
9597,5034,47,278,2024-02-01,21.54
9598,7196,47,281,2024-08-15,12.68
9599,333,30,177,2024-05-17,11.93
9600,1438,4,22,2024-06-07,16.61
9601,8444,11,64,2024-02-02,12.60
9602,3485,13,75,2024-09-19,47.52
9603,7111,50,300,2024-07-16,21.01
9604,2385,1,2,2024-04-03,44.42
9605,6785,45,269,2024-11-24,29.66
9606,8827,16,94,2024-10-26,22.64
9607,813,33,195,2024-11-30,41.77
9608,9765,31,186,2024-10-31,14.60
9609,5475,39,233,2024-08-21,25.80
9610,5358,2,11,2024-02-14,35.21
9611,3059,40,236,2024-06-20,33.00
9612,9763,43,258,2024-05-19,9.61
9613,2320,24,144,2024-06-11,12.62
9614,1850,44,262,2024-05-09,12.43
9615,6786,37,222,2024-02-29,54.87
9616,58,43,255,2024-05-30,34.71
9617,7950,5,29,2024-06-26,29.58
9618,9787,36,214,2024-10-16,31.05
9619,309,23,137,2024-10-25,26.45
9620,7472,46,271,2024-09-28,7.62
9621,4458,30,177,2024-02-23,44.16
9622,1196,41,245,2024-02-14,16.34
9623,8329,15,90,2024-12-08,14.05
9624,9794,44,260,2024-08-24,13.74
9625,189,27,159,2024-06-13,17.34
9626,2433,48,288,2024-01-08,24.68
9627,9850,21,124,2024-10-07,37.72
9628,5027,31,181,2024-09-24,31.51
9629,7782,2,8,2024-01-04,9.05
9630,4953,34,204,2024-01-27,19.78
9631,7350,21,126,2024-04-12,14.56
9632,6971,12,72,2024-03-14,41.35
9633,5951,9,50,2024-02-20,11.11
9634,8297,22,130,2024-03-31,10.43
9635,5434,35,205,2024-09-02,18.42
9636,5748,7,41,2024-07-17,29.26
9637,1579,1,4,2024-10-15,20.88
9638,1004,34,200,2024-01-19,93.30
9639,6716,43,255,2024-04-05,18.03
9640,9674,48,288,2024-06-26,12.62
9641,4536,36,215,2024-04-02,46.66
9642,1377,33,197,2024-03-12,10.95
9643,6974,17,101,2024-08-21,21.60
9644,5613,49,290,2024-08-18,15.35
9645,4287,12,67,2024-05-14,49.30
9646,6459,39,231,2024-03-16,24.44
9647,2226,44,261,2024-12-03,21.02
9648,2704,3,16,2024-11-17,85.67
9649,8832,13,77,2024-07-09,21.68
9650,4404,13,73,2024-03-30,8.66
9651,3187,31,185,2024-11-07,7.43
9652,5041,29,174,2024-02-20,14.28
9653,157,12,67,2024-02-26,23.63
9654,8091,38,228,2024-09-25,17.89
9655,9051,9,54,2024-01-05,23.44
9656,7586,1,3,2024-10-03,34.07
9657,6575,41,241,2024-01-07,23.60
9658,8989,33,196,2024-05-05,11.29
9659,6398,10,55,2024-06-16,10.14
9660,8670,33,194,2024-01-26,16.36
9661,8198,34,201,2024-02-24,24.08
9662,4737,44,262,2024-10-16,11.75
9663,6894,9,49,2024-09-04,16.08
9664,1630,1,2,2024-04-20,18.32
9665,7443,50,296,2024-04-27,11.81
9666,9769,1,6,2024-03-11,68.09
9667,7730,9,51,2024-01-28,66.74
9668,6635,41,241,2024-11-05,8.63
9669,5837,18,107,2024-10-12,20.97
9670,3874,38,226,2024-04-07,47.96
9671,5862,31,183,2024-02-10,69.46
9672,4085,23,133,2024-02-18,41.01
9673,2324,48,287,2024-07-23,25.41
9674,1395,24,142,2024-07-18,16.65
9675,8812,39,233,2024-05-06,31.63
9676,8435,1,1,2024-11-25,27.78
9677,3284,18,108,2024-07-04,53.95
9678,5082,30,180,2024-09-30,25.81
9679,1273,19,114,2024-12-28,53.70
9680,8266,20,119,2024-04-28,53.01
9681,4254,44,263,2024-08-25,63.55
9682,3406,32,192,2024-05-16,10.49
9683,2220,33,193,2024-09-18,22.39
9684,6533,33,197,2024-11-07,14.49
9685,2256,11,66,2024-12-19,11.30
9686,9854,28,166,2024-04-09,7.75
9687,2977,44,260,2024-08-26,13.74
9688,3060,12,72,2024-06-20,32.08
9689,2132,38,223,2024-12-03,32.78
9690,3873,46,272,2024-10-01,25.38
9691,8922,9,50,2024-04-28,17.18
9692,7736,6,33,2024-01-09,44.50
9693,1556,45,265,2024-08-09,51.32
9694,122,3,13,2024-09-18,34.49
9695,1354,42,249,2024-06-19,38.46
9696,7353,43,257,2024-06-07,22.34
9697,5626,37,222,2024-10-13,10.63
9698,9758,24,141,2024-06-12,17.78
9699,3167,11,62,2024-04-27,22.92
9700,7267,11,65,2024-04-12,18.67
9701,8489,9,50,2024-09-27,11.37
9702,6693,31,186,2024-10-18,19.61
9703,7437,13,73,2024-12-09,12.39
9704,3903,16,91,2024-10-17,27.58
9705,4453,10,60,2024-04-28,20.74
9706,9798,22,130,2024-02-17,28.13
9707,4832,8,47,2024-11-12,34.87
9708,9813,22,128,2024-08-31,9.19
9709,8467,46,271,2024-07-28,49.10
9710,9569,47,277,2024-01-02,25.51
9711,8213,26,155,2024-10-17,20.81
9712,3042,38,223,2024-10-16,33.29
9713,9409,45,268,2024-11-27,11.88
9714,3144,14,84,2024-08-04,23.96
9715,1609,13,75,2024-12-01,18.87
9716,8124,14,84,2024-01-10,27.36
9717,8350,45,269,2024-04-23,17.95
9718,3378,22,129,2024-08-29,16.86
9719,6798,13,74,2024-03-25,41.76
9720,3449,23,136,2024-09-07,10.72
9721,74,25,148,2024-11-20,25.86
9722,2968,24,140,2024-04-27,35.78
9723,2352,29,174,2024-03-08,33.31
9724,373,15,90,2024-03-17,22.46
9725,8125,43,256,2024-07-29,25.67
9726,6785,39,234,2024-02-04,21.92
9727,3322,36,214,2024-08-25,10.39
9728,8913,14,82,2024-06-06,39.34
9729,8375,13,73,2024-10-07,22.92
9730,2060,32,187,2024-04-24,28.80
9731,6021,47,277,2024-01-14,23.99
9732,5196,14,84,2024-09-18,21.65
9733,6564,22,131,2024-08-16,67.98
9734,221,50,298,2024-05-23,23.14
9735,3692,29,173,2024-07-23,26.31
9736,1227,28,163,2024-01-29,28.62
9737,6760,28,168,2024-03-12,20.76
9738,7634,47,277,2024-09-17,8.87
9739,2139,18,106,2024-08-09,18.09
9740,1244,28,165,2024-02-20,25.74
9741,1904,11,63,2024-04-30,13.92
9742,3558,22,127,2024-05-04,22.09
9743,7378,6,33,2024-08-09,35.82
9744,9156,34,203,2024-10-18,8.86
9745,7063,24,139,2024-07-30,12.48
9746,2655,40,239,2024-11-18,20.02
9747,6296,22,129,2024-12-19,37.93
9748,3230,45,270,2024-02-17,54.88
9749,2251,40,239,2024-08-15,17.66
9750,2681,29,173,2024-06-17,15.13
9751,3377,27,159,2024-08-19,15.91
9752,2641,15,89,2024-11-26,28.24
9753,403,14,81,2024-12-28,60.30
9754,6104,50,298,2024-09-29,10.04
9755,897,19,113,2024-10-31,41.70
9756,1808,2,9,2024-05-26,15.01
9757,9255,7,42,2024-11-03,21.30
9758,3609,40,239,2024-03-29,10.61
9759,2627,29,169,2024-10-07,69.57
9760,9912,17,101,2024-07-04,17.56
9761,8884,44,264,2024-12-14,24.71
9762,2054,11,65,2024-12-01,9.28
9763,8509,13,77,2024-10-27,17.92
9764,8662,31,186,2024-07-30,25.32
9765,5932,6,35,2024-04-29,21.40
9766,3293,28,165,2024-05-10,58.44
9767,7093,3,17,2024-04-28,20.47
9768,7786,34,204,2024-09-19,15.65
9769,3327,36,214,2024-01-13,55.32
9770,7575,25,146,2024-11-30,59.85
9771,5447,7,38,2024-09-29,12.97
9772,8115,15,87,2024-01-11,25.72
9773,8553,49,290,2024-06-24,18.43
9774,4552,26,151,2024-03-11,48.01
9775,5486,50,298,2024-12-28,9.52
9776,6772,46,275,2024-02-25,7.81
9777,9667,19,114,2024-11-23,17.05
9778,8163,2,8,2024-02-23,29.52
9779,3716,26,152,2024-11-30,23.40
9780,5053,38,227,2024-02-01,13.65
9781,1582,31,185,2024-08-17,20.97
9782,1652,18,103,2024-07-22,19.44
9783,5382,39,234,2024-03-01,26.39
9784,5630,10,59,2024-10-09,13.64
9785,2814,26,152,2024-09-20,34.64
9786,9276,50,299,2024-02-15,19.05
9787,7029,41,242,2024-02-04,19.80
9788,1390,15,90,2024-05-22,16.52
9789,8211,7,37,2024-05-14,16.70
9790,8515,7,42,2024-03-12,23.67
9791,7410,25,150,2024-10-02,10.53
9792,1332,22,132,2024-10-20,25.16
9793,7447,25,145,2024-05-18,26.09
9794,2529,47,277,2024-12-03,52.83
9795,4297,12,70,2024-01-24,27.56
9796,3713,32,191,2024-11-06,39.77
9797,731,17,97,2024-11-02,19.58
9798,45,2,11,2024-03-12,31.51
9799,7708,24,141,2024-08-21,16.56
9800,7909,30,176,2024-01-19,39.70
9801,4547,1,5,2024-06-14,35.17
9802,8441,36,215,2024-05-11,15.68
9803,7556,3,15,2024-01-22,35.94
9804,9458,20,115,2024-02-23,21.40
9805,4197,26,155,2024-11-03,17.38
9806,8261,34,204,2024-03-13,30.00
9807,7543,10,60,2024-06-13,20.71
9808,9986,10,60,2024-02-05,22.74
9809,916,14,79,2024-08-22,68.22
9810,9376,48,284,2024-09-17,38.16
9811,4524,10,56,2024-11-07,12.00
9812,4756,31,183,2024-06-30,9.27
9813,9553,3,17,2024-06-26,9.35
9814,5161,29,169,2024-02-10,23.54
9815,7816,43,257,2024-01-19,42.22
9816,3297,48,285,2024-12-09,19.27
9817,4351,34,200,2024-12-30,14.87
9818,888,37,220,2024-11-25,12.67
9819,7542,13,75,2024-08-16,15.69
9820,216,30,179,2024-01-11,28.31
9821,8499,16,91,2024-06-07,16.32
9822,5887,44,263,2024-08-27,21.47
9823,3733,17,97,2024-02-08,16.90
9824,6975,22,132,2024-10-20,32.74
9825,2590,21,122,2024-10-07,11.36
9826,8553,50,297,2024-03-14,41.94
9827,4573,2,12,2024-11-20,15.25
9828,7078,29,170,2024-08-20,11.83
9829,4668,12,69,2024-04-14,15.78
9830,2781,28,168,2024-07-19,79.18
9831,2968,20,115,2024-11-27,8.82
9832,7867,7,39,2024-06-07,28.50
9833,1869,39,230,2024-11-24,26.38
9834,7950,42,248,2024-04-19,58.45
9835,7149,37,217,2024-03-05,23.29
9836,7662,7,42,2024-07-16,20.17
9837,358,15,88,2024-11-17,20.37
9838,5557,28,166,2024-12-19,25.60
9839,8677,2,10,2024-02-25,23.58
9840,2546,40,236,2024-08-21,8.99
9841,4432,8,46,2024-07-06,19.76
9842,1054,50,296,2024-04-20,28.64
9843,9797,9,51,2024-01-28,22.06
9844,7951,35,207,2024-07-14,10.11
9845,4527,4,20,2024-01-01,19.09
9846,3899,10,58,2024-06-08,20.48
9847,4985,32,187,2024-07-16,33.65
9848,7866,10,58,2024-11-10,19.56
9849,6762,15,87,2024-10-26,18.58
9850,1364,6,33,2024-01-17,22.91
9851,8218,42,252,2024-07-24,10.87
9852,4269,16,96,2024-11-22,54.02
9853,8082,11,63,2024-04-27,64.27
9854,7501,4,21,2024-03-29,22.15
9855,7428,26,155,2024-01-31,22.29
9856,371,35,209,2024-02-20,21.78
9857,2211,32,188,2024-07-21,24.09
9858,6085,4,19,2024-01-13,24.06
9859,350,50,296,2024-01-08,13.35
9860,9851,23,136,2024-11-23,30.78
9861,9138,32,191,2024-12-31,22.36
9862,6887,29,171,2024-07-04,48.80
9863,5301,44,260,2024-12-31,32.49
9864,7074,40,237,2024-07-19,9.52
9865,2387,23,133,2024-11-02,13.77
9866,9291,24,142,2024-06-03,27.70
9867,738,11,66,2024-08-01,27.74
9868,3273,34,201,2024-12-07,28.83
9869,2056,27,157,2024-12-12,14.98
9870,4666,38,226,2024-07-10,49.30
9871,4035,5,30,2024-07-04,21.05
9872,5773,28,166,2024-07-19,10.56
9873,8288,23,136,2024-06-18,18.39
9874,5037,9,53,2024-07-06,16.68
9875,4166,8,48,2024-12-23,23.30
9876,2756,3,13,2024-10-15,20.26
9877,9686,6,33,2024-01-14,33.77
9878,1303,42,248,2024-09-12,19.27
9879,7381,26,152,2024-08-15,20.05
9880,5832,10,60,2024-03-22,29.63
9881,196,27,158,2024-08-27,35.66
9882,9194,1,3,2024-04-19,23.24
9883,7923,32,192,2024-05-13,24.59
9884,5439,26,154,2024-04-14,19.98
9885,370,45,270,2024-06-09,43.05
9886,5952,19,109,2024-03-18,18.00
9887,1522,13,75,2024-08-19,63.96
9888,5117,32,190,2024-09-16,20.34
9889,4623,50,298,2024-08-04,22.17
9890,8467,27,157,2024-10-21,29.11
9891,9297,29,169,2024-12-27,8.96
9892,969,25,146,2024-11-11,14.90
9893,5971,24,139,2024-04-29,35.88
9894,6147,6,34,2024-01-23,21.14
9895,5990,34,204,2024-12-10,29.30
9896,915,5,26,2024-06-25,42.73
9897,3709,24,140,2024-08-18,13.60
9898,837,4,19,2024-11-09,12.19
9899,4073,18,105,2024-12-15,19.77
9900,9057,6,35,2024-12-01,16.24
9901,6285,39,231,2024-07-20,42.87
9902,9755,38,227,2024-12-15,33.88
9903,2511,47,278,2024-11-09,22.07
9904,1547,36,211,2024-12-16,28.55
9905,3236,26,152,2024-10-30,21.94
9906,2096,32,189,2024-07-30,15.20
9907,5215,16,92,2024-05-09,16.48
9908,4080,33,193,2024-10-09,35.14
9909,5178,41,245,2024-02-23,19.30
9910,5016,24,144,2024-08-08,21.80
9911,5195,22,132,2024-07-08,10.32
9912,2003,36,216,2024-11-29,39.19
9913,6637,8,43,2024-01-26,22.31
9914,7912,19,111,2024-05-16,11.18
9915,4153,17,97,2024-07-19,24.09
9916,1673,42,252,2024-02-26,25.44
9917,4657,36,211,2024-05-23,71.21
9918,9952,33,198,2024-04-29,15.56
9919,3403,35,209,2024-04-02,62.99
9920,2686,42,252,2024-07-31,24.14
9921,7064,20,118,2024-10-19,16.20
9922,8819,49,291,2024-10-28,18.80
9923,1238,42,249,2024-07-11,67.70
9924,5959,15,85,2024-09-28,14.74
9925,709,8,48,2024-02-08,24.82
9926,7201,14,79,2024-11-09,13.36
9927,9064,22,132,2024-03-30,18.06
9928,5984,49,292,2024-12-25,15.49
9929,7542,9,51,2024-09-14,107.42
9930,2652,10,55,2024-06-18,22.73
9931,546,10,60,2024-06-21,19.89
9932,8357,11,63,2024-03-13,29.26
9933,199,47,281,2024-06-15,27.06
9934,2255,25,148,2024-04-13,7.49
9935,5317,37,220,2024-01-17,24.46
9936,5134,13,78,2024-04-15,31.59
9937,3003,14,81,2024-06-18,43.10
9938,2754,31,182,2024-12-05,15.89
9939,9586,47,280,2024-08-26,18.65
9940,7424,23,135,2024-06-29,18.48
9941,9621,32,189,2024-06-30,18.65
9942,6166,23,137,2024-09-15,35.68
9943,1783,11,62,2024-03-22,39.41
9944,828,32,191,2024-02-19,10.11
9945,2840,21,126,2024-08-29,37.27
9946,4630,18,103,2024-10-29,33.54
9947,7102,29,169,2024-08-29,55.51
9948,7649,42,248,2024-02-08,46.94
9949,3356,15,90,2024-11-11,32.80
9950,3980,23,135,2024-07-30,24.11
9951,3548,25,147,2024-10-27,26.71
9952,7287,5,26,2024-03-07,55.94
9953,1681,38,227,2024-10-18,40.74
9954,8104,5,28,2024-12-14,29.74
9955,6524,22,129,2024-01-06,56.29
9956,9954,43,257,2024-07-28,21.85
9957,370,17,97,2024-12-20,53.34
9958,7658,20,120,2024-02-14,32.54
9959,9979,36,214,2024-02-15,12.39
9960,2446,11,65,2024-01-25,33.19
9961,7158,17,98,2024-05-30,27.45
9962,6775,13,78,2024-05-05,15.88
9963,9569,47,281,2024-10-02,26.93
9964,3571,38,227,2024-12-23,49.24
9965,296,32,192,2024-11-08,28.30
9966,7907,48,285,2024-06-02,30.75
9967,6223,34,203,2024-03-09,79.71
9968,3320,39,232,2024-11-24,27.71
9969,1978,30,178,2024-02-08,33.06
9970,2414,19,109,2024-05-15,25.74
9971,5966,7,38,2024-08-31,12.73
9972,6988,20,118,2024-02-26,54.95
9973,1820,39,230,2024-04-12,13.25
9974,393,33,195,2024-08-14,41.03
9975,8328,2,9,2024-04-04,16.57
9976,4926,38,224,2024-10-13,13.00
9977,6684,35,206,2024-06-21,9.32
9978,3604,15,90,2024-01-17,30.26
9979,4553,28,168,2024-05-05,38.35
9980,8383,17,101,2024-08-03,23.97
9981,6707,8,43,2024-06-23,37.70
9982,8329,31,181,2024-06-01,34.18
9983,5850,2,12,2024-05-19,27.69
9984,3652,22,132,2024-03-20,74.32
9985,7165,37,221,2024-06-27,33.28
9986,6786,42,247,2024-04-04,11.50
9987,3819,11,63,2024-10-26,27.85
9988,1051,31,182,2024-10-28,14.60
9989,4219,33,197,2024-09-28,70.84
9990,4315,15,85,2024-01-20,21.76
9991,8844,50,299,2024-11-19,31.68
9992,8651,48,283,2024-07-03,22.53
9993,9628,37,218,2024-04-19,36.01
9994,6502,49,293,2024-10-01,22.17
9995,2292,8,47,2024-12-20,24.45
9996,739,44,260,2024-11-21,26.38
9997,3246,13,74,2024-11-03,39.86
9998,4882,9,52,2024-01-20,28.74
9999,6469,9,54,2024-01-01,27.31
10000,3889,2,7,2024-06-09,12.99
10001,2369,10,58,2024-08-02,10.32
10002,2498,29,170,2024-07-12,12.26
10003,6685,12,71,2024-03-20,12.69
10004,9585,31,182,2024-03-28,13.64
10005,1766,23,136,2024-08-07,39.53
10006,1302,19,114,2024-08-25,31.88
10007,912,27,161,2024-05-04,12.98
10008,1814,39,231,2024-06-10,12.37
10009,8455,34,204,2024-06-23,67.33
10010,9061,40,235,2024-06-12,24.19
10011,253,6,34,2024-04-03,13.04
10012,499,36,211,2024-01-19,44.54
10013,5369,18,105,2024-02-18,34.66
10014,5183,49,293,2024-01-27,15.96
10015,5858,7,37,2024-01-04,31.14
10016,1983,3,13,2024-12-27,35.68
10017,3006,6,34,2024-04-26,30.04
10018,5170,24,143,2024-11-03,18.91
10019,8656,30,178,2024-09-23,23.72
10020,8168,33,194,2024-07-03,17.15
10021,1615,20,116,2024-11-11,28.63
10022,641,12,71,2024-02-17,27.23
10023,1348,38,223,2024-10-02,19.49
10024,4180,42,250,2024-05-03,32.66
10025,5210,9,52,2024-08-05,36.12
10026,4883,48,283,2024-07-30,15.90
10027,2898,45,268,2024-11-15,35.44
10028,5907,31,183,2024-09-30,22.67
10029,8270,31,182,2024-08-23,27.69
10030,793,10,59,2024-10-08,33.19
10031,172,16,91,2024-06-06,23.16
10032,7005,41,241,2024-07-19,29.95
10033,2475,40,239,2024-10-25,36.47
10034,2464,3,14,2024-05-17,15.20
10035,608,28,165,2024-04-13,28.15
10036,4018,12,68,2024-05-23,22.78
10037,8568,17,98,2024-12-03,11.66
10038,5654,37,222,2024-10-26,43.99
10039,9422,5,29,2024-10-15,29.51
10040,2200,47,281,2024-10-31,17.65
10041,1885,38,224,2024-12-25,27.19
10042,5002,44,263,2024-05-23,23.50
10043,4612,22,130,2024-01-16,24.64
10044,440,19,109,2024-10-01,20.24
10045,4977,20,117,2024-06-08,16.77
10046,7807,13,74,2024-12-08,43.33
10047,363,46,273,2024-08-15,32.18
10048,6560,12,69,2024-11-07,39.55
10049,9336,24,139,2024-08-25,23.50
10050,7501,5,29,2024-02-22,32.00
10051,1611,13,77,2024-10-21,20.94
10052,2705,36,212,2024-10-13,42.79
10053,4678,33,197,2024-11-11,22.32
10054,3482,43,256,2024-09-30,7.62
10055,9778,39,230,2024-10-22,16.57
10056,2623,42,250,2024-02-05,24.04
10057,5986,9,51,2024-06-03,23.46
10058,9625,16,91,2024-06-19,46.59
10059,687,41,242,2024-07-29,10.01
10060,6941,24,140,2024-02-16,14.01
10061,2212,16,92,2024-09-22,16.27
10062,8797,6,35,2024-02-04,28.54
10063,4036,17,99,2024-01-21,19.88
10064,9860,16,96,2024-07-29,12.89
10065,9821,46,274,2024-05-03,21.35
10066,9517,34,201,2024-07-19,17.86
10067,8017,48,284,2024-01-25,15.68
10068,3168,13,74,2024-01-23,21.82
10069,5203,25,148,2024-10-15,21.68
10070,2547,18,103,2024-10-02,9.83
10071,7033,6,33,2024-05-17,23.31
10072,4562,44,263,2024-09-12,12.33
10073,8936,6,33,2024-08-03,33.12
10074,4706,5,29,2024-07-31,31.33
10075,7962,10,57,2024-08-04,47.90
10076,3577,26,154,2024-11-27,61.07
10077,6700,5,27,2024-07-30,33.15
10078,4007,43,258,2024-09-26,11.08
10079,6958,21,121,2024-11-19,33.02
10080,2085,40,238,2024-03-20,18.54
10081,7978,33,195,2024-02-07,8.53
10082,8814,22,127,2024-08-11,28.53
10083,9428,44,259,2024-09-13,17.05
10084,2572,45,266,2024-02-13,36.45
10085,7565,36,212,2024-04-27,17.18
10086,4724,2,7,2024-02-02,32.47
10087,2135,17,97,2024-03-18,19.74
10088,8517,35,208,2024-08-05,22.34
10089,6861,49,290,2024-02-26,22.16
10090,6768,47,277,2024-03-28,9.16
10091,2612,9,49,2024-12-27,22.13
10092,8042,32,192,2024-05-06,17.37
10093,6335,7,42,2024-02-03,66.10
10094,2718,13,73,2024-12-09,59.54
10095,463,9,52,2024-06-16,18.52
10096,2823,45,265,2024-09-01,16.21
10097,5638,49,291,2024-09-06,33.42
10098,3141,8,48,2024-10-12,14.94
10099,9726,30,176,2024-04-07,29.96
10100,2747,27,158,2024-11-04,44.36
10101,4031,20,117,2024-09-07,11.95
10102,3501,2,11,2024-12-13,19.06
10103,5553,45,265,2024-07-17,29.96
10104,9903,50,298,2024-07-02,14.80
10105,8410,15,85,2024-02-27,42.92
10106,8925,16,95,2024-09-30,13.42
10107,9003,48,285,2024-06-29,40.26
10108,7420,29,169,2024-02-02,41.56
10109,7039,46,276,2024-11-11,22.17
10110,4828,8,46,2024-05-08,14.74
10111,4531,49,291,2024-08-17,26.96
10112,5534,5,28,2024-06-15,21.40
10113,1465,33,197,2024-10-22,47.39
10114,3158,31,185,2024-10-21,15.35
10115,2564,10,55,2024-07-06,19.28
10116,162,22,129,2024-04-25,11.11
10117,6158,10,55,2024-05-13,28.00
10118,5557,13,76,2024-01-20,9.57
10119,9508,3,16,2024-01-26,46.14
10120,5755,8,48,2024-02-03,29.80
10121,9597,35,209,2024-05-11,15.98
10122,1397,42,251,2024-10-06,33.54
10123,656,4,24,2024-11-02,26.77
10124,4217,27,159,2024-01-29,55.83
10125,3781,11,64,2024-02-06,27.51
10126,4038,50,298,2024-07-06,25.74
10127,2226,4,23,2024-02-26,14.08
10128,9174,12,68,2024-08-28,14.35
10129,8489,17,100,2024-09-07,12.64
10130,5971,15,90,2024-03-14,21.84
10131,7492,6,32,2024-07-24,39.58
10132,658,15,90,2024-07-28,13.37
10133,38,22,128,2024-05-08,29.66
10134,1296,23,138,2024-10-18,11.45
10135,4535,18,105,2024-04-30,26.96
10136,1666,47,279,2024-12-05,31.44
10137,6051,32,192,2024-05-19,13.58
10138,5232,39,230,2024-11-07,14.10
10139,3450,20,120,2024-05-03,39.68
10140,172,30,179,2024-08-29,42.55
10141,7021,2,10,2024-04-13,24.47
10142,7250,36,213,2024-10-09,22.82
10143,7398,12,70,2024-11-14,52.40
10144,6346,27,157,2024-11-02,19.10
10145,782,17,97,2024-12-30,26.77
10146,2179,20,120,2024-10-25,28.24
10147,6807,12,71,2024-12-25,20.46
10148,6080,16,94,2024-08-16,60.12
10149,933,13,77,2024-03-27,26.42
10150,3186,7,42,2024-05-05,23.93
10151,4757,22,130,2024-01-23,38.97
10152,7332,9,50,2024-03-12,31.09
10153,1415,11,65,2024-08-28,48.57
10154,7058,12,69,2024-12-13,22.18
10155,2467,17,99,2024-03-18,41.79
10156,2830,27,161,2024-11-22,34.01
10157,6101,39,233,2024-06-12,21.80
10158,9153,5,26,2024-01-11,38.88
10159,4076,5,30,2024-04-02,11.64
10160,7044,6,32,2024-01-06,33.45
10161,882,34,203,2024-05-28,8.87
10162,4040,28,164,2024-03-15,34.34
10163,4083,27,157,2024-07-12,23.61
10164,5952,23,137,2024-12-16,24.31
10165,5052,47,277,2024-05-30,12.53
10166,844,37,219,2024-04-04,23.42
10167,7718,23,133,2024-07-05,35.87
10168,909,25,148,2024-11-22,39.21
10169,2333,2,8,2024-04-01,10.25
10170,7262,27,162,2024-03-30,44.58
10171,9908,2,12,2024-02-01,9.02
10172,2749,28,167,2024-08-18,19.26
10173,210,26,156,2024-08-13,23.53
10174,4354,24,144,2024-03-17,135.34
10175,2245,24,142,2024-11-12,30.28
10176,320,44,263,2024-06-27,11.94
10177,3728,46,273,2024-08-07,25.95
10178,8415,42,252,2024-01-12,27.22
10179,5900,48,288,2024-01-18,22.75
10180,4905,13,75,2024-06-27,69.96
10181,4122,25,147,2024-08-02,32.68
10182,9770,1,2,2024-10-16,9.95
10183,9736,24,143,2024-08-23,59.62
10184,8835,5,28,2024-11-12,70.06
10185,5937,18,107,2024-04-23,22.14
10186,5101,47,280,2024-10-07,19.38
10187,8135,30,175,2024-06-17,25.39
10188,7231,30,179,2024-09-29,14.34
10189,1218,34,200,2024-12-28,27.73
10190,9554,32,191,2024-06-18,72.21
10191,6112,25,146,2024-08-28,25.17
10192,7256,28,164,2024-08-10,18.54
10193,6812,5,26,2024-01-29,16.37
10194,1007,11,61,2024-01-12,26.75
10195,826,32,187,2024-12-31,51.24
10196,4210,14,80,2024-04-02,27.17
10197,2997,15,85,2024-08-09,20.66
10198,1899,3,16,2024-03-19,58.01
10199,7193,45,268,2024-07-17,18.69
10200,9766,38,225,2024-05-01,17.91
10201,4213,24,140,2024-01-22,38.10
10202,2594,30,175,2024-05-15,29.84
10203,3625,50,295,2024-12-26,30.77
10204,8168,44,261,2024-03-17,47.86
10205,6297,43,254,2024-03-01,28.90
10206,5947,41,245,2024-11-13,26.86
10207,9105,21,122,2024-03-22,12.11
10208,7346,45,268,2024-07-25,30.22
10209,3109,9,49,2024-11-18,14.17
10210,1719,1,3,2024-10-29,12.62
10211,5490,22,127,2024-12-27,20.29
10212,5588,3,14,2024-06-14,23.84
10213,845,49,291,2024-03-16,31.41
10214,4066,41,244,2024-03-03,17.72
10215,5550,5,25,2024-04-27,41.98
10216,9279,27,162,2024-05-16,18.58
10217,3277,5,27,2024-01-11,19.45
10218,6130,35,205,2024-01-05,20.60
10219,1345,47,279,2024-08-12,21.52
10220,4121,46,272,2024-03-13,19.89
10221,3605,13,75,2024-10-21,20.98
10222,6418,35,208,2024-03-01,21.25
10223,7211,40,235,2024-07-28,14.47
10224,9230,16,91,2024-04-24,39.62
10225,383,29,172,2024-12-13,23.74
10226,7129,47,282,2024-08-19,36.52
10227,3653,3,18,2024-10-20,14.30
10228,4966,8,48,2024-09-30,26.78
10229,4165,34,201,2024-07-04,23.94
10230,1080,30,180,2024-05-07,24.22
10231,4368,44,264,2024-09-12,30.62
10232,3507,17,99,2024-07-07,32.66
10233,4429,39,233,2024-09-22,11.20
10234,8454,28,165,2024-12-16,26.51
10235,6756,29,174,2024-02-14,14.42
10236,4174,1,1,2024-09-07,33.18
10237,6762,39,230,2024-04-13,37.80
10238,5651,12,72,2024-04-22,45.74
10239,1357,22,127,2024-08-03,21.06
10240,8204,19,112,2024-03-31,12.94
10241,5800,5,30,2024-11-27,17.82
10242,5744,23,134,2024-10-31,15.37
10243,5339,26,151,2024-09-26,20.67
10244,7951,2,8,2024-05-02,38.28
10245,9110,24,141,2024-06-22,33.31
10246,6134,1,3,2024-09-21,8.65
10247,7318,33,197,2024-06-06,19.97
10248,5185,43,258,2024-08-31,36.93
10249,7897,47,280,2024-09-16,26.35
10250,6131,5,25,2024-05-10,24.80
10251,6796,16,96,2024-10-12,24.82
10252,9419,3,14,2024-11-05,21.28
10253,9661,2,11,2024-04-02,24.07
10254,8239,19,113,2024-10-27,48.20
10255,7776,7,42,2024-06-25,19.92
10256,3583,31,186,2024-05-15,5.47
10257,9459,42,251,2024-03-14,35.04
10258,89,39,230,2024-02-20,16.54
10259,7747,7,42,2024-09-30,20.24
10260,7981,36,213,2024-01-29,24.28
10261,6589,35,208,2024-11-21,13.95
10262,7539,1,2,2024-02-27,47.86
10263,333,34,200,2024-10-28,32.30
10264,8482,19,112,2024-10-01,18.45
10265,6783,44,263,2024-05-19,28.74
10266,8014,25,150,2024-03-04,20.42
10267,1000,33,195,2024-08-27,17.93
10268,255,39,230,2024-07-02,33.04
10269,3564,13,78,2024-02-23,34.13
10270,7640,24,139,2024-12-15,32.89
10271,6652,30,177,2024-06-04,40.16
10272,5462,45,265,2024-09-30,12.98
10273,7426,39,229,2024-12-15,8.41
10274,7617,29,173,2024-01-12,9.19
10275,9924,3,15,2024-11-15,28.87
10276,2345,39,232,2024-05-03,14.02
10277,768,29,169,2024-03-08,24.93
10278,542,41,242,2024-09-18,34.55
10279,242,44,259,2024-06-16,62.85
10280,2178,49,289,2024-11-25,38.94
10281,7237,41,245,2024-10-26,25.21
10282,4442,24,139,2024-09-21,33.23
10283,683,26,151,2024-08-24,19.71
10284,8742,30,175,2024-06-09,30.86
10285,8581,30,176,2024-09-22,46.14
10286,887,6,35,2024-10-03,17.40
10287,2133,3,17,2024-08-23,16.44
10288,8534,37,218,2024-08-17,20.08
10289,4099,26,154,2024-02-13,18.08
10290,1522,13,75,2024-02-03,19.28
10291,2757,15,85,2024-06-27,17.21
10292,4676,28,164,2024-07-08,74.66
10293,566,16,96,2024-04-30,10.19
10294,326,37,218,2024-06-03,19.46
10295,3042,3,14,2024-04-25,19.95
10296,6101,35,206,2024-12-14,8.56
10297,8932,22,128,2024-03-25,14.02
10298,5451,5,27,2024-10-12,21.37
10299,2341,35,206,2024-05-07,33.34
10300,4162,1,6,2024-09-17,20.93
10301,2234,39,234,2024-08-12,17.57
10302,9132,10,57,2024-05-29,20.03
10303,9549,20,117,2024-12-07,14.68
10304,2896,15,90,2024-08-16,28.90
10305,6830,21,124,2024-10-07,18.97
10306,9052,45,268,2024-05-03,83.07
10307,2632,20,117,2024-03-12,17.36
10308,330,31,181,2024-10-22,22.03
10309,6830,11,65,2024-10-15,15.79
10310,7865,7,41,2024-11-12,15.10
10311,3452,6,36,2024-05-25,18.86
10312,2032,11,65,2024-09-19,34.86
10313,6027,24,143,2024-12-26,12.60
10314,6641,47,277,2024-04-20,26.38
10315,181,11,61,2024-01-19,13.51
10316,9000,43,256,2024-03-07,11.75
10317,7045,30,178,2024-09-22,40.58
10318,1531,20,116,2024-06-14,56.23
10319,6875,42,249,2024-12-06,83.96
10320,1056,8,44,2024-11-20,22.46
10321,8318,9,50,2024-03-09,47.21
10322,6143,42,247,2024-11-19,35.07
10323,293,32,189,2024-01-29,26.52
10324,5982,11,61,2024-03-13,18.42
10325,3511,36,216,2024-02-21,32.71
10326,408,11,62,2024-08-03,20.67
10327,534,18,104,2024-07-08,6.12
10328,1648,31,186,2024-10-13,8.13
10329,1871,40,239,2024-05-03,11.74
10330,8586,18,108,2024-05-21,19.82
10331,4475,11,61,2024-12-30,23.65
10332,8251,15,87,2024-05-29,61.21
10333,1511,46,272,2024-07-30,19.28
10334,2230,50,299,2024-08-14,22.56
10335,9790,8,43,2024-10-10,24.82
10336,369,28,163,2024-09-17,24.95
10337,229,1,6,2024-04-03,23.08
10338,6867,34,199,2024-09-25,30.78
10339,9159,11,62,2024-10-07,7.89
10340,2593,39,234,2024-11-01,40.15
10341,3536,22,129,2024-01-25,32.33
10342,5017,30,175,2024-10-05,47.24
10343,9965,45,268,2024-02-29,15.94
10344,9030,18,108,2024-01-09,15.73
10345,526,40,240,2024-07-13,30.21
10346,5477,25,146,2024-04-29,27.23
10347,6512,38,227,2024-09-23,45.50
10348,7787,36,212,2024-02-27,24.66
10349,8884,7,42,2024-12-20,41.99
10350,8191,38,228,2024-06-15,23.20
10351,1735,5,27,2024-11-30,14.96
10352,5399,23,135,2024-10-22,52.58
10353,9634,41,246,2024-10-26,43.58
10354,8652,21,122,2024-09-02,50.73
10355,7764,50,296,2024-11-04,22.29
10356,2534,37,218,2024-09-09,18.18
10357,3848,4,21,2024-10-19,13.70
10358,630,6,34,2024-10-12,42.27
10359,3126,15,87,2024-02-25,19.83
10360,5982,30,175,2024-12-01,16.58
10361,9760,28,163,2024-04-06,25.51
10362,2766,28,164,2024-01-30,21.64
10363,4003,50,299,2024-05-27,37.90
10364,1373,6,31,2024-07-18,6.66
10365,6013,18,104,2024-05-14,28.51
10366,9228,21,122,2024-01-25,32.05
10367,1818,16,93,2024-01-09,23.74
10368,9707,44,261,2024-05-30,24.15
10369,7834,28,166,2024-12-18,44.32
10370,9398,48,284,2024-02-07,18.43
10371,9389,33,196,2024-09-17,57.34
10372,5292,15,87,2024-03-06,40.12
10373,3226,42,247,2024-02-16,7.11
10374,3933,43,255,2024-05-31,29.61
10375,8998,9,53,2024-01-28,28.22
10376,8760,37,219,2024-03-03,23.86
10377,8313,23,135,2024-06-25,22.02
10378,7020,15,90,2024-11-01,55.70
10379,2621,9,51,2024-01-17,21.84
10380,4430,44,261,2024-07-06,42.92
10381,2115,7,39,2024-06-12,30.67
10382,2169,46,274,2024-05-21,74.20
10383,307,38,226,2024-10-27,18.97
10384,6242,9,54,2024-01-06,50.97
10385,8064,2,8,2024-06-02,27.88
10386,888,24,139,2024-08-08,11.71
10387,5076,35,207,2024-12-31,20.46
10388,7541,13,77,2024-09-21,18.24
10389,3476,10,57,2024-10-21,14.80
10390,4313,15,90,2024-04-20,24.88
10391,7237,17,99,2024-01-06,13.31
10392,4491,21,122,2024-09-26,78.40
10393,6071,1,3,2024-08-29,25.43
10394,8736,40,238,2024-07-27,21.42
10395,1373,41,246,2024-04-02,32.34
10396,8496,43,253,2024-10-24,8.09
10397,3593,8,43,2024-03-03,10.89
10398,4199,37,217,2024-10-21,22.68
10399,5759,21,124,2024-06-30,76.28
10400,9025,31,186,2024-08-11,21.10
10401,6276,11,61,2024-11-04,18.61
10402,2234,48,283,2024-03-03,50.07
10403,4660,29,169,2024-01-14,33.49
10404,5007,28,165,2024-04-06,84.56
10405,5755,25,146,2024-12-06,42.83
10406,4408,38,228,2024-09-15,24.78
10407,1023,22,127,2024-08-14,30.43
10408,7544,34,204,2024-01-21,21.78
10409,3328,37,221,2024-03-14,45.84
10410,1609,7,41,2024-11-27,74.58
10411,8237,25,145,2024-11-05,18.46
10412,411,6,33,2024-07-31,40.56
10413,9150,35,205,2024-05-02,23.02
10414,4074,46,274,2024-06-12,19.10
10415,5468,18,103,2024-11-11,32.24
10416,3351,16,95,2024-07-30,12.31
10417,9776,44,260,2024-11-20,13.56
10418,7801,33,198,2024-02-29,24.21
10419,3597,1,6,2024-08-16,25.22
10420,325,36,212,2024-01-13,24.85
10421,5139,16,92,2024-12-30,15.60
10422,975,6,36,2024-03-21,48.89
10423,8730,43,255,2024-08-30,33.27
10424,8274,49,293,2024-10-02,23.00
10425,3534,12,72,2024-01-21,29.08
10426,5592,23,137,2024-07-21,14.24
10427,7175,9,50,2024-10-20,39.87
10428,5440,28,168,2024-09-13,27.30
10429,1332,48,286,2024-05-10,10.26
10430,3444,40,238,2024-07-08,19.91
10431,9293,21,122,2024-05-10,15.92
10432,9657,4,24,2024-10-05,55.45
10433,9390,36,216,2024-11-24,11.92
10434,552,36,214,2024-04-26,31.10
10435,2362,16,94,2024-11-29,12.97
10436,5247,31,186,2024-10-20,10.30
10437,3000,3,16,2024-08-13,30.56
10438,8399,6,31,2024-11-28,51.99
10439,4822,20,117,2024-03-13,21.70
10440,7086,24,141,2024-09-14,7.16
10441,5038,32,188,2024-07-30,11.66
10442,4548,50,295,2024-12-27,35.18
10443,3268,26,152,2024-07-29,25.72
10444,9710,32,190,2024-08-07,24.30
10445,1096,22,131,2024-04-17,45.76
10446,1801,8,43,2024-06-16,17.15
10447,4069,12,68,2024-08-03,34.92
10448,185,1,4,2024-01-09,34.71
10449,3950,25,147,2024-01-14,38.60
10450,8332,46,271,2024-12-25,19.09
10451,8607,50,300,2024-04-27,21.65
10452,3406,38,224,2024-05-27,20.56
10453,5364,48,285,2024-11-05,12.45
10454,7983,14,81,2024-09-06,24.08
10455,3337,26,153,2024-04-08,7.45
10456,5203,5,30,2024-06-28,66.88
10457,5878,40,236,2024-12-31,22.01
10458,1532,25,149,2024-01-20,12.36
10459,9125,49,290,2024-09-17,32.88
10460,5900,47,278,2024-12-31,43.82
10461,4946,31,185,2024-01-13,22.56
10462,1881,41,241,2024-12-28,18.47
10463,4582,11,61,2024-01-30,33.70
10464,2259,4,19,2024-02-15,63.96
10465,3871,49,289,2024-08-19,40.27
10466,3469,30,177,2024-12-12,52.16
10467,6755,30,179,2024-09-25,52.55
10468,472,31,183,2024-06-04,47.81
10469,3231,41,245,2024-05-09,8.69
10470,4119,23,138,2024-12-09,21.80
10471,7468,9,53,2024-01-14,14.45
10472,966,37,221,2024-05-09,16.58
10473,5250,27,161,2024-11-09,29.13
10474,1770,33,193,2024-01-30,15.94
10475,9453,35,206,2024-03-12,5.76
10476,7251,37,222,2024-05-21,20.48
10477,3154,33,197,2024-11-16,31.05
10478,948,21,126,2024-03-16,16.38
10479,8300,26,152,2024-08-17,32.73
10480,1353,24,141,2024-11-10,34.20
10481,1784,2,11,2024-10-23,27.05
10482,7017,37,222,2024-07-30,57.14
10483,8865,47,277,2024-06-04,8.67
10484,5998,16,92,2024-06-04,69.16
10485,7298,18,105,2024-02-23,33.06
10486,3736,21,122,2024-08-07,15.66
10487,9702,38,223,2024-06-22,13.07
10488,9055,37,220,2024-06-19,36.86
10489,6351,30,175,2024-07-10,20.26
10490,3784,8,44,2024-06-10,29.13
10491,1690,35,205,2024-07-22,7.08
10492,7870,7,41,2024-12-09,13.77
10493,1440,9,52,2024-10-21,18.71
10494,5250,1,1,2024-12-28,15.87
10495,4011,11,64,2024-03-18,24.92
10496,1674,37,220,2024-06-12,37.94
10497,5377,31,185,2024-05-24,25.30
10498,7620,15,87,2024-05-19,13.86
10499,6041,39,230,2024-06-24,11.60
10500,7936,44,259,2024-01-17,14.19
10501,1360,32,190,2024-11-03,11.70
10502,6698,5,27,2024-08-29,24.05
10503,8189,5,30,2024-01-31,17.98
10504,8433,38,228,2024-03-27,23.60
10505,3335,1,1,2024-01-24,10.16
10506,3230,29,169,2024-04-05,31.58
10507,7681,33,193,2024-03-04,17.54
10508,1239,10,59,2024-02-09,29.28
10509,3011,36,211,2024-09-25,20.74
10510,3650,36,214,2024-05-14,24.09
10511,4795,14,80,2024-02-12,34.33
10512,2915,5,29,2024-11-29,25.49
10513,7412,3,16,2024-03-13,27.92
10514,526,36,212,2024-08-24,21.95
10515,3813,22,131,2024-12-07,30.23
10516,1101,25,150,2024-01-30,16.30
10517,9383,3,14,2024-07-30,44.59
10518,6353,12,70,2024-02-23,33.88
10519,4377,44,264,2024-11-29,27.34
10520,2798,23,137,2024-05-03,16.55
10521,5965,17,99,2024-09-23,16.14
10522,6153,35,209,2024-01-15,42.43
10523,1563,14,84,2024-01-08,9.86
10524,792,21,126,2024-04-17,15.17
10525,5320,12,72,2024-06-27,16.59
10526,2398,28,165,2024-04-14,30.38
10527,2494,11,64,2024-10-30,21.53
10528,2651,1,5,2024-08-21,36.73
10529,6468,46,275,2024-05-14,31.61
10530,4487,21,123,2024-02-01,29.11
10531,8319,17,101,2024-01-02,30.46
10532,8049,9,51,2024-09-25,80.61
10533,6378,23,135,2024-11-02,49.40
10534,7298,20,119,2024-11-17,34.41
10535,1044,27,161,2024-12-23,10.69
10536,47,43,255,2024-02-01,49.67
10537,5063,49,289,2024-07-25,13.37
10538,2821,27,160,2024-09-25,42.80
10539,4738,50,299,2024-08-03,17.68
10540,2576,38,225,2024-09-06,25.95
10541,8202,40,238,2024-03-15,22.42
10542,3495,10,55,2024-01-09,21.96
10543,5167,34,203,2024-10-17,12.34
10544,8660,46,275,2024-05-27,30.11
10545,7650,9,51,2024-06-27,61.53
10546,6417,22,132,2024-10-19,35.67
10547,5851,27,161,2024-11-30,17.56
10548,9624,43,253,2024-12-21,48.14
10549,6630,40,239,2024-08-10,21.45
10550,5944,30,177,2024-12-18,24.20
10551,7371,39,234,2024-05-01,28.35
10552,7356,42,251,2024-07-24,54.41
10553,3061,12,72,2024-11-03,30.10
10554,3756,4,20,2024-06-22,20.53
10555,7962,9,51,2024-09-12,15.75
10556,936,10,57,2024-03-27,22.21
10557,7987,35,209,2024-11-27,20.59
10558,5848,11,61,2024-03-23,14.75
10559,5917,21,126,2024-02-03,60.63
10560,3327,7,39,2024-10-17,16.99
10561,3500,44,261,2024-10-15,12.22
10562,5590,50,298,2024-10-11,20.22
10563,9641,35,209,2024-03-31,16.56
10564,2673,32,187,2024-07-30,27.00
10565,6341,49,291,2024-08-04,13.87
10566,9753,18,103,2024-12-16,32.38
10567,5609,41,246,2024-08-30,17.59
10568,2515,11,63,2024-05-04,13.54
10569,4073,7,40,2024-11-17,50.36
10570,5422,8,43,2024-09-29,26.82
10571,3410,12,69,2024-10-10,30.81
10572,7245,37,218,2024-01-11,26.82
10573,6955,50,295,2024-01-25,26.69
10574,9974,1,3,2024-12-29,24.98
10575,3148,2,11,2024-12-28,47.59
10576,247,9,50,2024-10-03,27.95
10577,241,26,152,2024-03-01,21.45
10578,1678,49,294,2024-05-08,14.10
10579,5148,50,295,2024-05-16,20.14
10580,9293,14,81,2024-09-03,23.02
10581,343,7,41,2024-01-24,69.16
10582,6752,20,120,2024-10-03,13.35
10583,5541,16,91,2024-08-18,15.60
10584,4250,3,18,2024-12-15,35.10
10585,386,25,147,2024-12-04,8.94
10586,8384,33,197,2024-02-10,53.40
10587,6221,50,300,2024-05-11,24.34
10588,5708,41,242,2024-11-25,46.21
10589,2664,19,114,2024-05-16,8.00
10590,2238,36,211,2024-07-18,51.74
10591,4295,41,245,2024-05-07,68.04
10592,539,19,112,2024-09-16,18.16
10593,6970,25,146,2024-03-08,10.22
10594,9652,19,109,2024-07-03,73.10
10595,6024,21,123,2024-10-06,27.64
10596,9421,17,100,2024-12-31,25.46
10597,7276,2,8,2024-07-07,32.91
10598,4791,32,188,2024-04-29,73.08
10599,8546,45,265,2024-04-16,12.17
10600,8629,50,295,2024-03-24,12.57
10601,5737,35,210,2024-09-28,14.53
10602,8343,12,67,2024-06-24,33.04
10603,896,28,164,2024-09-05,30.26
10604,6344,1,3,2024-06-16,10.79
10605,1357,11,61,2024-07-21,10.14
10606,1415,3,13,2024-04-18,17.95
10607,1474,35,206,2024-11-05,37.59
10608,375,19,110,2024-12-15,13.08
10609,2678,16,92,2024-01-09,85.45
10610,2849,26,154,2024-02-13,48.00
10611,7291,19,110,2024-06-14,8.95
10612,8302,46,276,2024-03-24,40.11
10613,2531,22,131,2024-04-22,22.38
10614,9568,23,136,2024-10-10,11.72
10615,8620,35,206,2024-08-26,10.17
10616,1111,37,220,2024-08-08,36.36
10617,5838,49,291,2024-05-10,28.06
10618,8714,45,266,2024-06-21,32.10
10619,9683,19,111,2024-08-02,8.78
10620,3594,41,243,2024-07-05,9.57
10621,7770,24,141,2024-01-12,8.86
10622,2874,11,65,2024-12-04,11.63
10623,844,48,285,2024-10-13,11.62
10624,7752,23,134,2024-04-20,24.56
10625,5011,8,48,2024-09-26,31.09
10626,2538,44,264,2024-03-16,40.55
10627,7562,13,73,2024-07-13,19.54
10628,6225,4,24,2024-10-11,12.18
10629,4576,15,86,2024-06-07,22.23
10630,7448,35,209,2024-12-21,24.85
10631,2528,9,51,2024-03-03,20.40
10632,4919,46,273,2024-10-08,57.18
10633,3661,37,222,2024-11-09,38.35
10634,664,10,57,2024-02-12,13.73
10635,8077,34,202,2024-04-06,43.82
10636,519,20,117,2024-01-20,23.70
10637,4275,23,134,2024-06-30,13.08
10638,1830,26,151,2024-09-06,10.66
10639,1591,41,241,2024-05-20,30.60
10640,8009,36,211,2024-09-19,9.91
10641,6132,16,94,2024-05-14,25.67
10642,3124,15,89,2024-06-21,54.05
10643,5699,5,27,2024-06-04,33.49
10644,2524,38,223,2024-10-19,31.00
10645,4200,2,7,2024-03-04,23.16
10646,5722,27,160,2024-05-07,25.66
10647,9213,45,265,2024-09-05,24.34
10648,7496,23,133,2024-04-30,41.66
10649,902,3,18,2024-07-20,35.81
10650,8727,15,89,2024-08-04,9.38
10651,5175,35,209,2024-12-12,24.33
10652,2751,37,218,2024-10-31,38.43
10653,6254,12,72,2024-03-27,31.60
10654,2465,9,54,2024-02-25,23.99
10655,8164,8,44,2024-05-29,49.30
10656,259,35,209,2024-11-25,30.65
10657,1527,11,65,2024-06-09,23.40
10658,9458,38,224,2024-06-02,36.19
10659,921,36,212,2024-08-08,22.52
10660,5492,1,5,2024-03-03,15.40
10661,4990,36,211,2024-04-04,15.47
10662,1062,38,224,2024-11-24,63.20
10663,8899,35,209,2024-02-23,22.62
10664,7716,20,118,2024-04-10,28.42
10665,1181,44,263,2024-10-21,8.23
10666,7429,2,10,2024-09-23,11.82
10667,4780,1,2,2024-03-09,11.61
10668,6997,17,98,2024-05-15,21.31
10669,6486,43,254,2024-09-08,23.65
10670,5197,17,97,2024-04-24,25.65
10671,3328,20,120,2024-01-24,27.72
10672,2932,20,120,2024-07-31,9.06
10673,5926,39,231,2024-06-08,37.01
10674,4378,18,105,2024-08-24,38.28
10675,2954,43,254,2024-10-01,17.48
10676,7795,49,292,2024-01-06,40.42
10677,8618,12,72,2024-04-03,13.30
10678,4180,13,76,2024-09-23,38.21
10679,3348,7,38,2024-12-17,18.04
10680,4238,13,74,2024-08-26,16.62
10681,7059,42,247,2024-05-22,36.47
10682,4153,27,160,2024-07-30,16.13
10683,1244,22,128,2024-09-07,63.91
10684,8596,10,56,2024-07-09,49.10
10685,1811,44,263,2024-05-20,20.28
10686,1630,16,93,2024-03-02,12.28
10687,9415,37,222,2024-07-07,19.85
10688,8568,19,109,2024-03-30,38.94
10689,3644,49,294,2024-11-19,42.40
10690,57,24,142,2024-07-29,33.66
10691,8439,4,24,2024-03-25,13.41
10692,9105,24,140,2024-09-22,18.75
10693,4859,36,214,2024-12-13,20.71
10694,3891,8,47,2024-09-19,20.20
10695,7889,43,254,2024-08-17,14.36
10696,6300,47,278,2024-04-27,12.49
10697,7291,32,187,2024-05-08,33.60
10698,9910,42,251,2024-12-31,11.25
10699,7844,18,105,2024-10-03,11.70
10700,7963,22,127,2024-08-17,24.15
10701,2438,9,49,2024-01-26,18.86
10702,37,19,109,2024-10-08,15.96
10703,5631,47,278,2024-01-08,29.37
10704,8216,35,206,2024-12-04,35.36
10705,2886,1,2,2024-05-09,15.60
10706,9788,45,269,2024-11-13,9.84
10707,6525,48,286,2024-06-17,27.34
10708,4855,9,52,2024-07-18,13.78
10709,6027,18,105,2024-05-23,25.13
10710,3650,45,265,2024-05-14,26.78
10711,5347,35,205,2024-09-28,16.16
10712,8073,9,49,2024-11-24,18.91
10713,5850,38,227,2024-06-01,23.11
10714,638,46,274,2024-02-16,9.44
10715,2496,28,165,2024-05-23,22.17
10716,3041,48,285,2024-09-12,33.05
10717,6173,19,111,2024-04-02,27.10
10718,7060,43,254,2024-04-18,18.45
10719,9459,15,85,2024-02-25,40.00
10720,4385,2,8,2024-03-23,32.91
10721,6907,7,37,2024-01-15,21.04
10722,9940,18,104,2024-03-04,58.23
10723,8240,27,162,2024-09-23,37.83
10724,8874,39,233,2024-08-05,21.20
10725,7258,32,192,2024-06-06,22.39
10726,6568,45,265,2024-09-28,14.00
10727,1651,19,111,2024-07-07,20.86
10728,593,48,283,2024-03-23,46.63
10729,4801,47,280,2024-05-19,21.61
10730,3550,5,30,2024-09-01,33.05
10731,7503,41,245,2024-03-24,29.42
10732,1942,17,98,2024-11-06,30.79
10733,6382,26,152,2024-04-10,17.86
10734,9991,18,107,2024-08-14,16.40
10735,52,39,229,2024-11-23,28.40
10736,3259,25,150,2024-12-04,11.95
10737,5919,15,87,2024-06-04,24.68
10738,597,40,240,2024-01-01,44.80
10739,3509,47,278,2024-04-19,23.36
10740,3925,29,172,2024-04-04,57.70
10741,6221,35,208,2024-11-02,15.15
10742,1702,41,241,2024-11-30,17.66
10743,6644,27,159,2024-02-17,34.16
10744,958,7,39,2024-09-08,20.77
10745,6128,28,166,2024-09-06,20.79
10746,2164,21,126,2024-03-30,19.69
10747,1583,29,170,2024-11-14,39.40
10748,7281,2,10,2024-06-04,12.36
10749,8493,4,22,2024-03-07,19.06
10750,3167,28,166,2024-03-30,9.85
10751,5074,10,58,2024-11-08,8.54
10752,2381,24,142,2024-05-19,18.06
10753,8386,13,74,2024-01-07,31.23
10754,4567,17,97,2024-04-14,28.00
10755,9542,32,188,2024-06-16,33.80
10756,9457,30,180,2024-01-08,18.95
10757,7069,47,281,2024-11-26,19.32
10758,662,21,125,2024-12-29,10.89
10759,2876,13,77,2024-06-09,23.89
10760,4856,33,198,2024-12-07,16.78
10761,4922,19,113,2024-12-26,60.76
10762,8365,11,64,2024-05-08,35.12
10763,9016,18,107,2024-07-29,17.94
10764,4084,40,237,2024-11-26,17.11
10765,1563,49,294,2024-12-27,12.02
10766,3439,34,203,2024-07-06,60.88
10767,953,2,10,2024-04-25,15.45
10768,9036,38,228,2024-02-26,26.65
10769,6376,9,51,2024-05-04,19.92
10770,9967,45,267,2024-09-21,15.42
10771,9960,26,154,2024-08-15,48.33
10772,1516,22,132,2024-03-27,20.87
10773,2603,5,25,2024-03-29,43.86
10774,8159,43,254,2024-10-16,48.96
10775,169,22,130,2024-03-20,28.14
10776,8053,19,114,2024-08-13,20.47
10777,1122,24,141,2024-04-16,8.70
10778,4291,5,30,2024-12-31,10.40
10779,2555,34,202,2024-11-25,21.15
10780,4049,40,240,2024-01-02,25.16
10781,3398,28,163,2024-03-05,40.30
10782,1334,10,57,2024-10-27,28.65
10783,49,11,65,2024-06-23,28.09
10784,4781,33,198,2024-08-31,26.06
10785,7515,16,92,2024-06-09,43.60
10786,8180,12,68,2024-07-23,26.87
10787,9425,7,39,2024-04-29,36.61
10788,5215,38,228,2024-04-10,16.46
10789,9622,40,235,2024-06-15,16.46
10790,9353,19,109,2024-10-17,37.89
10791,6110,33,194,2024-10-24,22.75
10792,4742,49,289,2024-08-03,34.91
10793,9179,46,275,2024-02-23,26.26
10794,9249,7,40,2024-09-09,22.24
10795,6200,4,19,2024-07-11,9.90
10796,8821,1,6,2024-01-06,16.32
10797,3156,16,94,2024-06-08,15.03
10798,8634,46,274,2024-05-29,19.84
10799,1408,12,68,2024-11-11,26.22
10800,6947,26,154,2024-03-04,16.96
10801,4590,10,57,2024-07-15,16.46
10802,6338,18,105,2024-05-03,41.73
10803,9530,1,4,2024-11-28,27.58
10804,3187,37,217,2024-04-23,20.00
10805,1291,21,125,2024-09-22,22.23
10806,8632,17,97,2024-10-19,7.82
10807,8657,28,165,2024-02-27,15.23
10808,3318,4,22,2024-06-24,30.26
10809,9171,48,283,2024-07-08,13.04
10810,812,36,214,2024-05-23,30.46
10811,324,9,51,2024-12-21,37.06
10812,2902,23,134,2024-09-04,57.24
10813,5566,24,144,2024-12-17,21.62
10814,818,38,225,2024-09-21,21.19
10815,6225,24,143,2024-12-22,21.45
10816,5238,18,107,2024-05-09,52.20
10817,7557,28,168,2024-07-17,18.65
10818,9558,44,259,2024-06-11,24.57
10819,3322,50,298,2024-08-02,8.62
10820,1603,27,160,2024-01-17,15.43
10821,8591,2,11,2024-07-21,22.63
10822,1722,19,112,2024-12-01,12.87
10823,8964,45,266,2024-01-22,16.65
10824,3011,14,81,2024-11-03,11.95
10825,182,22,129,2024-07-19,53.34
10826,2844,21,125,2024-09-18,98.16
10827,749,46,273,2024-10-06,23.34
10828,7089,2,10,2024-08-19,25.39
10829,3519,19,114,2024-03-16,21.00
10830,8717,22,129,2024-12-16,27.97
10831,2322,13,76,2024-08-07,45.18
10832,1238,46,271,2024-07-27,26.03
10833,5272,21,122,2024-06-12,21.10
10834,8857,44,260,2024-01-17,15.72
10835,4376,40,240,2024-10-10,23.68
10836,3415,30,177,2024-10-08,12.75
10837,7380,17,99,2024-01-30,32.81
10838,3556,37,218,2024-11-21,9.00
10839,360,9,50,2024-06-25,10.30
10840,2179,48,287,2024-05-15,11.22
10841,2633,17,97,2024-04-10,32.93
10842,8287,2,12,2024-05-08,30.80
10843,421,24,144,2024-07-10,21.03
10844,5699,41,245,2024-11-16,61.85
10845,4985,18,108,2024-06-23,10.47
10846,5547,4,21,2024-11-18,6.51
10847,2268,4,20,2024-03-07,13.07
10848,9802,30,177,2024-05-20,20.90
10849,5350,35,206,2024-09-17,23.75
10850,423,4,23,2024-06-08,11.15
10851,7454,49,289,2024-03-16,40.61
10852,8320,49,291,2024-02-29,24.19
10853,196,27,159,2024-10-09,27.60
10854,8626,35,207,2024-07-19,27.84
10855,5813,40,236,2024-07-18,28.03
10856,4332,50,298,2024-08-09,31.54
10857,6704,7,40,2024-09-26,24.09
10858,6425,1,1,2024-07-26,70.98
10859,1559,18,105,2024-05-09,33.93
10860,6061,33,194,2024-05-07,13.86
10861,5820,44,262,2024-10-12,53.91
10862,5315,28,164,2024-10-20,18.54
10863,8320,8,46,2024-06-30,35.55
10864,8492,5,26,2024-02-27,48.64
10865,4,24,143,2024-02-20,30.94
10866,6473,30,175,2024-09-01,12.93
10867,261,38,226,2024-02-22,21.03
10868,4616,19,113,2024-03-13,24.11
10869,6803,1,5,2024-09-02,18.18
10870,9110,16,94,2024-09-29,8.52
10871,3680,21,124,2024-10-24,25.38
10872,6128,1,4,2024-09-23,19.17
10873,9837,38,223,2024-02-11,13.05
10874,6184,46,271,2024-02-16,34.33
10875,1170,24,143,2024-02-15,9.15
10876,7403,3,18,2024-11-12,28.57
10877,3665,22,131,2024-02-21,24.18
10878,3215,4,19,2024-05-18,33.70
10879,2222,14,81,2024-07-19,18.36
10880,1576,19,111,2024-07-28,23.22
10881,5989,32,188,2024-07-20,29.36
10882,1649,18,105,2024-09-24,53.63
10883,6837,46,272,2024-06-28,19.42
10884,4784,40,235,2024-10-06,29.47
10885,9194,28,167,2024-12-20,28.65
10886,1266,17,102,2024-09-28,51.79
10887,902,3,14,2024-03-20,30.75
10888,7743,49,290,2024-04-15,47.27
10889,2285,41,245,2024-06-23,16.10
10890,1987,7,38,2024-04-28,6.22
10891,4474,33,195,2024-04-24,27.95
10892,7415,18,105,2024-10-06,26.70
10893,4383,3,13,2024-11-24,57.17
10894,3973,32,187,2024-04-02,46.94
10895,9238,7,38,2024-01-11,17.90
10896,2488,3,18,2024-02-19,28.34
10897,7739,11,61,2024-05-24,65.12
10898,3971,34,202,2024-03-21,29.04
10899,5362,20,119,2024-07-13,18.50
10900,7300,15,87,2024-02-21,25.53
10901,123,19,111,2024-06-04,19.83
10902,1632,2,12,2024-09-14,26.72
10903,3621,30,176,2024-08-26,43.18
10904,8682,19,109,2024-10-29,43.71
10905,2531,31,181,2024-02-01,13.93
10906,3843,48,288,2024-06-13,68.74
10907,5678,5,29,2024-12-08,29.90
10908,5192,13,74,2024-12-10,26.88
10909,8323,35,205,2024-06-07,9.18
10910,7218,35,206,2024-05-02,10.32
10911,5174,23,133,2024-05-13,40.30
10912,3459,26,156,2024-05-11,22.88
10913,1316,15,85,2024-04-04,22.92
10914,5121,46,272,2024-03-20,13.13
10915,6516,19,112,2024-08-27,22.72
10916,8823,5,28,2024-04-14,12.80
10917,1417,34,200,2024-04-19,23.66
10918,9531,19,110,2024-07-23,11.93
10919,9494,27,158,2024-11-10,25.01
10920,1476,28,164,2024-11-10,33.13
10921,4249,9,51,2024-04-16,21.20
10922,734,11,66,2024-03-27,20.04
10923,7717,10,55,2024-02-17,17.10
10924,502,21,122,2024-08-26,32.05
10925,7485,32,188,2024-09-04,71.28
10926,3514,7,37,2024-06-07,27.24
10927,5498,21,126,2024-03-14,17.99
10928,6223,5,29,2024-03-10,13.38
10929,8480,6,36,2024-11-18,31.55
10930,882,46,275,2024-03-06,61.42
10931,1793,21,125,2024-08-14,34.13
10932,7007,41,243,2024-03-30,30.28
10933,7699,29,174,2024-01-27,10.50
10934,4677,13,75,2024-01-08,34.49
10935,3625,6,31,2024-11-07,36.93
10936,6502,7,40,2024-01-22,28.79
10937,7889,26,154,2024-02-09,54.42
10938,2541,25,150,2024-05-04,18.29
10939,3444,43,255,2024-12-30,40.75
10940,382,43,255,2024-07-28,46.99
10941,747,40,237,2024-07-07,48.79
10942,297,35,206,2024-10-20,33.69
10943,4924,30,178,2024-04-02,15.67
10944,1717,36,214,2024-02-25,31.60
10945,4829,49,290,2024-01-19,10.82
10946,8338,2,8,2024-03-29,15.83
10947,4362,9,54,2024-03-21,25.73
10948,659,36,215,2024-08-08,19.74
10949,8613,5,27,2024-12-01,18.08
10950,5004,3,17,2024-06-15,15.14
10951,5280,26,152,2024-02-07,13.53
10952,3753,12,68,2024-09-14,29.61
10953,3293,37,222,2024-05-25,17.72
10954,9150,34,202,2024-10-21,23.46
10955,4617,11,64,2024-02-23,15.28
10956,3797,11,64,2024-06-18,24.20
10957,107,12,68,2024-09-26,31.82
10958,4490,22,127,2024-12-24,24.40
10959,2932,18,107,2024-01-05,24.13
10960,2533,29,174,2024-05-28,11.72
10961,3910,10,58,2024-12-23,19.56
10962,8823,36,215,2024-05-29,34.66
10963,9394,27,157,2024-11-22,34.70
10964,6723,42,247,2024-06-16,23.72
10965,3860,17,100,2024-02-22,32.93
10966,9029,42,251,2024-04-24,15.57
10967,3347,29,171,2024-02-25,19.78
10968,8421,4,19,2024-07-28,32.01
10969,8260,21,121,2024-10-14,42.31
10970,8386,6,33,2024-06-21,10.39
10971,628,46,275,2024-08-26,12.42
10972,2580,30,179,2024-03-26,19.79
10973,4629,3,13,2024-01-19,33.17
10974,7043,16,92,2024-08-23,13.12
10975,8289,45,269,2024-09-18,7.89
10976,9353,38,227,2024-08-18,20.20
10977,1327,18,106,2024-07-20,37.50
10978,2350,36,213,2024-04-30,13.14
10979,396,30,177,2024-12-30,22.92
10980,7456,22,128,2024-02-22,37.76
10981,8216,39,232,2024-09-18,24.72
10982,2649,44,261,2024-07-16,57.65
10983,2305,7,37,2024-07-24,8.68
10984,4095,7,42,2024-04-28,64.33
10985,3365,20,120,2024-05-16,40.60
10986,1934,15,85,2024-02-23,23.48
10987,2057,31,183,2024-06-25,25.55
10988,7997,16,94,2024-05-29,32.12
10989,7839,27,159,2024-02-23,27.79
10990,50,2,8,2024-04-16,56.98
10991,4036,48,283,2024-09-10,53.26
10992,5394,31,186,2024-06-11,17.18
10993,1983,6,33,2024-04-13,15.26
10994,2402,37,217,2024-02-17,38.74
10995,9683,47,279,2024-08-17,53.98
10996,3883,49,293,2024-01-07,16.26
10997,5605,49,294,2024-07-22,22.29
10998,3780,25,146,2024-07-15,45.73
10999,4089,41,241,2024-06-05,8.00
11000,2671,50,295,2024-09-24,38.29
11001,1249,41,241,2024-04-05,44.04
11002,1433,33,193,2024-04-29,16.29
11003,5784,10,59,2024-07-03,34.78
11004,5967,10,58,2024-10-20,13.09
11005,7058,14,82,2024-05-19,18.80
11006,6456,10,58,2024-04-23,79.41
11007,2627,6,35,2024-08-31,23.94
11008,49,14,80,2024-06-17,25.10
11009,3574,6,31,2024-10-12,45.55
11010,926,47,277,2024-02-24,30.52
11011,8159,26,152,2024-06-27,31.40
11012,3382,10,57,2024-09-12,27.80
11013,1955,13,75,2024-09-19,24.09
11014,2976,33,198,2024-11-06,23.26
11015,6162,16,94,2024-10-11,18.04
11016,3276,47,278,2024-12-07,14.30
11017,5009,46,271,2024-02-13,60.16
11018,106,43,256,2024-07-19,9.28
11019,5750,12,72,2024-03-07,72.18
11020,5874,17,98,2024-01-11,29.69
11021,6479,6,34,2024-11-18,14.86
11022,2202,12,69,2024-10-31,7.47
11023,6974,39,232,2024-12-07,113.92
11024,7273,38,225,2024-01-22,21.97
11025,2671,41,244,2024-07-28,28.74
11026,7850,15,85,2024-11-25,7.43
11027,2372,27,161,2024-04-09,26.30
11028,1443,8,43,2024-06-02,14.82
11029,6826,10,60,2024-05-12,53.47
11030,1981,21,122,2024-02-12,42.24
11031,762,26,152,2024-11-02,21.19
11032,4911,28,163,2024-12-18,22.30
11033,8768,22,129,2024-06-07,55.14
11034,793,36,214,2024-02-11,21.60
11035,9012,2,8,2024-05-17,34.30
11036,8188,44,263,2024-10-09,29.85
11037,8708,34,202,2024-12-10,19.02
11038,5866,39,232,2024-12-10,48.33
11039,787,9,53,2024-01-04,29.13
11040,3933,17,97,2024-02-14,28.97
11041,6814,24,140,2024-09-05,38.37
11042,9796,23,134,2024-05-05,23.21
11043,2904,47,277,2024-01-15,28.77
11044,5759,14,82,2024-02-05,13.62
11045,7940,9,53,2024-08-16,18.51
11046,7963,29,174,2024-08-25,11.22
11047,8766,39,233,2024-11-22,5.58
11048,4075,36,215,2024-08-25,17.85
11049,4136,41,241,2024-06-20,17.08
11050,4885,43,257,2024-11-28,15.89
11051,3718,2,7,2024-10-16,10.86
11052,4754,40,238,2024-02-03,10.27
11053,8992,5,27,2024-06-30,22.61
11054,2718,26,152,2024-10-02,14.46
11055,5729,29,171,2024-01-10,13.06
11056,2083,19,110,2024-08-20,42.25
11057,7305,11,63,2024-12-25,25.55
11058,6160,37,220,2024-04-08,28.32
11059,2498,6,35,2024-06-17,32.30
11060,5351,3,14,2024-05-20,25.66
11061,6889,11,65,2024-01-02,27.40
11062,7017,50,296,2024-02-03,40.51
11063,1080,23,136,2024-06-22,55.12
11064,4838,15,85,2024-07-15,47.03
11065,2027,2,9,2024-07-23,33.34
11066,4293,12,69,2024-09-04,33.60
11067,2246,44,263,2024-08-09,12.11
11068,558,30,175,2024-10-20,18.16
11069,9972,39,232,2024-10-07,11.83
11070,7224,45,268,2024-07-10,26.56
11071,7033,10,56,2024-04-24,19.48
11072,1312,6,34,2024-02-22,13.91
11073,41,42,252,2024-12-28,20.04
11074,4355,36,215,2024-04-12,26.81
11075,6340,15,90,2024-07-11,28.00
11076,9750,34,201,2024-06-29,21.48
11077,7415,7,42,2024-12-11,35.05
11078,6051,1,3,2024-02-04,24.82
11079,5096,2,7,2024-06-19,10.74
11080,857,10,56,2024-05-26,24.52
11081,490,10,60,2024-10-03,15.80
11082,8401,20,119,2024-06-11,29.79
11083,7355,50,300,2024-11-13,49.48
11084,9582,12,72,2024-11-27,31.10
11085,2742,19,111,2024-11-24,26.19
11086,1747,3,16,2024-09-22,17.06
11087,4612,46,275,2024-12-23,10.08
11088,6154,27,161,2024-03-29,21.93
11089,798,49,290,2024-11-06,17.49
11090,1530,47,282,2024-02-11,20.77
11091,6688,7,39,2024-02-13,19.56
11092,5091,19,113,2024-04-12,13.85
11093,7423,44,260,2024-04-23,23.62
11094,8538,23,136,2024-01-12,18.43
11095,2899,32,191,2024-07-11,16.38
11096,2265,47,277,2024-08-17,43.13
11097,8724,6,35,2024-04-24,12.71
11098,7002,3,13,2024-12-05,20.05
11099,9631,1,2,2024-02-10,16.02
11100,8300,49,290,2024-12-25,17.59
11101,8307,37,220,2024-04-27,36.46
11102,3674,29,174,2024-06-06,19.81
11103,3704,3,17,2024-02-14,7.37
11104,7100,38,228,2024-08-17,13.93
11105,3966,19,109,2024-10-07,23.46
11106,8283,22,127,2024-03-02,32.33
11107,287,27,162,2024-03-12,34.32
11108,5792,45,265,2024-04-11,14.00
11109,409,35,206,2024-09-30,37.20
11110,3369,44,262,2024-12-25,35.31
11111,8816,22,128,2024-03-31,23.28
11112,3280,13,75,2024-01-01,16.24
11113,2548,26,153,2024-03-10,14.53
11114,353,43,253,2024-08-08,22.10
11115,9160,25,147,2024-08-03,28.52
11116,9244,29,172,2024-06-17,24.10
11117,3775,8,47,2024-01-22,33.37
11118,6193,16,94,2024-09-08,17.95
11119,5235,37,221,2024-06-10,22.39
11120,4653,43,253,2024-10-11,23.46
11121,9944,14,82,2024-03-22,10.52
11122,4794,1,1,2024-08-26,21.09
11123,2392,17,102,2024-04-16,15.88
11124,6888,37,218,2024-12-29,20.15
11125,3099,43,256,2024-09-22,9.06
11126,4718,5,25,2024-03-03,62.26
11127,5199,20,119,2024-12-16,18.42
11128,9369,46,276,2024-08-03,12.47
11129,3230,49,289,2024-06-20,21.79
11130,2901,19,113,2024-11-11,37.26
11131,5403,37,218,2024-06-08,19.53
11132,2791,41,242,2024-04-08,28.78
11133,6155,28,163,2024-01-25,14.21
11134,6264,50,299,2024-09-07,17.36
11135,8853,43,254,2024-07-25,18.26
11136,2715,4,21,2024-09-24,10.18
11137,1876,41,241,2024-04-04,7.30
11138,4121,49,289,2024-05-14,23.62
11139,4493,32,187,2024-02-22,10.31
11140,5583,36,211,2024-12-19,15.96
11141,4623,39,233,2024-07-06,60.33
11142,1381,5,25,2024-12-23,18.79
11143,1933,34,200,2024-04-23,16.08
11144,343,28,167,2024-06-21,14.05
11145,2602,41,245,2024-03-26,20.87
11146,8569,22,132,2024-07-08,29.30
11147,1122,18,104,2024-01-13,15.21
11148,6026,23,136,2024-05-07,37.56
11149,9766,6,36,2024-05-31,54.52
11150,4868,6,35,2024-06-07,22.46
11151,4671,34,200,2024-03-15,31.37
11152,2389,36,216,2024-05-09,15.77
11153,2410,4,23,2024-10-14,25.64
11154,2305,11,64,2024-01-31,42.47
11155,1321,1,6,2024-11-14,36.13
11156,9874,43,254,2024-06-22,19.78
11157,30,29,171,2024-09-08,22.33
11158,7672,3,16,2024-04-11,45.49
11159,7155,9,53,2024-03-15,45.19
11160,7982,19,114,2024-07-29,52.66
11161,3959,6,35,2024-04-02,14.48
11162,1566,19,110,2024-06-20,28.83
11163,3613,34,203,2024-01-19,16.16
11164,4864,4,23,2024-10-22,9.51
11165,6428,4,21,2024-05-25,28.62
11166,8357,33,194,2024-03-15,13.22
11167,3470,2,11,2024-02-14,73.45
11168,844,34,204,2024-10-25,28.97
11169,5659,23,136,2024-09-25,31.60
11170,8937,49,289,2024-12-25,7.02
11171,1167,19,111,2024-05-14,19.52
11172,2216,8,48,2024-10-31,28.19
11173,6653,5,25,2024-02-04,27.40
11174,6848,32,190,2024-03-25,22.43
11175,26,36,216,2024-01-07,43.48
11176,3874,35,208,2024-12-08,34.89
11177,5378,49,291,2024-04-15,24.07
11178,9783,11,65,2024-05-23,24.01
11179,7148,16,96,2024-08-12,20.42
11180,5912,2,8,2024-05-31,30.77
11181,5930,34,203,2024-05-13,41.63
11182,7049,13,73,2024-05-19,31.59
11183,5607,18,103,2024-10-10,46.34
11184,6437,16,91,2024-03-14,38.91
11185,2961,44,262,2024-02-29,46.71
11186,9481,19,112,2024-07-08,25.10
11187,3898,50,298,2024-10-31,55.76
11188,6891,26,156,2024-03-26,13.99
11189,9269,21,123,2024-02-05,22.31
11190,4175,3,14,2024-12-29,57.30
11191,8578,34,204,2024-11-21,26.64
11192,4630,25,148,2024-03-24,24.34
11193,2142,15,85,2024-01-20,20.28
11194,4844,46,276,2024-01-30,30.94
11195,9565,31,186,2024-04-20,12.11
11196,5029,31,181,2024-05-13,16.42
11197,6552,25,150,2024-07-26,19.88
11198,6705,26,151,2024-03-19,20.85
11199,654,46,272,2024-11-27,30.98
11200,6404,41,246,2024-01-09,36.07
11201,509,39,233,2024-02-04,38.76
11202,4877,28,164,2024-04-23,22.08
11203,8276,29,173,2024-11-27,26.20
11204,663,7,39,2024-03-06,46.43
11205,4199,39,233,2024-01-09,8.90
11206,9920,3,15,2024-09-15,23.95
11207,520,26,152,2024-05-31,8.12
11208,1648,13,74,2024-09-25,8.27
11209,3879,49,289,2024-03-04,18.54
11210,6492,49,294,2024-02-13,37.53
11211,4727,2,8,2024-07-04,20.83
11212,1796,40,237,2024-10-07,34.78
11213,469,2,7,2024-02-23,13.05
11214,5931,16,94,2024-09-01,19.01
11215,1460,43,254,2024-06-18,19.15
11216,2201,43,258,2024-11-04,9.50
11217,4592,7,39,2024-11-23,62.88
11218,4459,47,281,2024-03-14,51.78
11219,1091,10,60,2024-08-29,60.58
11220,3034,46,273,2024-04-20,31.97
11221,6171,27,159,2024-06-14,18.65
11222,4078,22,131,2024-02-25,21.50
11223,1138,36,213,2024-10-11,39.52
11224,8859,16,93,2024-07-13,20.73
11225,9992,48,288,2024-03-30,38.85
11226,7260,20,120,2024-09-27,20.51
11227,5743,39,230,2024-06-13,13.79
11228,8817,35,206,2024-01-09,75.23
11229,7231,43,258,2024-04-08,17.77
11230,659,49,292,2024-01-29,31.41
11231,675,22,127,2024-10-24,17.06
11232,2610,20,116,2024-02-27,18.48
11233,8024,6,31,2024-08-18,11.63
11234,1896,16,96,2024-10-09,44.75
11235,1936,32,192,2024-07-13,25.48
11236,112,16,91,2024-03-23,12.23
11237,6814,39,233,2024-01-26,27.17
11238,1402,22,128,2024-03-24,39.70
11239,7473,10,57,2024-09-02,13.83
11240,1623,28,163,2024-01-29,10.72
11241,2629,27,157,2024-07-03,18.15
11242,6810,41,242,2024-05-01,30.07
11243,1068,5,30,2024-10-07,19.60
11244,4954,21,126,2024-04-10,10.60
11245,5799,30,178,2024-12-05,9.94
11246,1890,49,290,2024-10-24,12.34
11247,2308,29,172,2024-10-09,31.13
11248,5686,31,184,2024-12-04,29.64
11249,5261,35,206,2024-09-27,29.16
11250,9060,16,96,2024-10-07,24.78
11251,8450,10,57,2024-02-20,10.36
11252,3111,23,135,2024-05-01,13.78
11253,4511,20,119,2024-10-05,16.55
11254,8090,45,267,2024-06-16,17.35
11255,7985,23,138,2024-01-10,32.72
11256,1267,25,147,2024-01-27,9.93
11257,6674,31,184,2024-09-13,18.47
11258,8263,15,86,2024-06-10,64.46
11259,9461,33,196,2024-04-30,32.16
11260,384,46,271,2024-11-06,18.05
11261,7295,28,164,2024-11-08,18.04
11262,9606,3,13,2024-08-07,49.34
11263,4008,44,261,2024-08-30,14.38
11264,9852,50,297,2024-10-01,20.75
11265,3758,42,250,2024-02-11,13.00
11266,961,3,18,2024-06-30,37.65
11267,4489,40,237,2024-12-23,23.18
11268,9725,19,111,2024-04-11,18.83
11269,9900,10,59,2024-02-24,14.28
11270,1815,5,27,2024-04-05,28.84
11271,7097,40,235,2024-04-30,18.67
11272,2585,13,73,2024-10-18,20.47
11273,9288,48,286,2024-03-06,87.38
11274,8584,25,145,2024-12-04,29.26
11275,3158,41,242,2024-12-22,35.73
11276,4924,37,217,2024-04-11,30.89
11277,1971,4,23,2024-01-02,47.80
11278,3605,36,213,2024-02-21,19.33
11279,4140,7,37,2024-10-02,15.13
11280,6178,6,33,2024-04-28,25.67
11281,5095,20,116,2024-12-23,39.34
11282,4963,8,46,2024-09-02,31.98
11283,5119,25,150,2024-08-19,8.30
11284,4618,18,103,2024-01-01,9.89
11285,5332,15,86,2024-12-30,97.69
11286,2287,9,52,2024-03-29,70.60
11287,1574,24,142,2024-06-23,12.63
11288,6790,41,246,2024-04-29,18.90
11289,6570,44,259,2024-08-23,62.62
11290,6604,28,165,2024-01-18,11.44
11291,2952,20,120,2024-12-28,56.15
11292,2062,26,154,2024-05-14,10.36
11293,9503,31,182,2024-01-04,24.62
11294,5514,41,241,2024-12-07,49.23
11295,9177,14,82,2024-10-06,35.74
11296,6369,24,140,2024-01-23,27.60
11297,220,13,74,2024-05-08,33.83
11298,3481,46,271,2024-01-28,14.68
11299,1850,9,53,2024-04-13,17.16
11300,8421,31,183,2024-02-25,42.48
11301,7875,9,51,2024-02-23,45.89
11302,37,20,118,2024-08-20,37.02
11303,4234,10,57,2024-07-16,50.33
11304,6377,45,269,2024-11-06,17.67
11305,563,49,294,2024-01-23,39.97
11306,4238,1,6,2024-04-06,19.26
11307,6479,13,74,2024-11-04,36.64
11308,5456,28,163,2024-04-29,36.76
11309,9711,49,289,2024-03-10,14.20
11310,1014,44,263,2024-09-08,69.80
11311,8054,43,254,2024-01-19,19.15
11312,783,39,233,2024-05-20,99.72
11313,6757,38,227,2024-11-13,19.35
11314,4006,42,249,2024-08-12,28.78
11315,8608,14,82,2024-06-01,61.29
11316,8600,44,260,2024-07-31,9.65
11317,6242,9,54,2024-01-27,17.78
11318,7623,13,74,2024-10-25,15.35
11319,7971,25,146,2024-08-21,42.78
11320,5165,10,58,2024-02-15,17.21
11321,6680,31,183,2024-06-26,32.38
11322,7872,37,220,2024-05-20,7.86
11323,3310,11,61,2024-01-28,13.76
11324,8284,10,58,2024-07-11,24.38
11325,6206,29,171,2024-01-25,38.52
11326,9657,37,222,2024-06-01,14.93
11327,2059,18,104,2024-09-11,32.28
11328,5580,43,258,2024-08-22,22.18
11329,17,29,169,2024-04-30,21.00
11330,8333,40,235,2024-12-26,15.16
11331,4072,44,262,2024-03-15,20.28
11332,5059,26,154,2024-01-03,8.40
11333,198,2,10,2024-12-02,52.20
11334,8634,23,137,2024-03-10,22.43
11335,9385,27,162,2024-06-25,8.57
11336,5942,46,275,2024-06-09,21.46
11337,6996,17,98,2024-03-21,8.74
11338,2944,44,263,2024-06-12,53.12
11339,6680,39,233,2024-11-20,21.96
11340,9791,29,173,2024-07-11,28.89
11341,5493,21,125,2024-12-03,7.57
11342,7851,33,196,2024-06-22,31.11
11343,9182,33,193,2024-02-20,26.11
11344,7256,40,239,2024-04-14,27.22
11345,9766,26,152,2024-07-11,19.04
11346,3679,6,31,2024-04-30,31.69
11347,474,46,272,2024-12-09,21.16
11348,984,30,175,2024-02-19,36.11
11349,6338,7,41,2024-02-01,25.27
11350,564,25,148,2024-08-15,20.28
11351,2782,49,289,2024-03-06,14.49
11352,3219,43,254,2024-11-03,63.54
11353,2608,26,154,2024-10-08,13.13
11354,6145,32,189,2024-11-05,23.65
11355,3209,12,68,2024-09-26,46.73
11356,911,37,221,2024-03-22,27.53
11357,2806,49,294,2024-11-13,8.15
11358,6690,47,281,2024-04-12,20.13
11359,4264,20,117,2024-01-25,60.32
11360,999,8,45,2024-11-30,27.45
11361,7303,39,231,2024-03-25,7.46
11362,4025,28,164,2024-06-26,26.20
11363,6743,33,198,2024-04-22,20.52
11364,4153,30,180,2024-07-01,37.02
11365,8078,16,94,2024-06-04,27.07
11366,3244,15,89,2024-06-09,9.65
11367,9678,8,45,2024-04-24,21.16
11368,4094,49,290,2024-08-19,47.69
11369,1859,41,245,2024-03-10,24.04
11370,8761,48,288,2024-11-07,49.38
11371,2985,48,284,2024-06-03,26.82
11372,4286,2,12,2024-09-03,27.03
11373,8671,10,59,2024-05-23,17.73
11374,5158,34,203,2024-09-24,19.58
11375,6120,12,71,2024-03-19,82.13
11376,1073,49,289,2024-08-30,25.59
11377,9045,18,107,2024-05-18,27.54
11378,8434,9,53,2024-01-29,22.25
11379,6837,18,105,2024-02-20,65.69
11380,3327,44,264,2024-05-22,58.15
11381,8332,45,270,2024-05-17,24.41
11382,6897,37,220,2024-06-13,41.10
11383,694,34,202,2024-11-07,15.87
11384,5826,17,99,2024-11-05,16.33
11385,370,32,192,2024-09-29,37.21
11386,5051,37,217,2024-12-01,12.41
11387,3323,7,39,2024-09-24,7.29
11388,5981,32,187,2024-06-30,22.33
11389,6856,32,191,2024-06-03,19.28
11390,5927,25,146,2024-03-09,13.39
11391,1254,42,251,2024-09-28,72.52
11392,4508,48,284,2024-10-11,28.27
11393,9257,47,280,2024-05-08,31.16
11394,1961,2,8,2024-03-13,42.89
11395,4559,49,294,2024-01-18,38.17
11396,5710,18,108,2024-12-15,41.28
11397,4030,38,225,2024-09-11,13.68
11398,8227,6,35,2024-11-14,24.12
11399,6221,32,192,2024-11-01,27.04
11400,4215,10,60,2024-03-26,53.12
11401,8029,23,136,2024-02-20,41.28
11402,5029,32,191,2024-10-01,27.50
11403,7313,13,78,2024-06-03,23.00
11404,1384,8,47,2024-11-06,50.89
11405,7274,19,112,2024-08-25,26.29
11406,497,49,292,2024-07-01,34.32
11407,1675,47,278,2024-11-09,24.44
11408,4898,2,8,2024-04-29,14.15
11409,9516,7,42,2024-02-02,12.03
11410,7277,17,100,2024-11-30,47.85
11411,7891,17,99,2024-07-13,6.81
11412,1139,50,297,2024-06-22,7.25
11413,4314,49,291,2024-09-03,30.27
11414,6614,50,300,2024-09-14,14.97
11415,3249,47,282,2024-09-11,29.45
11416,8364,40,236,2024-06-12,19.95
11417,5431,6,35,2024-04-11,10.87
11418,3818,32,187,2024-06-30,13.24
11419,6804,32,188,2024-01-17,13.78
11420,6448,42,248,2024-10-03,20.22
11421,4005,6,32,2024-05-03,13.30
11422,4987,37,220,2024-06-19,31.31
11423,4858,14,82,2024-03-20,35.73
11424,4693,35,209,2024-03-29,19.98
11425,6613,11,62,2024-10-07,19.13
11426,1896,20,117,2024-02-01,26.90
11427,5609,2,7,2024-11-13,27.50
11428,2753,7,41,2024-01-21,25.50
11429,280,35,207,2024-03-07,42.19
11430,7778,37,218,2024-02-15,54.06
11431,4166,19,111,2024-04-16,21.78
11432,9282,36,212,2024-07-21,7.47
11433,2806,44,261,2024-03-03,12.20
11434,3325,5,26,2024-12-25,27.22
11435,7180,15,85,2024-08-01,26.42
11436,3815,3,18,2024-10-17,8.67
11437,337,2,9,2024-06-07,33.08
11438,5999,5,27,2024-12-12,16.60
11439,981,29,170,2024-01-01,26.22
11440,9567,18,103,2024-07-08,20.16
11441,9910,41,242,2024-11-26,30.90
11442,5756,20,116,2024-05-01,30.91
11443,649,23,135,2024-11-18,28.04
11444,2373,13,78,2024-01-27,21.16
11445,6441,45,267,2024-09-12,12.82
11446,9202,36,213,2024-01-17,58.72
11447,4235,10,56,2024-10-15,11.92
11448,4978,9,49,2024-06-24,24.50
11449,6504,21,121,2024-02-24,17.78
11450,2086,15,85,2024-11-05,34.48
11451,1237,49,291,2024-08-22,26.66
11452,5637,43,254,2024-10-03,9.25
11453,4715,49,290,2024-05-24,40.36
11454,7684,44,260,2024-10-11,34.48
11455,1863,27,157,2024-12-21,12.08
11456,2407,10,59,2024-03-11,55.48
11457,1421,50,296,2024-06-23,18.48
11458,146,26,156,2024-10-28,32.10
11459,2181,18,104,2024-02-09,11.37
11460,2340,23,133,2024-10-22,12.24
11461,3829,9,52,2024-04-16,21.41
11462,4437,10,56,2024-01-01,33.66
11463,4118,26,151,2024-07-09,31.34
11464,2546,1,2,2024-04-24,22.72
11465,3521,17,102,2024-05-22,36.97
11466,8054,26,155,2024-02-10,54.32
11467,4957,12,72,2024-04-13,19.85
11468,791,17,102,2024-05-09,18.43
11469,5450,13,74,2024-03-07,30.16
11470,1202,48,288,2024-08-22,19.65
11471,1278,6,36,2024-07-05,37.42
11472,3524,35,208,2024-01-18,62.11
11473,8985,4,24,2024-01-26,16.91
11474,5440,35,206,2024-05-17,29.03
11475,709,10,57,2024-09-21,33.40
11476,1569,36,211,2024-05-28,27.36
11477,670,42,248,2024-10-24,39.26
11478,4304,22,127,2024-03-09,9.24
11479,3695,5,25,2024-04-30,23.83
11480,5367,47,277,2024-07-01,49.72
11481,8854,11,65,2024-08-19,12.90
11482,8010,6,36,2024-09-21,8.65
11483,6825,2,12,2024-07-21,40.14
11484,9460,23,135,2024-11-20,34.47
11485,9338,38,228,2024-06-13,22.00
11486,6585,5,30,2024-11-25,72.44
11487,1385,36,211,2024-07-21,34.08
11488,9728,3,14,2024-10-30,16.43
11489,9650,11,61,2024-12-31,33.89
11490,7671,25,150,2024-08-03,9.27
11491,2108,30,175,2024-08-17,45.28
11492,2594,40,240,2024-04-30,55.13
11493,1224,12,67,2024-07-27,7.58
11494,271,32,190,2024-12-01,38.85
11495,8089,16,96,2024-08-11,77.81
11496,739,28,167,2024-10-25,88.73
11497,5912,34,203,2024-01-21,45.34
11498,6348,13,76,2024-05-05,27.32
11499,1699,14,82,2024-06-05,66.71
11500,8616,44,263,2024-12-21,45.65
11501,4515,11,64,2024-07-22,25.71
11502,5571,31,184,2024-01-24,24.72
11503,732,23,138,2024-11-10,18.66
11504,7968,15,90,2024-03-25,20.56
11505,6800,41,246,2024-12-20,35.50
11506,5835,14,80,2024-08-27,20.29
11507,2634,17,101,2024-01-31,17.05
11508,1302,31,184,2024-11-09,25.88
11509,3909,34,202,2024-03-11,128.06
11510,7435,36,213,2024-08-11,14.72
11511,9928,48,288,2024-06-16,34.34
11512,681,42,249,2024-12-02,33.81
11513,6299,40,235,2024-08-28,41.37
11514,1684,48,283,2024-12-28,21.13
11515,4248,35,207,2024-11-05,20.64
11516,4674,2,12,2024-12-15,41.24
11517,9939,46,272,2024-09-11,24.02
11518,6553,28,163,2024-10-06,33.39
11519,9894,44,259,2024-12-10,28.97
11520,9593,19,109,2024-03-03,65.34
11521,4717,28,167,2024-04-29,22.23
11522,476,46,271,2024-01-30,34.91
11523,3773,4,24,2024-05-28,62.24
11524,9893,5,29,2024-11-27,47.95
11525,6159,11,63,2024-07-26,33.06
11526,5640,15,86,2024-03-29,17.94
11527,4191,22,132,2024-09-12,23.83
11528,9579,40,236,2024-07-30,27.69
11529,2451,42,247,2024-04-29,30.00
11530,6201,9,52,2024-02-29,19.21
11531,3018,32,192,2024-06-19,29.76
11532,7092,1,1,2024-02-03,19.77
11533,7671,34,201,2024-02-07,20.60
11534,4790,39,229,2024-03-12,9.92
11535,8036,36,215,2024-10-07,48.03
11536,5518,35,210,2024-12-29,21.87
11537,3493,33,195,2024-09-14,22.41
11538,7685,11,62,2024-02-21,19.92
11539,1925,35,209,2024-10-21,32.10
11540,1435,20,119,2024-02-20,15.49
11541,9108,48,288,2024-12-22,69.83
11542,8775,29,171,2024-10-21,44.61
11543,7722,45,266,2024-11-15,17.46
11544,6718,36,215,2024-01-28,11.71
11545,6557,26,153,2024-09-06,34.10
11546,2865,29,174,2024-10-31,29.32
11547,6153,16,95,2024-02-06,16.07
11548,2374,3,13,2024-07-07,12.65
11549,7995,6,31,2024-03-24,51.85
11550,880,15,90,2024-07-29,11.92
11551,8093,2,7,2024-04-22,34.11
11552,8321,44,263,2024-11-14,17.84
11553,2625,13,76,2024-02-14,27.80
11554,425,5,30,2024-07-20,16.58
11555,189,2,9,2024-06-15,28.26
11556,2704,29,173,2024-05-28,44.12
11557,381,43,255,2024-04-24,10.31
11558,1141,36,216,2024-03-01,27.34
11559,6680,3,17,2024-01-24,28.51
11560,530,40,239,2024-01-04,16.46
11561,2675,24,141,2024-07-06,25.57
11562,3766,47,280,2024-08-05,21.26
11563,9314,36,214,2024-09-17,21.76
11564,5701,22,127,2024-02-13,10.01
11565,116,25,150,2024-03-24,20.13
11566,7420,48,287,2024-10-18,22.88
11567,8766,29,169,2024-10-23,59.60
11568,185,27,162,2024-11-10,46.18
11569,2106,3,14,2024-12-19,22.89
11570,6402,26,154,2024-01-27,64.39
11571,6958,44,264,2024-06-16,11.45
11572,9996,1,1,2024-09-16,24.91
11573,8910,50,296,2024-05-10,44.60
11574,6170,8,43,2024-07-02,25.12
11575,3550,23,137,2024-02-13,15.43
11576,4344,22,129,2024-10-23,26.70
11577,4029,42,247,2024-01-11,23.38
11578,8419,48,283,2024-12-23,23.87
11579,5508,4,24,2024-02-28,23.33
11580,1071,6,36,2024-10-31,13.11
11581,7519,40,239,2024-02-21,14.34
11582,70,45,265,2024-06-15,22.57
11583,8931,2,10,2024-10-17,59.07
11584,3413,23,137,2024-01-31,20.27
11585,1407,47,280,2024-05-06,12.32
11586,7214,33,196,2024-10-01,57.51
11587,3673,28,165,2024-02-08,17.39
11588,7001,5,26,2024-07-08,42.79
11589,5354,22,127,2024-04-27,13.08
11590,7024,21,122,2024-08-16,95.59
11591,7838,37,220,2024-01-06,21.62
11592,8532,32,192,2024-04-17,13.21
11593,9288,31,182,2024-07-19,10.84
11594,2091,24,139,2024-07-08,19.10
11595,1028,30,178,2024-07-30,26.87
11596,5685,49,290,2024-03-14,11.06
11597,6377,39,229,2024-11-17,16.68
11598,402,42,248,2024-08-31,10.48
11599,5449,14,83,2024-06-30,10.28
11600,6704,15,88,2024-09-05,22.36
11601,6438,13,78,2024-09-13,19.18
11602,6652,47,282,2024-12-25,17.34
11603,5354,17,102,2024-02-19,18.41
11604,7554,3,16,2024-09-25,8.83
11605,7968,18,104,2024-12-19,63.02
11606,3490,42,252,2024-10-15,80.31
11607,4503,43,253,2024-05-14,20.27
11608,6266,28,164,2024-05-05,9.13
11609,2989,9,50,2024-11-26,74.20
11610,8178,25,148,2024-02-20,33.11
11611,2670,26,152,2024-09-13,21.00
11612,2435,32,188,2024-04-26,15.37
11613,9277,9,51,2024-05-10,25.68
11614,3481,17,98,2024-06-01,83.60
11615,59,14,82,2024-02-14,21.75
11616,3440,29,169,2024-10-21,50.65
11617,9120,3,15,2024-11-24,22.44
11618,6053,36,213,2024-12-30,29.21
11619,917,42,249,2024-07-04,30.22
11620,9973,14,82,2024-02-04,32.73
11621,297,21,125,2024-01-16,15.92
11622,5379,39,232,2024-10-31,24.69
11623,3202,30,178,2024-02-23,14.46
11624,6209,42,247,2024-11-22,59.29
11625,3370,38,228,2024-05-23,19.42
11626,9774,14,83,2024-12-13,14.99
11627,1265,8,48,2024-12-05,34.77
11628,9595,40,236,2024-08-23,10.96
11629,2106,6,35,2024-03-19,30.10
11630,7743,9,51,2024-01-24,36.71
11631,6970,8,44,2024-06-22,41.66
11632,8252,43,254,2024-02-28,37.39
11633,7728,12,69,2024-08-30,8.11
11634,5538,45,267,2024-12-04,14.46
11635,2842,8,47,2024-08-31,19.62
11636,1441,30,175,2024-10-14,30.79
11637,7009,29,170,2024-12-22,42.71
11638,6368,7,42,2024-06-12,9.30
11639,646,11,65,2024-02-18,19.14
11640,9976,22,130,2024-11-29,16.61
11641,884,27,159,2024-01-07,17.32
11642,2730,44,261,2024-04-11,35.46
11643,2705,44,259,2024-09-25,16.20
11644,2919,31,182,2024-02-17,66.93
11645,7401,36,212,2024-09-17,15.88
11646,8903,26,152,2024-12-28,35.07
11647,8369,36,215,2024-06-19,56.67
11648,1582,11,61,2024-02-18,7.25
11649,185,26,151,2024-01-14,25.65
11650,1360,48,283,2024-04-18,19.06
11651,5836,16,94,2024-07-07,24.31
11652,8686,20,117,2024-04-14,33.37
11653,2920,11,64,2024-06-23,23.10
11654,2739,43,254,2024-06-26,46.76
11655,2871,44,261,2024-10-28,28.64
11656,1537,10,56,2024-07-25,12.65
11657,5596,14,83,2024-08-13,21.75
11658,8036,35,205,2024-05-18,16.31
11659,4119,45,267,2024-03-23,38.41
11660,6921,23,138,2024-04-03,17.20
11661,7009,44,260,2024-12-05,19.60
11662,6460,7,42,2024-03-10,20.47
11663,4431,39,234,2024-09-26,32.40
11664,3286,15,89,2024-09-26,7.85
11665,218,41,242,2024-09-09,26.83
11666,3630,43,256,2024-04-01,10.67
11667,6552,44,260,2024-03-06,58.05
11668,8322,7,38,2024-04-30,57.35
11669,7134,7,42,2024-09-02,31.46
11670,610,44,262,2024-04-27,58.94
11671,6153,6,31,2024-01-11,15.45
11672,8675,28,165,2024-01-06,19.52
11673,5299,33,196,2024-06-10,24.77
11674,6494,13,73,2024-08-11,15.24
11675,4447,18,103,2024-07-31,40.26
11676,3826,40,240,2024-08-31,8.95
11677,192,1,2,2024-02-11,17.03
11678,7237,23,134,2024-11-08,53.53
11679,4460,2,10,2024-09-10,73.61
11680,3665,16,96,2024-06-28,25.01
11681,9755,21,125,2024-10-17,16.60
11682,1319,6,33,2024-06-10,21.25
11683,6826,32,189,2024-01-05,7.44
11684,6693,46,276,2024-10-26,15.84
11685,4146,28,163,2024-12-30,33.26
11686,7887,40,237,2024-02-27,13.01
11687,6029,16,92,2024-02-04,43.20
11688,6900,32,188,2024-11-02,11.38
11689,9508,5,25,2024-11-26,15.59
11690,8445,14,79,2024-06-12,14.34
11691,8152,14,81,2024-03-29,22.02
11692,6452,18,106,2024-06-20,18.15
11693,6768,28,168,2024-03-27,16.82
11694,7987,49,291,2024-06-21,22.90
11695,9251,11,63,2024-06-22,51.29
11696,1210,33,193,2024-10-19,27.89
11697,4923,4,24,2024-04-26,56.51
11698,357,45,269,2024-10-22,31.19
11699,524,48,283,2024-11-08,20.03
11700,5763,33,194,2024-05-23,26.38
11701,8615,19,110,2024-04-03,34.40
11702,5207,45,270,2024-02-23,20.10
11703,6264,32,187,2024-01-30,32.40
11704,9191,28,168,2024-02-11,35.02
11705,8320,33,194,2024-03-08,10.10
11706,1092,36,214,2024-11-27,14.40
11707,8025,15,87,2024-05-16,16.98
11708,1446,23,134,2024-09-03,51.45
11709,699,44,260,2024-04-18,17.97
11710,8652,41,246,2024-03-29,36.64
11711,7013,46,276,2024-08-21,20.59
11712,6939,21,125,2024-10-09,23.84
11713,7542,27,160,2024-08-11,25.82
11714,8625,26,153,2024-01-25,20.22
11715,4770,25,146,2024-10-06,13.66
11716,6933,49,291,2024-04-08,19.91
11717,5719,23,138,2024-04-22,22.13
11718,2591,19,113,2024-01-04,34.39
11719,9224,40,236,2024-07-22,18.96
11720,9986,50,296,2024-07-28,37.93
11721,5461,6,33,2024-07-01,10.47
11722,7827,43,258,2024-10-01,24.56
11723,7071,24,141,2024-04-29,34.66
11724,3871,5,27,2024-01-03,15.27
11725,1415,42,250,2024-02-18,21.35
11726,5158,8,46,2024-12-04,64.73
11727,3494,29,173,2024-02-14,34.40
11728,5706,15,90,2024-06-06,31.11
11729,6129,38,223,2024-01-14,39.08
11730,7723,39,229,2024-10-24,42.29
11731,8728,5,27,2024-12-20,32.04
11732,2739,49,293,2024-10-16,53.67
11733,225,3,17,2024-12-19,31.38
11734,643,19,111,2024-08-25,33.24
11735,5526,1,6,2024-10-02,42.16
11736,9534,20,116,2024-08-26,21.74
11737,487,39,230,2024-10-07,40.57
11738,6097,7,40,2024-07-20,14.92
11739,8799,30,176,2024-06-21,20.66
11740,957,16,96,2024-12-15,35.90
11741,2433,47,282,2024-01-14,20.94
11742,3401,26,156,2024-01-26,20.46
11743,2278,48,288,2024-01-02,32.41
11744,2984,13,78,2024-07-02,33.14
11745,9255,18,108,2024-10-07,47.32
11746,2579,16,91,2024-12-01,16.80
11747,346,12,69,2024-11-01,28.82
11748,4635,24,141,2024-07-08,11.14
11749,906,30,176,2024-04-25,19.50
11750,4390,7,39,2024-10-27,47.44
11751,5221,33,198,2024-09-09,34.50
11752,4388,31,181,2024-12-20,29.12
11753,8479,35,205,2024-10-13,33.88
11754,39,31,183,2024-11-27,62.69
11755,1780,13,74,2024-02-25,41.07
11756,2687,29,172,2024-09-28,22.94
11757,2410,43,253,2024-03-20,33.28
11758,1475,31,186,2024-07-18,39.46
11759,8961,9,53,2024-03-29,21.96
11760,3760,40,240,2024-06-29,11.76
11761,5853,16,96,2024-12-08,22.50
11762,9604,29,170,2024-12-17,36.51
11763,2135,49,294,2024-08-10,17.73
11764,6759,21,121,2024-02-24,25.91
11765,5481,30,176,2024-11-15,7.43
11766,5943,16,93,2024-12-23,5.68
11767,6243,40,240,2024-08-04,26.60
11768,1114,17,101,2024-09-08,70.74
11769,1441,10,57,2024-04-02,76.15
11770,6737,9,49,2024-04-05,26.58
11771,9078,15,90,2024-11-02,23.64
11772,4607,18,104,2024-07-26,8.52
11773,7640,50,299,2024-04-29,21.62
11774,587,33,195,2024-03-20,29.35
11775,4000,47,280,2024-10-01,22.28
11776,7467,21,124,2024-05-12,22.81
11777,6666,18,105,2024-05-16,22.13
11778,5931,16,94,2024-12-05,63.46
11779,3509,3,13,2024-06-10,16.69
11780,341,14,84,2024-09-18,33.89
11781,6351,1,1,2024-01-09,17.75
11782,309,48,288,2024-01-30,13.14
11783,6227,16,92,2024-04-09,19.62
11784,7227,37,219,2024-07-09,20.36
11785,1110,1,4,2024-01-31,17.93
11786,5782,23,133,2024-03-24,47.79
11787,1625,29,172,2024-06-13,18.54
11788,9828,31,186,2024-08-30,15.14
11789,9526,11,64,2024-03-10,10.32
11790,3531,25,148,2024-08-26,39.88
11791,3738,24,144,2024-04-21,21.97
11792,1651,47,277,2024-10-08,9.93
11793,181,36,212,2024-07-31,12.29
11794,7602,21,123,2024-12-11,19.10
11795,3963,40,239,2024-08-16,56.84
11796,2130,2,12,2024-10-14,31.58
11797,252,49,291,2024-07-13,22.97
11798,4735,50,297,2024-01-21,25.77
11799,3947,48,284,2024-04-24,32.90
11800,1721,39,233,2024-10-11,20.30
11801,2616,45,267,2024-08-31,17.25
11802,2596,27,157,2024-04-14,17.09
11803,7045,39,229,2024-06-16,22.46
11804,7503,22,131,2024-01-30,17.86
11805,7180,16,92,2024-01-28,36.40
11806,3823,22,130,2024-04-12,22.95
11807,9502,18,104,2024-12-08,34.04
11808,3008,1,3,2024-06-09,30.22
11809,697,8,45,2024-03-18,26.67
11810,4460,7,42,2024-04-10,50.24
11811,6847,26,152,2024-10-22,72.32
11812,7901,14,83,2024-08-18,59.72
11813,3014,13,73,2024-09-22,21.63
11814,977,8,46,2024-05-02,19.42
11815,7543,5,26,2024-12-31,15.77
11816,665,29,174,2024-09-15,37.17
11817,8786,7,38,2024-11-24,9.94
11818,9884,19,109,2024-06-15,33.82
11819,5770,3,15,2024-08-23,69.76
11820,7235,33,197,2024-09-13,23.51
11821,6292,39,232,2024-07-16,25.28
11822,3029,26,151,2024-02-22,38.34
11823,4326,27,159,2024-02-10,25.35
11824,5996,16,96,2024-12-14,19.94
11825,6578,27,157,2024-02-27,35.26
11826,1125,14,80,2024-08-16,27.77
11827,2172,36,212,2024-11-04,36.86
11828,2045,44,261,2024-07-05,10.27
11829,7593,9,52,2024-01-02,42.10
11830,1951,12,72,2024-03-10,49.94
11831,5298,30,178,2024-08-15,14.64
11832,4743,3,13,2024-01-28,55.54
11833,9034,13,78,2024-10-14,71.44
11834,4298,35,209,2024-10-03,17.00
11835,5506,2,12,2024-07-27,35.01
11836,5077,26,151,2024-11-10,30.87
11837,3247,46,271,2024-01-27,39.86
11838,3723,49,294,2024-03-02,38.94
11839,7461,29,171,2024-06-03,100.85
11840,9009,24,139,2024-01-29,60.29
11841,7293,29,169,2024-02-06,38.30
11842,7432,1,3,2024-12-08,42.04
11843,3690,11,62,2024-06-14,27.62
11844,6682,48,283,2024-05-15,83.76
11845,2149,29,174,2024-07-02,15.96
11846,6936,46,274,2024-06-01,43.86
11847,7802,12,67,2024-12-31,17.86
11848,9393,32,189,2024-05-19,30.14
11849,4795,47,279,2024-02-28,28.57
11850,6651,1,4,2024-03-04,65.00
11851,3354,49,292,2024-12-19,57.28
11852,8373,17,98,2024-09-29,25.89
11853,1576,47,282,2024-04-10,29.83
11854,7262,36,216,2024-11-20,15.86
11855,5075,29,172,2024-03-20,20.45
11856,6739,28,164,2024-10-14,19.64
11857,2410,29,173,2024-02-02,17.78
11858,6419,40,239,2024-01-24,52.94
11859,2740,42,250,2024-08-14,108.20
11860,6088,26,151,2024-03-26,10.31
11861,9723,19,111,2024-03-03,17.40
11862,6360,31,185,2024-09-14,27.19
11863,8562,32,188,2024-01-29,7.93
11864,2074,17,99,2024-06-04,75.88
11865,404,23,138,2024-12-21,25.90
11866,3817,6,36,2024-03-25,23.83
11867,5923,35,205,2024-09-07,19.00
11868,5908,5,27,2024-04-15,14.04
11869,7900,8,46,2024-08-28,20.15
11870,3237,39,230,2024-06-13,30.62
11871,1359,15,86,2024-03-18,18.11
11872,9267,40,239,2024-11-06,11.73
11873,6946,6,35,2024-07-11,7.74
11874,4242,1,3,2024-04-20,25.38
11875,5345,5,27,2024-09-07,12.50
11876,4300,19,110,2024-05-29,12.95
11877,5082,47,282,2024-02-19,15.58
11878,7205,22,131,2024-07-10,19.85
11879,8264,45,269,2024-08-08,27.88
11880,3444,5,26,2024-03-22,21.23
11881,9888,18,106,2024-01-06,28.24
11882,4847,49,293,2024-03-27,16.54
11883,1267,32,187,2024-08-11,15.52
11884,8283,17,97,2024-01-07,21.73
11885,5043,1,4,2024-05-19,31.91
11886,1705,38,226,2024-03-22,49.16
11887,405,48,283,2024-11-20,24.07
11888,1068,3,17,2024-11-26,8.61
11889,3676,5,26,2024-10-11,19.16
11890,9845,20,118,2024-06-24,18.26
11891,6964,21,123,2024-07-01,43.46
11892,4523,36,213,2024-03-06,31.99
11893,9386,29,174,2024-07-10,16.30
11894,5067,21,126,2024-07-12,21.59
11895,9710,24,142,2024-07-12,28.32
11896,8334,29,173,2024-05-06,40.26
11897,4610,25,150,2024-09-15,65.76
11898,5299,45,268,2024-04-11,35.53
11899,1106,10,58,2024-08-16,15.26
11900,4700,18,108,2024-12-01,18.89
11901,4816,50,295,2024-09-11,26.06
11902,6134,47,282,2024-03-01,32.73
11903,2840,6,35,2024-03-22,66.21
11904,7509,4,19,2024-10-05,29.87
11905,5132,47,278,2024-10-13,24.25
11906,7837,37,218,2024-11-09,17.86
11907,4193,45,265,2024-09-13,13.79
11908,170,33,198,2024-09-09,23.29
11909,8784,48,285,2024-10-26,17.93
11910,9502,33,196,2024-05-25,11.77
11911,1980,9,50,2024-10-12,11.33
11912,1697,13,73,2024-04-04,20.15
11913,5150,10,59,2024-05-15,29.53
11914,9362,34,204,2024-05-14,40.48
11915,5149,35,206,2024-03-13,34.49
11916,1392,32,192,2024-06-17,14.91
11917,7636,21,121,2024-04-16,31.34
11918,1506,35,210,2024-07-28,23.71
11919,4706,8,47,2024-10-18,9.77
11920,4460,8,46,2024-03-13,30.50
11921,8340,48,286,2024-10-13,35.66
11922,43,9,53,2024-05-13,50.67
11923,8086,40,236,2024-05-28,19.03
11924,4206,17,101,2024-01-02,50.18
11925,3658,22,129,2024-06-27,14.75
11926,2466,44,263,2024-10-21,44.16
11927,1830,13,75,2024-06-23,15.06
11928,6022,27,161,2024-02-10,22.46
11929,9513,9,50,2024-09-14,11.62
11930,8519,43,255,2024-07-08,24.03
11931,7097,17,97,2024-03-26,14.81
11932,455,1,3,2024-08-16,29.23
11933,9804,32,187,2024-12-21,14.51
11934,1507,48,286,2024-05-12,11.95
11935,3812,7,39,2024-12-09,22.59
11936,2086,15,90,2024-01-05,16.19
11937,30,31,182,2024-04-05,24.98
11938,6142,40,237,2024-09-20,23.91
11939,7837,8,45,2024-04-19,50.56
11940,4,19,110,2024-10-24,18.97
11941,2850,25,147,2024-06-24,15.24
11942,1298,47,281,2024-05-23,24.32
11943,5080,8,44,2024-04-28,22.58
11944,1299,2,10,2024-09-20,57.50
11945,8241,13,76,2024-10-20,23.15
11946,7085,24,141,2024-09-21,25.65
11947,3387,33,195,2024-05-23,20.13
11948,2631,40,236,2024-06-06,20.24
11949,284,18,105,2024-02-05,34.42
11950,526,31,185,2024-12-12,19.90
11951,2568,14,80,2024-09-30,20.98
11952,5334,3,17,2024-08-04,9.92
11953,2596,31,181,2024-07-25,22.58
11954,2677,23,134,2024-09-09,24.04
11955,8714,2,7,2024-06-14,18.39
11956,9438,14,81,2024-12-12,34.80
11957,1467,41,243,2024-02-06,24.36
11958,25,43,256,2024-02-21,39.07
11959,8397,43,257,2024-02-12,53.12
11960,8830,46,274,2024-01-17,19.30
11961,8876,48,286,2024-03-28,15.30
11962,3239,38,226,2024-08-04,10.83
11963,6357,41,243,2024-08-20,12.96
11964,9297,37,219,2024-07-04,14.32
11965,4699,17,99,2024-02-29,26.01
11966,4864,37,221,2024-06-01,26.85
11967,5758,38,226,2024-09-25,16.18
11968,4193,25,145,2024-01-22,28.92
11969,7130,1,5,2024-03-25,19.48
11970,3424,37,218,2024-04-10,12.76
11971,6659,9,52,2024-09-14,31.75
11972,1669,37,219,2024-03-09,15.16
11973,8344,48,287,2024-02-11,35.49
11974,2977,41,246,2024-05-28,67.86
11975,1399,2,7,2024-01-20,20.96
11976,784,46,272,2024-02-06,13.14
11977,9396,48,283,2024-03-04,24.09
11978,515,23,133,2024-01-08,46.38
11979,9952,47,280,2024-07-08,25.64
11980,6074,47,282,2024-06-16,71.89
11981,1983,22,129,2024-01-14,35.31
11982,7054,22,129,2024-11-21,12.21
11983,8488,16,94,2024-02-20,29.20
11984,353,16,91,2024-12-07,27.50
11985,3132,18,105,2024-02-06,15.85
11986,4672,12,67,2024-03-30,22.98
11987,9112,6,36,2024-03-06,45.96
11988,3221,48,285,2024-07-16,12.90
11989,9651,16,93,2024-09-12,73.64
11990,4851,5,25,2024-08-31,22.51
11991,6487,29,173,2024-10-06,23.34
11992,3158,2,7,2024-05-09,7.78
11993,6380,29,171,2024-08-21,41.25
11994,1062,20,117,2024-05-31,30.50
11995,6369,8,45,2024-09-05,33.27
11996,752,39,234,2024-11-10,37.50
11997,6280,11,61,2024-07-28,47.25
11998,8550,19,114,2024-07-05,28.51
11999,857,24,144,2024-01-21,32.90
12000,8266,35,210,2024-05-24,65.53
12001,8493,35,209,2024-04-23,39.86
12002,9319,42,250,2024-10-15,12.12
12003,8014,37,220,2024-07-05,45.37
12004,4937,18,106,2024-03-03,18.97
12005,4696,23,136,2024-05-14,20.42
12006,8949,29,172,2024-03-12,13.01
12007,462,33,196,2024-05-20,17.18
12008,5262,36,211,2024-10-06,24.94
12009,8595,8,47,2024-07-22,26.42
12010,4424,41,246,2024-05-31,21.22
12011,7244,27,159,2024-04-01,6.47
12012,1279,35,208,2024-01-12,21.16
12013,7235,11,63,2024-10-14,16.41
12014,2612,41,241,2024-01-05,20.99
12015,7311,8,48,2024-06-16,12.92
12016,5344,6,31,2024-03-30,31.93
12017,6921,18,107,2024-07-03,57.56
12018,5775,48,288,2024-07-13,11.99
12019,9539,28,163,2024-09-20,21.26
12020,4498,45,267,2024-12-09,24.97
12021,9244,8,43,2024-09-26,8.47
12022,8086,12,69,2024-08-02,23.36
12023,1673,10,55,2024-06-05,34.74
12024,4815,34,201,2024-05-19,14.32
12025,2736,42,249,2024-01-23,38.89
12026,5136,5,27,2024-09-30,41.18
12027,6233,24,139,2024-04-21,25.33
12028,3336,19,109,2024-09-26,40.64
12029,9340,42,247,2024-09-03,14.72
12030,9081,38,223,2024-08-25,21.02
12031,9224,32,188,2024-10-14,34.07
12032,7570,27,162,2024-06-16,15.27
12033,8557,34,203,2024-01-07,33.86
12034,1759,2,12,2024-02-16,19.74
12035,8193,50,298,2024-07-08,21.77
12036,9771,21,123,2024-06-07,30.68
12037,2892,21,123,2024-08-08,22.16
12038,561,37,220,2024-05-04,27.01
12039,1775,32,192,2024-11-15,32.89
12040,7187,34,204,2024-11-14,13.95
12041,4908,12,71,2024-06-29,20.07
12042,7525,44,262,2024-01-28,52.82
12043,283,20,118,2024-08-05,24.72
12044,1969,12,68,2024-06-17,67.20
12045,8824,40,240,2024-08-30,18.20
12046,556,34,200,2024-04-28,32.30
12047,5022,36,213,2024-04-14,26.77
12048,9817,3,13,2024-06-28,18.54
12049,1922,11,62,2024-04-22,17.59
12050,4942,4,24,2024-08-25,34.01
12051,9827,18,104,2024-02-18,22.41
12052,2584,39,230,2024-05-05,15.90
12053,2889,5,29,2024-12-01,20.26
12054,7446,32,188,2024-05-27,14.61
12055,4381,42,250,2024-04-07,24.05
12056,8716,24,141,2024-01-11,14.77
12057,6142,36,214,2024-08-19,20.22
12058,3773,20,115,2024-11-01,9.33
12059,1910,33,194,2024-04-16,11.95
12060,2632,4,22,2024-10-23,13.56
12061,9613,43,255,2024-10-26,22.56
12062,1914,22,131,2024-06-21,65.42
12063,5812,42,251,2024-03-16,38.63
12064,9468,40,238,2024-04-16,27.24
12065,6038,11,61,2024-10-17,30.56
12066,6267,19,109,2024-02-01,29.00
12067,4368,34,201,2024-07-20,47.01
12068,9252,8,44,2024-08-06,20.23
12069,4087,17,98,2024-06-19,19.29
12070,5961,17,97,2024-10-19,12.12
12071,4597,25,145,2024-06-14,30.27
12072,3823,26,153,2024-01-28,37.53
12073,3065,1,3,2024-08-22,14.96
12074,6333,12,71,2024-12-17,24.12
12075,166,31,181,2024-01-31,8.66
12076,9796,35,210,2024-01-11,24.25
12077,1981,22,128,2024-05-17,19.84
12078,1562,13,75,2024-10-03,33.48
12079,3920,10,56,2024-09-08,14.71
12080,3026,22,129,2024-10-22,13.66
12081,4535,44,261,2024-08-21,8.60
12082,6629,19,113,2024-12-03,30.73
12083,1963,8,46,2024-11-19,31.75
12084,4999,44,264,2024-01-31,14.35
12085,8059,40,236,2024-03-08,20.60
12086,3157,18,108,2024-10-01,17.89
12087,4637,40,239,2024-11-04,37.18
12088,4321,32,188,2024-02-23,12.04
12089,2071,16,96,2024-07-01,36.53
12090,9449,30,180,2024-03-27,10.99
12091,3652,10,58,2024-03-26,18.30
12092,5425,20,117,2024-09-26,12.09
12093,5288,40,238,2024-09-16,48.90
12094,4309,2,8,2024-09-21,31.86
12095,5253,41,246,2024-11-27,22.72
12096,8165,17,97,2024-11-28,26.69
12097,2285,24,139,2024-06-29,34.81
12098,1584,48,287,2024-08-31,26.48
12099,9015,34,200,2024-04-01,33.90
12100,6092,46,273,2024-06-25,10.77
12101,3210,31,183,2024-10-25,28.49
12102,8708,36,216,2024-12-10,10.90
12103,8505,13,74,2024-04-20,54.34
12104,9501,14,80,2024-06-07,25.09
12105,4170,10,55,2024-08-15,11.34
12106,9851,38,223,2024-03-30,57.76
12107,6429,26,156,2024-11-10,60.68
12108,6580,37,221,2024-01-27,40.61
12109,9107,45,267,2024-05-28,45.11
12110,7413,35,205,2024-06-08,13.29
12111,6273,21,121,2024-12-18,29.19
12112,2311,3,13,2024-12-09,33.04
12113,8109,28,163,2024-12-23,13.77
12114,3541,1,6,2024-11-28,25.09
12115,446,42,248,2024-02-09,44.23
12116,9391,36,216,2024-01-23,32.78
12117,4533,23,135,2024-09-17,18.82
12118,6508,21,123,2024-11-16,16.86
12119,1952,29,171,2024-06-28,22.62
12120,2433,5,29,2024-03-11,28.73
12121,3843,42,250,2024-07-27,53.01
12122,1330,28,168,2024-03-29,30.98
12123,4664,38,226,2024-06-19,10.52
12124,9215,10,60,2024-04-08,18.06
12125,4399,32,188,2024-04-18,23.32
12126,8503,1,5,2024-10-30,13.39
12127,5345,22,129,2024-05-07,17.70
12128,7015,17,99,2024-11-09,24.71
12129,7172,4,22,2024-05-29,41.57
12130,5375,27,157,2024-03-26,76.75
12131,5962,46,273,2024-11-24,11.16
12132,2440,23,133,2024-07-22,17.76
12133,1763,14,83,2024-05-28,9.79
12134,4861,30,179,2024-03-02,16.72
12135,9365,42,248,2024-09-10,29.31
12136,1846,38,227,2024-04-20,81.00
12137,1387,40,237,2024-09-22,54.56
12138,3916,18,108,2024-12-06,18.64
12139,2873,30,175,2024-11-12,26.59
12140,9470,47,282,2024-02-14,28.36
12141,5383,28,163,2024-11-11,26.84
12142,3294,2,10,2024-09-18,61.80
12143,2932,33,197,2024-09-04,27.58
12144,7932,25,148,2024-03-13,29.07
12145,2928,44,261,2024-11-01,52.84
12146,8480,10,56,2024-12-20,34.42
12147,5393,2,12,2024-08-02,43.26
12148,4249,2,8,2024-04-01,24.52
12149,8683,32,190,2024-08-25,19.52
12150,6381,18,103,2024-02-24,11.43
12151,4946,45,267,2024-04-07,18.71
12152,5143,34,201,2024-12-08,10.58
12153,7686,44,264,2024-10-22,23.34
12154,1957,12,70,2024-07-16,15.12
12155,1922,34,199,2024-12-18,13.45
12156,1574,26,156,2024-11-06,38.88
12157,5538,22,128,2024-08-10,23.63
12158,2206,2,9,2024-05-30,30.19
12159,7535,38,226,2024-01-07,17.62
12160,6850,30,178,2024-11-24,21.04
12161,873,25,150,2024-04-28,25.57
12162,6359,29,173,2024-07-24,23.89
12163,6460,10,55,2024-02-29,23.95
12164,3214,40,238,2024-08-04,40.69
12165,462,14,80,2024-04-21,16.13
12166,1144,39,229,2024-01-15,14.16
12167,6397,41,243,2024-12-07,88.23
12168,7215,20,120,2024-10-18,31.47
12169,4351,32,188,2024-09-10,26.06
12170,4433,27,159,2024-03-09,22.71
12171,9652,29,169,2024-06-20,83.84
12172,2410,37,217,2024-02-10,25.98
12173,305,18,104,2024-06-14,31.37
12174,2362,22,129,2024-06-23,11.09
12175,4607,4,23,2024-12-14,19.76
12176,1759,4,24,2024-05-13,15.49
12177,2370,3,17,2024-11-25,36.04
12178,9922,2,8,2024-02-27,29.66
12179,7202,1,1,2024-11-02,34.80
12180,6267,20,116,2024-04-09,29.35
12181,9722,19,110,2024-10-23,31.52
12182,1359,3,14,2024-08-18,14.08
12183,8516,48,287,2024-03-17,8.24
12184,9569,5,26,2024-11-15,15.71
12185,5606,21,122,2024-04-17,29.36
12186,780,36,212,2024-11-10,39.54
12187,7664,32,192,2024-02-08,14.05
12188,8438,37,218,2024-02-24,43.72
12189,3706,4,24,2024-05-30,16.78
12190,4599,8,45,2024-09-02,15.43
12191,6504,37,222,2024-10-06,18.62
12192,5458,1,5,2024-05-11,30.78
12193,7363,28,167,2024-05-02,17.77
12194,4308,18,108,2024-05-16,13.53
12195,6501,25,148,2024-03-03,29.56
12196,5073,9,51,2024-05-06,20.43
12197,8085,11,62,2024-08-14,64.22
12198,6491,31,184,2024-06-02,17.07
12199,2836,43,256,2024-01-18,35.27
12200,9372,49,289,2024-06-24,24.50
12201,6179,30,179,2024-03-15,24.27
12202,2197,42,249,2024-08-04,45.87
12203,620,24,144,2024-07-01,22.36
12204,5054,44,264,2024-11-08,7.46
12205,2880,26,152,2024-12-04,63.54
12206,3412,1,2,2024-08-01,13.61
12207,420,7,39,2024-03-25,31.98
12208,473,6,34,2024-04-11,30.53
12209,8634,20,116,2024-05-05,40.52
12210,3688,40,236,2024-02-06,46.78
12211,7677,15,85,2024-05-17,11.88
12212,6157,42,252,2024-07-01,31.88
12213,531,42,251,2024-05-10,18.19
12214,5250,10,56,2024-08-14,14.01
12215,2187,4,19,2024-10-01,27.02
12216,8370,22,132,2024-01-22,27.79
12217,4286,8,43,2024-02-28,41.56
12218,5077,45,265,2024-01-29,12.56
12219,7720,15,90,2024-08-29,11.70
12220,1471,4,20,2024-06-19,31.84
12221,8380,19,114,2024-03-02,6.33
12222,5204,43,256,2024-08-02,22.36
12223,3222,21,122,2024-03-27,42.85
12224,9355,32,188,2024-02-20,19.72
12225,3045,8,46,2024-07-22,21.89
12226,7493,6,36,2024-10-22,61.40
12227,1511,46,275,2024-06-10,20.24
12228,6886,23,136,2024-07-13,9.92
12229,6459,1,4,2024-06-18,62.49
12230,2064,37,217,2024-07-25,19.47
12231,8581,50,299,2024-09-29,74.84
12232,8330,13,75,2024-08-23,50.05
12233,6332,12,72,2024-07-08,33.95
12234,4769,19,109,2024-04-25,49.30
12235,5972,20,118,2024-10-10,23.89
12236,139,21,125,2024-01-11,14.10
12237,9719,49,289,2024-09-06,46.92
12238,3643,5,30,2024-01-07,31.84
12239,3080,37,217,2024-03-11,29.49
12240,2861,44,261,2024-03-05,17.82
12241,9984,46,274,2024-12-20,9.54
12242,2377,2,10,2024-11-24,39.02
12243,373,1,3,2024-09-05,17.88
12244,6111,17,102,2024-01-28,28.48
12245,9966,34,199,2024-10-17,36.39
12246,5149,15,87,2024-10-10,14.54
12247,7724,20,117,2024-06-11,36.20
12248,4031,48,287,2024-01-21,14.63
12249,1997,3,18,2024-09-23,79.62
12250,4768,29,171,2024-11-05,23.18
12251,5853,48,288,2024-02-15,26.60
12252,7730,31,182,2024-09-12,16.28
12253,4837,41,243,2024-08-02,27.31
12254,158,30,178,2024-03-26,13.13
12255,3528,43,257,2024-02-20,22.74
12256,7724,33,197,2024-07-14,34.44
12257,7695,38,227,2024-12-31,47.42
12258,6074,34,204,2024-09-09,31.56
12259,3331,30,176,2024-02-03,29.69
12260,4858,17,101,2024-07-24,28.36
12261,9152,9,49,2024-04-02,36.24
12262,3517,32,187,2024-01-03,10.14
12263,3233,25,146,2024-07-06,18.60
12264,8522,45,268,2024-01-21,11.06
12265,4567,31,186,2024-05-31,41.84
12266,9362,26,152,2024-09-15,37.26
12267,565,12,68,2024-08-20,38.25
12268,1026,41,246,2024-10-15,12.40
12269,8367,26,155,2024-12-07,49.22
12270,5579,3,18,2024-12-12,18.46
12271,4490,50,295,2024-02-06,15.86
12272,2266,4,24,2024-07-27,67.88
12273,7146,1,4,2024-05-07,19.16
12274,616,30,175,2024-03-14,32.03
12275,9044,3,16,2024-08-28,46.88
12276,1990,6,31,2024-08-05,23.16
12277,2631,3,13,2024-04-27,55.42
12278,730,15,86,2024-07-31,22.09
12279,6955,48,285,2024-02-18,13.27
12280,8619,26,155,2024-10-11,23.43
12281,9676,41,241,2024-11-30,24.18
12282,3585,22,129,2024-07-17,70.43
12283,1438,19,110,2024-04-04,14.87
12284,7401,34,202,2024-09-01,19.74
12285,4115,48,283,2024-01-22,14.07
12286,6729,5,26,2024-04-22,19.93
12287,8039,8,43,2024-08-09,36.06
12288,794,12,67,2024-12-23,21.44
12289,6317,37,220,2024-11-12,24.24
12290,3518,2,7,2024-02-12,31.14
12291,4268,12,72,2024-01-05,40.04
12292,5673,5,26,2024-06-21,23.58
12293,6102,47,280,2024-02-09,34.10
12294,2522,45,266,2024-08-16,22.68
12295,8026,13,76,2024-03-24,10.70
12296,4168,45,270,2024-09-17,33.14
12297,3426,40,235,2024-07-30,35.65
12298,375,26,153,2024-06-23,37.64
12299,1674,43,256,2024-08-16,23.97
12300,9798,1,3,2024-07-20,25.00
12301,9267,34,200,2024-09-19,22.60
12302,5644,50,299,2024-01-14,49.25
12303,3817,3,17,2024-08-23,8.29
12304,247,20,120,2024-04-26,43.66
12305,3673,50,297,2024-09-05,22.97
12306,9382,12,67,2024-10-21,39.04
12307,4948,41,244,2024-07-10,32.68
12308,7135,48,284,2024-10-03,42.21
12309,2887,39,230,2024-06-22,58.14
12310,6203,12,71,2024-07-16,16.81
12311,9710,38,227,2024-01-02,18.24
12312,1251,11,62,2024-02-27,14.22
12313,7588,10,57,2024-01-02,21.82
12314,6917,46,271,2024-03-23,19.92
12315,6309,30,178,2024-10-28,8.43
12316,3595,41,242,2024-08-24,28.44
12317,2353,28,165,2024-03-02,33.36
12318,9114,24,144,2024-07-19,8.01
12319,2780,46,271,2024-11-02,66.62
12320,1501,1,2,2024-01-22,17.93
12321,8049,43,253,2024-12-31,56.22
12322,1694,41,245,2024-02-16,13.49
12323,7941,35,208,2024-10-04,19.31
12324,7879,11,66,2024-01-27,29.54
12325,5222,50,298,2024-10-19,9.88
12326,3610,34,200,2024-03-14,40.16
12327,2536,26,151,2024-05-18,10.55
12328,4047,8,44,2024-03-09,26.46
12329,9375,3,14,2024-02-01,28.90
12330,4422,31,183,2024-08-17,33.20
12331,1384,2,10,2024-07-22,25.58
12332,809,34,200,2024-07-21,45.13
12333,3820,1,5,2024-05-20,19.30
12334,5145,42,252,2024-05-07,15.31
12335,1433,10,60,2024-09-10,22.78
12336,5823,17,101,2024-10-31,20.09
12337,4795,44,261,2024-09-13,17.31
12338,7567,29,169,2024-10-28,33.88
12339,4623,6,32,2024-01-13,20.93
12340,8841,10,57,2024-02-24,10.27
12341,9040,33,197,2024-07-12,17.66
12342,9942,33,196,2024-11-17,35.75
12343,4100,38,223,2024-03-24,23.25
12344,281,13,78,2024-10-18,26.17
12345,1145,20,119,2024-05-06,25.39
12346,1031,22,131,2024-09-06,8.78
12347,660,20,120,2024-02-17,8.14
12348,6270,16,91,2024-04-12,24.23
12349,5969,45,265,2024-07-26,16.02
12350,3818,33,195,2024-05-24,70.86
12351,5232,42,250,2024-02-12,39.41
12352,7761,32,192,2024-07-02,8.18
12353,5533,22,128,2024-09-29,13.14
12354,6267,32,187,2024-03-25,33.62
12355,296,19,113,2024-08-16,15.51
12356,8956,10,56,2024-11-10,34.59
12357,9304,11,63,2024-07-12,27.57
12358,4105,30,178,2024-07-23,24.03
12359,6691,35,208,2024-12-27,17.83
12360,2464,21,122,2024-07-15,15.15
12361,4505,20,119,2024-02-04,13.43
12362,1201,27,162,2024-03-19,21.28
12363,5990,27,160,2024-07-25,24.15
12364,5985,42,252,2024-02-27,28.06
12365,6848,4,22,2024-11-19,74.49
12366,886,37,221,2024-11-17,25.38
12367,5163,32,188,2024-09-22,50.29
12368,8232,39,234,2024-07-22,33.88
12369,4980,27,160,2024-03-26,32.92
12370,9768,34,203,2024-09-03,10.06
12371,5921,21,123,2024-03-15,32.95
12372,9237,33,196,2024-12-16,11.45
12373,149,29,169,2024-08-20,30.24
12374,2055,1,4,2024-09-17,22.30
12375,4525,41,242,2024-03-01,35.84
12376,2872,25,145,2024-02-26,38.02
12377,7074,24,142,2024-12-14,16.32
12378,4750,6,31,2024-09-10,12.49
12379,5896,49,290,2024-10-10,32.73
12380,8685,46,272,2024-03-22,21.26
12381,4013,9,52,2024-10-20,24.68
12382,102,14,79,2024-05-06,42.76
12383,2149,41,245,2024-05-21,50.11
12384,1698,43,253,2024-09-26,13.75
12385,5848,34,200,2024-01-11,52.39
12386,3493,14,81,2024-10-03,49.39
12387,6284,4,20,2024-09-09,19.53
12388,9254,37,217,2024-06-03,43.94
12389,4025,30,180,2024-07-16,11.66
12390,1476,40,238,2024-05-22,11.70
12391,6185,29,172,2024-05-25,25.44
12392,8468,36,215,2024-09-01,13.35
12393,1567,35,207,2024-08-26,18.03
12394,7827,44,263,2024-01-14,11.65
12395,7202,26,155,2024-05-17,24.95
12396,2752,25,150,2024-10-15,20.37
12397,5101,38,226,2024-03-07,27.18
12398,7093,33,194,2024-02-23,33.73
12399,7693,4,23,2024-05-15,36.32
12400,1769,30,175,2024-08-08,39.45
12401,3366,17,100,2024-08-04,17.16
12402,7468,14,82,2024-10-20,31.57
12403,4204,28,168,2024-11-18,21.81
12404,9114,12,69,2024-03-12,22.96
12405,482,24,139,2024-01-05,59.77
12406,1942,49,290,2024-07-01,20.04
12407,5850,8,44,2024-11-12,21.62
12408,2068,9,49,2024-06-27,16.76
12409,8378,27,161,2024-06-18,13.36
12410,9635,16,93,2024-09-05,21.98
12411,739,1,5,2024-04-03,30.02
12412,9695,41,244,2024-03-31,39.36
12413,6516,7,39,2024-02-28,34.88
12414,7122,1,4,2024-12-21,29.03
12415,8513,4,23,2024-07-08,16.98
12416,4628,39,231,2024-07-20,11.58
12417,5040,36,215,2024-07-24,45.86
12418,6735,50,295,2024-09-03,24.42
12419,5865,50,297,2024-02-16,22.74
12420,5777,6,34,2024-11-14,17.82
12421,3573,1,5,2024-04-21,30.40
12422,1754,11,65,2024-10-14,28.60
12423,244,9,54,2024-08-16,46.47
12424,890,6,31,2024-12-17,30.87
12425,1544,8,46,2024-11-20,35.90
12426,3773,22,132,2024-11-24,23.56
12427,5291,32,191,2024-02-19,16.82
12428,2816,42,252,2024-11-13,41.70
12429,4806,40,237,2024-07-13,6.48
12430,2888,44,260,2024-03-04,22.82
12431,2450,14,82,2024-05-31,26.20
12432,698,5,25,2024-04-28,13.72
12433,1702,18,108,2024-01-07,25.44
12434,5916,3,13,2024-07-21,33.64
12435,5846,11,63,2024-04-22,36.43
12436,1197,42,252,2024-04-08,26.00
12437,2021,6,36,2024-08-06,9.72
12438,4584,19,110,2024-11-18,44.71
12439,3390,4,21,2024-02-09,31.66
12440,1268,32,188,2024-08-28,56.44
12441,1999,25,150,2024-01-31,31.93
12442,1507,35,205,2024-03-21,66.07
12443,8545,50,299,2024-08-02,16.26
12444,8257,6,33,2024-12-16,27.73
12445,5508,14,83,2024-09-09,13.14
12446,2285,9,53,2024-01-01,16.03
12447,5827,36,215,2024-03-24,12.84
12448,790,27,158,2024-02-17,25.94
12449,146,5,28,2024-12-21,7.83
12450,6039,25,146,2024-06-21,20.06
12451,9172,12,71,2024-05-26,15.36
12452,3749,2,9,2024-08-17,28.56
12453,1930,37,222,2024-05-07,9.64
12454,5632,36,213,2024-03-02,39.43
12455,3616,41,243,2024-10-28,13.82
12456,9858,40,236,2024-12-03,33.48
12457,9689,33,195,2024-09-03,17.81
12458,3554,25,149,2024-05-13,15.02
12459,3455,3,15,2024-10-08,24.28
12460,4808,20,118,2024-01-23,18.23
12461,991,10,59,2024-05-26,23.27
12462,2689,45,265,2024-05-21,17.68
12463,1190,2,10,2024-04-28,6.92
12464,2780,49,294,2024-05-04,30.58
12465,6749,17,97,2024-02-02,32.85
12466,5307,42,247,2024-11-10,12.82
12467,6102,41,246,2024-12-25,25.31
12468,6089,20,116,2024-12-06,18.14
12469,8543,31,182,2024-10-21,17.91
12470,2012,47,281,2024-10-02,20.94
12471,2701,5,27,2024-09-22,34.60
12472,867,26,156,2024-06-20,10.45
12473,9536,27,160,2024-10-01,54.55
12474,2262,16,95,2024-07-08,23.10
12475,5250,45,267,2024-10-21,17.50
12476,3013,23,133,2024-07-25,22.32
12477,7379,25,147,2024-10-07,63.54
12478,4130,22,128,2024-09-06,26.76
12479,575,18,103,2024-09-11,10.29
12480,7652,38,224,2024-08-16,20.33
12481,207,46,273,2024-05-11,15.59
12482,7391,14,79,2024-01-17,55.98
12483,4338,36,211,2024-08-05,28.95
12484,3500,49,289,2024-12-03,9.68
12485,62,25,145,2024-09-14,30.10
12486,7504,2,10,2024-04-07,21.49
12487,4552,30,175,2024-02-11,12.67
12488,1919,1,2,2024-02-19,40.47
12489,4609,17,97,2024-09-09,40.62
12490,5259,12,71,2024-10-06,59.91
12491,6206,37,218,2024-06-21,12.15
12492,4827,37,219,2024-10-27,14.38
12493,1576,13,74,2024-03-26,19.60
12494,9210,27,160,2024-10-18,21.68
12495,7996,5,25,2024-03-11,17.36
12496,3471,16,96,2024-12-02,15.46
12497,7970,33,198,2024-11-22,42.05
12498,607,16,96,2024-09-08,36.01
12499,1150,38,227,2024-09-29,36.06
12500,8987,24,142,2024-09-15,13.00
12501,8568,38,227,2024-04-18,56.09
12502,3896,44,261,2024-10-01,33.03
12503,1362,27,158,2024-02-10,13.98
12504,6831,49,292,2024-06-10,26.11
12505,1014,24,139,2024-06-11,13.48
12506,5318,18,103,2024-10-06,77.94
12507,4554,47,282,2024-03-27,14.74
12508,1108,17,101,2024-05-30,12.10
12509,9738,22,128,2024-01-30,24.86
12510,9809,5,30,2024-09-12,21.71
12511,9855,6,34,2024-12-23,28.09
12512,392,14,80,2024-02-04,57.34
12513,5089,40,235,2024-11-03,26.48
12514,179,7,41,2024-11-23,15.01
12515,4637,33,198,2024-08-26,23.28
12516,4642,41,245,2024-07-13,18.30
12517,3737,1,1,2024-11-08,39.61
12518,5936,4,20,2024-03-25,41.37
12519,6086,2,10,2024-05-11,27.79
12520,9194,48,286,2024-07-25,35.57
12521,2687,3,16,2024-08-06,5.68
12522,5345,5,26,2024-01-29,60.38
12523,8004,35,209,2024-04-10,42.32
12524,5042,15,85,2024-02-10,21.73
12525,2379,38,226,2024-03-11,36.75
12526,2833,11,64,2024-05-02,13.76
12527,2810,3,16,2024-12-22,38.88
12528,3515,13,74,2024-12-23,22.90
12529,2453,35,206,2024-11-14,17.99
12530,2577,6,36,2024-10-30,23.61
12531,9302,20,119,2024-01-03,10.21
12532,7159,6,36,2024-05-01,6.85
12533,6041,40,238,2024-11-21,17.51
12534,6325,36,215,2024-01-30,23.68
12535,699,45,270,2024-09-04,27.47
12536,871,30,176,2024-10-11,27.81
12537,943,40,239,2024-10-09,23.82
12538,1123,16,92,2024-01-23,9.47
12539,7463,24,141,2024-08-21,10.95
12540,4304,34,200,2024-10-13,6.85
12541,4821,2,9,2024-11-25,17.83
12542,4932,27,160,2024-08-04,20.54
12543,6439,40,239,2024-03-25,9.28
12544,5791,27,157,2024-05-26,18.73
12545,5185,14,84,2024-07-26,27.27
12546,9964,17,98,2024-08-18,13.64
12547,2103,42,251,2024-10-01,12.38
12548,6684,42,247,2024-10-16,17.94
12549,5159,43,257,2024-09-14,55.24
12550,3279,27,157,2024-02-07,24.70
12551,9418,44,263,2024-12-07,17.58
12552,888,45,267,2024-10-07,11.99
12553,2384,29,169,2024-08-13,22.46
12554,6849,5,26,2024-03-31,21.77
12555,9106,13,78,2024-05-29,9.86
12556,1380,13,73,2024-06-07,33.58
12557,8045,33,196,2024-08-15,19.16
12558,4428,24,141,2024-02-06,47.86
12559,904,41,241,2024-05-16,25.28
12560,1120,50,297,2024-06-12,42.39
12561,3340,43,258,2024-08-06,44.81
12562,7797,28,168,2024-05-26,27.13
12563,5353,11,66,2024-10-05,32.99
12564,8244,46,274,2024-03-17,14.48
12565,5768,45,266,2024-09-17,25.09
12566,7347,35,207,2024-07-25,30.11
12567,4635,7,38,2024-08-23,10.61
12568,973,49,293,2024-01-18,27.86
12569,9572,4,22,2024-09-22,24.74
12570,477,22,129,2024-08-11,20.91
12571,6813,31,181,2024-08-13,68.36
12572,1304,46,274,2024-09-11,7.57
12573,4823,43,255,2024-06-01,23.37
12574,5308,22,128,2024-07-15,24.83
12575,1130,36,215,2024-06-03,62.99
12576,5051,50,299,2024-03-16,19.78
12577,9264,2,9,2024-04-26,35.21
12578,8958,30,179,2024-06-08,16.08
12579,7452,32,191,2024-04-11,43.51
12580,3001,20,116,2024-08-20,35.96
12581,3626,12,72,2024-01-06,16.57
12582,6867,46,271,2024-09-29,34.62
12583,2652,8,47,2024-02-25,62.76
12584,693,27,157,2024-02-06,24.47
12585,9409,37,220,2024-06-29,24.88
12586,5237,11,61,2024-06-12,48.61
12587,5506,18,108,2024-04-06,24.71
12588,248,48,286,2024-03-26,17.70
12589,9517,46,276,2024-05-04,19.18
12590,2769,24,141,2024-08-30,30.91
12591,1396,38,228,2024-08-29,33.41
12592,988,13,73,2024-05-03,38.54
12593,577,34,201,2024-02-16,15.96
12594,1576,12,68,2024-02-20,29.45
12595,7939,46,272,2024-11-24,28.61
12596,2,42,251,2024-07-20,11.98
12597,1348,45,266,2024-07-31,8.65
12598,1137,11,66,2024-10-01,17.47
12599,5661,8,44,2024-04-26,71.30
12600,9305,38,228,2024-07-10,20.64
12601,4492,39,230,2024-07-06,29.85
12602,6622,50,295,2024-08-31,22.23
12603,1942,46,274,2024-07-21,15.74
12604,2633,10,57,2024-09-02,32.40
12605,7615,12,72,2024-11-13,29.05
12606,8733,25,148,2024-08-21,29.80
12607,6621,1,1,2024-10-10,13.67
12608,3278,49,289,2024-06-02,31.68
12609,8370,29,170,2024-02-04,22.13
12610,5118,18,105,2024-07-02,16.70
12611,691,15,89,2024-07-16,27.72
12612,1505,7,37,2024-10-31,36.32
12613,8455,33,198,2024-08-08,20.23
12614,8216,44,260,2024-01-18,79.80
12615,9484,18,103,2024-10-13,9.11
12616,8226,26,154,2024-07-12,24.17
12617,5348,2,9,2024-01-28,23.36
12618,5040,27,157,2024-07-07,55.14
12619,7582,2,10,2024-09-20,22.89
12620,6987,21,126,2024-01-31,25.87
12621,7019,14,82,2024-09-26,85.20
12622,2856,39,234,2024-03-06,20.98
12623,1166,16,96,2024-01-07,11.44
12624,4498,3,13,2024-11-13,41.24
12625,7660,44,261,2024-04-06,21.46
12626,5673,41,244,2024-01-03,19.52
12627,2849,16,91,2024-08-05,32.46
12628,2242,3,17,2024-02-22,42.04
12629,1671,2,10,2024-03-14,21.74
12630,1742,17,101,2024-10-14,19.30
12631,9878,27,159,2024-08-23,23.17
12632,537,47,277,2024-09-02,15.80
12633,2039,50,300,2024-05-27,52.27
12634,716,4,20,2024-02-01,41.45
12635,7380,5,29,2024-02-21,27.45
12636,8970,11,65,2024-02-22,34.19
12637,3912,4,20,2024-01-18,30.78
12638,7397,1,4,2024-10-13,19.42
12639,641,13,77,2024-03-12,20.33
12640,3936,14,81,2024-11-08,43.68
12641,5134,49,292,2024-09-23,8.42
12642,4799,47,277,2024-06-21,12.62
12643,7751,41,244,2024-01-22,15.67
12644,9258,12,69,2024-08-29,20.43
12645,7343,10,57,2024-06-23,23.50
12646,3000,9,52,2024-06-16,12.86
12647,1536,22,128,2024-11-19,16.13
12648,8034,49,289,2024-10-31,38.25
12649,6111,43,258,2024-03-06,58.46
12650,63,50,300,2024-02-08,15.04
12651,6011,25,148,2024-01-12,22.02
12652,7448,4,21,2024-09-28,23.06
12653,4187,27,160,2024-02-16,40.79
12654,1279,20,118,2024-09-22,28.07
12655,5620,48,285,2024-06-21,49.51
12656,9636,16,94,2024-07-12,19.95
12657,1462,33,193,2024-05-10,16.73
12658,9335,4,22,2024-11-18,23.76
12659,6093,36,214,2024-04-20,27.04
12660,4209,39,232,2024-01-31,24.04
12661,2339,47,278,2024-06-13,31.43
12662,9560,22,132,2024-09-23,53.79
12663,6264,44,262,2024-09-18,18.25
12664,1648,26,154,2024-07-17,13.01
12665,3980,16,92,2024-05-13,37.78
12666,9903,21,125,2024-06-30,25.40
12667,6845,36,215,2024-10-25,27.66
12668,8249,28,165,2024-01-30,30.98
12669,705,25,149,2024-07-22,61.20
12670,5430,5,30,2024-05-02,18.83
12671,5652,7,38,2024-10-25,29.76
12672,2618,21,123,2024-03-03,28.21
12673,2392,50,299,2024-06-15,20.84
12674,209,40,236,2024-08-08,36.86
12675,7661,13,73,2024-06-30,16.75
12676,5648,50,299,2024-09-10,17.78
12677,740,32,188,2024-07-09,13.16
12678,8603,39,230,2024-07-07,20.24
12679,3290,40,239,2024-06-30,9.09
12680,9557,6,32,2024-05-13,14.94
12681,107,17,100,2024-02-16,10.97
12682,1427,24,143,2024-04-24,43.58
12683,8738,9,50,2024-09-22,30.63
12684,6506,45,269,2024-03-08,7.54
12685,9177,23,136,2024-09-29,44.60
12686,2537,11,65,2024-11-09,39.83
12687,5184,26,152,2024-05-01,25.64
12688,2875,49,289,2024-10-20,20.87
12689,5451,12,67,2024-04-02,14.20
12690,5485,16,95,2024-03-29,22.30
12691,2573,18,104,2024-10-13,25.43
12692,6705,15,89,2024-01-24,33.47
12693,2749,20,116,2024-05-20,30.94
12694,4496,40,237,2024-02-08,28.21
12695,1708,49,293,2024-03-13,8.26
12696,9025,19,110,2024-05-02,7.89
12697,3657,31,184,2024-11-04,22.28
12698,5745,22,131,2024-11-21,14.94
12699,2719,46,273,2024-10-13,14.21
12700,4510,36,216,2024-11-12,40.19
12701,2384,6,34,2024-12-22,39.96
12702,547,41,244,2024-11-03,32.86
12703,5547,1,1,2024-01-09,43.44
12704,7066,42,251,2024-09-03,25.34
12705,1355,48,283,2024-07-22,13.49
12706,4104,12,71,2024-02-25,10.98
12707,5423,4,23,2024-11-01,33.30
12708,5230,20,117,2024-04-10,26.26
12709,1792,34,200,2024-01-10,29.63
12710,3708,43,254,2024-07-18,32.40
12711,5680,8,45,2024-01-09,30.98
12712,5507,16,92,2024-06-25,37.09
12713,6266,46,271,2024-09-21,28.32
12714,8987,21,122,2024-04-12,16.52
12715,723,1,1,2024-09-15,9.68
12716,1642,40,237,2024-09-16,9.43
12717,7402,5,27,2024-08-16,48.54
12718,5369,43,253,2024-11-15,8.25
12719,6622,24,142,2024-07-25,32.36
12720,6267,5,29,2024-04-12,38.77
12721,8084,31,184,2024-07-26,22.73
12722,913,41,246,2024-10-14,64.65
12723,8311,27,161,2024-11-03,14.83
12724,2456,28,166,2024-10-05,29.83
12725,1027,8,47,2024-12-09,36.35
12726,7544,22,129,2024-10-21,27.96
12727,5438,41,244,2024-05-17,14.69
12728,3645,18,103,2024-08-02,28.04
12729,3874,8,44,2024-01-15,8.81
12730,1369,21,126,2024-07-16,9.62
12731,7749,27,161,2024-08-24,24.00
12732,5781,33,193,2024-07-29,14.13
12733,964,30,175,2024-10-06,16.29
12734,1180,44,261,2024-02-27,68.66
12735,9269,40,235,2024-07-05,16.30
12736,8743,38,225,2024-05-09,21.69
12737,1080,14,80,2024-01-02,24.10
12738,2280,21,123,2024-12-15,28.42
12739,6224,12,67,2024-06-05,26.38
12740,1800,50,299,2024-01-04,19.58
12741,1355,41,244,2024-02-02,19.24
12742,3126,10,60,2024-01-15,18.55
12743,382,22,129,2024-12-01,48.07
12744,5780,41,245,2024-04-19,50.34
12745,6391,20,118,2024-02-12,14.74
12746,682,16,95,2024-08-03,20.95
12747,5350,29,171,2024-12-28,14.08
12748,2688,20,118,2024-06-07,21.12
12749,5604,29,169,2024-03-19,17.68
12750,3011,15,90,2024-07-27,21.84
12751,804,46,273,2024-11-16,21.67
12752,6883,8,44,2024-12-31,7.01
12753,3341,42,248,2024-12-05,16.91
12754,7017,22,129,2024-05-12,10.06
12755,6171,20,119,2024-03-19,36.28
12756,2960,32,188,2024-05-28,37.73
12757,4218,38,227,2024-03-29,21.73
12758,857,9,49,2024-05-25,28.40
12759,1071,10,58,2024-05-26,32.20
12760,1403,22,128,2024-02-02,22.26
12761,1312,25,146,2024-01-26,80.82
12762,6729,26,154,2024-03-09,55.13
12763,8189,18,105,2024-03-10,15.92
12764,68,18,106,2024-12-18,19.62
12765,3032,30,176,2024-03-02,29.12
12766,1417,40,236,2024-08-25,54.19
12767,9607,40,237,2024-11-08,22.70
12768,2119,6,33,2024-11-27,24.71
12769,6099,1,5,2024-10-14,20.88
12770,9398,1,3,2024-05-06,17.22
12771,8761,15,90,2024-11-17,23.51
12772,9886,44,260,2024-06-01,16.23
12773,944,29,172,2024-08-18,43.28
12774,535,43,253,2024-04-08,8.95
12775,4221,15,86,2024-09-01,22.52
12776,1612,5,28,2024-07-01,24.90
12777,566,46,276,2024-07-13,77.84
12778,824,47,278,2024-05-10,49.58
12779,3380,8,43,2024-12-18,17.89
12780,3277,15,85,2024-10-19,23.78
12781,464,21,124,2024-07-03,25.24
12782,9825,16,93,2024-01-27,6.49
12783,3687,8,46,2024-01-10,15.22
12784,368,41,242,2024-12-11,12.33
12785,9698,17,101,2024-09-22,9.76
12786,1747,30,180,2024-12-22,53.32
12787,3395,5,27,2024-09-11,23.18
12788,6695,4,24,2024-03-14,15.56
12789,6477,6,32,2024-03-16,21.33
12790,3567,21,121,2024-12-12,26.18
12791,7831,20,117,2024-12-26,33.26
12792,3506,10,57,2024-05-18,22.71
12793,5926,26,156,2024-05-03,10.42
12794,4882,22,128,2024-11-15,15.51
12795,841,37,222,2024-07-23,14.82
12796,5199,1,3,2024-05-09,104.19
12797,4704,12,71,2024-08-25,9.84
12798,1776,30,179,2024-01-27,13.79
12799,4244,41,241,2024-09-01,18.70
12800,2308,25,149,2024-12-05,19.61
12801,1098,47,279,2024-08-20,18.17
12802,7088,49,289,2024-05-31,17.95
12803,5268,39,234,2024-09-10,30.54
12804,4594,6,31,2024-05-29,22.88
12805,296,18,104,2024-05-24,17.66
12806,7855,30,176,2024-04-17,14.40
12807,303,4,20,2024-11-05,42.74
12808,1845,10,55,2024-09-23,20.57
12809,3114,17,100,2024-04-11,24.38
12810,247,9,51,2024-05-28,53.61
12811,9457,7,40,2024-11-28,8.59
12812,5674,23,134,2024-02-20,83.94
12813,3312,5,25,2024-10-25,59.40
12814,6206,35,205,2024-12-19,10.42
12815,7458,35,206,2024-12-01,56.43
12816,8439,7,40,2024-11-22,26.07
12817,8148,28,167,2024-04-24,36.44
12818,7741,43,258,2024-07-08,28.38
12819,7709,25,149,2024-10-30,25.32
12820,750,22,132,2024-02-28,11.11
12821,7415,49,293,2024-10-12,20.92
12822,137,36,211,2024-05-07,29.30
12823,3115,21,123,2024-10-07,26.43
12824,1902,9,53,2024-08-21,8.96
12825,4886,5,28,2024-07-05,23.58
12826,8658,49,290,2024-11-15,9.40
12827,3160,33,193,2024-09-09,34.70
12828,3051,12,70,2024-02-12,15.84
12829,1214,8,43,2024-05-31,32.45
12830,1853,19,111,2024-09-05,14.64
12831,4050,31,182,2024-06-05,16.79
12832,840,16,91,2024-06-20,16.74
12833,1885,46,271,2024-10-17,12.71
12834,9204,47,281,2024-03-20,46.91
12835,5477,34,204,2024-04-26,23.56
12836,6993,2,7,2024-06-16,23.14
12837,8054,46,272,2024-09-25,30.70
12838,1955,21,124,2024-02-25,33.00
12839,5025,37,222,2024-12-12,12.30
12840,6006,48,285,2024-11-29,14.44
12841,2304,13,77,2024-03-22,20.83
12842,6547,42,249,2024-02-11,12.72
12843,5089,12,70,2024-11-13,17.10
12844,6795,46,273,2024-09-28,30.49
12845,1316,36,211,2024-02-16,13.22
12846,7496,20,116,2024-02-04,32.96
12847,8344,12,70,2024-12-19,18.92
12848,2890,25,149,2024-10-23,36.76
12849,5237,12,69,2024-03-25,19.45
12850,673,50,298,2024-11-21,33.30
12851,4720,20,116,2024-02-08,77.49
12852,4110,1,2,2024-07-18,23.63
12853,7972,31,181,2024-04-07,40.65
12854,3222,11,62,2024-01-29,66.36
12855,8042,8,46,2024-05-28,10.92
12856,6307,4,20,2024-03-09,11.95
12857,4853,28,168,2024-12-10,18.14
12858,7555,4,20,2024-07-19,17.78
12859,5911,6,35,2024-12-13,21.87
12860,2965,12,70,2024-05-20,43.94
12861,9186,11,66,2024-07-11,21.88
12862,5337,41,246,2024-03-12,16.16
12863,5642,49,290,2024-07-07,49.15
12864,8682,13,73,2024-05-01,8.41
12865,642,8,48,2024-05-02,45.79
12866,4805,37,219,2024-06-07,33.16
12867,4950,10,60,2024-06-09,23.57
12868,1659,12,69,2024-04-01,59.21
12869,8812,31,183,2024-06-15,13.32
12870,7313,6,34,2024-12-01,35.15
12871,2595,30,179,2024-01-11,20.38
12872,9020,28,163,2024-12-25,10.99
12873,6915,44,261,2024-08-20,15.86
12874,1150,22,128,2024-12-14,7.42
12875,5209,14,84,2024-07-31,36.10
12876,1366,24,139,2024-12-01,93.32
12877,9184,28,164,2024-06-09,49.04
12878,1002,4,24,2024-08-24,15.87
12879,6250,21,124,2024-02-24,36.66
12880,7755,24,142,2024-04-19,20.50
12881,6214,12,72,2024-11-10,10.57
12882,1540,20,116,2024-02-13,8.93
12883,9203,10,55,2024-02-29,73.52
12884,5344,27,158,2024-06-23,52.15
12885,177,4,21,2024-04-29,31.83
12886,2406,14,83,2024-03-18,11.64
12887,5133,6,34,2024-02-07,28.23
12888,4005,4,22,2024-04-25,20.29
12889,534,38,225,2024-02-20,20.92
12890,5602,22,128,2024-02-08,12.45
12891,5745,1,6,2024-04-08,32.96
12892,2949,46,272,2024-03-29,33.72
12893,3305,16,92,2024-09-08,21.14
12894,5596,16,92,2024-02-17,17.46
12895,5605,17,101,2024-10-03,15.64
12896,1955,5,25,2024-01-20,38.95
12897,3372,48,286,2024-11-27,11.57
12898,3830,41,244,2024-12-13,53.04
12899,9833,15,88,2024-07-20,43.46
12900,3946,27,157,2024-02-26,24.22
12901,1183,3,18,2024-12-24,13.93
12902,6559,5,27,2024-01-01,6.81
12903,4100,50,296,2024-01-06,40.62
12904,295,5,29,2024-01-21,66.36
12905,7447,15,86,2024-08-11,27.26
12906,2073,24,140,2024-06-11,33.10
12907,3590,32,191,2024-09-21,18.99
12908,8925,15,85,2024-06-18,17.20
12909,1000,27,160,2024-01-11,19.40
12910,5935,2,7,2024-11-03,20.96
12911,8965,10,58,2024-02-09,23.51
12912,5751,46,272,2024-08-04,36.44
12913,1508,15,88,2024-06-20,33.40
12914,5760,25,148,2024-07-25,19.16
12915,7686,28,167,2024-09-12,13.53
12916,1118,32,189,2024-07-17,23.22
12917,5587,43,257,2024-03-22,29.44
12918,3783,12,67,2024-12-31,47.72
12919,4175,44,259,2024-04-21,38.39
12920,3732,6,32,2024-04-15,24.08
12921,8153,15,87,2024-08-01,27.76
12922,7010,8,44,2024-11-11,11.09
12923,8612,21,126,2024-12-12,30.54
12924,2626,31,183,2024-09-12,58.18
12925,340,41,243,2024-08-02,30.23
12926,3550,42,247,2024-12-02,8.25
12927,7304,9,52,2024-02-10,38.05
12928,6809,49,291,2024-07-14,35.68
12929,1046,9,51,2024-07-11,13.30
12930,3797,6,35,2024-04-13,26.40
12931,1249,36,215,2024-01-24,64.13
12932,960,25,148,2024-09-05,11.67
12933,9360,27,161,2024-02-16,12.24
12934,7840,16,91,2024-03-15,5.91
12935,8274,48,283,2024-05-14,56.04
12936,3875,27,162,2024-07-15,50.21
12937,798,9,53,2024-03-23,27.78
12938,9306,29,169,2024-08-31,16.88
12939,8439,39,232,2024-07-11,76.10
12940,556,20,118,2024-05-04,33.31
12941,6876,48,283,2024-10-07,30.39
12942,9617,10,55,2024-08-01,15.92
12943,5130,48,283,2024-01-10,16.66
12944,1788,13,75,2024-07-08,60.48
12945,742,15,86,2024-10-31,13.80
12946,6332,38,224,2024-07-19,12.84
12947,3842,40,236,2024-04-29,10.68
12948,871,29,173,2024-10-19,40.60
12949,3570,14,82,2024-06-14,31.36
12950,6631,49,294,2024-12-21,45.48
12951,5318,30,175,2024-11-29,24.62
12952,2873,11,61,2024-08-04,30.88
12953,785,5,26,2024-12-11,25.17
12954,2292,46,276,2024-10-12,20.77
12955,1062,20,118,2024-10-22,25.04
12956,9188,18,104,2024-01-05,10.60
12957,208,50,297,2024-12-26,32.87
12958,4792,43,256,2024-06-29,21.41
12959,8579,32,191,2024-01-06,19.44
12960,4001,19,109,2024-06-14,7.40
12961,6372,40,239,2024-03-17,20.36
12962,3164,23,134,2024-11-13,16.61
12963,9236,15,89,2024-12-01,51.67
12964,7541,47,278,2024-10-04,39.29
12965,9831,10,60,2024-05-20,48.66
12966,9020,40,237,2024-12-26,37.77
12967,8366,28,163,2024-08-19,28.98
12968,8707,11,63,2024-03-02,22.98
12969,8628,9,53,2024-12-27,24.97
12970,6996,41,242,2024-07-21,15.14
12971,1187,20,118,2024-02-02,36.45
12972,981,28,167,2024-12-23,24.09
12973,4072,14,83,2024-06-23,18.33
12974,1501,30,178,2024-12-18,42.55
12975,6594,5,28,2024-07-24,9.54
12976,3216,41,241,2024-08-23,46.24
12977,2727,10,60,2024-10-29,14.24
12978,2113,29,174,2024-10-31,7.22
12979,2258,47,279,2024-05-07,29.41
12980,9165,21,123,2024-09-06,24.84
12981,9599,26,156,2024-01-15,33.41
12982,9829,31,184,2024-02-03,19.01
12983,182,30,180,2024-08-16,16.11
12984,2483,44,259,2024-12-30,21.21
12985,8040,50,295,2024-03-27,15.31
12986,8253,36,214,2024-12-31,24.39
12987,5393,23,136,2024-12-10,25.55
12988,4589,1,1,2024-03-18,23.37
12989,6174,5,29,2024-04-07,34.51
12990,653,43,256,2024-05-31,40.24
12991,9746,40,236,2024-02-09,42.36
12992,6464,19,114,2024-11-18,18.46
12993,7739,23,134,2024-07-06,27.46
12994,9167,30,176,2024-11-04,19.60
12995,3660,29,174,2024-03-31,16.20
12996,8986,48,288,2024-05-10,5.98
12997,8653,18,106,2024-12-04,34.24
12998,9639,8,48,2024-01-04,41.84
12999,8522,26,152,2024-08-10,26.95
13000,4942,25,146,2024-07-07,32.28
13001,1714,28,164,2024-01-30,47.05
13002,7575,38,228,2024-04-07,24.96
13003,7131,8,47,2024-03-11,21.34
13004,2127,5,28,2024-01-01,15.83
13005,4094,32,192,2024-11-21,51.20
13006,3677,34,203,2024-10-07,33.24
13007,783,6,33,2024-05-23,35.23
13008,5725,37,217,2024-09-20,13.52
13009,8665,34,200,2024-02-04,26.09
13010,1261,26,154,2024-06-18,37.27
13011,3478,45,268,2024-07-24,41.85
13012,1150,15,89,2024-11-16,14.13
13013,5785,14,81,2024-10-14,23.52
13014,5802,14,83,2024-02-01,19.58
13015,7328,2,12,2024-07-30,31.16
13016,4416,11,62,2024-03-04,16.49
13017,4139,19,110,2024-03-09,21.88
13018,7963,39,232,2024-03-06,27.97
13019,2577,42,251,2024-05-24,32.71
13020,6198,37,221,2024-08-19,8.50
13021,6079,47,282,2024-07-02,8.45
13022,4843,18,106,2024-01-04,34.59
13023,6202,5,25,2024-04-21,20.42
13024,8133,46,272,2024-08-30,33.67
13025,4058,15,86,2024-06-17,25.81
13026,8487,14,80,2024-02-27,26.96
13027,1135,37,217,2024-10-20,20.84
13028,231,41,244,2024-04-11,19.78
13029,9500,21,122,2024-10-04,38.87
13030,9816,1,3,2024-02-09,26.09
13031,7947,18,105,2024-07-01,19.32
13032,272,11,65,2024-07-19,14.99
13033,3611,10,57,2024-10-18,22.50
13034,7897,26,154,2024-02-19,23.98
13035,9059,19,114,2024-03-20,27.79
13036,2589,7,42,2024-08-19,72.45
13037,8445,5,28,2024-01-10,5.93
13038,9463,25,149,2024-08-29,37.92
13039,9608,21,123,2024-11-12,8.83
13040,1260,39,232,2024-05-23,62.94
13041,4427,5,29,2024-11-15,22.00
13042,8600,37,221,2024-09-06,29.38
13043,9168,46,273,2024-09-09,7.68
13044,3094,21,125,2024-05-11,20.42
13045,8318,30,178,2024-04-14,18.44
13046,3865,48,284,2024-05-25,21.86
13047,2395,37,217,2024-12-02,24.44
13048,1128,37,222,2024-01-09,30.87
13049,1110,37,220,2024-11-17,54.11
13050,6443,1,2,2024-11-16,56.70
13051,5316,26,153,2024-07-24,19.44
13052,8562,3,16,2024-05-24,48.62
13053,5387,30,180,2024-03-08,22.60
13054,7484,2,7,2024-12-28,25.30
13055,229,8,46,2024-12-16,21.23
13056,9939,3,13,2024-03-27,23.91
13057,4935,24,142,2024-04-01,20.41
13058,459,9,51,2024-10-01,25.08
13059,606,46,273,2024-12-25,26.32
13060,1683,7,41,2024-04-17,9.52
13061,8318,48,288,2024-04-30,22.56
13062,678,25,149,2024-04-21,14.42
13063,1057,25,147,2024-04-10,13.12
13064,2322,26,155,2024-07-12,27.43
13065,4391,5,30,2024-08-16,21.24
13066,2137,34,201,2024-08-15,53.14
13067,7919,50,296,2024-12-14,27.11
13068,2893,43,254,2024-06-07,28.55
13069,5544,13,77,2024-10-09,8.63
13070,7338,37,221,2024-11-25,24.86
13071,7738,37,221,2024-07-08,18.46
13072,821,46,274,2024-04-09,7.84
13073,2479,32,187,2024-06-09,25.52
13074,3788,36,214,2024-03-18,20.02
13075,8259,31,181,2024-02-08,24.94
13076,2981,28,165,2024-09-20,22.35
13077,5016,45,267,2024-02-13,11.89
13078,3503,30,176,2024-08-31,71.88
13079,2477,10,55,2024-07-09,69.62
13080,6127,15,87,2024-03-18,15.78
13081,3400,40,239,2024-11-28,26.49
13082,2491,6,31,2024-03-24,45.62
13083,2786,4,21,2024-12-22,17.90
13084,3314,22,131,2024-07-24,16.91
13085,3602,12,70,2024-11-23,15.90
13086,9877,25,146,2024-02-06,8.97
13087,8833,21,124,2024-01-18,24.85
13088,609,3,14,2024-01-10,18.71
13089,662,4,23,2024-03-30,21.89
13090,3649,47,278,2024-01-17,8.62
13091,6997,48,285,2024-11-20,9.88
13092,697,46,273,2024-09-11,7.20
13093,9537,4,21,2024-01-08,26.20
13094,3810,22,128,2024-03-09,24.32
13095,9048,50,295,2024-04-29,20.17
13096,5805,47,282,2024-06-22,20.11
13097,1009,35,208,2024-09-12,18.64
13098,965,8,45,2024-09-24,67.76
13099,4206,10,56,2024-04-08,15.61
13100,4141,38,226,2024-09-03,49.76
13101,6573,47,280,2024-11-23,30.20
13102,7128,24,139,2024-09-01,28.39
13103,9137,6,35,2024-12-07,27.62
13104,4284,21,125,2024-01-05,53.02
13105,5648,37,217,2024-06-15,51.76
13106,4919,28,164,2024-10-16,27.43
13107,4686,48,283,2024-02-28,18.82
13108,9293,34,204,2024-07-17,34.99
13109,4472,25,147,2024-07-07,20.45
13110,4251,39,232,2024-07-07,12.97
13111,369,46,276,2024-12-12,60.55
13112,7167,47,281,2024-05-11,15.70
13113,8699,3,14,2024-10-04,23.27
13114,9461,12,67,2024-11-22,18.18
13115,376,18,107,2024-07-31,13.50
13116,8598,37,220,2024-11-02,26.98
13117,8069,10,59,2024-04-11,22.43
13118,3876,25,145,2024-07-11,13.00
13119,2361,43,255,2024-12-12,35.77
13120,2944,48,283,2024-08-04,31.11
13121,1088,3,14,2024-11-17,63.72
13122,9342,22,131,2024-10-09,9.42
13123,5171,33,197,2024-03-30,63.70
13124,3856,19,113,2024-09-21,11.36
13125,1140,27,158,2024-12-02,17.20
13126,2366,25,148,2024-03-24,23.28
13127,2561,20,117,2024-10-10,29.49
13128,5336,46,272,2024-02-05,16.37
13129,6598,4,23,2024-02-03,24.70
13130,1575,10,55,2024-06-27,18.06
13131,4676,48,285,2024-03-19,38.09
13132,1686,2,12,2024-05-10,51.94
13133,7870,43,255,2024-01-24,33.35
13134,462,19,113,2024-03-18,31.11
13135,5696,31,183,2024-02-02,17.74
13136,242,14,84,2024-08-02,27.27
13137,4292,41,244,2024-09-04,31.54
13138,8249,29,171,2024-09-24,85.02
13139,2039,33,196,2024-04-11,11.68
13140,7455,12,71,2024-08-01,78.10
13141,2594,14,79,2024-05-19,14.24
13142,8547,33,195,2024-06-25,25.14
13143,8832,32,189,2024-07-08,38.73
13144,6988,15,90,2024-07-10,37.66
13145,8644,11,66,2024-12-20,14.64
13146,3412,13,73,2024-11-21,18.10
13147,315,32,190,2024-02-07,15.90
13148,7235,8,46,2024-03-24,27.40
13149,7761,22,128,2024-01-10,47.38
13150,9971,4,19,2024-08-07,10.48
13151,5734,45,270,2024-03-24,16.64
13152,9951,24,143,2024-03-25,30.52
13153,7506,49,294,2024-11-18,31.07
13154,541,39,234,2024-05-05,84.02
13155,3302,22,128,2024-07-22,17.90
13156,2898,25,148,2024-01-20,73.44
13157,1404,8,47,2024-02-18,14.79
13158,7399,8,47,2024-03-01,19.58
13159,9760,23,138,2024-07-27,70.92
13160,4003,1,3,2024-01-25,20.90
13161,5580,46,274,2024-02-26,39.97
13162,5566,3,14,2024-11-02,6.98
13163,9897,25,150,2024-07-06,21.42
13164,2744,35,209,2024-06-18,19.41
13165,2600,50,295,2024-01-28,38.27
13166,8889,2,9,2024-06-04,35.61
13167,7006,8,46,2024-12-26,24.82
13168,5149,33,194,2024-06-10,28.92
13169,3963,10,55,2024-09-06,36.87
13170,929,8,48,2024-12-09,27.28
13171,6162,48,285,2024-07-10,11.15
13172,6465,23,136,2024-03-14,56.44
13173,529,31,185,2024-10-13,16.76
13174,6554,29,169,2024-07-07,31.64
13175,3270,34,203,2024-12-27,19.35
13176,3737,41,245,2024-07-06,22.09
13177,9244,39,230,2024-10-28,21.36
13178,5589,29,170,2024-03-26,25.06
13179,8174,35,209,2024-01-20,27.46
13180,6776,15,88,2024-05-22,14.14
13181,712,3,16,2024-03-01,22.93
13182,1334,37,222,2024-12-09,40.99
13183,9125,24,144,2024-02-13,38.87
13184,4940,42,247,2024-08-28,66.35
13185,982,43,253,2024-04-06,19.35
13186,2686,34,199,2024-08-14,27.03
13187,9595,11,64,2024-04-18,19.44
13188,8913,27,161,2024-08-22,6.72
13189,204,23,134,2024-09-25,19.69
13190,377,8,44,2024-10-02,12.83
13191,4115,14,83,2024-02-08,21.63
13192,4743,1,6,2024-11-15,15.39
13193,9611,7,39,2024-03-01,16.44
13194,8718,9,49,2024-06-16,31.26
13195,2507,22,131,2024-11-07,32.52
13196,5576,41,244,2024-11-18,25.65
13197,2754,38,223,2024-01-08,13.59
13198,9673,8,46,2024-03-22,28.26
13199,9240,25,149,2024-07-12,16.34
13200,2859,17,102,2024-02-17,26.81
13201,1196,47,278,2024-10-30,30.76
13202,9616,18,104,2024-11-15,12.49
13203,666,11,66,2024-02-19,37.92
13204,9428,26,154,2024-12-19,9.29
13205,1432,49,289,2024-09-15,26.52
13206,8933,32,189,2024-12-04,8.62
13207,9534,8,48,2024-06-26,74.00
13208,8725,30,179,2024-11-11,17.62
13209,9299,24,139,2024-07-18,41.17
13210,5650,14,84,2024-08-17,33.82
13211,4501,15,88,2024-11-15,24.67
13212,6291,7,42,2024-07-11,22.15
13213,6314,19,114,2024-08-15,59.03
13214,615,31,181,2024-11-13,19.24
13215,5660,16,95,2024-10-05,17.35
13216,8704,17,100,2024-02-15,27.04
13217,8029,3,15,2024-09-24,45.14
13218,3444,37,217,2024-02-03,38.04
13219,4971,14,83,2024-11-13,15.24
13220,8721,36,214,2024-12-03,25.96
13221,6597,9,54,2024-09-03,10.76
13222,9061,40,237,2024-07-23,21.96
13223,6105,7,42,2024-04-20,38.48
13224,7490,7,38,2024-01-03,21.50
13225,3285,19,110,2024-10-08,38.42
13226,2670,50,300,2024-08-27,25.07
13227,5137,33,193,2024-06-03,29.10
13228,697,18,104,2024-10-17,24.30
13229,3041,13,78,2024-01-25,72.96
13230,6005,16,92,2024-10-14,27.93
13231,5819,11,62,2024-04-14,13.32
13232,850,49,290,2024-08-07,15.28
13233,385,32,190,2024-01-12,11.23
13234,3802,37,222,2024-05-30,18.47
13235,9771,34,201,2024-08-01,25.42
13236,99,36,213,2024-02-27,30.20
13237,4922,25,147,2024-02-08,25.68
13238,9931,38,228,2024-04-21,20.26
13239,3700,18,107,2024-07-05,14.11
13240,5792,27,162,2024-04-18,21.37
13241,3623,43,255,2024-07-30,16.64
13242,2593,17,99,2024-06-26,22.32
13243,7162,19,112,2024-07-22,20.88
13244,2369,15,87,2024-11-28,21.93
13245,1793,8,46,2024-04-23,7.18
13246,4009,47,282,2024-10-19,18.26
13247,3072,30,179,2024-11-24,9.69
13248,9751,40,240,2024-12-28,20.22
13249,9932,36,215,2024-09-14,50.79
13250,5777,2,9,2024-12-15,33.74
13251,3774,39,234,2024-06-07,39.68
13252,8013,39,230,2024-03-31,13.96
13253,2003,9,53,2024-11-27,13.89
13254,9902,7,40,2024-01-02,39.69
13255,6002,23,134,2024-03-06,30.00
13256,1344,46,274,2024-10-28,10.73
13257,9222,19,114,2024-09-10,52.36
13258,8008,9,49,2024-02-01,32.84
13259,693,22,131,2024-07-26,29.56
13260,3928,26,151,2024-08-28,10.72
13261,9445,20,118,2024-05-27,68.86
13262,7508,6,36,2024-07-17,19.15
13263,3014,7,37,2024-10-02,13.46
13264,1026,19,111,2024-09-04,22.78
13265,2921,24,142,2024-03-17,26.62
13266,6123,21,121,2024-06-12,21.56
13267,2235,4,21,2024-05-22,22.01
13268,5330,16,93,2024-04-08,24.21
13269,7341,25,148,2024-05-09,20.04
13270,7963,26,151,2024-06-15,21.07
13271,425,49,290,2024-04-17,72.19
13272,1147,15,88,2024-03-06,25.19
13273,5470,16,96,2024-11-10,26.98
13274,4012,9,53,2024-04-17,30.14
13275,4494,18,107,2024-10-22,85.76
13276,9167,21,124,2024-10-24,16.51
13277,5267,15,90,2024-09-07,52.51
13278,8171,50,299,2024-02-03,11.51
13279,7451,8,48,2024-09-17,24.31
13280,5654,33,194,2024-05-04,25.64
13281,4948,41,243,2024-06-13,35.27
13282,3541,25,149,2024-07-11,29.55
13283,7176,38,225,2024-06-07,29.05
13284,3205,33,197,2024-01-12,25.78
13285,4591,5,27,2024-03-13,23.36
13286,327,42,252,2024-11-08,30.31
13287,5912,28,163,2024-09-30,15.89
13288,8636,4,20,2024-11-21,9.15
13289,3217,25,147,2024-06-21,10.89
13290,676,4,21,2024-09-06,26.96
13291,2830,34,200,2024-06-20,28.01
13292,1358,17,98,2024-01-21,28.94
13293,6597,12,68,2024-09-20,23.85
13294,8369,40,236,2024-05-14,32.58
13295,4946,40,239,2024-11-02,10.54
13296,9527,35,207,2024-06-05,12.96
13297,8230,30,179,2024-07-11,15.08
13298,7266,48,285,2024-01-17,30.83
13299,3846,10,58,2024-12-28,14.77
13300,3574,20,115,2024-08-29,26.74
13301,7179,21,122,2024-10-20,16.60
13302,6215,7,37,2024-08-26,79.95
13303,2549,35,205,2024-11-21,81.36
13304,7734,6,35,2024-02-22,31.43
13305,6077,23,133,2024-10-03,26.76
13306,721,42,252,2024-02-20,10.00
13307,1127,29,172,2024-05-21,15.06
13308,5271,46,274,2024-04-26,12.86
13309,9947,19,112,2024-05-13,27.34
13310,3708,17,102,2024-01-22,16.35
13311,8635,38,228,2024-01-27,97.87
13312,841,19,113,2024-03-06,15.54
13313,599,4,19,2024-08-07,35.36
13314,6608,44,259,2024-11-03,21.16
13315,8766,39,230,2024-01-29,10.83
13316,5114,39,229,2024-10-17,67.08
13317,5747,15,89,2024-07-12,26.25
13318,8943,3,14,2024-12-18,9.35
13319,6887,42,251,2024-08-10,9.29
13320,7508,4,21,2024-11-23,19.50
13321,8075,42,249,2024-09-30,42.95
13322,8510,50,296,2024-01-26,17.04
13323,2344,7,39,2024-05-25,37.15
13324,1488,21,121,2024-11-11,23.76
13325,7770,47,281,2024-03-02,39.81
13326,9175,39,232,2024-01-15,52.45
13327,2869,21,122,2024-01-17,35.96
13328,8809,46,273,2024-07-18,16.13
13329,6111,44,263,2024-08-17,21.00
13330,1097,3,16,2024-11-15,28.64
13331,1969,22,132,2024-03-11,9.53
13332,6282,21,125,2024-01-18,17.35
13333,148,40,239,2024-03-17,23.10
13334,4142,8,48,2024-01-06,5.78
13335,141,23,135,2024-02-11,18.82
13336,7420,14,82,2024-03-02,10.90
13337,6360,22,132,2024-11-06,36.45
13338,9405,46,273,2024-08-17,18.88
13339,6122,43,258,2024-07-06,19.67
13340,4119,10,58,2024-09-04,55.80
13341,9338,38,227,2024-07-30,14.66
13342,9582,4,24,2024-05-27,26.06
13343,6323,5,29,2024-02-28,12.78
13344,7477,18,103,2024-06-29,23.23
13345,797,20,120,2024-06-11,14.25
13346,2657,49,293,2024-07-06,34.24
13347,3535,50,297,2024-02-15,8.44
13348,6390,45,269,2024-05-22,21.09
13349,4706,17,101,2024-08-16,57.54
13350,1057,5,29,2024-06-18,20.28
13351,2667,35,206,2024-10-14,20.08
13352,4001,20,118,2024-06-14,10.61
13353,7548,38,223,2024-01-18,43.36
13354,8840,25,149,2024-08-03,14.30
13355,3796,13,76,2024-02-29,9.71
13356,5941,44,262,2024-01-30,30.49
13357,3831,16,91,2024-05-27,39.62
13358,3388,44,263,2024-11-07,27.16
13359,3189,29,174,2024-05-09,26.81
13360,181,6,32,2024-05-16,34.56
13361,7169,9,51,2024-11-26,16.53
13362,4765,14,79,2024-12-28,27.92
13363,6360,19,114,2024-01-11,19.34
13364,9254,35,208,2024-02-12,21.36
13365,8062,21,126,2024-05-01,28.12
13366,4881,27,159,2024-11-09,29.09
13367,1522,38,225,2024-03-08,20.30
13368,1021,10,59,2024-04-05,26.21
13369,7496,50,296,2024-05-19,14.07
13370,688,37,222,2024-04-14,25.42
13371,939,38,223,2024-07-27,25.02
13372,5049,7,40,2024-02-27,38.22
13373,5835,44,262,2024-04-24,20.85
13374,7323,32,191,2024-12-17,18.61
13375,6063,28,166,2024-09-20,39.15
13376,9162,38,228,2024-02-08,15.75
13377,582,12,67,2024-07-10,18.74
13378,9463,29,171,2024-01-26,24.65
13379,5185,15,87,2024-05-15,6.59
13380,8093,3,16,2024-03-11,17.93
13381,9118,24,140,2024-10-21,10.07
13382,5420,12,71,2024-05-25,28.83
13383,3770,26,153,2024-09-04,47.51
13384,4865,21,126,2024-05-27,34.55
13385,2609,50,297,2024-06-26,31.59
13386,5591,41,245,2024-01-11,58.33
13387,1229,33,195,2024-02-13,5.90
13388,2821,37,217,2024-04-24,18.65
13389,4568,16,94,2024-02-08,50.26
13390,4447,44,260,2024-05-03,17.01
13391,1236,41,241,2024-09-08,7.75
13392,2916,2,12,2024-07-21,14.87
13393,7800,40,237,2024-07-13,14.57
13394,5800,26,155,2024-12-22,25.78
13395,3566,45,265,2024-04-28,40.08
13396,1106,37,219,2024-03-21,50.08
13397,9874,32,187,2024-08-22,31.80
13398,5136,11,61,2024-02-29,39.93
13399,6416,18,105,2024-05-17,23.30
13400,56,40,237,2024-01-16,48.24
13401,3374,31,186,2024-12-12,17.90
13402,9118,47,277,2024-12-18,15.68
13403,6342,47,278,2024-02-12,50.15
13404,3050,43,256,2024-10-22,52.83
13405,8470,31,186,2024-11-07,19.15
13406,8821,4,22,2024-11-26,28.34
13407,8610,18,104,2024-07-02,12.57
13408,1617,34,199,2024-01-03,19.38
13409,2188,46,275,2024-01-13,14.48
13410,6962,45,265,2024-10-21,52.14
13411,3187,1,5,2024-05-19,11.96
13412,7735,50,299,2024-11-16,12.97
13413,1112,18,106,2024-10-03,28.88
13414,4141,32,187,2024-09-20,24.00
13415,9829,6,34,2024-09-04,21.00
13416,5040,25,150,2024-10-31,9.93
13417,4958,30,176,2024-06-16,23.47
13418,2862,10,58,2024-10-30,25.40
13419,6589,14,83,2024-11-19,44.03
13420,8155,17,102,2024-11-15,22.69
13421,2753,26,155,2024-02-28,22.34
13422,6402,23,135,2024-06-15,46.65
13423,1264,30,180,2024-12-28,18.78
13424,4579,47,279,2024-08-22,21.46
13425,5489,19,110,2024-02-23,22.70
13426,1201,42,252,2024-08-19,38.87
13427,2619,27,159,2024-10-20,23.14
13428,6254,20,116,2024-03-03,27.50
13429,7153,20,116,2024-11-27,30.68
13430,568,32,191,2024-02-09,21.52
13431,5666,17,97,2024-06-25,11.91
13432,1566,38,223,2024-02-04,27.54
13433,7090,2,11,2024-01-20,38.74
13434,6336,9,49,2024-07-03,42.71
13435,1474,3,13,2024-04-10,13.57
13436,9654,36,214,2024-12-15,35.95
13437,8266,14,84,2024-12-12,30.64
13438,8208,9,54,2024-09-14,18.16
13439,1642,29,173,2024-03-09,37.22
13440,9567,9,51,2024-06-10,32.95
13441,5670,44,261,2024-04-15,10.03
13442,2178,18,103,2024-02-19,100.27
13443,9095,35,206,2024-02-24,11.54
13444,8219,48,288,2024-05-21,26.70
13445,342,48,287,2024-11-08,29.67
13446,892,43,256,2024-01-17,14.80
13447,4750,32,192,2024-09-27,25.14
13448,2317,17,97,2024-12-31,15.96
13449,583,34,199,2024-05-10,12.18
13450,4623,42,247,2024-03-27,89.60
13451,5851,36,214,2024-08-21,16.58
13452,7859,48,285,2024-06-28,19.40
13453,5303,45,265,2024-04-28,9.53
13454,2616,34,201,2024-07-12,36.40
13455,809,23,137,2024-11-23,50.77
13456,5655,47,282,2024-08-18,14.24
13457,353,9,53,2024-09-29,18.27
13458,430,21,124,2024-02-06,33.71
13459,4876,16,95,2024-06-11,14.15
13460,1926,48,286,2024-05-09,32.16
13461,1779,26,151,2024-12-29,15.17
13462,5996,17,98,2024-12-17,34.26
13463,3085,29,172,2024-04-24,19.47
13464,7149,43,253,2024-02-16,18.20
13465,6820,45,266,2024-06-21,38.40
13466,9041,26,151,2024-10-15,10.95
13467,7642,31,181,2024-02-24,64.54
13468,2285,27,162,2024-07-05,27.92
13469,4765,42,249,2024-10-29,22.36
13470,9519,43,254,2024-03-29,30.43
13471,1749,24,140,2024-04-27,19.87
13472,4500,25,145,2024-12-26,31.49
13473,1671,16,93,2024-11-23,39.79
13474,5403,16,91,2024-12-16,33.68
13475,1059,47,278,2024-05-31,14.81
13476,2921,35,205,2024-07-13,36.76
13477,1554,34,200,2024-02-04,30.67
13478,8166,39,229,2024-10-23,22.64
13479,9996,33,194,2024-12-04,22.82
13480,2360,36,212,2024-06-16,11.36
13481,9898,1,6,2024-08-10,24.93
13482,1165,32,189,2024-07-22,11.35
13483,1516,20,116,2024-05-03,25.63
13484,6803,50,297,2024-01-18,29.78
13485,3881,49,290,2024-10-08,45.90
13486,8922,50,295,2024-05-06,35.02
13487,8900,6,32,2024-02-10,33.92
13488,7801,21,125,2024-04-27,52.09
13489,6959,27,161,2024-06-27,16.66
13490,8760,2,12,2024-07-09,16.75
13491,3779,9,54,2024-12-05,24.52
13492,3175,32,188,2024-09-28,16.19
13493,9650,37,220,2024-11-18,29.60
13494,488,47,279,2024-03-18,22.77
13495,311,20,120,2024-05-16,20.15
13496,2504,28,163,2024-03-29,40.64
13497,6215,4,23,2024-05-07,46.96
13498,6059,2,11,2024-09-20,8.52
13499,1306,9,50,2024-09-11,27.20
13500,6996,33,194,2024-06-18,30.91
13501,4028,9,51,2024-08-26,22.58
13502,2331,33,196,2024-09-13,24.46
13503,2435,43,258,2024-07-26,29.96
13504,6780,10,59,2024-12-06,10.93
13505,6331,31,183,2024-07-16,12.39
13506,4379,9,54,2024-02-11,15.42
13507,2865,10,60,2024-08-01,22.28
13508,4500,2,11,2024-04-12,24.62
13509,5146,2,11,2024-09-21,12.49
13510,2042,13,75,2024-07-20,20.27
13511,2222,4,21,2024-11-15,29.19
13512,1791,17,100,2024-10-14,16.12
13513,3772,44,263,2024-08-08,10.81
13514,6065,2,8,2024-06-19,17.19
13515,3033,16,96,2024-05-10,20.04
13516,1291,28,166,2024-04-26,27.55
13517,9204,48,283,2024-06-07,31.33
13518,5814,46,271,2024-12-20,26.60
13519,932,4,24,2024-04-12,23.77
13520,8413,13,74,2024-02-10,9.70
13521,5399,31,181,2024-11-01,23.22
13522,6834,34,204,2024-10-11,25.80
13523,8751,33,198,2024-04-05,25.70
13524,9066,1,5,2024-03-15,26.47
13525,3222,1,1,2024-09-18,44.56
13526,9071,2,10,2024-10-28,27.88
13527,3160,29,170,2024-11-20,29.73
13528,8528,19,113,2024-11-07,48.33
13529,8758,13,78,2024-05-26,19.52
13530,6448,33,194,2024-07-17,26.78
13531,750,2,8,2024-06-21,29.30
13532,9686,37,222,2024-11-28,23.95
13533,9769,32,192,2024-11-08,35.98
13534,3418,28,163,2024-05-13,15.24
13535,9855,31,181,2024-02-27,11.13
13536,7779,42,247,2024-01-22,22.83
13537,1122,5,27,2024-12-06,28.54
13538,1346,34,201,2024-05-03,25.76
13539,5853,26,153,2024-10-10,34.70
13540,7201,12,67,2024-04-26,12.95
13541,7658,26,154,2024-12-27,22.86
13542,1442,22,130,2024-01-04,58.55
13543,2149,42,251,2024-10-15,6.79
13544,5053,16,93,2024-12-27,7.95
13545,9401,2,7,2024-05-04,23.99
13546,9686,14,83,2024-03-07,24.28
13547,386,19,109,2024-03-29,32.84
13548,6747,26,155,2024-02-15,18.82
13549,2961,3,17,2024-03-16,15.19
13550,2354,1,4,2024-08-04,63.73
13551,9111,27,158,2024-10-16,19.33
13552,4412,5,26,2024-04-04,19.18
13553,1195,26,155,2024-02-01,29.87
13554,3248,39,231,2024-06-05,26.99
13555,8222,19,109,2024-11-25,32.11
13556,7290,35,209,2024-06-22,23.40
13557,2540,23,134,2024-12-21,27.99
13558,3453,33,198,2024-04-11,17.98
13559,2228,27,157,2024-11-15,34.61
13560,7533,4,22,2024-03-28,24.80
13561,174,18,104,2024-03-26,14.00
13562,7377,40,237,2024-05-04,34.89
13563,9010,34,203,2024-01-08,17.51
13564,7278,6,34,2024-11-20,25.32
13565,3489,40,240,2024-07-30,13.76
13566,9864,50,299,2024-07-19,17.66
13567,2646,26,151,2024-11-06,49.25
13568,9864,27,157,2024-12-24,21.57
13569,1983,7,38,2024-12-18,20.97
13570,5256,6,31,2024-12-20,22.04
13571,1770,27,161,2024-06-24,18.73
13572,3242,20,116,2024-01-20,20.45
13573,3638,1,3,2024-03-25,32.99
13574,7263,35,206,2024-09-27,16.72
13575,5529,27,160,2024-03-14,26.53
13576,8950,13,78,2024-10-08,13.74
13577,9324,38,223,2024-06-12,18.65
13578,6404,20,119,2024-04-19,24.58
13579,4985,28,166,2024-03-22,18.98
13580,3306,30,176,2024-07-20,12.82
13581,8557,30,177,2024-05-01,22.72
13582,5666,40,240,2024-05-16,37.99
13583,2848,20,115,2024-01-30,63.06
13584,3658,43,255,2024-05-11,59.35
13585,2014,23,133,2024-10-09,21.08
13586,4736,35,208,2024-10-02,40.09
13587,1802,24,141,2024-02-01,7.40
13588,6453,7,37,2024-05-30,21.20
13589,2781,8,46,2024-05-24,22.11
13590,9442,44,264,2024-10-16,8.25
13591,8912,27,161,2024-07-08,16.33
13592,3697,39,229,2024-10-18,23.99
13593,6848,50,299,2024-04-25,38.07
13594,362,48,283,2024-02-16,34.88
13595,4196,50,296,2024-05-24,10.11
13596,3000,15,88,2024-06-28,67.78
13597,1492,18,103,2024-02-23,24.75
13598,159,20,117,2024-03-01,29.52
13599,5951,25,148,2024-01-14,15.41
13600,341,45,267,2024-07-24,14.74
13601,8707,9,51,2024-11-07,20.69
13602,3430,26,156,2024-11-26,10.57
13603,9476,38,226,2024-01-14,24.48
13604,8093,50,295,2024-01-05,8.13
13605,3096,9,53,2024-05-18,26.73
13606,6019,21,122,2024-07-26,47.94
13607,7733,45,268,2024-11-25,35.76
13608,6949,36,213,2024-03-15,13.56
13609,6117,8,43,2024-08-07,30.72
13610,2798,30,180,2024-08-02,9.56
13611,5596,5,29,2024-05-26,35.52
13612,312,42,249,2024-08-02,42.97
13613,6408,40,239,2024-10-06,59.04
13614,2104,15,87,2024-12-06,32.20
13615,3882,28,165,2024-03-26,12.39
13616,9505,26,154,2024-08-15,15.88
13617,335,46,274,2024-12-21,33.75
13618,7318,17,100,2024-03-20,36.32
13619,3899,42,252,2024-10-27,54.17
13620,9466,32,188,2024-01-20,16.28
13621,8374,10,58,2024-04-30,10.37
13622,7081,49,289,2024-08-10,17.69
13623,1031,5,30,2024-01-11,23.96
13624,6316,45,269,2024-11-20,10.05
13625,7527,43,258,2024-11-16,32.14
13626,9228,10,57,2024-02-07,7.02
13627,8326,30,175,2024-07-06,47.97
13628,3083,17,101,2024-03-16,24.53
13629,8352,25,146,2024-10-09,28.58
13630,3783,19,114,2024-09-16,35.87
13631,5270,42,247,2024-08-20,9.51
13632,7197,33,197,2024-12-20,29.60
13633,4064,27,157,2024-12-23,7.60
13634,5762,6,33,2024-09-07,9.72
13635,4515,28,166,2024-08-05,30.76
13636,9285,35,206,2024-09-10,23.88
13637,6990,45,266,2024-01-01,14.04
13638,7339,34,204,2024-02-14,29.30
13639,1649,40,238,2024-07-25,34.04
13640,8784,35,208,2024-02-18,36.84
13641,8961,9,52,2024-06-20,14.69
13642,8676,20,120,2024-06-05,22.54
13643,292,29,174,2024-10-17,73.40
13644,6231,45,268,2024-04-27,51.36
13645,4957,42,247,2024-04-08,51.71
13646,8353,34,204,2024-12-13,6.47
13647,9298,5,27,2024-11-18,54.16
13648,1711,7,39,2024-08-07,27.78
13649,8958,12,70,2024-12-09,20.95
13650,4692,20,115,2024-12-09,19.20
13651,171,40,237,2024-09-21,13.46
13652,2536,45,267,2024-07-16,43.90
13653,1764,22,127,2024-05-11,23.07
13654,6415,10,59,2024-04-24,47.63
13655,4617,26,152,2024-11-24,25.16
13656,6247,31,185,2024-05-31,55.80
13657,1189,22,128,2024-03-25,10.64
13658,1544,12,71,2024-04-23,48.52
13659,4839,44,259,2024-02-02,39.61
13660,5912,26,155,2024-01-17,15.63
13661,4805,30,180,2024-06-30,56.18
13662,8472,15,87,2024-10-31,40.68
13663,758,41,245,2024-02-01,16.93
13664,3700,44,260,2024-03-30,14.70
13665,4569,30,178,2024-09-07,9.06
13666,1494,32,192,2024-11-10,18.77
13667,2149,2,11,2024-01-08,19.84
13668,8804,16,92,2024-04-12,12.41
13669,1547,39,229,2024-12-09,10.21
13670,4527,32,189,2024-07-30,24.19
13671,5095,30,175,2024-09-21,21.58
13672,5860,29,173,2024-06-17,24.66
13673,4772,18,107,2024-10-14,10.48
13674,4031,18,106,2024-11-24,28.95
13675,3636,40,239,2024-11-23,34.10
13676,771,13,77,2024-05-03,49.88
13677,5898,18,104,2024-11-15,65.62
13678,6557,16,95,2024-05-28,16.73
13679,5040,8,45,2024-10-14,19.08
13680,498,12,72,2024-08-03,14.74
13681,8237,42,252,2024-01-24,19.73
13682,7801,20,120,2024-04-09,52.99
13683,669,26,153,2024-10-03,25.24
13684,3113,6,33,2024-06-17,33.10
13685,5227,26,154,2024-05-11,8.61
13686,8914,31,182,2024-12-09,21.58
13687,3194,13,78,2024-06-19,69.22
13688,4845,21,126,2024-05-22,7.55
13689,3630,10,55,2024-12-15,25.80
13690,8363,24,142,2024-10-03,9.56
13691,9208,31,185,2024-04-09,17.42
13692,7415,48,283,2024-09-15,47.69
13693,5602,42,247,2024-03-29,8.41
13694,2898,35,209,2024-03-28,28.83
13695,1094,20,116,2024-04-23,9.04
13696,5900,32,191,2024-11-01,8.81
13697,7613,7,38,2024-02-05,63.63
13698,4617,45,268,2024-12-15,44.43
13699,7183,14,80,2024-01-03,39.96
13700,8526,27,158,2024-01-14,14.84
13701,2002,18,104,2024-08-18,80.60
13702,2316,50,300,2024-12-10,41.22
13703,3134,22,130,2024-09-27,30.16
13704,8714,43,258,2024-01-28,30.18
13705,5145,11,65,2024-12-10,25.88
13706,2778,10,55,2024-12-20,34.11
13707,7109,18,108,2024-11-04,28.55
13708,2886,50,298,2024-11-14,43.41
13709,3504,37,221,2024-08-03,70.01
13710,8929,47,280,2024-09-06,16.88
13711,8032,24,141,2024-11-14,10.34
13712,5954,37,222,2024-05-18,23.71
13713,9341,25,150,2024-07-08,12.24
13714,1481,23,135,2024-07-15,28.40
13715,8351,43,257,2024-10-22,36.03
13716,5207,19,111,2024-06-30,14.31
13717,1417,47,280,2024-03-25,29.14
13718,8554,34,203,2024-08-02,33.49
13719,298,24,142,2024-12-08,54.50
13720,4817,44,262,2024-09-18,29.88
13721,2769,21,123,2024-06-02,85.18
13722,896,42,248,2024-06-19,15.86
13723,2188,32,190,2024-06-16,22.14
13724,6050,19,109,2024-09-20,50.30
13725,6756,35,205,2024-09-04,22.63
13726,9046,48,283,2024-04-08,11.15
13727,7056,39,234,2024-12-27,20.21
13728,6004,22,128,2024-05-25,12.58
13729,8817,41,243,2024-02-02,14.17
13730,9947,11,62,2024-06-24,51.58
13731,1378,49,290,2024-01-11,14.07
13732,6602,7,39,2024-11-20,37.10
13733,5559,18,106,2024-08-04,29.04
13734,3691,24,144,2024-05-30,16.56
13735,6848,5,28,2024-12-30,6.89
13736,7672,25,147,2024-03-29,21.13
13737,3681,18,107,2024-01-23,13.08
13738,4333,27,160,2024-12-05,22.63
13739,3862,17,99,2024-03-31,29.29
13740,1343,40,235,2024-11-12,62.27
13741,8506,38,226,2024-12-25,52.91
13742,310,37,218,2024-08-06,9.36
13743,5727,36,211,2024-11-28,21.04
13744,7179,26,154,2024-06-27,21.37
13745,4345,50,298,2024-01-13,28.26
13746,7255,44,263,2024-02-14,38.28
13747,4661,36,211,2024-02-16,17.23
13748,6815,43,257,2024-06-17,17.02
13749,8969,13,73,2024-03-23,35.41
13750,7526,18,106,2024-07-20,40.03
13751,3818,40,238,2024-05-02,36.52
13752,1485,6,31,2024-01-18,26.95
13753,9785,4,19,2024-09-11,55.82
13754,8525,7,41,2024-02-13,9.79
13755,2670,32,189,2024-06-21,32.05
13756,2639,12,72,2024-10-19,43.14
13757,4180,28,165,2024-01-26,34.34
13758,9556,7,42,2024-12-21,40.55
13759,3511,38,226,2024-04-01,27.55
13760,1032,8,45,2024-11-18,12.09
13761,2512,17,101,2024-06-15,32.13
13762,4897,8,43,2024-05-09,11.57
13763,8641,25,147,2024-03-15,13.14
13764,5280,19,109,2024-07-17,31.86
13765,8191,36,211,2024-02-20,53.48
13766,1584,35,208,2024-08-23,16.43
13767,6054,9,51,2024-01-15,7.93
13768,3021,19,110,2024-12-29,10.97
13769,6113,41,244,2024-09-04,28.35
13770,3000,39,229,2024-08-30,5.83
13771,1883,7,40,2024-09-26,26.95
13772,6218,17,102,2024-11-17,20.24
13773,8938,31,185,2024-03-03,16.12
13774,4802,45,269,2024-09-18,21.17
13775,1989,14,83,2024-06-15,35.24
13776,2957,7,39,2024-11-13,16.42
13777,2544,1,4,2024-04-20,29.84
13778,1410,44,259,2024-12-17,15.52
13779,404,13,75,2024-11-02,22.20
13780,6733,18,103,2024-10-01,48.59
13781,2080,48,285,2024-04-16,34.06
13782,3665,28,167,2024-04-05,37.53
13783,3944,13,78,2024-06-10,17.47
13784,1002,35,210,2024-11-03,30.01
13785,5312,13,78,2024-11-26,29.72
13786,3453,19,113,2024-07-31,11.10
13787,3963,50,298,2024-07-01,23.72
13788,5335,8,46,2024-12-02,10.93
13789,9670,45,268,2024-05-11,36.66
13790,5557,20,118,2024-07-16,69.93
13791,895,7,41,2024-10-25,21.31
13792,4177,42,248,2024-12-20,28.23
13793,7144,41,243,2024-11-24,9.83
13794,429,3,18,2024-07-12,17.27
13795,4203,23,138,2024-05-04,23.49
13796,525,26,154,2024-07-19,35.11
13797,9460,16,91,2024-05-28,32.25
13798,7826,33,196,2024-06-27,90.02
13799,2243,3,14,2024-03-24,11.30
13800,4391,36,213,2024-04-19,23.93
13801,8174,6,35,2024-07-15,30.20
13802,876,45,266,2024-10-10,50.00
13803,6549,17,97,2024-10-29,24.62
13804,2229,31,184,2024-12-03,28.58
13805,1387,30,178,2024-07-20,70.52
13806,7524,23,137,2024-02-29,34.19
13807,3217,37,221,2024-12-08,15.14
13808,3963,21,126,2024-07-30,15.37
13809,791,41,246,2024-04-06,55.45
13810,3945,6,34,2024-12-24,13.48
13811,6878,23,136,2024-02-04,19.89
13812,5929,18,104,2024-10-05,56.70
13813,9993,29,170,2024-12-29,58.77
13814,2232,39,234,2024-11-10,31.60
13815,6034,24,143,2024-10-31,36.96
13816,9604,13,74,2024-11-12,26.03
13817,7499,18,108,2024-08-27,10.65
13818,2214,24,141,2024-06-30,16.60
13819,3606,18,107,2024-11-20,14.77
13820,5664,22,132,2024-01-28,11.95
13821,3777,15,89,2024-10-04,39.36
13822,6463,46,273,2024-03-01,23.27
13823,2783,6,33,2024-01-02,22.71
13824,6273,23,137,2024-02-10,25.84
13825,8846,50,300,2024-02-08,24.48
13826,5207,29,173,2024-06-29,30.34
13827,5179,49,290,2024-12-07,36.49
13828,8829,45,265,2024-02-05,38.64
13829,8832,45,270,2024-11-25,25.33
13830,1831,41,243,2024-12-04,32.54
13831,8216,33,198,2024-09-30,22.34
13832,9469,36,212,2024-10-02,37.11
13833,1524,34,202,2024-09-21,14.58
13834,6993,31,181,2024-03-30,23.60
13835,484,7,38,2024-06-12,20.74
13836,6413,35,207,2024-10-21,26.89
13837,4957,41,241,2024-03-20,34.80
13838,1324,45,270,2024-07-08,48.70
13839,6209,33,197,2024-10-07,53.57
13840,2248,14,81,2024-09-21,15.77
13841,1924,25,150,2024-11-09,47.51
13842,2985,25,146,2024-02-13,14.10
13843,9463,39,229,2024-02-29,24.45
13844,1930,46,275,2024-11-27,16.77
13845,3344,3,13,2024-01-15,41.50
13846,2214,25,145,2024-06-16,15.09
13847,662,12,70,2024-08-16,44.08
13848,3916,39,233,2024-03-13,37.12
13849,5233,45,270,2024-08-13,21.00
13850,1596,13,77,2024-04-03,11.10
13851,769,32,187,2024-04-25,15.51
13852,4563,15,86,2024-05-21,14.72
13853,4806,46,271,2024-12-07,29.52
13854,1444,46,274,2024-09-28,9.53
13855,8276,43,258,2024-02-12,24.00
13856,5117,24,141,2024-01-17,9.89
13857,1980,37,221,2024-02-28,19.60
13858,3989,24,142,2024-04-16,24.36
13859,8980,43,255,2024-04-02,56.42
13860,7985,20,116,2024-07-31,25.29
13861,6906,23,134,2024-04-25,11.29
13862,6278,14,83,2024-02-20,19.12
13863,6893,44,261,2024-03-11,15.78
13864,5240,10,57,2024-01-19,35.20
13865,4838,19,114,2024-11-23,24.95
13866,9665,18,107,2024-10-01,40.41
13867,4636,4,23,2024-05-18,84.48
13868,5656,34,201,2024-03-21,30.01
13869,2096,31,186,2024-03-27,9.52
13870,4996,43,256,2024-11-10,30.91
13871,4985,29,171,2024-02-23,48.42
13872,6488,13,73,2024-12-29,19.36
13873,26,4,22,2024-07-22,80.78
13874,7115,13,77,2024-08-12,33.25
13875,340,5,26,2024-11-14,7.35
13876,650,8,48,2024-11-21,24.20
13877,2690,26,151,2024-04-01,13.48
13878,3246,29,173,2024-11-05,36.76
13879,3271,42,251,2024-06-15,60.35
13880,237,24,141,2024-10-13,31.20
13881,2276,14,83,2024-11-23,27.62
13882,7620,24,143,2024-01-29,12.27
13883,6750,12,68,2024-12-02,21.26
13884,7407,6,31,2024-07-17,10.50
13885,687,48,283,2024-03-28,13.37
13886,1390,4,23,2024-03-01,25.21
13887,9887,46,275,2024-07-27,31.48
13888,8583,44,262,2024-09-21,9.66
13889,1458,3,16,2024-01-23,32.11
13890,5040,37,220,2024-01-25,13.85
13891,909,11,61,2024-04-03,44.97
13892,8763,22,127,2024-11-06,23.79
13893,1779,6,35,2024-03-14,42.85
13894,1199,34,200,2024-01-10,16.01
13895,9437,31,183,2024-03-16,14.00
13896,8768,11,62,2024-11-01,77.21
13897,6088,24,143,2024-09-04,24.66
13898,8682,39,232,2024-09-21,10.91
13899,7096,27,160,2024-06-13,41.02
13900,2320,24,141,2024-01-10,33.38
13901,7619,25,146,2024-04-08,41.15
13902,2833,27,159,2024-09-26,27.90
13903,6848,12,72,2024-02-27,12.00
13904,3267,3,17,2024-10-16,19.89
13905,7629,35,206,2024-04-09,15.04
13906,3474,36,214,2024-03-04,14.60
13907,8351,9,50,2024-08-18,15.09
13908,9551,5,26,2024-07-06,21.16
13909,6935,45,269,2024-11-15,22.29
13910,7249,23,135,2024-02-17,22.59
13911,4158,27,161,2024-08-20,24.33
13912,8027,15,88,2024-10-30,23.62
13913,6627,3,14,2024-10-15,29.51
13914,4601,47,282,2024-11-22,67.10
13915,8085,12,67,2024-07-31,22.25
13916,8349,19,111,2024-11-17,71.85
13917,542,5,30,2024-02-13,14.45
13918,6302,32,190,2024-04-27,29.49
13919,728,48,288,2024-01-27,39.79
13920,7352,31,185,2024-11-21,56.99
13921,2839,10,59,2024-07-25,22.19
13922,5540,16,94,2024-10-16,27.30
13923,5412,31,184,2024-05-13,12.68
13924,1870,31,186,2024-03-19,30.30
13925,7031,47,279,2024-07-10,29.40
13926,1005,38,227,2024-10-11,12.00
13927,2011,29,171,2024-10-17,39.13
13928,2008,49,293,2024-12-18,15.04
13929,5355,32,192,2024-12-29,27.10
13930,3959,16,94,2024-04-06,41.38
13931,5713,6,32,2024-07-30,37.23
13932,2974,30,179,2024-10-24,28.50
13933,691,38,225,2024-12-27,30.00
13934,3434,33,197,2024-06-15,13.66
13935,7066,17,99,2024-07-23,17.83
13936,5856,11,65,2024-01-20,15.27
13937,9958,20,119,2024-12-23,23.07
13938,5488,3,13,2024-05-18,24.50
13939,22,8,43,2024-05-01,76.44
13940,60,40,235,2024-09-05,19.95
13941,4208,30,178,2024-06-25,16.50
13942,789,35,210,2024-06-23,25.00
13943,2134,7,37,2024-03-21,21.16
13944,7028,36,211,2024-03-23,31.44
13945,5204,27,157,2024-01-10,16.21
13946,4405,5,29,2024-11-25,36.86
13947,4609,37,218,2024-04-15,12.24
13948,1935,32,190,2024-07-04,28.76
13949,1318,31,184,2024-04-23,25.07
13950,8576,8,45,2024-12-23,28.91
13951,6584,17,98,2024-07-03,33.14
13952,7537,30,179,2024-04-02,20.24
13953,5732,21,123,2024-09-04,24.11
13954,9409,34,202,2024-06-12,20.49
13955,6663,23,137,2024-08-21,28.16
13956,5730,16,91,2024-10-29,24.38
13957,5420,4,23,2024-12-01,13.02
13958,4017,30,177,2024-05-18,22.08
13959,9879,48,287,2024-02-14,22.88
13960,8955,40,240,2024-10-20,38.46
13961,6907,27,162,2024-02-27,22.25
13962,7794,42,247,2024-11-19,25.86
13963,8571,7,40,2024-01-25,21.81
13964,4896,33,197,2024-08-23,10.20
13965,7778,34,202,2024-03-30,12.07
13966,616,5,28,2024-07-25,30.21
13967,7494,21,122,2024-01-09,13.32
13968,7327,25,149,2024-09-16,16.28
13969,2724,8,47,2024-08-22,36.14
13970,8240,32,188,2024-02-04,19.77
13971,4226,37,220,2024-04-15,8.26
13972,1700,36,211,2024-01-26,21.49
13973,5660,21,126,2024-02-28,37.58
13974,5103,20,118,2024-09-01,73.26
13975,2991,34,204,2024-01-07,24.43
13976,5271,2,7,2024-12-14,16.35
13977,7677,49,290,2024-07-18,15.43
13978,3455,46,271,2024-03-27,17.79
13979,9009,36,215,2024-01-23,17.00
13980,2426,19,114,2024-04-26,35.80
13981,761,4,20,2024-11-21,41.91
13982,1919,15,88,2024-11-15,11.15
13983,363,49,291,2024-09-30,18.70
13984,2242,46,275,2024-04-09,37.23
13985,750,23,133,2024-05-07,64.08
13986,1340,39,231,2024-11-28,24.94
13987,9807,47,278,2024-08-09,15.41
13988,5327,3,16,2024-03-03,21.89
13989,5225,11,61,2024-04-28,65.36
13990,1349,7,38,2024-11-27,6.92
13991,3149,41,241,2024-12-21,18.65
13992,1008,34,204,2024-06-03,15.16
13993,4563,18,104,2024-11-23,61.66
13994,6510,22,132,2024-05-13,15.57
13995,5577,42,250,2024-06-18,32.75
13996,2847,16,96,2024-09-14,18.70
13997,378,48,285,2024-04-22,7.38
13998,2949,44,263,2024-02-06,56.37
13999,7965,47,281,2024-09-12,14.53
14000,2289,6,31,2024-04-14,34.24
14001,7844,23,137,2024-06-27,41.56
14002,8626,33,197,2024-04-16,13.76
14003,2322,43,253,2024-06-25,17.56
14004,6649,22,127,2024-05-04,43.46
14005,2994,13,74,2024-10-06,20.23
14006,7932,10,60,2024-01-13,9.73
14007,2592,50,297,2024-03-31,32.73
14008,533,29,170,2024-05-26,32.32
14009,7353,21,124,2024-06-21,28.28
14010,624,47,280,2024-09-23,16.84
14011,8327,19,111,2024-10-01,24.13
14012,8689,35,208,2024-04-15,15.28
14013,904,11,62,2024-08-08,33.77
14014,6872,47,282,2024-08-26,19.92
14015,2626,24,140,2024-06-11,25.94
14016,2914,5,30,2024-11-02,45.02
14017,6070,13,75,2024-03-10,83.66
14018,8706,49,294,2024-06-05,15.68
14019,6263,31,184,2024-01-15,24.74
14020,7652,21,123,2024-05-24,33.63
14021,1704,35,209,2024-05-22,15.12
14022,7965,22,132,2024-12-29,29.66
14023,7424,42,248,2024-08-16,32.50
14024,7507,1,6,2024-08-21,10.14
14025,3190,10,60,2024-06-10,20.88
14026,147,47,279,2024-10-17,19.48
14027,5141,43,256,2024-07-17,23.18
14028,195,45,266,2024-02-07,20.51
14029,2847,50,300,2024-01-11,24.69
14030,1379,46,272,2024-11-25,7.03
14031,289,8,44,2024-08-06,27.70
14032,2111,36,212,2024-01-16,42.87
14033,8485,34,200,2024-12-24,14.89
14034,3121,47,280,2024-06-06,25.47
14035,4605,41,243,2024-12-14,21.88
14036,5965,4,21,2024-10-01,17.66
14037,6283,19,113,2024-06-17,21.90
14038,8059,31,186,2024-07-29,12.80
14039,2392,14,81,2024-12-07,19.50
14040,8539,25,150,2024-02-26,10.91
14041,9206,20,118,2024-04-18,70.01
14042,384,35,208,2024-03-10,28.73
14043,1121,31,181,2024-02-19,13.72
14044,9382,10,60,2024-01-17,31.27
14045,2908,34,199,2024-03-27,29.91
14046,2880,39,234,2024-09-06,33.65
14047,7916,40,238,2024-05-19,10.08
14048,4800,1,5,2024-07-19,9.88
14049,3802,19,109,2024-04-20,20.84
14050,1431,40,239,2024-08-31,22.77
14051,894,25,148,2024-01-04,14.23
14052,4431,26,151,2024-07-23,14.09
14053,7208,26,152,2024-10-25,33.96
14054,319,26,154,2024-08-06,12.58
14055,5343,29,173,2024-12-11,21.47
14056,7797,43,256,2024-10-12,23.94
14057,6794,45,269,2024-10-29,8.43
14058,3868,10,57,2024-02-25,13.65
14059,1191,9,53,2024-06-30,10.54
14060,5597,29,170,2024-11-26,11.43
14061,6380,40,240,2024-04-05,26.29
14062,9836,22,130,2024-08-27,68.04
14063,9425,17,98,2024-06-20,13.84
14064,6292,30,178,2024-01-22,19.72
14065,3946,15,88,2024-11-23,15.72
14066,9998,6,36,2024-05-15,25.17
14067,88,16,92,2024-11-13,21.42
14068,8113,36,213,2024-12-27,11.72
14069,6139,34,199,2024-03-01,28.43
14070,1345,29,174,2024-05-15,15.45
14071,1124,21,123,2024-04-17,46.70
14072,7844,1,1,2024-09-10,29.34
14073,2910,24,141,2024-03-05,54.60
14074,1723,28,166,2024-02-07,52.09
14075,1214,14,83,2024-07-17,25.08
14076,6360,34,204,2024-10-29,29.00
14077,8192,4,22,2024-04-10,20.13
14078,6994,37,220,2024-10-26,19.78
14079,7491,17,97,2024-07-13,20.56
14080,1714,4,19,2024-12-17,9.94
14081,7761,32,191,2024-02-14,27.07
14082,7917,32,189,2024-10-31,23.73
14083,8464,42,252,2024-07-22,22.75
14084,4738,35,210,2024-05-21,9.69
14085,2871,33,197,2024-03-15,28.90
14086,8346,30,177,2024-10-10,51.62
14087,8532,11,61,2024-10-28,8.83
14088,9453,34,204,2024-02-18,21.70
14089,451,16,95,2024-09-21,16.89
14090,3615,31,183,2024-03-15,17.54
14091,3375,30,178,2024-10-08,38.32
14092,7883,6,34,2024-11-24,32.16
14093,4200,13,78,2024-08-28,11.36
14094,9132,6,36,2024-04-19,20.45
14095,5117,43,255,2024-01-31,45.76
14096,7090,21,121,2024-12-22,57.87
14097,710,30,175,2024-01-16,14.70
14098,3517,1,2,2024-07-08,18.60
14099,169,12,72,2024-01-07,30.76
14100,1649,30,177,2024-09-17,29.12
14101,5959,21,121,2024-12-28,14.18
14102,2489,23,137,2024-04-10,21.60
14103,4184,12,69,2024-09-05,57.85
14104,2948,4,20,2024-05-16,28.55
14105,364,19,113,2024-04-30,80.15
14106,897,7,38,2024-04-21,11.44
14107,9698,33,195,2024-05-03,59.87
14108,5857,25,145,2024-02-20,27.06
14109,354,37,220,2024-02-05,12.72
14110,3834,29,174,2024-06-20,35.66
14111,5951,46,273,2024-10-11,22.84
14112,5365,2,10,2024-10-21,46.57
14113,7684,17,102,2024-01-26,23.67
14114,1785,9,50,2024-04-03,21.65
14115,727,34,202,2024-11-28,10.46
14116,9461,37,220,2024-11-30,49.05
14117,2942,20,119,2024-06-07,15.63
14118,1487,45,270,2024-07-10,11.70
14119,5773,18,107,2024-02-15,16.44
14120,6607,20,115,2024-07-28,28.15
14121,937,2,11,2024-09-08,26.42
14122,4866,33,197,2024-08-20,23.37
14123,1468,41,241,2024-04-27,26.24
14124,4082,31,181,2024-12-11,18.92
14125,2937,9,49,2024-08-30,13.18
14126,4468,16,95,2024-03-25,50.90
14127,8405,45,268,2024-09-20,29.61
14128,927,48,287,2024-05-07,60.00
14129,6504,50,296,2024-07-06,25.58
14130,5570,48,283,2024-09-22,28.76
14131,8932,1,6,2024-04-25,11.21
14132,3613,21,125,2024-08-09,27.33
14133,1233,13,77,2024-12-11,7.77
14134,5326,18,103,2024-02-23,19.80
14135,5912,14,81,2024-01-29,23.10
14136,2134,46,271,2024-12-09,22.99
14137,1007,27,160,2024-10-22,37.64
14138,1484,7,41,2024-01-19,26.03
14139,6217,14,79,2024-11-09,13.32
14140,249,39,234,2024-04-09,20.49
14141,4312,18,105,2024-10-10,13.70
14142,2520,16,95,2024-09-28,19.70
14143,9677,28,166,2024-07-25,31.92
14144,700,28,163,2024-11-23,10.71
14145,1952,16,96,2024-09-17,13.76
14146,9030,29,169,2024-10-07,11.99
14147,1906,18,105,2024-05-16,55.98
14148,2951,23,136,2024-04-18,41.41
14149,6735,47,281,2024-08-15,22.65
14150,9661,15,86,2024-06-19,23.26
14151,2260,42,248,2024-08-16,38.00
14152,6549,29,171,2024-09-22,39.34
14153,2707,23,136,2024-01-29,82.25
14154,2548,24,139,2024-02-20,22.16
14155,6015,10,58,2024-08-16,21.35
14156,2640,17,101,2024-02-25,23.84
14157,4303,25,147,2024-09-22,16.86
14158,1236,19,113,2024-03-11,20.65
14159,7197,30,175,2024-06-08,35.10
14160,6247,35,209,2024-11-04,31.40
14161,9844,35,207,2024-06-24,9.42
14162,2843,23,133,2024-01-11,48.96
14163,789,34,201,2024-01-26,52.80
14164,53,32,190,2024-08-07,19.76
14165,4114,8,48,2024-07-23,7.25
14166,2445,43,256,2024-08-31,8.94
14167,1156,4,21,2024-07-21,18.43
14168,5764,19,110,2024-06-13,28.58
14169,918,9,52,2024-09-14,9.32
14170,7670,41,246,2024-05-18,30.49
14171,5423,26,155,2024-07-18,44.16
14172,6195,44,260,2024-06-02,51.59
14173,4677,10,60,2024-12-12,31.70
14174,5872,36,212,2024-06-08,83.20
14175,1825,23,135,2024-02-08,26.70
14176,6136,44,261,2024-04-28,63.24
14177,4150,19,112,2024-10-14,23.00
14178,6344,23,137,2024-03-13,19.53
14179,1091,6,31,2024-02-10,39.09
14180,5563,25,147,2024-01-02,30.08
14181,1,34,201,2024-08-28,11.33
14182,1250,41,246,2024-07-25,35.70
14183,6022,44,263,2024-05-06,25.74
14184,593,10,56,2024-09-11,15.59
14185,5591,48,283,2024-08-14,34.22
14186,2835,29,173,2024-04-27,19.32
14187,6164,35,209,2024-11-01,42.54
14188,3545,37,218,2024-07-16,15.48
14189,8625,19,114,2024-05-23,17.76
14190,7751,45,265,2024-05-27,19.48
14191,6074,32,190,2024-10-21,23.46
14192,6974,5,26,2024-11-03,13.82
14193,8025,44,261,2024-04-08,8.84
14194,2716,10,56,2024-01-23,59.20
14195,7367,30,179,2024-08-16,41.26
14196,3394,14,83,2024-11-17,13.95
14197,3222,19,109,2024-03-25,68.18
14198,5376,13,77,2024-08-19,28.35
14199,7053,12,71,2024-12-15,12.28
14200,5365,30,177,2024-10-29,7.88
14201,8034,23,138,2024-04-16,11.71
14202,8723,11,65,2024-02-07,12.73
14203,6205,29,172,2024-02-05,31.91
14204,6609,1,5,2024-08-29,25.74
14205,3680,3,14,2024-05-05,66.18
14206,1786,48,288,2024-03-24,29.60
14207,8113,15,89,2024-03-21,13.88
14208,1223,31,186,2024-02-10,47.37
14209,1398,7,40,2024-01-08,9.41
14210,3407,13,77,2024-11-17,19.77
14211,677,6,36,2024-02-20,27.09
14212,6739,27,158,2024-04-16,45.07
14213,8786,16,94,2024-12-21,76.20
14214,3007,8,44,2024-11-18,43.30
14215,3283,20,120,2024-02-04,13.52
14216,3685,31,186,2024-03-31,28.96
14217,9173,21,126,2024-05-20,29.32
14218,4648,44,261,2024-07-29,28.80
14219,7283,40,240,2024-04-01,28.08
14220,7551,21,126,2024-06-22,23.95
14221,1019,22,129,2024-04-06,8.14
14222,7813,22,129,2024-04-30,61.67
14223,1694,9,51,2024-04-19,45.78
14224,4763,27,161,2024-05-05,28.66
14225,9891,25,149,2024-04-10,17.78
14226,8223,27,158,2024-12-06,18.08
14227,8315,2,7,2024-12-06,18.01
14228,1275,25,145,2024-01-09,22.52
14229,8415,1,1,2024-05-27,29.25
14230,3462,40,238,2024-10-14,23.28
14231,3466,30,179,2024-05-08,17.43
14232,4914,25,147,2024-03-09,21.48
14233,4267,8,47,2024-06-14,20.36
14234,3314,11,64,2024-06-25,68.22
14235,3016,24,143,2024-11-24,33.50
14236,1338,5,28,2024-09-10,78.10
14237,262,49,290,2024-07-20,10.62
14238,6542,36,215,2024-01-18,43.93
14239,3670,21,126,2024-01-02,15.81
14240,394,30,178,2024-07-16,25.31
14241,945,13,77,2024-05-24,43.66
14242,2398,25,146,2024-10-16,21.32
14243,7195,46,274,2024-09-20,19.40
14244,748,7,37,2024-12-03,36.78
14245,7758,10,60,2024-12-13,62.14
14246,7060,33,194,2024-11-10,19.95
14247,2571,14,80,2024-01-07,17.92
14248,4482,29,174,2024-05-26,118.09
14249,4512,43,256,2024-10-25,52.61
14250,8158,48,287,2024-04-25,14.70
14251,2893,2,12,2024-09-19,26.23
14252,142,37,217,2024-12-16,15.57
14253,9747,45,270,2024-02-26,26.08
14254,4917,48,288,2024-05-24,7.97
14255,6991,15,87,2024-01-27,19.75
14256,6408,6,32,2024-12-04,11.30
14257,746,24,140,2024-02-26,9.91
14258,4232,39,231,2024-12-01,39.77
14259,4332,39,231,2024-02-21,23.26
14260,2651,15,86,2024-02-18,30.97
14261,6663,35,209,2024-12-24,83.80
14262,4673,30,175,2024-01-09,28.52
14263,3678,41,243,2024-06-06,14.84
14264,936,46,273,2024-09-17,18.47
14265,6301,12,67,2024-06-30,13.53
14266,7571,30,178,2024-11-04,21.99
14267,1840,27,161,2024-01-01,27.71
14268,2926,23,133,2024-10-11,10.73
14269,714,9,54,2024-10-18,22.64
14270,243,5,28,2024-07-29,19.59
14271,19,16,95,2024-12-15,23.16
14272,1018,38,228,2024-07-23,11.88
14273,8295,1,2,2024-06-18,13.19
14274,1148,47,279,2024-12-02,36.57
14275,9214,7,37,2024-05-28,50.18
14276,5374,37,220,2024-05-19,11.28
14277,8504,5,25,2024-03-13,106.02
14278,9908,25,149,2024-11-19,16.91
14279,7183,26,154,2024-09-20,50.22
14280,9454,17,101,2024-04-19,43.53
14281,5019,33,196,2024-02-09,19.50
14282,1016,5,27,2024-02-22,10.11
14283,9864,2,10,2024-03-14,68.71
14284,1754,27,161,2024-02-07,9.87
14285,2061,27,159,2024-06-27,32.11
14286,3465,34,201,2024-11-23,10.81
14287,7313,42,249,2024-01-11,23.54
14288,2631,34,203,2024-05-09,8.64
14289,6276,36,215,2024-04-22,17.83
14290,3739,35,205,2024-01-08,35.38
14291,395,32,192,2024-03-28,21.71
14292,7584,15,88,2024-09-15,54.71
14293,1568,27,162,2024-03-18,11.77
14294,1944,44,262,2024-09-17,18.62
14295,6428,16,94,2024-07-26,34.47
14296,2707,7,42,2024-10-05,26.40
14297,3897,24,142,2024-06-30,20.77
14298,961,44,262,2024-01-05,16.64
14299,4660,28,164,2024-12-03,28.62
14300,9266,25,145,2024-10-27,10.50
14301,2911,2,9,2024-03-28,51.65
14302,8743,24,143,2024-06-17,13.72
14303,4002,28,167,2024-09-07,31.53
14304,498,2,7,2024-07-04,21.17
14305,8919,11,62,2024-05-18,23.88
14306,6478,45,269,2024-09-20,13.80
14307,8901,13,77,2024-08-19,29.28
14308,8814,4,19,2024-01-28,23.00
14309,1383,12,69,2024-11-18,30.06
14310,5457,40,236,2024-05-31,24.23
14311,1821,34,203,2024-02-29,22.76
14312,1868,39,229,2024-03-22,24.52
14313,7736,5,27,2024-12-05,17.16
14314,4526,4,24,2024-05-03,14.37
14315,9527,50,297,2024-04-06,22.14
14316,9576,33,193,2024-11-21,16.62
14317,9900,7,39,2024-10-30,45.07
14318,7020,18,103,2024-07-17,11.00
14319,8536,35,208,2024-09-14,50.58
14320,8675,32,191,2024-08-31,40.78
14321,7922,34,201,2024-12-23,15.64
14322,6662,46,271,2024-10-27,9.76
14323,9451,19,109,2024-10-01,56.60
14324,7810,48,283,2024-05-24,23.22
14325,2909,47,277,2024-04-24,29.94
14326,1121,26,156,2024-03-19,27.37
14327,5587,17,100,2024-07-18,33.05
14328,9306,50,299,2024-06-02,53.66
14329,8550,15,89,2024-10-06,15.74
14330,3353,35,207,2024-09-01,8.80
14331,88,9,51,2024-04-17,24.56
14332,8020,48,285,2024-04-21,14.20
14333,1084,39,230,2024-01-14,45.51
14334,8667,44,260,2024-06-15,49.08
14335,6856,31,185,2024-08-06,17.09
14336,4897,42,251,2024-08-02,24.76
14337,5328,23,134,2024-07-29,41.72
14338,5783,48,285,2024-06-23,16.59
14339,9415,32,189,2024-01-26,29.89
14340,2711,21,122,2024-07-07,28.98
14341,3308,37,218,2024-06-18,10.07
14342,9196,46,273,2024-07-14,34.19
14343,9215,1,1,2024-06-23,12.34
14344,3395,40,239,2024-05-02,12.27
14345,9560,2,9,2024-10-11,19.96
14346,5068,43,257,2024-01-15,28.95
14347,536,17,100,2024-06-02,19.78
14348,4161,13,74,2024-02-16,27.11
14349,4119,15,85,2024-03-14,9.99
14350,1166,7,42,2024-05-12,17.15
14351,8140,17,101,2024-04-01,19.04
14352,7348,39,231,2024-11-20,22.58
14353,8667,10,56,2024-05-27,9.57
14354,7161,25,145,2024-06-13,41.50
14355,3708,23,133,2024-04-08,8.88
14356,1988,3,18,2024-01-10,38.06
14357,8636,32,188,2024-03-11,27.55
14358,3915,25,148,2024-09-07,17.15
14359,7360,15,88,2024-09-09,24.32
14360,4536,33,196,2024-05-01,13.56
14361,9089,26,153,2024-03-12,24.10
14362,6444,1,1,2024-03-27,18.80
14363,9330,33,197,2024-05-01,12.34
14364,7338,32,187,2024-02-01,10.14
14365,1487,12,70,2024-10-09,28.03
14366,7258,33,198,2024-02-29,20.77
14367,3541,2,8,2024-07-22,23.24
14368,8340,39,231,2024-10-04,37.15
14369,8303,50,296,2024-10-24,30.17
14370,7755,39,232,2024-12-21,20.76
14371,9710,33,198,2024-09-23,36.85
14372,8028,22,131,2024-12-30,43.40
14373,6376,48,286,2024-06-02,31.51
14374,6603,26,151,2024-12-19,59.33
14375,1372,27,160,2024-12-26,25.30
14376,4024,44,261,2024-09-02,17.57
14377,9112,18,105,2024-11-27,7.79
14378,8164,25,145,2024-09-21,17.02
14379,7959,4,20,2024-01-18,20.02
14380,2713,29,171,2024-09-30,28.67
14381,6522,33,194,2024-02-18,69.08
14382,51,29,172,2024-08-06,21.19
14383,4094,35,208,2024-04-23,19.10
14384,4878,7,40,2024-08-29,14.20
14385,3392,20,119,2024-02-05,27.63
14386,7117,37,217,2024-02-11,32.42
14387,2946,19,113,2024-02-29,30.61
14388,1511,44,261,2024-05-19,12.16
14389,2890,19,112,2024-06-13,31.42
14390,4308,19,111,2024-03-27,9.05
14391,2178,39,229,2024-02-17,22.18
14392,3101,20,119,2024-05-09,62.10
14393,1267,50,297,2024-01-26,26.39
14394,424,48,288,2024-05-02,34.91
14395,5485,36,213,2024-07-31,27.02
14396,2811,31,185,2024-06-26,40.00
14397,3842,42,248,2024-11-02,61.04
14398,5483,8,46,2024-10-14,63.36
14399,6926,26,156,2024-06-08,52.11
14400,826,8,47,2024-06-20,18.95
14401,3285,22,127,2024-05-23,28.17
14402,7829,2,10,2024-08-08,32.92
14403,1993,44,262,2024-01-01,81.41
14404,7965,38,224,2024-09-19,19.15
14405,7324,38,225,2024-06-27,40.46
14406,5802,40,238,2024-12-17,11.57
14407,9663,20,116,2024-08-01,28.50
14408,5718,47,278,2024-01-11,31.04
14409,8964,20,115,2024-12-27,7.06
14410,7893,9,53,2024-06-04,39.56
14411,7592,38,223,2024-12-12,22.69
14412,2052,40,236,2024-02-11,18.68
14413,4917,49,289,2024-05-18,29.05
14414,4640,38,226,2024-02-18,15.94
14415,4862,10,57,2024-04-22,12.61
14416,8517,18,107,2024-02-10,24.01
14417,9362,41,241,2024-05-29,76.78
14418,5352,25,145,2024-11-06,11.28
14419,3384,14,83,2024-01-22,48.54
14420,2755,43,254,2024-05-22,15.20
14421,9571,32,189,2024-11-14,33.36
14422,8754,11,65,2024-02-22,47.33
14423,4007,13,73,2024-10-14,25.85
14424,5445,11,65,2024-06-01,15.77
14425,2457,36,215,2024-07-12,11.66
14426,7409,29,171,2024-04-22,31.35
14427,8946,41,241,2024-04-04,36.12
14428,8324,47,282,2024-07-18,15.93
14429,6272,18,105,2024-12-23,37.52
14430,6280,37,220,2024-02-20,6.83
14431,3436,32,192,2024-10-29,15.30
14432,1042,23,135,2024-05-31,32.54
14433,4472,11,65,2024-07-15,32.32
14434,5607,10,55,2024-04-23,11.05
14435,3555,31,185,2024-09-17,28.40
14436,7455,15,87,2024-02-29,13.58
14437,1102,29,173,2024-12-03,33.92
14438,703,45,269,2024-10-25,57.28
14439,4302,48,283,2024-09-26,18.04
14440,7492,39,229,2024-12-07,15.31
14441,5025,6,33,2024-04-26,68.49
14442,8408,2,9,2024-08-03,30.80
14443,5095,6,36,2024-11-16,11.98
14444,1725,39,232,2024-04-20,24.25
14445,6135,4,22,2024-05-03,20.00
14446,2408,20,120,2024-02-18,73.89
14447,7230,30,178,2024-12-01,55.77
14448,8961,6,34,2024-10-17,53.87
14449,9698,33,196,2024-03-10,35.85
14450,5827,25,145,2024-07-10,29.96
14451,4407,11,65,2024-08-08,11.82
14452,9564,27,159,2024-12-05,29.68
14453,4343,30,175,2024-01-13,19.31
14454,3862,8,45,2024-02-28,23.70
14455,1367,41,243,2024-08-06,79.83
14456,2789,5,29,2024-05-21,37.37
14457,3292,45,265,2024-02-09,20.39
14458,1472,33,195,2024-08-28,14.22
14459,7158,1,6,2024-10-05,11.10
14460,6480,37,219,2024-09-22,77.95
14461,8117,48,287,2024-12-02,30.01
14462,6266,46,275,2024-07-27,24.46
14463,9573,15,89,2024-12-12,19.84
14464,3900,27,159,2024-08-24,28.93
14465,758,42,251,2024-08-13,30.71
14466,6716,1,2,2024-10-28,14.79
14467,4706,7,37,2024-10-03,36.25
14468,9368,17,100,2024-07-05,11.95
14469,546,46,275,2024-09-02,22.79
14470,8418,21,126,2024-12-21,11.52
14471,9783,29,173,2024-01-29,20.22
14472,2936,16,93,2024-12-21,40.90
14473,4486,13,77,2024-06-01,20.47
14474,1888,32,187,2024-11-23,23.78
14475,1166,40,236,2024-05-29,42.36
14476,8099,38,223,2024-06-09,19.64
14477,2332,13,74,2024-12-05,20.17
14478,628,30,179,2024-06-14,62.20
14479,1738,29,174,2024-03-02,28.60
14480,6698,28,164,2024-05-21,22.36
14481,9949,48,288,2024-07-19,26.80
14482,4217,40,235,2024-09-27,20.82
14483,9902,10,60,2024-07-29,31.77
14484,1276,14,81,2024-02-16,20.63
14485,3626,12,71,2024-08-25,19.72
14486,7594,8,44,2024-03-25,27.66
14487,9232,28,165,2024-02-07,10.26
14488,8430,11,65,2024-12-23,42.28
14489,9155,44,261,2024-06-28,29.19
14490,4972,21,123,2024-01-25,47.26
14491,568,24,141,2024-04-27,12.79
14492,7674,38,224,2024-10-14,23.50
14493,3209,2,10,2024-08-20,22.08
14494,7021,12,69,2024-02-01,13.28
14495,6092,34,199,2024-07-29,57.92
14496,6751,25,149,2024-07-14,13.00
14497,6283,34,201,2024-11-02,48.43
14498,7168,37,220,2024-03-29,82.02
14499,3064,35,205,2024-11-01,10.95
14500,2827,17,102,2024-07-04,31.89
14501,1964,41,245,2024-11-20,39.37
14502,3518,21,125,2024-07-20,22.03
14503,829,47,280,2024-11-17,17.99
14504,6931,17,100,2024-01-01,9.75
14505,3901,6,32,2024-08-26,30.89
14506,9180,29,173,2024-03-04,10.79
14507,3767,22,131,2024-10-29,42.68
14508,5568,8,44,2024-08-19,8.10
14509,818,4,20,2024-08-13,24.44
14510,3656,10,60,2024-11-10,17.94
14511,7242,3,16,2024-09-07,28.32
14512,8068,44,262,2024-06-29,35.25
14513,9835,34,204,2024-07-01,20.32
14514,2271,11,62,2024-01-14,13.44
14515,6664,13,75,2024-10-02,32.70
14516,2831,35,206,2024-02-13,23.02
14517,3441,6,32,2024-07-14,22.56
14518,1134,23,135,2024-04-14,22.54
14519,8324,22,127,2024-07-23,26.75
14520,2326,47,282,2024-09-07,9.34
14521,4402,50,300,2024-05-21,54.24
14522,4322,48,287,2024-08-13,14.73
14523,9250,20,117,2024-05-04,22.42
14524,1082,11,62,2024-12-14,22.11
14525,5461,44,260,2024-12-03,10.34
14526,6418,28,164,2024-12-27,24.15
14527,6597,30,175,2024-12-17,28.56
14528,2422,13,73,2024-03-21,52.27
14529,2844,34,204,2024-12-03,71.75
14530,8833,19,109,2024-05-27,34.25
14531,1569,8,46,2024-04-23,19.69
14532,7388,33,193,2024-07-19,21.37
14533,7401,36,213,2024-02-12,31.40
14534,9951,11,66,2024-01-19,30.20
14535,8023,11,62,2024-01-14,11.05
14536,8955,32,192,2024-01-14,40.30
14537,4803,35,207,2024-12-03,16.36
14538,3823,6,34,2024-03-31,15.91
14539,8555,18,108,2024-07-16,13.78
14540,2975,16,91,2024-10-13,12.40
14541,4561,49,294,2024-06-10,13.40
14542,5797,11,63,2024-02-09,22.44
14543,4403,29,171,2024-09-15,17.21
14544,2717,15,87,2024-09-21,17.56
14545,5957,41,246,2024-01-17,28.22
14546,2939,26,153,2024-10-28,31.35
14547,992,32,189,2024-09-19,11.44
14548,8695,44,259,2024-02-21,25.70
14549,5703,27,157,2024-08-03,31.23
14550,8943,49,294,2024-09-06,24.16
14551,8867,2,9,2024-07-11,15.35
14552,7255,23,136,2024-09-13,14.85
14553,2932,39,231,2024-10-04,20.42
14554,7890,47,277,2024-08-12,23.90
14555,6807,41,244,2024-09-17,42.70
14556,9340,31,183,2024-10-05,23.34
14557,4370,36,214,2024-01-09,13.82
14558,9840,38,226,2024-10-06,18.45
14559,6905,28,167,2024-05-02,25.18
14560,8811,42,250,2024-07-27,15.91
14561,1283,36,214,2024-01-05,16.27
14562,8966,5,30,2024-10-23,35.39
14563,2586,3,16,2024-06-04,34.03
14564,5275,39,229,2024-06-16,39.97
14565,6115,17,101,2024-04-21,29.11
14566,1839,2,8,2024-10-16,32.78
14567,2468,43,258,2024-03-18,13.86
14568,2292,13,73,2024-02-05,24.00
14569,8926,29,172,2024-12-24,17.54
14570,9131,1,2,2024-11-06,17.00
14571,5047,45,269,2024-07-18,18.04
14572,3954,17,102,2024-01-10,19.48
14573,1611,38,226,2024-11-04,25.00
14574,7731,41,241,2024-10-14,24.53
14575,5460,9,50,2024-05-16,27.03
14576,6209,38,226,2024-09-29,26.27
14577,3384,7,38,2024-10-31,15.79
14578,6937,16,94,2024-12-06,13.58
14579,805,37,217,2024-09-03,33.27
14580,6891,49,294,2024-12-23,15.59
14581,7435,47,281,2024-05-15,31.75
14582,7472,14,84,2024-03-17,14.94
14583,2167,47,277,2024-05-20,19.52
14584,3221,19,114,2024-01-19,27.56
14585,2109,24,139,2024-07-15,33.14
14586,8767,1,2,2024-03-03,30.33
14587,4946,35,206,2024-09-02,46.82
14588,4889,48,284,2024-05-30,11.92
14589,8011,32,192,2024-08-23,16.10
14590,8097,17,102,2024-03-29,42.17
14591,2273,38,227,2024-08-24,12.98
14592,5342,29,171,2024-03-26,25.84
14593,9365,29,171,2024-12-28,27.38
14594,7442,48,285,2024-10-28,24.77
14595,8963,12,67,2024-01-25,17.00
14596,429,11,64,2024-01-15,11.36
14597,4757,42,249,2024-05-27,15.38
14598,3731,46,273,2024-02-18,63.60
14599,483,35,207,2024-02-26,27.38
14600,6814,24,143,2024-03-09,35.44
14601,2498,50,295,2024-09-17,19.64
14602,8200,25,150,2024-07-10,7.87
14603,1007,7,40,2024-07-06,13.89
14604,1970,14,83,2024-07-25,23.58
14605,1232,13,78,2024-11-15,60.07
14606,4113,18,107,2024-03-10,9.33
14607,949,44,264,2024-10-07,15.77
14608,156,3,14,2024-04-05,25.23
14609,8436,46,274,2024-11-04,7.98
14610,9796,43,255,2024-11-05,38.32
14611,1438,47,282,2024-09-07,17.60
14612,6915,2,8,2024-06-12,17.60
14613,8210,43,253,2024-03-21,33.00
14614,2743,39,234,2024-06-21,33.28
14615,4360,33,195,2024-10-22,19.54
14616,7175,28,165,2024-09-01,41.15
14617,3041,1,6,2024-06-24,20.07
14618,1145,28,165,2024-11-18,32.19
14619,148,9,53,2024-07-09,21.30
14620,3543,26,155,2024-01-06,14.36
14621,4776,33,196,2024-03-22,72.59
14622,8044,48,285,2024-12-11,86.62
14623,4845,3,17,2024-10-18,33.16
14624,9426,17,99,2024-12-20,29.88
14625,1287,8,46,2024-12-31,60.68
14626,4872,4,22,2024-10-27,57.77
14627,6391,29,173,2024-06-28,73.57
14628,3410,42,250,2024-04-10,12.31
14629,4264,21,123,2024-03-24,30.55
14630,4920,21,125,2024-09-01,16.64
14631,9827,33,195,2024-06-07,36.35
14632,8708,1,5,2024-06-04,74.43
14633,6501,40,238,2024-01-26,24.76
14634,4188,24,139,2024-06-17,10.75
14635,3624,23,137,2024-07-10,26.55
14636,2396,34,204,2024-12-18,43.48
14637,9489,33,196,2024-06-20,13.96
14638,7659,18,107,2024-10-02,64.49
14639,4293,40,237,2024-02-21,16.69
14640,5015,27,157,2024-01-27,26.56
14641,810,31,182,2024-07-21,13.14
14642,3639,11,64,2024-04-30,37.79
14643,9340,31,183,2024-11-19,17.56
14644,1957,4,20,2024-09-28,20.32
14645,7405,19,112,2024-02-18,45.24
14646,2450,1,1,2024-11-04,55.10
14647,8167,36,216,2024-06-29,26.14
14648,4252,30,180,2024-02-21,25.89
14649,9407,43,255,2024-10-25,49.37
14650,5891,13,76,2024-08-28,15.59
14651,9612,13,74,2024-06-18,32.88
14652,6193,9,50,2024-12-17,32.16
14653,9607,47,282,2024-01-26,43.09
14654,1728,49,294,2024-08-13,10.57
14655,2969,13,73,2024-07-13,30.32
14656,8470,15,89,2024-06-02,11.57
14657,4450,14,82,2024-11-14,26.62
14658,7214,39,231,2024-07-06,25.09
14659,8869,7,39,2024-11-24,16.21
14660,2994,5,25,2024-06-03,12.72
14661,3104,45,270,2024-04-14,39.06
14662,605,22,128,2024-02-12,30.67
14663,1589,35,208,2024-12-24,26.00
14664,4848,11,62,2024-11-21,21.41
14665,6605,6,31,2024-12-19,26.32
14666,6581,31,184,2024-04-28,41.04
14667,7174,7,41,2024-12-05,40.38
14668,9777,10,56,2024-10-11,24.85
14669,4456,31,183,2024-04-29,35.36
14670,2397,36,213,2024-06-01,42.31
14671,3116,37,222,2024-09-30,20.10
14672,9173,19,113,2024-01-27,29.65
14673,2826,45,268,2024-04-19,66.44
14674,1634,47,278,2024-04-10,20.29
14675,5667,44,262,2024-09-28,15.50
14676,9467,39,233,2024-01-09,15.48
14677,4256,5,25,2024-09-16,40.94
14678,2503,29,173,2024-04-21,17.78
14679,9149,2,7,2024-04-14,21.99
14680,3574,20,115,2024-10-14,8.46
14681,5022,22,128,2024-01-12,30.31
14682,4111,42,248,2024-02-19,15.80
14683,8397,9,49,2024-04-22,23.42
14684,3544,9,50,2024-04-24,28.29
14685,7123,47,277,2024-08-21,19.78
14686,4218,33,193,2024-04-30,22.77
14687,1247,48,284,2024-08-05,32.51
14688,5683,38,226,2024-06-03,69.17
14689,2771,1,1,2024-08-17,21.44
14690,9914,19,112,2024-10-11,19.20
14691,1677,6,35,2024-11-11,20.35
14692,5332,2,8,2024-12-01,16.92
14693,974,13,75,2024-06-09,14.05
14694,793,2,10,2024-04-11,20.00
14695,8736,27,162,2024-12-31,17.02
14696,860,22,132,2024-10-24,18.00
14697,588,38,228,2024-05-09,19.12
14698,7581,5,27,2024-08-23,27.18
14699,8036,40,239,2024-09-01,31.02
14700,2633,34,200,2024-05-05,32.24
14701,7065,18,105,2024-03-19,14.62
14702,1063,45,266,2024-06-14,17.74
14703,5399,50,300,2024-05-19,22.43
14704,738,36,211,2024-08-18,31.38
14705,1060,8,43,2024-02-08,18.69
14706,4302,46,275,2024-03-01,14.70
14707,8790,17,97,2024-10-09,14.08
14708,3638,2,9,2024-05-09,36.13
14709,4041,24,142,2024-04-10,44.55
14710,4353,7,41,2024-05-25,64.70
14711,4246,18,103,2024-10-23,21.18
14712,9745,30,180,2024-11-03,13.20
14713,5300,8,44,2024-11-30,23.61
14714,6351,4,22,2024-11-09,23.99
14715,6766,42,250,2024-04-14,54.88
14716,6588,28,168,2024-12-28,38.16
14717,863,37,222,2024-07-25,58.74
14718,8937,15,87,2024-05-08,11.75
14719,1995,24,140,2024-10-11,33.59
14720,530,43,254,2024-02-20,41.21
14721,8832,16,94,2024-01-05,11.81
14722,2736,24,139,2024-08-17,65.52
14723,8549,27,161,2024-10-20,26.19
14724,8129,17,97,2024-08-31,13.31
14725,1769,15,89,2024-07-05,29.07
14726,3148,46,276,2024-03-04,40.22
14727,2346,1,2,2024-09-01,13.39
14728,4205,23,138,2024-02-27,23.67
14729,8985,28,167,2024-01-21,25.34
14730,1598,22,130,2024-05-20,31.09
14731,5522,34,204,2024-11-10,40.07
14732,4612,33,198,2024-08-01,35.50
14733,9339,31,183,2024-02-20,7.41
14734,4663,35,207,2024-07-29,11.64
14735,2977,44,260,2024-07-23,32.67
14736,579,2,11,2024-01-27,19.64
14737,7850,29,169,2024-06-10,19.52
14738,3212,37,218,2024-02-23,27.13
14739,909,31,182,2024-12-24,21.64
14740,704,2,9,2024-10-15,35.53
14741,6162,11,64,2024-06-14,32.23
14742,2815,45,270,2024-06-26,14.81
14743,2247,10,59,2024-01-26,62.00
14744,798,13,73,2024-01-03,20.93
14745,960,39,229,2024-02-03,23.86
14746,36,31,181,2024-12-19,60.83
14747,4152,26,152,2024-06-06,18.99
14748,6301,32,191,2024-06-19,16.11
14749,1393,32,189,2024-07-01,64.17
14750,7514,9,53,2024-06-07,33.17
14751,4535,36,214,2024-10-29,13.99
14752,3490,34,202,2024-02-06,58.66
14753,2718,43,256,2024-11-16,44.14
14754,2437,12,71,2024-02-22,10.27
14755,8691,21,122,2024-08-01,22.04
14756,8201,33,195,2024-08-24,39.07
14757,247,27,162,2024-07-27,18.74
14758,8334,43,256,2024-12-19,19.63
14759,1613,50,296,2024-04-05,11.38
14760,9724,38,224,2024-11-02,8.98
14761,1185,16,96,2024-10-15,22.55
14762,7623,49,290,2024-11-13,18.85
14763,4464,39,229,2024-12-04,38.54
14764,419,29,173,2024-03-14,14.66
14765,7681,6,32,2024-09-25,24.61
14766,7010,14,82,2024-06-05,16.63
14767,7690,42,251,2024-11-14,21.19
14768,3766,49,293,2024-06-16,32.95
14769,719,42,251,2024-05-17,12.10
14770,7619,29,170,2024-11-23,17.12
14771,2847,10,55,2024-05-17,73.69
14772,7385,18,104,2024-08-21,30.82
14773,4869,3,18,2024-09-14,45.00
14774,3072,2,12,2024-09-09,24.17
14775,6920,15,89,2024-06-09,38.18
14776,9978,36,216,2024-12-04,81.13
14777,4865,34,203,2024-01-05,8.04
14778,657,10,58,2024-08-16,27.49
14779,8906,45,267,2024-02-23,12.41
14780,692,37,220,2024-07-07,22.62
14781,5779,28,168,2024-02-13,14.50
14782,3132,43,257,2024-02-22,38.24
14783,8117,27,158,2024-11-23,11.05
14784,2335,34,202,2024-07-03,34.72
14785,9617,8,44,2024-07-12,38.54
14786,9537,48,286,2024-10-29,32.00
14787,2879,1,1,2024-04-11,28.52
14788,3687,13,75,2024-09-13,26.14
14789,7297,24,140,2024-01-06,29.70
14790,4546,17,101,2024-01-30,43.10
14791,6218,19,111,2024-11-08,14.81
14792,2110,25,147,2024-10-13,31.92
14793,9636,13,78,2024-12-30,22.68
14794,2505,48,283,2024-06-08,24.34
14795,5685,13,75,2024-06-13,23.27
14796,7871,9,52,2024-03-20,78.48
14797,9121,28,166,2024-06-26,21.18
14798,5842,8,43,2024-07-14,17.92
14799,7121,30,179,2024-11-22,21.91
14800,8728,5,27,2024-07-24,33.65
14801,1881,34,199,2024-08-15,38.61
14802,5954,29,170,2024-08-29,13.96
14803,2626,1,2,2024-11-14,21.25
14804,3202,12,71,2024-05-09,18.84
14805,10,8,46,2024-03-31,17.18
14806,4996,45,266,2024-05-24,11.37
14807,1841,21,124,2024-12-19,21.66
14808,2242,26,155,2024-11-04,19.72
14809,4199,18,107,2024-01-17,28.62
14810,6675,12,68,2024-06-24,26.49
14811,7729,33,194,2024-06-10,22.26
14812,3987,32,187,2024-10-20,35.67
14813,5124,5,29,2024-09-30,21.64
14814,2520,14,79,2024-11-04,12.63
14815,6753,24,144,2024-06-28,29.09
14816,4470,42,249,2024-09-18,15.23
14817,862,42,252,2024-02-02,11.36
14818,262,43,253,2024-10-09,16.69
14819,6356,2,12,2024-05-22,23.26
14820,2365,48,283,2024-12-24,19.21
14821,8187,37,218,2024-02-17,42.25
14822,8775,6,31,2024-09-27,21.62
14823,8215,24,144,2024-12-30,29.25
14824,7536,42,252,2024-02-01,31.22
14825,9428,32,191,2024-03-10,20.70
14826,1561,42,248,2024-02-06,18.28
14827,9028,27,157,2024-07-01,9.21
14828,1725,29,174,2024-10-28,52.82
14829,7942,23,137,2024-11-04,18.17
14830,2236,40,238,2024-11-09,15.96
14831,1304,41,246,2024-02-24,39.52
14832,1336,18,108,2024-12-27,40.14
14833,7176,11,64,2024-01-10,35.24
14834,5354,46,271,2024-12-03,14.92
14835,9510,43,255,2024-06-09,23.47
14836,8128,15,85,2024-05-12,25.04
14837,985,17,99,2024-10-27,49.88
14838,8341,36,212,2024-11-19,8.01
14839,266,35,210,2024-08-08,34.52
14840,3127,35,205,2024-08-02,22.48
14841,4433,17,98,2024-06-05,28.93
14842,9273,44,262,2024-02-15,23.74
14843,6505,24,141,2024-08-20,75.39
14844,2444,18,107,2024-10-04,24.35
14845,8340,45,265,2024-07-08,24.59
14846,6231,49,294,2024-06-30,21.89
14847,1344,2,8,2024-12-13,18.93
14848,4565,48,286,2024-09-08,38.57
14849,4409,5,26,2024-09-24,20.63
14850,5328,17,97,2024-02-26,24.42
14851,855,31,184,2024-10-16,23.46
14852,5729,1,6,2024-06-05,24.98
14853,1853,48,288,2024-03-24,17.24
14854,3821,33,196,2024-11-18,14.24
14855,8674,22,128,2024-10-03,17.89
14856,3050,43,257,2024-12-28,23.42
14857,5005,32,189,2024-07-16,28.62
14858,4238,5,27,2024-03-06,34.15
14859,61,34,203,2024-12-23,11.82
14860,560,35,208,2024-11-04,14.55
14861,2480,46,274,2024-09-04,7.55
14862,7498,28,165,2024-04-30,32.71
14863,2700,15,89,2024-04-19,39.89
14864,5075,3,13,2024-02-01,11.97
14865,1067,10,60,2024-02-24,12.01
14866,3075,39,229,2024-11-04,24.28
14867,829,42,247,2024-08-01,52.46
14868,2215,7,39,2024-10-28,19.86
14869,2871,40,237,2024-06-27,23.18
14870,3528,8,45,2024-03-06,87.04
14871,5615,38,226,2024-03-12,18.55
14872,3057,32,191,2024-06-02,18.15
14873,2605,20,116,2024-10-21,24.84
14874,8735,9,53,2024-12-02,45.92
14875,5193,42,248,2024-06-15,19.07
14876,7796,20,120,2024-05-01,17.74
14877,3056,37,217,2024-05-28,35.07
14878,7699,23,134,2024-08-25,20.69
14879,1413,22,131,2024-07-31,13.13
14880,5825,10,55,2024-03-05,15.88
14881,2841,17,98,2024-08-31,18.10
14882,6519,9,51,2024-11-19,17.23
14883,3807,32,192,2024-11-22,31.13
14884,1725,8,43,2024-04-06,67.70
14885,5708,11,61,2024-10-21,23.85
14886,172,19,113,2024-05-19,35.80
14887,6246,36,215,2024-10-09,23.66
14888,6003,19,109,2024-08-24,30.87
14889,4658,25,147,2024-10-17,23.74
14890,1177,46,273,2024-12-30,19.78
14891,6660,7,40,2024-08-05,19.44
14892,1141,27,158,2024-08-11,12.94
14893,1217,8,44,2024-08-03,11.60
14894,2,43,258,2024-11-08,54.50
14895,1248,6,33,2024-06-14,15.27
14896,4556,26,154,2024-09-13,31.79
14897,7199,34,200,2024-02-21,27.84
14898,9984,13,73,2024-08-14,41.80
14899,3907,28,165,2024-03-22,16.64
14900,5963,17,99,2024-01-31,13.98
14901,8310,27,159,2024-01-31,54.18
14902,8377,32,191,2024-09-03,32.55
14903,2839,41,241,2024-10-10,50.78
14904,873,39,233,2024-07-10,18.96
14905,3669,26,153,2024-03-31,19.16
14906,7019,8,48,2024-12-19,15.90
14907,4285,6,33,2024-02-16,32.16
14908,2452,9,50,2024-03-09,21.44
14909,9701,29,172,2024-12-18,19.30
14910,1313,16,93,2024-05-03,20.61
14911,1264,31,181,2024-09-28,9.24
14912,6390,15,90,2024-05-25,15.50
14913,8782,2,10,2024-09-16,25.40
14914,3998,39,233,2024-04-02,26.83
14915,373,50,299,2024-08-23,34.26
14916,6384,42,252,2024-12-28,15.91
14917,4262,36,214,2024-08-13,20.09
14918,6243,24,143,2024-03-27,70.56
14919,4638,44,264,2024-07-18,25.68
14920,5214,40,237,2024-08-03,25.95
14921,7614,41,245,2024-06-05,21.88
14922,8510,36,215,2024-10-14,56.76
14923,6279,42,249,2024-03-17,29.25
14924,4952,25,145,2024-04-27,45.92
14925,8239,42,250,2024-06-14,8.96
14926,7488,35,205,2024-09-27,18.48
14927,2901,23,138,2024-02-24,17.90
14928,1956,41,244,2024-06-19,25.94
14929,7469,13,75,2024-02-29,19.94
14930,3529,13,73,2024-09-18,8.46
14931,5782,8,47,2024-09-19,46.67
14932,1199,11,66,2024-12-19,58.04
14933,5382,28,167,2024-11-04,31.69
14934,4556,42,250,2024-02-14,44.43
14935,1180,7,41,2024-12-28,35.46
14936,4952,11,61,2024-01-07,33.30
14937,5225,6,34,2024-05-25,31.27
14938,4697,17,97,2024-02-15,60.30
14939,5374,22,129,2024-08-21,42.51
14940,4727,1,3,2024-08-07,39.42
14941,7633,48,283,2024-09-08,14.36
14942,4904,40,236,2024-05-08,17.99
14943,9486,30,176,2024-08-26,10.35
14944,1337,12,72,2024-05-23,9.15
14945,3701,39,233,2024-10-09,28.45
14946,7435,47,281,2024-05-13,24.26
14947,2113,17,97,2024-08-03,33.58
14948,302,48,287,2024-02-23,23.76
14949,7774,27,161,2024-08-11,34.75
14950,5923,20,117,2024-07-03,9.85
14951,230,40,237,2024-07-23,27.65
14952,8635,10,60,2024-01-17,29.13
14953,7600,30,177,2024-10-04,28.86
14954,597,25,149,2024-05-29,27.42
14955,5668,28,164,2024-12-12,27.06
14956,9582,1,4,2024-04-30,18.18
14957,1954,29,170,2024-08-26,12.40
14958,3400,33,194,2024-05-12,20.06
14959,6114,37,222,2024-03-02,34.08
14960,4138,6,35,2024-08-23,46.66
14961,1483,26,154,2024-03-18,36.11
14962,8926,32,190,2024-06-11,13.24
14963,3125,48,286,2024-03-03,19.10
14964,7266,39,230,2024-11-30,11.04
14965,1310,12,70,2024-05-10,17.20
14966,8219,31,183,2024-01-25,36.16
14967,1001,40,239,2024-09-01,16.83
14968,4581,37,219,2024-08-31,35.66
14969,4627,3,16,2024-09-12,9.16
14970,2655,6,34,2024-11-29,33.14
14971,4168,31,181,2024-06-16,11.95
14972,7845,20,120,2024-03-20,9.06
14973,1577,11,65,2024-02-06,20.16
14974,2015,32,188,2024-07-14,24.36
14975,4847,8,43,2024-01-12,11.70
14976,8209,48,287,2024-02-09,35.25
14977,7276,6,31,2024-10-24,15.80
14978,8328,48,283,2024-07-05,47.50
14979,6931,8,45,2024-02-10,38.40
14980,8883,16,93,2024-11-22,25.14
14981,7360,18,107,2024-12-04,14.09
14982,1270,20,118,2024-12-29,17.88
14983,6263,16,95,2024-09-29,36.02
14984,1065,12,67,2024-08-27,25.96
14985,353,48,283,2024-11-06,53.10
14986,7875,46,271,2024-03-03,35.32
14987,8735,2,7,2024-10-10,41.23
14988,9318,43,253,2024-08-22,15.32
14989,639,13,74,2024-09-26,30.41
14990,4325,48,285,2024-12-20,26.76
14991,1240,33,197,2024-01-18,14.21
14992,4165,33,194,2024-06-01,16.47
14993,3177,48,283,2024-03-04,34.52
14994,1195,43,258,2024-11-02,24.84
14995,9655,33,194,2024-05-06,12.22
14996,7313,40,239,2024-05-14,15.42
14997,2152,47,280,2024-08-04,8.94
14998,241,49,292,2024-12-05,14.40
14999,9413,34,203,2024-08-13,33.28
15000,5130,50,296,2024-09-04,17.95
15001,9050,46,274,2024-06-26,35.30
15002,2408,12,67,2024-07-29,18.30
15003,4652,6,31,2024-09-16,53.13
15004,3589,50,300,2024-09-06,27.41
15005,378,27,158,2024-05-24,22.66
15006,7322,45,266,2024-05-09,19.40
15007,1496,21,123,2024-04-11,46.52
15008,780,27,161,2024-10-17,33.50
15009,1231,27,158,2024-11-11,29.08
15010,5406,1,2,2024-01-07,42.78
15011,4334,18,107,2024-09-05,39.27
15012,1514,44,262,2024-03-06,56.45
15013,285,41,244,2024-05-23,23.14
15014,2765,6,31,2024-05-17,15.54
15015,8008,3,17,2024-07-31,71.22
15016,3672,20,118,2024-05-05,19.98
15017,1901,41,243,2024-12-10,17.86
15018,9699,16,93,2024-10-23,34.51
15019,3899,21,124,2024-12-16,24.53
15020,5551,24,141,2024-10-07,27.95
15021,1650,44,264,2024-03-21,10.90
15022,1585,14,83,2024-06-29,30.07
15023,1443,16,95,2024-05-25,7.07
15024,2816,36,212,2024-05-10,30.81
15025,8394,14,80,2024-07-15,26.26
15026,2823,42,251,2024-01-04,32.85
15027,3933,8,47,2024-07-25,35.76
15028,4684,2,7,2024-11-11,8.66
15029,7887,50,299,2024-06-22,19.75
15030,5583,13,73,2024-05-20,21.86
15031,6941,38,224,2024-01-03,18.32
15032,9113,3,18,2024-05-05,11.59
15033,3358,47,278,2024-01-23,30.77
15034,7282,24,141,2024-11-09,28.92
15035,7724,11,66,2024-03-06,24.89
15036,2242,26,154,2024-10-07,13.97
15037,7114,11,63,2024-10-17,12.60
15038,6959,16,93,2024-03-22,30.35
15039,6310,35,210,2024-03-27,58.93
15040,5068,14,82,2024-11-11,7.71
15041,2234,10,60,2024-07-20,42.06
15042,9877,21,123,2024-10-08,7.33
15043,2448,33,193,2024-09-21,24.66
15044,3661,17,102,2024-09-20,23.68
15045,2148,11,61,2024-03-31,38.93
15046,8412,28,166,2024-08-10,18.88
15047,8641,49,289,2024-11-09,23.67
15048,2653,42,252,2024-05-27,22.37
15049,6702,26,156,2024-11-22,34.34
15050,2929,8,43,2024-04-11,13.32
15051,2085,22,132,2024-02-19,38.36
15052,1424,37,220,2024-03-22,9.29
15053,9642,21,122,2024-08-04,25.94
15054,6044,10,58,2024-07-22,12.69
15055,3454,16,92,2024-12-08,24.24
15056,6925,18,104,2024-07-01,26.42
15057,6938,18,108,2024-09-22,22.20
15058,3916,35,206,2024-12-28,13.76
15059,3480,1,6,2024-12-10,24.30
15060,8863,24,141,2024-05-12,21.27
15061,709,13,77,2024-04-29,12.60
15062,9058,41,241,2024-11-08,20.18
15063,4811,21,126,2024-06-19,19.68
15064,5569,41,245,2024-10-29,28.64
15065,9022,10,59,2024-12-14,22.34
15066,7594,22,131,2024-04-22,8.17
15067,8718,36,215,2024-09-16,21.04
15068,9239,47,278,2024-02-16,19.03
15069,4307,16,94,2024-03-11,28.95
15070,1380,8,46,2024-08-10,17.07
15071,4915,38,227,2024-11-28,9.05
15072,8197,18,104,2024-09-14,22.71
15073,5455,32,188,2024-09-21,31.12
15074,9484,8,47,2024-05-18,33.36
15075,1177,31,183,2024-02-07,18.77
15076,9815,18,106,2024-04-03,69.37
15077,6481,3,16,2024-08-15,43.63
15078,9784,37,218,2024-07-10,47.49
15079,4275,37,220,2024-04-20,27.61
15080,1963,2,9,2024-02-28,19.91
15081,7292,23,134,2024-09-23,35.76
15082,9398,20,116,2024-06-14,67.13
15083,1662,40,237,2024-05-01,34.52
15084,8407,23,135,2024-05-16,17.47
15085,3763,47,277,2024-10-24,15.17
15086,5607,35,207,2024-04-09,30.09
15087,3849,18,103,2024-02-06,24.58
15088,4254,41,245,2024-10-24,8.69
15089,1573,22,127,2024-03-14,26.58
15090,4128,39,233,2024-08-11,28.83
15091,5162,16,93,2024-04-30,18.32
15092,207,42,247,2024-12-06,14.51
15093,7387,21,123,2024-03-22,22.90
15094,753,11,66,2024-01-10,28.97
15095,2694,9,49,2024-02-19,21.40
15096,3141,10,57,2024-09-20,16.24
15097,7009,21,121,2024-10-21,22.48
15098,166,29,174,2024-03-03,21.00
15099,6558,28,165,2024-07-03,8.25
15100,4349,7,42,2024-10-07,12.63
15101,7372,7,42,2024-10-06,26.16
15102,9296,7,39,2024-06-27,21.25
15103,9315,45,265,2024-10-30,15.54
15104,5983,8,48,2024-03-05,40.18
15105,154,19,109,2024-10-06,13.80
15106,9399,22,132,2024-06-11,32.53
15107,3448,3,18,2024-08-25,20.71
15108,8466,48,285,2024-03-28,19.93
15109,1565,46,273,2024-12-03,25.57
15110,536,49,289,2024-02-25,15.78
15111,7924,40,240,2024-08-29,26.88
15112,4480,40,238,2024-03-07,23.01
15113,6739,23,136,2024-04-23,29.34
15114,5833,3,16,2024-01-29,23.92
15115,6869,50,295,2024-02-06,14.77
15116,2834,2,12,2024-02-10,65.88
15117,9296,15,86,2024-07-19,56.35
15118,4440,30,180,2024-09-21,54.90
15119,3264,24,142,2024-07-03,22.47
15120,5994,49,291,2024-12-15,17.12
15121,3233,43,257,2024-04-07,16.38
15122,2799,43,255,2024-08-03,11.60
15123,4231,20,115,2024-06-26,35.19
15124,7477,9,51,2024-07-22,10.91
15125,640,3,15,2024-12-12,35.37
15126,6740,31,182,2024-10-07,31.56
15127,9680,34,202,2024-03-01,63.61
15128,6939,2,11,2024-01-13,40.56
15129,8049,48,286,2024-11-29,24.08
15130,1498,28,164,2024-04-27,11.63
15131,4091,5,28,2024-06-18,30.65
15132,3434,8,46,2024-02-20,14.69
15133,243,48,284,2024-03-13,25.40
15134,1196,36,212,2024-10-05,27.11
15135,1225,13,74,2024-08-19,28.27
15136,7640,32,191,2024-03-23,48.33
15137,121,23,133,2024-05-26,27.69
15138,5074,1,3,2024-10-07,18.24
15139,4108,33,197,2024-10-03,20.71
15140,8136,7,39,2024-09-14,21.31
15141,5574,4,22,2024-12-04,33.41
15142,4178,8,43,2024-11-17,13.32
15143,3033,41,246,2024-08-30,25.39
15144,9725,25,148,2024-05-01,15.58
15145,3552,6,34,2024-03-07,10.67
15146,3883,46,271,2024-10-21,19.36
15147,7809,34,204,2024-08-15,6.92
15148,9630,3,17,2024-01-14,8.52
15149,7119,49,291,2024-04-07,35.00
15150,3259,31,182,2024-02-22,13.62
15151,3143,30,180,2024-03-25,56.70
15152,7431,9,52,2024-07-23,11.41
15153,6319,5,29,2024-10-09,25.04
15154,7563,25,150,2024-06-11,50.52
15155,1041,12,68,2024-05-19,8.91
15156,6785,37,218,2024-03-08,23.34
15157,7553,20,118,2024-08-24,28.82
15158,4485,39,232,2024-12-11,22.55
15159,6691,24,144,2024-08-13,32.76
15160,6876,19,112,2024-10-17,46.63
15161,7942,26,155,2024-04-20,30.70
15162,8058,4,20,2024-06-26,20.24
15163,1317,42,250,2024-02-23,13.55
15164,5946,8,48,2024-08-14,22.56
15165,3286,42,251,2024-04-10,13.60
15166,9402,15,90,2024-11-26,31.07
15167,9168,28,168,2024-11-01,22.43
15168,1263,2,10,2024-09-10,22.06
15169,3645,4,21,2024-01-23,17.42
15170,6314,2,10,2024-12-22,32.23
15171,4599,28,166,2024-02-06,19.26
15172,7953,49,292,2024-02-27,30.61
15173,1906,5,28,2024-12-22,8.26
15174,78,47,278,2024-10-08,11.79
15175,3862,20,120,2024-01-04,20.62
15176,4672,46,274,2024-03-08,19.28
15177,1006,26,154,2024-04-13,20.14
15178,4294,28,165,2024-04-29,27.16
15179,6622,2,10,2024-09-25,24.72
15180,6434,17,99,2024-10-02,16.19
15181,816,49,289,2024-05-29,48.09
15182,6023,46,275,2024-03-26,21.67
15183,1056,2,12,2024-01-24,29.09
15184,3046,7,42,2024-03-28,40.88
15185,4774,48,283,2024-01-03,29.54
15186,1389,47,278,2024-10-15,20.64
15187,6515,35,205,2024-05-28,26.25
15188,3331,32,190,2024-12-10,15.88
15189,3300,45,269,2024-10-09,52.31
15190,9066,6,35,2024-07-21,39.64
15191,8566,2,11,2024-09-01,31.30
15192,8665,20,116,2024-06-15,28.73
15193,3845,49,290,2024-05-08,15.03
15194,9083,2,10,2024-04-18,10.26
15195,7081,15,85,2024-02-12,7.52
15196,7245,33,193,2024-10-24,24.72
15197,4836,45,270,2024-02-22,24.42
15198,800,13,76,2024-07-05,13.72
15199,7801,17,101,2024-01-14,40.85
15200,3765,24,140,2024-01-10,20.02
15201,4198,49,292,2024-06-19,20.04
15202,8883,36,213,2024-07-22,19.64
15203,2367,37,217,2024-12-14,20.09
15204,2643,25,150,2024-09-18,26.79
15205,6723,30,175,2024-01-12,37.13
15206,6763,27,161,2024-05-02,25.76
15207,987,9,49,2024-01-11,18.79
15208,9505,3,14,2024-01-11,31.80
15209,6033,17,97,2024-04-19,24.11
15210,2270,11,66,2024-09-04,38.15
15211,275,6,33,2024-12-11,15.11
15212,4498,29,174,2024-12-14,15.08
15213,8260,21,124,2024-11-17,21.00
15214,8029,35,205,2024-05-05,35.57
15215,7548,16,96,2024-06-16,17.81
15216,2748,19,111,2024-08-07,28.47
15217,3952,5,27,2024-09-28,13.89
15218,6562,13,75,2024-03-29,10.29
15219,113,4,20,2024-08-11,18.58
15220,190,2,10,2024-10-23,8.93
15221,3727,44,263,2024-10-23,21.89
15222,2595,17,101,2024-01-04,34.60
15223,9492,8,43,2024-10-17,55.37
15224,3771,34,202,2024-12-30,49.72
15225,4332,18,106,2024-08-24,19.81
15226,3393,22,129,2024-08-10,15.02
15227,9367,29,174,2024-12-12,27.91
15228,4811,1,5,2024-11-07,22.96
15229,800,10,56,2024-11-08,15.96
15230,1461,17,97,2024-01-21,15.22
15231,5842,8,48,2024-01-14,29.28
15232,2392,25,148,2024-05-27,21.53
15233,7884,42,250,2024-01-30,22.75
15234,9996,9,50,2024-07-01,23.78
15235,3975,13,77,2024-09-26,111.90
15236,6861,5,30,2024-09-17,17.71
15237,3766,42,249,2024-11-12,61.97
15238,2479,29,170,2024-03-16,46.10
15239,5736,12,72,2024-07-16,20.07
15240,7237,50,295,2024-03-01,57.96
15241,8659,48,286,2024-06-08,34.76
15242,8485,9,51,2024-02-24,18.14
15243,1387,35,210,2024-10-30,13.95
15244,8865,11,66,2024-07-05,19.21
15245,5487,27,158,2024-01-09,42.98
15246,7898,14,83,2024-05-31,11.72
15247,5748,33,195,2024-08-20,58.94
15248,7101,30,176,2024-06-19,22.13
15249,9665,32,191,2024-10-30,41.68
15250,9793,3,16,2024-02-05,41.36
15251,5861,39,232,2024-10-06,32.94
15252,7942,45,266,2024-10-29,10.66
15253,7279,11,65,2024-11-20,8.79
15254,1862,33,193,2024-12-12,15.19
15255,5486,45,266,2024-03-12,15.76
15256,1669,23,133,2024-09-01,12.97
15257,8974,26,152,2024-04-14,35.81
15258,1139,31,181,2024-10-13,18.04
15259,2769,8,47,2024-06-25,28.33
15260,132,2,10,2024-04-06,33.11
15261,5609,32,192,2024-10-27,9.03
15262,9624,12,71,2024-04-16,24.75
15263,5306,23,134,2024-01-05,27.38
15264,5814,29,174,2024-04-19,9.45
15265,9615,24,141,2024-07-21,9.65
15266,1937,7,39,2024-01-08,19.02
15267,1225,35,209,2024-11-15,24.18
15268,7934,12,67,2024-06-29,30.06
15269,7719,41,241,2024-06-10,17.15
15270,2978,38,225,2024-02-21,60.00
15271,6722,19,112,2024-03-28,21.07
15272,8758,32,190,2024-03-30,21.46
15273,3741,18,105,2024-09-11,12.31
15274,285,36,211,2024-05-09,44.85
15275,6265,11,65,2024-08-31,15.93
15276,8102,21,124,2024-04-02,38.16
15277,5474,7,41,2024-08-03,38.55
15278,5294,1,5,2024-12-09,19.29
15279,4652,23,135,2024-10-31,15.62
15280,3113,16,94,2024-11-30,10.29
15281,6941,26,156,2024-10-19,48.38
15282,7923,33,194,2024-07-18,68.87
15283,6890,20,116,2024-10-26,16.50
15284,3417,23,135,2024-02-12,21.67
15285,2307,30,178,2024-07-12,14.66
15286,3168,20,120,2024-08-17,23.14
15287,2005,48,284,2024-04-03,16.14
15288,817,37,222,2024-09-22,19.45
15289,6235,9,53,2024-03-18,38.58
15290,9800,49,292,2024-08-31,21.51
15291,4865,50,296,2024-03-29,11.17
15292,8989,35,208,2024-10-26,30.56
15293,1374,2,9,2024-06-08,36.38
15294,498,49,294,2024-04-04,54.73
15295,8146,22,132,2024-07-16,16.85
15296,4020,22,130,2024-03-25,19.25
15297,2352,46,272,2024-06-19,45.53
15298,1844,6,35,2024-01-16,23.24
15299,6139,3,16,2024-06-20,38.86
15300,6727,42,250,2024-09-01,28.49
15301,6962,16,91,2024-09-21,34.53
15302,4558,7,39,2024-07-18,30.63
15303,7460,27,162,2024-04-13,25.11
15304,7422,24,143,2024-08-06,32.51
15305,8355,29,173,2024-07-08,50.94
15306,2241,42,249,2024-10-29,45.98
15307,6946,37,217,2024-04-28,18.40
15308,7956,42,247,2024-04-11,27.98
15309,7199,2,8,2024-02-29,29.72
15310,6436,28,167,2024-07-23,26.88
15311,9302,2,10,2024-07-18,21.47
15312,3752,4,21,2024-10-20,19.86
15313,8678,4,19,2024-01-07,14.75
15314,2255,48,288,2024-08-02,33.72
15315,7595,24,140,2024-05-02,14.73
15316,4894,49,289,2024-02-14,23.89
15317,5174,39,234,2024-12-18,12.96
15318,3916,33,196,2024-01-16,35.02
15319,2501,3,16,2024-04-05,12.30
15320,339,49,289,2024-04-15,31.32
15321,6907,28,166,2024-06-27,76.27
15322,932,24,143,2024-08-25,28.71
15323,4363,27,159,2024-09-16,18.10
15324,5480,6,35,2024-09-23,8.69
15325,8786,42,249,2024-08-12,43.46
15326,963,22,131,2024-02-17,30.98
15327,2668,16,94,2024-12-07,17.12
15328,8781,50,295,2024-02-13,59.72
15329,2260,41,244,2024-09-12,20.70
15330,9328,26,156,2024-11-15,55.21
15331,2585,29,169,2024-03-16,22.96
15332,3117,7,37,2024-06-07,30.58
15333,9529,24,140,2024-09-10,34.58
15334,1561,42,248,2024-11-21,19.63
15335,2286,21,123,2024-04-04,44.88
15336,7414,44,260,2024-05-21,20.62
15337,2541,34,200,2024-04-22,23.98
15338,5009,12,71,2024-02-26,29.17
15339,3577,27,159,2024-09-17,27.77
15340,4384,27,159,2024-09-06,18.88
15341,4342,26,155,2024-11-08,30.12
15342,1455,10,55,2024-11-13,22.24
15343,9999,28,164,2024-12-13,31.01
15344,1744,37,218,2024-07-17,36.43
15345,4116,1,5,2024-12-07,14.65
15346,860,44,259,2024-12-29,30.08
15347,9386,23,136,2024-01-15,5.13
15348,7977,19,112,2024-04-28,18.34
15349,6594,33,193,2024-11-16,36.95
15350,444,35,205,2024-11-14,31.14
15351,6308,12,71,2024-08-15,16.90
15352,5335,49,289,2024-04-01,18.72
15353,7688,22,129,2024-10-31,25.19
15354,3394,35,209,2024-06-27,33.76
15355,2378,13,75,2024-02-06,23.34
15356,2046,4,23,2024-01-19,61.27
15357,8823,14,82,2024-02-25,27.84
15358,8986,38,226,2024-10-05,22.21
15359,7817,49,293,2024-02-21,18.58
15360,5509,40,237,2024-04-20,77.26
15361,9532,22,130,2024-07-12,14.45
15362,2030,50,297,2024-12-16,7.68
15363,7363,9,53,2024-03-13,18.97
15364,3553,32,188,2024-05-29,18.20
15365,4603,18,106,2024-05-14,70.27
15366,4636,5,26,2024-05-21,29.36
15367,3269,25,147,2024-11-06,21.66
15368,1372,40,236,2024-10-27,28.84
15369,4085,46,276,2024-11-29,16.66
15370,6413,3,13,2024-06-10,41.94
15371,6184,37,222,2024-08-29,15.17
15372,9582,7,42,2024-02-08,21.74
15373,370,7,38,2024-07-07,31.49
15374,1240,47,280,2024-12-07,39.61
15375,8015,35,205,2024-12-09,13.27
15376,7506,9,50,2024-06-05,23.16
15377,6144,11,64,2024-10-24,25.06
15378,5417,36,215,2024-09-16,41.88
15379,6298,17,99,2024-01-17,16.42
15380,428,48,288,2024-08-23,47.55
15381,7884,48,283,2024-01-27,18.77
15382,207,35,206,2024-02-24,43.34
15383,7002,34,204,2024-10-16,17.75
15384,5207,49,292,2024-05-09,24.22
15385,2409,30,177,2024-01-20,21.18
15386,2053,13,77,2024-06-12,14.87
15387,6100,2,11,2024-12-12,31.57
15388,8023,1,1,2024-05-01,15.04
15389,2060,2,8,2024-06-26,9.89
15390,6172,30,176,2024-04-27,18.18
15391,9446,18,106,2024-05-02,11.79
15392,3483,18,105,2024-04-02,58.54
15393,6679,26,154,2024-04-03,14.89
15394,6369,17,97,2024-12-04,23.82
15395,5688,23,136,2024-06-04,104.14
15396,3308,41,245,2024-05-24,9.22
15397,9071,45,270,2024-12-27,28.78
15398,9541,46,275,2024-04-09,24.78
15399,1399,20,117,2024-02-16,28.06
15400,2657,23,136,2024-01-21,16.10
15401,2081,15,88,2024-01-17,21.43
15402,7227,49,293,2024-04-09,20.30
15403,6411,6,35,2024-08-13,68.73
15404,4247,3,16,2024-07-18,66.13
15405,5248,27,159,2024-12-17,32.73
15406,8216,6,32,2024-01-06,69.03
15407,9880,29,173,2024-09-17,20.62
15408,2069,11,64,2024-07-07,32.42
15409,9617,33,198,2024-09-11,37.19
15410,8547,18,105,2024-06-04,26.51
15411,9535,31,186,2024-10-01,18.36
15412,9510,7,38,2024-08-20,20.12
15413,9935,32,191,2024-08-19,36.40
15414,2423,19,114,2024-12-10,22.28
15415,5700,31,181,2024-09-13,24.36
15416,6288,24,143,2024-07-10,65.71
15417,4282,24,143,2024-04-25,26.26
15418,8695,28,164,2024-02-28,45.94
15419,4173,8,48,2024-01-04,24.11
15420,7903,19,110,2024-03-15,23.22
15421,5715,43,256,2024-08-30,43.57
15422,5807,15,89,2024-06-30,51.99
15423,4715,34,199,2024-01-06,11.42
15424,7168,7,37,2024-08-01,7.28
15425,9286,2,10,2024-06-30,39.07
15426,2545,35,205,2024-04-29,31.41
15427,6827,18,108,2024-09-02,15.21
15428,8007,29,173,2024-07-22,42.04
15429,7330,2,9,2024-07-05,18.90
15430,2790,1,4,2024-06-17,16.28
15431,1383,49,293,2024-11-21,14.89
15432,6263,41,246,2024-03-11,30.40
15433,1665,39,231,2024-02-23,16.84
15434,2932,21,124,2024-09-09,18.50
15435,5654,6,33,2024-12-11,81.37
15436,149,31,184,2024-12-31,27.00
15437,3006,49,292,2024-04-19,18.59
15438,3745,13,73,2024-09-01,14.28
15439,1481,12,71,2024-03-09,6.28
15440,5093,6,34,2024-10-08,31.65
15441,1929,31,186,2024-12-27,24.92
15442,2711,13,76,2024-07-21,22.42
15443,9437,27,160,2024-12-24,34.55
15444,8991,16,93,2024-01-15,6.16
15445,3495,27,160,2024-05-09,81.50
15446,34,46,272,2024-09-28,35.74
15447,7729,4,19,2024-10-06,64.44
15448,4651,22,132,2024-11-02,16.86
15449,8633,16,96,2024-09-01,25.12
15450,7691,33,194,2024-05-19,31.71
15451,6629,20,120,2024-03-17,11.90
15452,1722,32,190,2024-06-12,22.05
15453,8807,4,23,2024-09-29,22.91
15454,9759,35,205,2024-01-22,23.17
15455,1936,43,257,2024-09-16,37.85
15456,3393,21,126,2024-11-15,11.36
15457,9255,46,276,2024-08-31,47.12
15458,2924,20,116,2024-03-20,25.34
15459,3151,9,51,2024-12-02,20.48
15460,7524,12,70,2024-04-13,19.10
15461,7691,31,185,2024-05-01,22.37
15462,6752,43,255,2024-09-12,42.07
15463,5182,19,112,2024-12-21,36.52
15464,5867,27,159,2024-10-27,27.64
15465,8228,29,171,2024-04-29,28.88
15466,5015,9,49,2024-06-07,24.47
15467,9558,39,231,2024-01-02,25.57
15468,5058,16,91,2024-02-21,7.87
15469,3719,36,216,2024-04-10,15.78
15470,5963,4,24,2024-10-20,35.84
15471,6870,26,154,2024-10-31,42.47
15472,5177,32,190,2024-07-10,18.69
15473,8069,38,228,2024-03-08,18.15
15474,7815,21,123,2024-06-11,47.01
15475,2813,37,222,2024-08-01,29.58
15476,1537,15,85,2024-02-26,24.54
15477,1583,31,186,2024-11-19,42.23
15478,1538,45,270,2024-05-30,21.07
15479,7167,1,5,2024-04-06,29.99
15480,3393,28,163,2024-05-08,43.38
15481,9052,45,266,2024-11-12,31.87
15482,951,22,132,2024-05-23,46.33
15483,2226,12,68,2024-04-07,30.81
15484,2990,34,203,2024-08-06,11.60
15485,3040,32,190,2024-07-01,36.19
15486,3013,29,173,2024-05-15,15.62
15487,8014,41,244,2024-09-05,22.45
15488,7437,30,178,2024-04-20,17.86
15489,4843,8,45,2024-02-05,7.41
15490,4913,21,123,2024-07-13,50.91
15491,7295,10,60,2024-09-27,23.21
15492,5381,16,95,2024-10-29,27.67
15493,8136,2,9,2024-02-21,29.50
15494,6260,44,260,2024-08-14,14.38
15495,6107,15,86,2024-01-06,23.57
15496,4092,21,125,2024-12-26,22.87
15497,1578,21,121,2024-10-01,26.89
15498,9076,18,106,2024-08-27,44.87
15499,616,8,48,2024-11-21,16.14
15500,4280,46,271,2024-08-28,13.48
15501,8279,32,191,2024-11-29,29.27
15502,3736,14,81,2024-01-16,28.99
15503,8918,12,69,2024-06-17,10.51
15504,4121,24,143,2024-03-25,26.61
15505,7888,36,212,2024-09-03,21.33
15506,3446,42,252,2024-10-25,32.67
15507,1498,29,169,2024-05-24,55.14
15508,7994,18,107,2024-01-15,31.45
15509,6222,15,85,2024-01-16,19.29
15510,1305,42,247,2024-05-08,9.61
15511,3778,7,41,2024-06-17,16.96
15512,694,30,175,2024-09-13,79.06
15513,9725,21,126,2024-02-09,14.91
15514,1182,24,144,2024-06-05,35.98
15515,5173,15,89,2024-04-23,23.07
15516,1624,48,288,2024-09-23,53.94
15517,4017,47,279,2024-04-30,15.28
15518,9812,26,156,2024-12-24,11.52
15519,3101,21,126,2024-11-06,32.42
15520,1111,15,89,2024-08-24,64.85
15521,2595,43,256,2024-11-13,39.62
15522,3412,15,89,2024-10-13,19.16
15523,5430,40,238,2024-11-05,17.47
15524,8274,15,87,2024-12-25,20.00
15525,4994,45,266,2024-07-31,51.02
15526,4222,6,32,2024-04-28,29.29
15527,4790,32,189,2024-05-07,26.31
15528,1924,41,246,2024-12-25,14.62
15529,9970,2,9,2024-03-27,21.22
15530,5135,49,293,2024-07-17,28.17
15531,1968,30,180,2024-07-05,59.27
15532,5027,50,300,2024-09-12,39.66
15533,9298,28,166,2024-05-23,27.20
15534,2763,16,94,2024-04-27,52.07
15535,3185,14,84,2024-04-27,16.75
15536,7084,36,216,2024-05-17,30.56
15537,937,31,183,2024-08-08,48.97
15538,2753,7,37,2024-01-07,36.54
15539,4009,24,140,2024-06-10,28.67
15540,1304,30,176,2024-10-11,48.49
15541,2006,32,192,2024-09-08,54.08
15542,2043,42,250,2024-08-14,22.47
15543,7347,20,116,2024-07-14,20.76
15544,2603,48,287,2024-12-19,57.06
15545,686,9,50,2024-06-25,32.32
15546,230,5,27,2024-03-15,18.95
15547,552,44,261,2024-03-16,13.71
15548,2407,12,70,2024-08-05,26.15
15549,8713,9,50,2024-02-19,23.28
15550,7330,33,193,2024-09-12,10.37
15551,1896,34,204,2024-04-08,13.31
15552,5541,19,109,2024-09-21,6.57
15553,2234,36,211,2024-04-21,17.39
15554,3491,21,121,2024-01-27,32.30
15555,8875,5,27,2024-06-04,27.11
15556,4926,34,200,2024-07-17,13.75
15557,4076,42,251,2024-05-12,20.84
15558,2148,40,239,2024-10-21,60.72
15559,4078,17,98,2024-08-30,41.51
15560,4493,4,22,2024-02-04,69.98
15561,1590,15,89,2024-02-21,21.01
15562,1645,28,168,2024-01-15,15.47
15563,1186,6,31,2024-02-12,24.29
15564,6327,7,37,2024-03-23,32.21
15565,8794,6,35,2024-08-26,34.95
15566,345,38,227,2024-05-22,10.03
15567,3542,4,21,2024-06-30,9.16
15568,4748,29,171,2024-06-30,46.34
15569,6317,7,41,2024-04-28,10.75
15570,4970,37,218,2024-02-18,12.22
15571,1893,12,68,2024-10-21,32.91
15572,3215,44,264,2024-09-27,22.54
15573,8980,7,41,2024-08-28,18.35
15574,7024,50,299,2024-04-01,35.70
15575,1889,11,64,2024-09-17,15.81
15576,6723,44,264,2024-07-25,21.64
15577,7977,15,90,2024-06-08,15.96
15578,9962,45,266,2024-07-17,23.27
15579,7804,4,23,2024-03-22,42.34
15580,8764,18,108,2024-12-03,27.37
15581,4770,6,36,2024-09-10,25.84
15582,2272,50,298,2024-12-15,20.25
15583,8943,32,191,2024-02-01,18.18
15584,7902,41,242,2024-12-17,10.47
15585,2285,19,109,2024-01-30,12.47
15586,2872,46,274,2024-06-18,20.78
15587,2780,23,135,2024-03-16,28.46
15588,1385,20,115,2024-08-31,23.76
15589,3173,41,246,2024-01-07,29.29
15590,4664,45,265,2024-02-10,27.36
15591,7416,17,99,2024-10-26,23.81
15592,2830,36,215,2024-05-05,19.70
15593,2567,5,30,2024-07-30,15.12
15594,7514,31,181,2024-10-01,36.12
15595,9535,46,273,2024-06-21,24.47
15596,562,44,259,2024-06-22,22.59
15597,5121,44,261,2024-05-20,36.07
15598,6781,19,110,2024-12-12,26.10
15599,6803,14,79,2024-07-20,20.54
15600,4403,2,7,2024-02-08,26.65
15601,3761,28,164,2024-12-31,12.03
15602,5143,41,243,2024-07-22,37.91
15603,4560,13,73,2024-01-11,19.00
15604,8717,38,227,2024-01-31,63.45
15605,6026,30,178,2024-06-17,18.88
15606,4946,13,77,2024-12-25,18.44
15607,5875,8,44,2024-06-19,88.94
15608,5653,17,102,2024-08-26,11.58
15609,4506,18,106,2024-12-28,39.45
15610,7825,26,152,2024-10-02,12.53
15611,1467,9,49,2024-04-26,13.21
15612,2273,24,142,2024-12-24,32.53
15613,4682,42,251,2024-09-29,19.33
15614,4415,1,2,2024-09-27,13.18
15615,1240,14,81,2024-07-04,63.79
15616,9376,30,178,2024-04-12,10.15
15617,3315,49,289,2024-08-17,32.65
15618,351,12,72,2024-04-03,44.56
15619,6304,23,137,2024-02-20,23.66
15620,2196,37,217,2024-03-29,21.77
15621,9473,11,61,2024-04-26,37.78
15622,3757,28,164,2024-03-19,22.64
15623,4608,18,107,2024-05-14,12.05
15624,637,5,29,2024-09-09,23.72
15625,9248,2,10,2024-11-20,28.96
15626,6692,50,299,2024-04-29,15.44
15627,7842,47,277,2024-06-21,24.21
15628,6896,20,119,2024-03-19,22.85
15629,8089,36,211,2024-08-24,32.96
15630,1592,17,99,2024-06-02,19.22
15631,2431,46,276,2024-12-23,41.45
15632,8928,40,237,2024-12-24,21.65
15633,3140,6,34,2024-05-25,25.00
15634,5633,9,51,2024-03-07,30.37
15635,5144,23,138,2024-04-30,75.14
15636,3522,45,265,2024-12-31,51.12
15637,7914,15,85,2024-02-15,36.55
15638,8086,18,103,2024-09-22,19.33
15639,2823,28,165,2024-07-13,16.69
15640,4519,36,211,2024-02-15,49.46
15641,6929,26,153,2024-02-02,12.72
15642,5779,38,226,2024-02-03,20.31
15643,1726,2,11,2024-07-08,56.52
15644,9924,33,195,2024-05-29,23.79
15645,1704,22,130,2024-12-14,19.08
15646,4994,41,244,2024-07-27,24.81
15647,2048,13,75,2024-12-19,44.40
15648,6276,16,96,2024-07-09,13.54
15649,6640,23,136,2024-03-30,34.94
15650,7897,1,5,2024-08-04,17.96
15651,5890,35,208,2024-07-15,33.52
15652,1879,22,132,2024-05-30,19.05
15653,8798,39,229,2024-09-23,17.41
15654,3991,13,78,2024-11-19,71.20
15655,1314,43,255,2024-01-20,35.24
15656,7334,37,221,2024-01-04,29.57
15657,7769,50,295,2024-02-08,24.59
15658,2396,3,16,2024-09-01,23.89
15659,3409,10,56,2024-11-08,28.00
15660,3375,20,117,2024-11-20,23.36
15661,8732,35,205,2024-08-07,32.66
15662,6642,27,161,2024-04-22,22.06
15663,6219,23,137,2024-03-08,25.50
15664,239,20,119,2024-03-28,11.95
15665,6950,39,231,2024-09-04,25.72
15666,1078,38,225,2024-12-28,30.14
15667,2531,28,168,2024-08-17,27.75
15668,8432,12,70,2024-11-01,29.45
15669,2081,46,273,2024-02-16,15.59
15670,6090,47,277,2024-08-16,10.76
15671,327,4,23,2024-08-24,17.40
15672,3502,39,233,2024-07-09,47.89
15673,2819,38,224,2024-10-15,8.52
15674,5530,38,227,2024-08-15,37.54
15675,7440,16,94,2024-10-31,21.77
15676,7346,33,197,2024-08-11,14.68
15677,5117,48,285,2024-05-20,33.68
15678,7546,50,300,2024-11-30,28.74
15679,9498,24,139,2024-11-03,32.84
15680,9682,46,276,2024-02-22,16.03
15681,4159,20,115,2024-10-15,19.50
15682,7908,47,280,2024-01-10,19.62
15683,3602,36,216,2024-05-26,24.86
15684,3353,5,30,2024-03-28,24.16
15685,2635,37,217,2024-12-26,25.32
15686,5935,13,78,2024-03-18,17.14
15687,5473,33,196,2024-03-22,60.88
15688,7420,25,147,2024-08-27,15.28
15689,182,44,260,2024-08-31,38.15
15690,1614,32,189,2024-05-24,30.60
15691,1718,45,266,2024-01-22,35.87
15692,388,8,46,2024-02-20,28.90
15693,6560,27,160,2024-04-30,26.94
15694,8527,31,181,2024-11-09,16.61
15695,1876,39,230,2024-06-15,12.85
15696,7491,16,92,2024-12-09,34.30
15697,4026,34,200,2024-12-02,22.15
15698,6037,45,269,2024-05-08,13.06
15699,6754,4,24,2024-12-23,15.13
15700,5770,32,191,2024-08-05,39.24
15701,4653,36,215,2024-07-05,27.08
15702,9344,33,197,2024-05-12,28.13
15703,2411,44,262,2024-07-19,92.18
15704,9660,43,255,2024-05-16,43.59
15705,5162,33,195,2024-01-20,19.77
15706,7290,29,170,2024-06-17,19.24
15707,1101,12,68,2024-03-13,34.61
15708,3122,3,18,2024-09-04,19.61
15709,2213,30,177,2024-06-12,13.91
15710,2177,39,230,2024-06-05,27.49
15711,7176,34,199,2024-02-25,15.16
15712,2779,19,112,2024-07-31,24.14
15713,7559,36,216,2024-06-16,26.48
15714,9928,16,95,2024-09-14,32.43
15715,5224,38,228,2024-01-18,22.49
15716,6536,40,238,2024-01-25,53.19
15717,2548,6,33,2024-01-17,13.08
15718,5909,11,62,2024-07-14,14.58
15719,3623,46,274,2024-01-03,30.06
15720,9667,48,283,2024-01-22,13.23
15721,4921,18,106,2024-09-21,25.09
15722,2363,9,52,2024-01-20,25.76
15723,1631,6,35,2024-05-26,19.44
15724,3957,42,252,2024-05-10,13.50
15725,3743,44,259,2024-06-10,36.67
15726,5630,16,94,2024-01-01,26.67
15727,2148,2,8,2024-05-03,17.21
15728,3744,17,98,2024-11-10,46.01
15729,4010,45,269,2024-02-18,50.18
15730,9912,2,12,2024-06-22,10.78
15731,1398,47,280,2024-05-26,22.59
15732,5911,26,154,2024-09-03,20.63
15733,6986,3,15,2024-08-03,26.23
15734,6241,35,206,2024-07-07,35.82
15735,7337,2,8,2024-09-01,32.33
15736,1132,8,45,2024-04-12,17.99
15737,7891,2,8,2024-06-20,9.87
15738,86,17,99,2024-10-25,26.61
15739,433,11,62,2024-01-20,10.24
15740,2284,30,177,2024-05-16,10.64
15741,7297,41,243,2024-09-19,26.74
15742,7600,1,4,2024-02-01,80.44
15743,8392,16,92,2024-10-05,18.80
15744,8230,46,275,2024-11-23,29.22
15745,6942,16,94,2024-07-14,38.57
15746,4406,48,287,2024-11-09,73.58
15747,9403,3,18,2024-10-20,16.76
15748,4328,38,223,2024-09-24,28.46
15749,8902,30,178,2024-11-24,24.87
15750,243,24,139,2024-12-13,10.14
15751,9108,42,250,2024-11-06,18.12
15752,1212,29,172,2024-01-28,12.25
15753,1153,23,135,2024-01-29,47.52
15754,6763,8,45,2024-05-20,15.35
15755,3323,9,54,2024-06-03,20.79
15756,7844,24,143,2024-02-23,22.53
15757,5037,3,15,2024-03-30,39.20
15758,773,45,266,2024-11-30,23.37
15759,8509,29,174,2024-10-11,51.98
15760,604,37,219,2024-12-17,32.91
15761,5388,43,255,2024-01-21,28.94
15762,3759,35,209,2024-08-02,13.45
15763,9298,30,179,2024-02-22,16.41
15764,273,48,285,2024-03-05,23.00
15765,5259,10,59,2024-08-07,23.20
15766,7683,47,277,2024-01-11,21.50
15767,5957,42,251,2024-04-20,54.87
15768,3343,29,174,2024-07-01,24.22
15769,9579,49,294,2024-03-30,19.59
15770,2309,13,78,2024-11-02,64.44
15771,1997,16,94,2024-02-02,17.34
15772,7036,6,35,2024-12-25,24.83
15773,7532,49,291,2024-04-25,30.78
15774,6370,9,53,2024-11-06,12.83
15775,7027,8,45,2024-02-26,15.62
15776,5409,45,269,2024-04-02,23.41
15777,664,6,33,2024-09-02,19.92
15778,9547,25,147,2024-04-01,14.58
15779,3107,46,275,2024-08-28,19.96
15780,2516,15,90,2024-09-20,65.07
15781,5813,42,247,2024-11-02,26.23
15782,1204,11,62,2024-02-23,26.82
15783,3181,34,204,2024-08-25,16.42
15784,4527,21,126,2024-02-07,52.62
15785,8470,4,21,2024-09-01,22.98
15786,5228,14,80,2024-09-15,32.63
15787,4636,46,275,2024-08-29,26.18
15788,7550,23,133,2024-02-27,18.14
15789,5992,23,133,2024-12-02,66.18
15790,4558,4,23,2024-12-21,15.17
15791,8417,21,123,2024-05-21,30.90
15792,7545,22,132,2024-12-12,14.01
15793,3875,29,169,2024-02-09,8.83
15794,8501,20,117,2024-03-05,15.40
15795,4063,35,210,2024-10-26,48.91
15796,9111,40,240,2024-07-31,36.15
15797,4472,7,38,2024-02-02,44.12
15798,8314,34,201,2024-08-04,27.17
15799,6956,48,287,2024-02-02,40.48
15800,1725,16,95,2024-08-11,22.19
15801,4694,50,295,2024-06-24,6.00
15802,375,27,160,2024-10-11,17.99
15803,1478,33,194,2024-10-20,31.18
15804,4138,26,155,2024-12-21,20.24
15805,8776,35,209,2024-05-09,40.64
15806,6956,18,103,2024-09-02,33.98
15807,881,29,171,2024-09-13,35.04
15808,2830,44,264,2024-04-11,17.23
15809,1174,34,200,2024-05-11,30.56
15810,2474,43,254,2024-04-19,32.08
15811,7643,36,215,2024-02-15,31.54
15812,2206,12,70,2024-07-08,12.78
15813,412,4,19,2024-03-20,38.45
15814,3036,21,126,2024-12-16,40.28
15815,8697,4,24,2024-11-19,50.78
15816,3958,7,40,2024-04-07,22.79
15817,7187,41,241,2024-08-02,20.46
15818,7539,5,26,2024-09-07,5.93
15819,7156,26,152,2024-11-28,45.22
15820,2404,43,256,2024-07-24,13.74
15821,4649,12,67,2024-09-03,13.13
15822,3194,32,187,2024-04-05,21.13
15823,5217,10,55,2024-07-21,20.13
15824,7027,2,9,2024-07-07,16.13
15825,6809,28,163,2024-10-31,44.47
15826,1865,7,39,2024-01-01,27.07
15827,3996,15,86,2024-03-15,30.48
15828,4499,29,170,2024-10-05,61.33
15829,2011,15,88,2024-06-12,48.22
15830,3980,48,286,2024-03-21,11.88
15831,6324,26,155,2024-11-25,10.60
15832,2287,45,270,2024-11-02,26.74
15833,2531,14,84,2024-08-02,13.16
15834,1592,27,157,2024-10-06,18.54
15835,3006,18,105,2024-01-16,13.20
15836,3108,13,74,2024-11-14,74.05
15837,7350,15,85,2024-12-17,18.14
15838,7591,38,226,2024-09-28,48.09
15839,2374,3,15,2024-11-10,50.99
15840,3068,9,53,2024-04-27,91.55
15841,30,8,47,2024-02-21,15.01
15842,8150,1,4,2024-11-09,17.10
15843,5844,24,142,2024-05-19,12.32
15844,8694,38,228,2024-05-12,16.06
15845,1600,13,77,2024-07-28,20.39
15846,5380,1,3,2024-08-02,27.10
15847,622,21,121,2024-03-25,69.75
15848,6703,15,88,2024-12-09,19.45
15849,8250,12,69,2024-01-20,32.07
15850,553,18,108,2024-12-20,29.29
15851,3834,22,132,2024-08-08,26.57
15852,1235,14,80,2024-07-08,52.86
15853,904,13,78,2024-01-15,29.31
15854,352,21,122,2024-02-06,43.25
15855,6311,17,100,2024-03-05,12.87
15856,3566,42,247,2024-04-14,20.84
15857,1143,17,99,2024-12-20,22.62
15858,9171,8,47,2024-11-19,40.82
15859,6260,31,184,2024-12-25,24.51
15860,7921,23,134,2024-05-04,17.96
15861,8900,7,37,2024-04-03,20.27
15862,4878,9,51,2024-09-30,13.13
15863,1576,30,178,2024-10-27,24.66
15864,6272,28,164,2024-04-06,20.84
15865,4915,41,241,2024-12-07,13.50
15866,1904,16,91,2024-07-29,65.40
15867,31,29,172,2024-12-12,11.89
15868,9594,21,126,2024-07-13,14.29
15869,3490,45,268,2024-01-04,34.12
15870,5020,49,290,2024-06-23,14.27
15871,2286,23,135,2024-07-30,13.22
15872,9491,16,95,2024-08-07,17.86
15873,3359,18,104,2024-07-08,9.96
15874,1904,25,148,2024-08-07,22.30
15875,6484,29,174,2024-10-04,12.42
15876,6917,25,150,2024-06-19,20.43
15877,5353,4,21,2024-12-02,27.37
15878,9219,4,22,2024-09-18,66.12
15879,4211,42,251,2024-12-24,19.32
15880,7967,44,261,2024-09-11,19.72
15881,4973,24,141,2024-03-19,21.79
15882,2397,38,227,2024-01-10,24.92
15883,4217,24,140,2024-06-10,16.67
15884,6680,24,143,2024-10-18,21.91
15885,4382,43,253,2024-12-14,29.21
15886,5838,38,226,2024-01-30,24.76
15887,8341,36,211,2024-05-13,20.55
15888,3504,48,283,2024-09-30,30.38
15889,7636,45,265,2024-05-23,33.28
15890,4781,23,138,2024-04-24,12.15
15891,4911,16,91,2024-07-21,20.97
15892,9616,6,32,2024-09-27,31.36
15893,2165,35,208,2024-07-28,27.34
15894,4056,24,142,2024-09-18,8.14
15895,4613,28,165,2024-09-04,17.08
15896,6414,13,75,2024-07-21,26.41
15897,9277,1,2,2024-09-18,13.18
15898,9356,29,169,2024-12-21,60.80
15899,2334,22,130,2024-09-29,24.17
15900,1283,19,109,2024-02-10,22.98
15901,2299,15,90,2024-07-10,9.88
15902,5358,4,23,2024-06-20,23.74
15903,9764,37,219,2024-02-21,24.69
15904,1501,33,197,2024-04-08,29.03
15905,2626,32,188,2024-03-02,9.84
15906,3295,19,114,2024-07-13,17.08
15907,256,43,255,2024-01-13,31.38
15908,2380,33,197,2024-09-10,10.93
15909,7520,14,83,2024-09-05,12.36
15910,4442,13,78,2024-06-05,14.40
15911,2020,25,150,2024-06-22,53.67
15912,5893,14,84,2024-01-08,15.68
15913,486,50,299,2024-01-07,6.74
15914,1884,10,55,2024-06-20,10.51
15915,3988,13,75,2024-07-26,20.20
15916,6764,29,173,2024-03-16,21.50
15917,7804,31,186,2024-06-10,11.54
15918,3068,49,292,2024-04-25,28.38
15919,5903,38,227,2024-06-05,10.92
15920,4881,44,260,2024-01-16,19.97
15921,197,16,94,2024-07-22,24.17
15922,6455,3,15,2024-11-09,20.28
15923,9501,17,102,2024-08-09,20.64
15924,899,28,164,2024-02-04,16.91
15925,5581,36,211,2024-10-29,34.75
15926,5891,24,143,2024-12-02,28.15
15927,955,42,247,2024-05-08,28.13
15928,8567,26,151,2024-12-08,25.96
15929,7956,4,22,2024-06-04,19.16
15930,6188,19,113,2024-07-07,19.31
15931,2107,10,56,2024-07-24,20.61
15932,2640,28,168,2024-08-12,11.06
15933,8196,46,275,2024-11-10,23.54
15934,6987,26,155,2024-04-25,33.75
15935,865,48,286,2024-11-09,27.14
15936,5462,17,98,2024-07-04,16.84
15937,3241,36,215,2024-07-19,9.91
15938,1147,50,298,2024-06-22,30.94
15939,9058,47,280,2024-08-02,20.65
15940,9247,40,237,2024-08-13,41.65
15941,1279,7,38,2024-11-17,26.66
15942,9514,3,15,2024-01-11,11.18
15943,5174,37,221,2024-02-05,24.64
15944,1266,46,275,2024-12-24,19.47
15945,7137,25,146,2024-03-22,48.51
15946,3292,35,209,2024-05-04,18.56
15947,9928,16,92,2024-01-30,37.04
15948,5261,14,81,2024-02-20,30.65
15949,1860,7,38,2024-04-10,15.29
15950,9730,16,94,2024-02-29,14.01
15951,6594,39,234,2024-12-13,19.35
15952,974,4,20,2024-06-17,21.82
15953,6725,1,5,2024-03-13,16.04
15954,8561,20,115,2024-11-10,15.56
15955,9552,23,137,2024-04-12,44.30
15956,3558,40,236,2024-10-28,30.60
15957,1383,43,256,2024-05-25,54.72
15958,2661,36,212,2024-07-19,18.48
15959,8341,31,184,2024-09-08,63.79
15960,8371,39,233,2024-12-20,18.76
15961,9162,40,237,2024-11-05,21.14
15962,8228,28,164,2024-06-28,6.75
15963,9656,8,44,2024-04-11,23.26
15964,6072,50,300,2024-05-20,22.06
15965,7704,49,290,2024-01-04,7.34
15966,6856,3,15,2024-12-23,22.77
15967,7700,39,232,2024-06-21,31.11
15968,397,22,128,2024-09-10,16.68
15969,8871,26,153,2024-06-21,19.21
15970,6679,41,241,2024-03-10,27.10
15971,5452,21,125,2024-09-22,25.14
15972,7427,26,154,2024-04-09,23.91
15973,4680,14,83,2024-07-08,17.44
15974,4034,49,290,2024-01-09,27.40
15975,5937,18,107,2024-10-26,24.27
15976,2527,22,132,2024-06-26,31.50
15977,5607,44,262,2024-10-15,22.54
15978,359,28,163,2024-01-03,15.13
15979,6050,24,144,2024-03-06,9.80
15980,6891,35,210,2024-12-14,15.75
15981,9987,7,37,2024-01-14,11.29
15982,6688,13,74,2024-10-31,9.78
15983,2748,22,128,2024-06-28,36.88
15984,6102,27,161,2024-09-30,42.62
15985,8393,16,95,2024-11-21,52.57
15986,5558,31,182,2024-06-17,28.07
15987,1638,27,160,2024-04-07,32.96
15988,922,20,116,2024-01-29,70.58
15989,3632,25,147,2024-09-18,39.08
15990,667,35,207,2024-11-09,17.11
15991,7604,7,37,2024-06-28,27.28
15992,411,6,32,2024-03-22,64.22
15993,2452,46,272,2024-08-07,6.11
15994,9844,37,221,2024-05-28,32.29
15995,2233,32,191,2024-12-22,11.81
15996,3035,47,277,2024-02-27,28.72
15997,4351,24,140,2024-10-22,75.77
15998,478,36,215,2024-09-11,18.35
15999,4586,44,260,2024-12-18,33.59
16000,7774,43,253,2024-06-11,17.90
16001,2894,21,124,2024-05-17,17.48
16002,255,5,26,2024-03-16,18.68
16003,2697,47,277,2024-11-13,42.92
16004,2151,5,26,2024-11-18,37.13
16005,2325,41,241,2024-07-02,37.50
16006,6305,40,235,2024-08-19,24.32
16007,7911,42,247,2024-05-29,10.57
16008,5656,20,118,2024-02-22,50.77
16009,8571,42,248,2024-04-24,8.61
16010,7140,22,130,2024-01-24,22.29
16011,752,24,143,2024-12-11,25.65
16012,3702,43,253,2024-12-10,34.18
16013,9450,33,193,2024-08-07,24.87
16014,5896,31,184,2024-03-11,18.35
16015,5046,14,83,2024-02-18,14.67
16016,1970,14,81,2024-07-14,24.26
16017,4170,31,183,2024-05-01,11.81
16018,8206,17,98,2024-06-16,27.27
16019,9666,2,12,2024-08-20,16.12
16020,7213,15,87,2024-01-22,37.18
16021,2127,10,56,2024-11-15,46.79
16022,9060,5,29,2024-10-15,23.72
16023,5526,48,285,2024-01-23,20.34
16024,9907,4,24,2024-01-30,19.39
16025,6403,14,83,2024-02-16,25.57
16026,2451,31,186,2024-08-30,62.08
16027,7613,47,279,2024-11-01,43.62
16028,8258,30,178,2024-07-01,31.17
16029,8395,9,51,2024-01-16,21.42
16030,8334,45,268,2024-05-28,33.87
16031,9253,8,46,2024-03-01,21.46
16032,3596,27,162,2024-02-04,10.35
16033,9354,48,287,2024-02-18,17.13
16034,2033,17,101,2024-10-25,29.20
16035,6256,46,274,2024-06-22,39.62
16036,5431,10,56,2024-06-05,30.54
16037,4260,36,216,2024-02-05,25.30
16038,3212,30,178,2024-07-06,19.69
16039,4790,19,109,2024-08-28,20.38
16040,3294,50,300,2024-01-30,13.92
16041,6913,5,27,2024-05-17,26.91
16042,9067,41,246,2024-11-23,16.96
16043,6935,30,176,2024-10-06,24.89
16044,6609,40,236,2024-06-17,37.12
16045,8595,41,246,2024-11-02,23.78
16046,6162,39,229,2024-05-19,29.05
16047,5280,45,267,2024-01-20,18.67
16048,5318,36,212,2024-06-08,10.76
16049,4848,8,48,2024-04-20,26.47
16050,8891,1,6,2024-06-17,29.49
16051,5361,9,52,2024-10-12,19.21
16052,9492,11,66,2024-02-05,12.33
16053,7287,29,169,2024-01-16,12.73
16054,7360,36,212,2024-12-30,19.89
16055,2127,10,60,2024-04-13,9.12
16056,428,19,113,2024-03-31,84.58
16057,385,24,141,2024-06-09,25.83
16058,6525,18,106,2024-04-04,24.17
16059,6537,45,266,2024-06-27,13.07
16060,299,24,144,2024-01-16,13.00
16061,1530,39,234,2024-12-26,27.79
16062,9736,19,110,2024-04-30,63.51
16063,4734,27,160,2024-10-12,30.43
16064,7123,22,130,2024-12-01,62.06
16065,8744,6,33,2024-06-26,22.52
16066,6961,19,113,2024-03-04,51.60
16067,2072,3,13,2024-06-15,82.46
16068,1593,26,153,2024-07-27,25.50
16069,1300,20,120,2024-10-12,67.77
16070,8705,29,172,2024-09-07,25.82
16071,2695,6,34,2024-10-10,19.97
16072,5670,13,73,2024-03-24,53.94
16073,3867,16,91,2024-06-17,25.69
16074,3218,7,41,2024-04-23,26.00
16075,1553,48,288,2024-01-16,13.36
16076,1799,6,33,2024-05-12,10.58
16077,8490,13,78,2024-01-20,23.03
16078,8052,1,6,2024-08-09,25.20
16079,2313,34,202,2024-11-11,23.60
16080,2985,3,16,2024-03-28,33.12
16081,8260,5,28,2024-06-23,23.32
16082,5746,34,200,2024-05-23,34.46
16083,8323,29,173,2024-11-29,38.88
16084,1969,34,202,2024-11-26,8.93
16085,9558,29,169,2024-06-02,63.09
16086,8785,1,6,2024-02-01,24.66
16087,1702,27,159,2024-05-02,70.38
16088,6018,14,81,2024-06-16,17.27
16089,7163,38,225,2024-04-25,35.70
16090,8350,14,83,2024-12-26,30.68
16091,7789,7,40,2024-12-01,30.49
16092,8915,29,169,2024-12-21,18.48
16093,3362,41,241,2024-01-08,14.33
16094,3428,19,112,2024-11-15,46.06
16095,5749,5,29,2024-12-29,18.41
16096,6328,19,113,2024-01-08,35.05
16097,7846,3,14,2024-06-13,51.50
16098,5385,9,51,2024-12-19,10.49
16099,8220,19,113,2024-02-21,23.39
16100,9365,16,91,2024-08-12,11.89
16101,2976,49,292,2024-02-24,32.69
16102,9303,42,248,2024-05-18,44.43
16103,315,43,254,2024-08-21,16.02
16104,2801,6,31,2024-08-06,16.44
16105,7857,27,157,2024-05-18,55.56
16106,2803,32,189,2024-11-04,27.25
16107,2395,17,99,2024-05-15,24.13
16108,8269,11,65,2024-02-23,13.71
16109,8950,28,165,2024-03-13,23.01
16110,3704,39,234,2024-01-19,52.91
16111,4045,39,230,2024-09-19,34.54
16112,5841,1,1,2024-05-09,42.57
16113,9474,34,199,2024-03-28,30.44
16114,3140,18,105,2024-03-29,18.65
16115,7092,44,261,2024-01-12,12.88
16116,8356,41,245,2024-11-11,20.28
16117,19,38,226,2024-07-10,11.14
16118,8888,7,40,2024-05-07,24.66
16119,7738,22,132,2024-11-02,30.98
16120,5982,42,249,2024-10-11,29.98
16121,5012,10,58,2024-04-27,19.31
16122,3797,20,116,2024-08-22,25.42
16123,5197,44,261,2024-10-12,12.57
16124,7268,33,195,2024-01-11,18.00
16125,7585,35,206,2024-09-19,26.16
16126,6820,46,276,2024-01-17,41.60
16127,8455,12,71,2024-08-29,23.52
16128,3119,10,56,2024-07-11,34.37
16129,5352,49,290,2024-01-16,27.56
16130,5721,22,132,2024-01-27,14.48
16131,4975,26,156,2024-11-01,14.42
16132,2681,47,278,2024-11-07,12.70
16133,8354,35,210,2024-04-26,28.58
16134,1263,42,252,2024-04-16,21.06
16135,9098,41,242,2024-02-27,17.89
16136,3979,49,292,2024-06-04,9.89
16137,8730,5,30,2024-08-25,20.82
16138,3652,42,250,2024-06-26,21.56
16139,9397,36,215,2024-06-14,23.67
16140,1574,5,28,2024-01-21,12.92
16141,4695,32,188,2024-09-24,37.73
16142,3937,43,256,2024-06-02,35.94
16143,4493,42,248,2024-05-05,29.35
16144,3736,20,116,2024-06-14,13.96
16145,6155,27,162,2024-08-27,30.04
16146,3576,50,298,2024-12-28,48.61
16147,9629,25,146,2024-04-13,21.20
16148,3165,6,35,2024-11-23,12.30
16149,8284,12,72,2024-09-04,24.29
16150,4315,25,146,2024-06-07,20.53
16151,6237,27,158,2024-09-17,75.29
16152,2210,16,91,2024-05-31,29.60
16153,6099,14,82,2024-08-17,8.51
16154,9683,42,248,2024-09-03,18.82
16155,730,6,31,2024-06-15,21.25
16156,3042,42,247,2024-02-19,27.42
16157,5993,25,146,2024-03-06,25.80
16158,3515,8,47,2024-10-02,12.97
16159,7935,12,67,2024-08-24,20.48
16160,9671,29,172,2024-03-21,16.93
16161,8125,10,55,2024-10-16,18.82
16162,5459,42,250,2024-06-22,15.30
16163,6053,24,141,2024-12-08,68.16
16164,6723,49,293,2024-12-09,20.04
16165,6389,10,59,2024-02-03,34.03
16166,1752,46,273,2024-05-17,78.60
16167,8937,4,20,2024-03-08,22.34
16168,2332,16,94,2024-09-19,26.14
16169,2346,40,235,2024-07-20,29.87
16170,5137,8,43,2024-09-05,45.00
16171,159,24,142,2024-12-16,21.25
16172,6578,5,28,2024-12-14,5.71
16173,486,1,6,2024-11-07,25.62
16174,908,18,103,2024-03-28,123.05
16175,6066,6,36,2024-02-13,27.56
16176,996,16,92,2024-12-22,14.90
16177,5796,16,91,2024-09-10,72.48
16178,9824,42,247,2024-04-23,47.75
16179,7063,13,78,2024-08-10,23.38
16180,4503,25,150,2024-06-24,14.89
16181,5122,4,20,2024-06-07,49.46
16182,1655,11,65,2024-03-04,40.51
16183,3021,35,209,2024-03-22,19.40
16184,1399,9,52,2024-10-03,20.65
16185,4833,27,159,2024-11-18,27.39
16186,4660,33,193,2024-11-16,33.51
16187,4573,4,23,2024-05-13,67.19
16188,6325,22,131,2024-12-09,25.29
16189,9272,29,171,2024-09-19,77.22
16190,7057,22,130,2024-04-09,19.49
16191,1008,3,14,2024-03-01,18.79
16192,8504,10,60,2024-05-28,30.81
16193,9512,47,277,2024-09-19,13.70
16194,1492,35,209,2024-06-12,14.66
16195,508,29,171,2024-03-15,44.94
16196,5779,29,171,2024-04-27,27.79
16197,5967,27,159,2024-06-12,55.63
16198,3430,40,239,2024-11-14,35.20
16199,1983,48,288,2024-12-25,10.42
16200,8627,15,90,2024-09-02,15.30
16201,2662,32,192,2024-02-13,16.62
16202,7792,35,209,2024-12-29,7.68
16203,3967,13,78,2024-12-28,21.96
16204,8324,6,36,2024-03-13,19.37
16205,17,17,101,2024-01-26,27.02
16206,3035,20,118,2024-11-24,22.15
16207,615,21,123,2024-01-06,60.60
16208,6130,39,230,2024-08-10,23.79
16209,1501,7,37,2024-06-28,20.71
16210,2468,22,127,2024-11-14,79.57
16211,7554,20,116,2024-09-09,30.78
16212,5714,20,118,2024-07-13,27.90
16213,2088,1,6,2024-02-22,42.02
16214,1353,8,45,2024-07-25,15.64
16215,3071,2,7,2024-05-30,17.65
16216,1723,16,94,2024-08-26,12.65
16217,5507,3,18,2024-04-05,10.26
16218,1978,31,186,2024-07-15,28.13
16219,4985,36,211,2024-05-29,36.59
16220,6163,29,169,2024-04-28,12.99
16221,4301,7,38,2024-02-14,5.58
16222,6979,24,141,2024-01-14,16.73
16223,7752,47,279,2024-10-21,35.01
16224,2278,46,276,2024-04-03,21.89
16225,1931,5,28,2024-07-27,33.40
16226,7512,33,197,2024-08-06,37.24
16227,2507,12,70,2024-05-07,25.08
16228,8197,12,67,2024-12-25,20.00
16229,1780,17,98,2024-05-23,26.69
16230,3866,40,239,2024-06-27,32.63
16231,84,48,287,2024-12-02,16.42
16232,6224,43,254,2024-12-22,26.09
16233,7087,38,225,2024-12-14,39.50
16234,6,32,189,2024-12-16,58.70
16235,3950,34,201,2024-01-26,25.17
16236,3372,2,7,2024-11-06,24.30
16237,6860,13,75,2024-01-29,55.88
16238,5235,30,177,2024-03-06,14.42
16239,7106,8,43,2024-11-16,9.78
16240,155,30,180,2024-06-14,25.56
16241,1454,38,228,2024-11-16,30.57
16242,1952,30,176,2024-04-14,28.76
16243,3718,17,100,2024-06-15,12.21
16244,775,26,152,2024-07-14,29.86
16245,2018,34,200,2024-06-30,43.29
16246,8882,39,229,2024-02-02,32.11
16247,5262,29,171,2024-01-06,25.17
16248,3908,40,236,2024-11-04,28.96
16249,8338,11,61,2024-08-10,28.61
16250,5247,15,89,2024-06-14,28.33
16251,6516,5,29,2024-07-17,19.99
16252,2625,45,268,2024-04-07,39.65
16253,9944,33,195,2024-11-13,18.22
16254,7392,50,300,2024-02-08,62.52
16255,4537,46,275,2024-04-30,20.11
16256,2697,3,15,2024-06-06,12.03
16257,8439,26,152,2024-01-17,47.04
16258,3115,42,250,2024-12-08,66.11
16259,6322,6,32,2024-01-11,33.88
16260,3544,18,106,2024-10-08,14.41
16261,1469,21,122,2024-05-22,12.98
16262,4105,42,249,2024-04-16,16.86
16263,8879,47,278,2024-03-14,26.54
16264,2789,32,189,2024-06-04,18.72
16265,7158,22,132,2024-04-04,70.03
16266,3452,48,284,2024-12-31,14.85
16267,9611,23,135,2024-12-31,35.23
16268,7961,5,25,2024-04-14,8.73
16269,552,7,41,2024-10-16,27.83
16270,754,49,293,2024-03-18,36.59
16271,4735,28,168,2024-01-19,29.88
16272,8929,49,292,2024-09-08,15.06
16273,4369,21,125,2024-07-13,50.43
16274,1472,44,260,2024-01-08,32.04
16275,2101,39,229,2024-12-02,14.46
16276,2944,9,53,2024-03-12,20.88
16277,8792,50,295,2024-07-13,24.90
16278,528,49,290,2024-06-08,37.00
16279,7940,8,45,2024-03-03,25.13
16280,9282,8,48,2024-02-29,75.26
16281,520,38,228,2024-11-13,44.24
16282,2546,40,237,2024-06-27,36.66
16283,1104,10,56,2024-01-30,25.54
16284,1495,33,196,2024-06-23,24.10
16285,933,8,45,2024-01-30,27.32
16286,9082,25,145,2024-09-25,12.74
16287,5876,21,122,2024-04-13,34.26
16288,8979,45,269,2024-04-19,75.99
16289,8115,7,39,2024-09-11,11.59
16290,2937,49,289,2024-02-27,39.48
16291,6751,29,173,2024-04-04,12.78
16292,3741,29,170,2024-01-27,23.10
16293,2015,7,42,2024-09-04,20.42
16294,7777,47,277,2024-07-15,61.13
16295,6632,19,114,2024-08-02,14.10
16296,2481,47,281,2024-07-26,18.87
16297,4968,15,85,2024-08-25,25.34
16298,4165,46,273,2024-11-03,57.86
16299,5146,15,90,2024-11-27,14.99
16300,7431,42,248,2024-05-18,18.17
16301,543,19,114,2024-11-15,10.78
16302,2061,12,67,2024-11-01,39.14
16303,3893,11,61,2024-07-10,14.77
16304,6647,39,230,2024-02-01,15.98
16305,4993,16,96,2024-10-27,43.40
16306,5754,46,274,2024-08-16,33.03
16307,5261,30,177,2024-07-09,28.96
16308,7569,29,174,2024-03-11,29.94
16309,1433,20,118,2024-04-09,25.40
16310,8197,42,252,2024-09-24,18.92
16311,1805,18,105,2024-11-04,27.48
16312,4971,41,242,2024-12-04,31.26
16313,7630,42,250,2024-11-06,11.14
16314,2657,22,132,2024-03-13,19.70
16315,1563,3,17,2024-06-01,13.39
16316,6317,20,115,2024-09-05,12.04
16317,4738,8,44,2024-12-06,75.28
16318,1315,48,286,2024-08-14,25.91
16319,41,43,253,2024-10-03,24.57
16320,734,10,58,2024-10-23,40.00
16321,486,7,42,2024-07-08,22.02
16322,8178,47,279,2024-10-30,11.17
16323,3933,23,134,2024-02-25,20.52
16324,9429,33,194,2024-09-15,9.91
16325,2882,8,44,2024-10-20,36.36
16326,2924,30,178,2024-12-19,50.15
16327,1261,46,273,2024-09-05,11.11
16328,8966,45,265,2024-08-18,20.98
16329,9786,43,254,2024-08-09,21.72
16330,2413,40,239,2024-07-27,13.35
16331,6071,30,176,2024-04-26,30.74
16332,1937,12,68,2024-09-23,15.25
16333,6475,31,186,2024-12-27,7.32
16334,125,40,236,2024-04-02,25.66
16335,5188,33,195,2024-01-04,31.13
16336,3642,22,127,2024-05-11,23.48
16337,2211,14,80,2024-05-03,34.38
16338,4966,25,149,2024-01-18,18.78
16339,9822,28,167,2024-03-09,60.98
16340,2573,15,86,2024-06-05,11.56
16341,170,37,217,2024-01-03,33.54
16342,6708,16,94,2024-04-03,65.21
16343,8542,37,218,2024-10-06,10.84
16344,9750,23,136,2024-01-23,13.70
16345,6177,10,57,2024-12-20,24.88
16346,2100,33,196,2024-12-06,29.94
16347,3482,21,122,2024-03-31,12.50
16348,4907,20,115,2024-12-02,8.53
16349,6595,21,126,2024-02-29,27.79
16350,5116,48,286,2024-05-27,26.39
16351,246,50,297,2024-07-09,25.28
16352,5662,21,125,2024-08-22,13.93
16353,2919,31,185,2024-07-13,56.91
16354,7673,14,83,2024-05-03,34.88
16355,4834,34,200,2024-08-13,31.35
16356,8852,18,106,2024-07-19,71.60
16357,424,6,34,2024-09-13,38.60
16358,8935,35,206,2024-05-07,21.59
16359,4724,16,95,2024-01-04,12.22
16360,8642,41,246,2024-01-08,13.74
16361,9840,40,240,2024-12-12,21.79
16362,1514,7,39,2024-02-19,19.21
16363,3559,6,33,2024-12-15,21.78
16364,3346,43,254,2024-10-11,81.40
16365,5329,9,50,2024-03-21,55.42
16366,7779,49,293,2024-09-22,22.62
16367,5645,2,12,2024-05-06,26.62
16368,5097,12,70,2024-05-30,23.22
16369,603,13,74,2024-05-21,10.64
16370,6511,42,248,2024-06-15,31.44
16371,3634,23,137,2024-08-21,19.65
16372,3028,31,183,2024-08-03,20.07
16373,1039,40,238,2024-10-25,50.60
16374,6464,32,188,2024-05-25,27.94
16375,3734,48,283,2024-11-29,20.29
16376,6122,14,80,2024-04-03,16.15
16377,3156,26,151,2024-10-23,21.33
16378,9495,5,27,2024-08-09,19.24
16379,3567,37,219,2024-04-08,35.35
16380,5934,8,44,2024-07-16,27.60
16381,1174,32,189,2024-12-08,40.58
16382,5608,14,83,2024-05-28,11.43
16383,8955,31,182,2024-06-05,22.62
16384,5809,38,223,2024-02-18,10.60
16385,8882,48,283,2024-12-19,10.91
16386,4141,47,278,2024-08-24,23.59
16387,4295,15,87,2024-09-07,21.26
16388,1360,22,131,2024-12-25,18.76
16389,6739,34,203,2024-08-21,18.92
16390,2598,26,152,2024-08-05,16.59
16391,8950,12,68,2024-04-16,32.05
16392,9746,9,54,2024-04-11,29.48
16393,6182,6,35,2024-06-19,70.72
16394,1665,43,258,2024-11-29,22.48
16395,5725,20,120,2024-01-04,19.50
16396,4720,47,277,2024-04-07,26.76
16397,4860,27,158,2024-10-28,17.66
16398,2235,33,196,2024-05-05,29.27
16399,7858,42,248,2024-06-22,27.05
16400,8418,41,242,2024-04-16,31.23
16401,6284,30,175,2024-01-22,33.22
16402,7617,17,102,2024-07-25,34.13
16403,111,37,222,2024-01-29,21.97
16404,2305,9,51,2024-11-29,15.58
16405,425,3,18,2024-01-19,21.08
16406,4638,38,226,2024-08-03,38.10
16407,5451,20,118,2024-02-12,52.49
16408,7997,40,238,2024-07-11,25.44
16409,7964,16,96,2024-06-18,13.73
16410,3723,38,223,2024-03-01,31.16
16411,626,34,204,2024-09-12,16.63
16412,3639,14,80,2024-06-17,19.48
16413,1459,20,116,2024-06-28,22.23
16414,5922,1,6,2024-12-01,10.45
16415,7363,6,33,2024-01-19,10.23
16416,3401,33,196,2024-04-30,32.92
16417,7942,24,142,2024-10-25,23.70
16418,8127,28,163,2024-12-13,25.50
16419,9229,6,33,2024-09-17,27.52
16420,847,50,298,2024-09-10,40.13
16421,4623,29,170,2024-09-08,7.69
16422,9679,20,116,2024-05-05,15.04
16423,8991,16,92,2024-04-26,31.14
16424,2659,11,66,2024-08-26,39.62
16425,1961,44,261,2024-09-15,11.74
16426,2251,39,229,2024-07-10,33.95
16427,7708,7,37,2024-06-15,11.55
16428,6995,26,155,2024-11-17,6.65
16429,9343,25,146,2024-09-25,38.17
16430,2402,4,20,2024-11-19,12.46
16431,1534,38,225,2024-09-10,11.34
16432,6148,44,259,2024-03-01,10.77
16433,1181,50,299,2024-08-02,35.29
16434,8609,16,93,2024-09-03,16.27
16435,211,11,66,2024-02-18,26.97
16436,8338,25,149,2024-12-31,31.07
16437,3733,41,243,2024-06-07,32.06
16438,1868,39,233,2024-08-10,34.06
16439,6935,21,126,2024-03-22,30.26
16440,940,42,250,2024-02-07,9.83
16441,7070,8,46,2024-03-01,23.13
16442,1821,19,114,2024-07-13,41.29
16443,8569,4,23,2024-08-22,17.42
16444,2050,6,36,2024-01-20,22.25
16445,83,47,281,2024-02-06,39.13
16446,3470,40,238,2024-07-02,21.66
16447,7233,18,105,2024-06-03,7.06
16448,7646,24,139,2024-03-14,22.96
16449,2094,12,71,2024-05-09,30.16
16450,734,29,173,2024-08-19,23.70
16451,1150,16,93,2024-10-20,28.51
16452,9158,35,208,2024-10-17,36.17
16453,9901,43,254,2024-09-23,19.98
16454,4367,10,56,2024-08-01,9.75
16455,9610,21,124,2024-05-19,28.38
16456,7757,15,90,2024-09-20,39.94
16457,8832,14,81,2024-02-04,31.00
16458,7391,44,263,2024-09-22,30.82
16459,9425,45,270,2024-06-03,30.78
16460,1655,17,101,2024-07-25,17.80
16461,5359,40,239,2024-04-09,31.88
16462,3611,28,168,2024-07-19,39.45
16463,3497,5,29,2024-06-23,13.86
16464,2401,3,18,2024-05-11,9.93
16465,2684,45,267,2024-06-19,13.45
16466,6556,11,65,2024-12-10,38.17
16467,1501,24,143,2024-01-06,39.85
16468,3543,11,65,2024-11-21,31.92
16469,1984,5,30,2024-08-28,25.94
16470,4198,25,145,2024-12-22,13.77
16471,9225,27,158,2024-02-04,52.20
16472,3098,24,142,2024-11-01,15.53
16473,9559,46,272,2024-03-23,35.80
16474,1775,24,140,2024-04-22,14.86
16475,3933,44,261,2024-06-11,15.30
16476,1399,24,142,2024-12-11,62.06
16477,7785,8,45,2024-04-16,24.37
16478,8946,34,199,2024-07-21,44.28
16479,3347,45,265,2024-06-01,7.41
16480,7970,19,114,2024-07-18,23.97
16481,6269,49,294,2024-08-23,26.50
16482,6996,28,166,2024-03-29,64.26
16483,4184,16,94,2024-09-24,12.89
16484,9499,37,219,2024-04-20,47.90
16485,2893,14,79,2024-04-05,22.83
16486,9928,14,81,2024-04-05,16.80
16487,4157,14,84,2024-01-16,13.09
16488,9979,21,123,2024-12-10,14.41
16489,766,39,233,2024-11-02,7.76
16490,1241,8,43,2024-09-15,16.91
16491,915,48,284,2024-08-13,20.91
16492,1639,28,168,2024-07-06,20.04
16493,7045,35,210,2024-10-10,23.69
16494,755,48,287,2024-07-20,41.93
16495,5303,5,28,2024-09-03,20.94
16496,3523,10,55,2024-04-14,29.62
16497,2067,7,41,2024-02-08,45.16
16498,5380,19,113,2024-03-27,15.40
16499,3762,11,62,2024-05-31,45.39
16500,6104,19,113,2024-03-30,26.12
16501,3173,7,39,2024-03-31,21.44
16502,8757,44,259,2024-09-23,45.03
16503,4165,24,143,2024-03-16,12.00
16504,8470,40,240,2024-02-09,31.98
16505,9815,25,146,2024-10-05,11.07
16506,3781,4,22,2024-11-17,10.82
16507,576,30,176,2024-01-10,33.35
16508,1459,23,134,2024-02-03,36.84
16509,3806,41,241,2024-06-12,18.79
16510,1489,8,46,2024-07-27,10.45
16511,6543,49,289,2024-07-14,22.32
16512,3553,23,138,2024-10-13,60.33
16513,8079,20,119,2024-10-27,39.92
16514,9970,40,238,2024-08-10,18.66
16515,2080,23,137,2024-09-22,10.25
16516,9269,24,139,2024-07-26,38.92
16517,3193,45,267,2024-04-19,22.81
16518,3395,34,203,2024-10-03,20.31
16519,4243,26,154,2024-03-01,33.73
16520,8571,37,222,2024-01-06,31.37
16521,9826,37,222,2024-05-27,32.32
16522,5004,24,140,2024-08-26,25.08
16523,3380,24,143,2024-12-08,26.77
16524,4370,11,61,2024-08-30,21.22
16525,3344,17,97,2024-01-23,70.40
16526,1156,14,83,2024-04-26,26.48
16527,6329,21,122,2024-08-26,16.50
16528,6014,27,160,2024-01-14,37.12
16529,5004,44,259,2024-08-11,37.78
16530,182,11,62,2024-05-17,16.39
16531,6234,34,204,2024-03-02,24.03
16532,1360,40,238,2024-12-21,12.16
16533,5215,4,20,2024-10-18,24.79
16534,3245,3,15,2024-04-21,23.02
16535,7847,24,143,2024-03-14,43.88
16536,1533,17,101,2024-01-23,60.06
16537,5216,23,137,2024-10-30,37.69
16538,365,12,69,2024-11-12,14.67
16539,1592,8,48,2024-05-25,27.03
16540,401,42,248,2024-06-04,22.64
16541,5480,12,71,2024-08-27,28.61
16542,9021,26,155,2024-10-15,14.89
16543,1344,33,198,2024-07-04,16.62
16544,6137,49,293,2024-08-26,91.12
16545,7827,50,297,2024-12-22,51.08
16546,551,8,47,2024-08-19,61.89
16547,3715,28,163,2024-03-20,11.79
16548,3019,8,45,2024-05-21,28.81
16549,5093,42,247,2024-05-24,22.04
16550,5930,18,106,2024-08-24,20.71
16551,650,30,178,2024-05-10,21.33
16552,759,19,111,2024-03-07,39.04
16553,3277,4,22,2024-05-04,22.03
16554,3057,26,156,2024-07-08,27.68
16555,2293,41,246,2024-03-23,7.75
16556,1917,33,193,2024-10-02,35.31
16557,2687,36,215,2024-04-28,26.66
16558,5765,18,103,2024-09-26,29.38
16559,9527,38,227,2024-04-26,29.75
16560,9352,43,254,2024-08-08,13.45
16561,6830,14,82,2024-01-13,16.99
16562,7717,20,120,2024-05-24,15.98
16563,3725,7,37,2024-09-28,26.05
16564,5227,27,162,2024-10-31,21.12
16565,9150,43,253,2024-06-28,13.87
16566,4564,3,17,2024-06-20,28.28
16567,3430,4,24,2024-05-27,23.54
16568,3404,32,191,2024-06-10,34.53
16569,7852,36,213,2024-01-06,20.00
16570,1052,26,156,2024-09-19,17.92
16571,276,42,249,2024-04-23,22.76
16572,9321,1,1,2024-10-22,12.87
16573,360,49,292,2024-03-24,19.14
16574,2414,32,189,2024-07-24,25.26
16575,1155,4,22,2024-05-25,33.15
16576,4310,22,129,2024-07-07,10.92
16577,5885,35,206,2024-07-14,15.33
16578,2112,50,300,2024-09-15,47.84
16579,8520,19,113,2024-01-16,35.30
16580,9936,40,237,2024-12-21,56.50
16581,5687,34,200,2024-04-23,11.48
16582,6357,32,192,2024-02-11,47.87
16583,5070,3,17,2024-07-04,18.39
16584,6577,15,87,2024-08-21,23.08
16585,3052,30,177,2024-12-14,31.32
16586,3477,48,283,2024-11-17,10.25
16587,9757,36,212,2024-10-23,67.52
16588,4509,38,225,2024-03-21,28.14
16589,4032,38,224,2024-08-19,18.58
16590,727,17,100,2024-10-15,25.10
16591,6943,5,25,2024-10-21,29.07
16592,6403,9,49,2024-02-06,19.44
16593,6848,50,300,2024-07-18,23.58
16594,1158,5,25,2024-05-25,21.76
16595,9826,21,122,2024-02-02,8.53
16596,3115,15,88,2024-04-13,34.54
16597,9038,10,60,2024-04-02,24.17
16598,1055,47,278,2024-01-03,29.90
16599,1326,28,166,2024-07-13,29.89
16600,9533,30,178,2024-12-23,18.36
16601,194,27,160,2024-02-28,11.24
16602,4407,9,49,2024-01-15,16.88
16603,710,34,201,2024-01-06,9.38
16604,5105,50,299,2024-07-23,65.19
16605,5007,35,208,2024-02-16,33.63
16606,9257,3,14,2024-06-27,45.73
16607,6425,9,53,2024-09-07,19.01
16608,4812,3,15,2024-06-09,14.56
16609,6791,32,189,2024-05-29,19.04
16610,8189,40,236,2024-04-20,20.40
16611,9556,48,284,2024-12-31,20.47
16612,1455,4,21,2024-04-12,35.64
16613,4333,12,69,2024-02-13,12.22
16614,8641,17,97,2024-07-21,25.52
16615,8257,50,300,2024-04-19,80.62
16616,8398,23,133,2024-06-23,26.92
16617,9296,35,210,2024-10-20,54.22
16618,4552,41,245,2024-01-31,19.82
16619,2659,6,36,2024-10-22,33.50
16620,8167,22,130,2024-05-02,21.50
16621,5474,34,200,2024-04-21,22.42
16622,9748,35,206,2024-03-27,20.00
16623,4281,48,285,2024-07-14,16.10
16624,43,29,170,2024-09-11,13.47
16625,7695,10,58,2024-12-25,15.14
16626,8935,39,233,2024-01-22,23.75
16627,1907,39,231,2024-09-25,76.90
16628,9588,49,294,2024-09-26,56.29
16629,1460,17,99,2024-09-01,25.66
16630,6263,46,273,2024-07-09,44.44
16631,9076,49,289,2024-04-11,17.24
16632,2834,49,294,2024-01-05,25.45
16633,8397,2,9,2024-08-08,50.76
16634,4006,19,109,2024-10-30,15.52
16635,9678,37,222,2024-10-25,35.30
16636,8272,10,56,2024-10-25,21.22
16637,8815,27,161,2024-08-15,24.42
16638,6068,25,149,2024-05-12,25.77
16639,8586,1,3,2024-05-05,27.64
16640,6669,8,48,2024-05-12,11.51
16641,6943,31,183,2024-08-08,46.40
16642,8960,21,123,2024-05-31,15.32
16643,4023,7,39,2024-10-23,24.11
16644,6484,48,283,2024-10-22,19.71
16645,4836,14,80,2024-11-18,16.87
16646,982,11,63,2024-02-03,15.34
16647,5074,8,47,2024-05-02,14.10
16648,9997,1,5,2024-01-02,16.52
16649,8671,39,229,2024-09-25,64.46
16650,3759,20,118,2024-10-04,17.33
16651,6126,27,157,2024-07-09,43.30
16652,7839,22,129,2024-12-07,20.05
16653,5274,8,46,2024-10-20,7.59
16654,7293,30,180,2024-06-09,25.44
16655,5885,49,290,2024-09-06,47.46
16656,30,40,239,2024-01-18,33.65
16657,547,23,135,2024-09-28,15.22
16658,8446,17,102,2024-10-23,29.30
16659,8936,9,50,2024-07-13,26.28
16660,5598,15,90,2024-04-19,22.60
16661,362,30,179,2024-12-06,41.21
16662,6123,24,139,2024-04-24,22.84
16663,5541,43,258,2024-05-11,25.07
16664,8329,50,297,2024-07-31,21.66
16665,5534,10,55,2024-01-28,16.48
16666,4939,30,176,2024-04-20,15.03
16667,428,48,283,2024-01-24,51.69
16668,5438,8,48,2024-06-11,39.06
16669,4943,42,250,2024-06-30,35.56
16670,9878,22,130,2024-02-20,19.27
16671,8184,37,218,2024-09-29,21.07
16672,7383,6,33,2024-05-10,23.68
16673,6383,46,276,2024-08-28,24.12
16674,9804,29,171,2024-01-13,59.01
16675,4625,8,43,2024-12-31,35.82
16676,3150,15,86,2024-06-30,23.79
16677,6996,40,239,2024-09-16,19.23
16678,6901,48,286,2024-05-27,45.49
16679,7455,40,239,2024-05-23,41.99
16680,815,24,141,2024-03-24,15.21
16681,9748,23,133,2024-03-05,15.62
16682,857,3,14,2024-06-03,17.05
16683,8259,24,140,2024-05-24,16.80
16684,4704,32,188,2024-11-04,66.21
16685,5545,40,235,2024-10-13,66.74
16686,3072,47,278,2024-03-26,26.54
16687,8292,6,31,2024-07-06,67.09
16688,8282,31,184,2024-06-13,17.88
16689,5861,36,214,2024-07-27,16.93
16690,9033,21,123,2024-06-29,12.43
16691,3224,16,96,2024-04-09,41.65
16692,1261,42,248,2024-03-06,38.15
16693,7592,27,158,2024-12-17,29.76
16694,9885,4,21,2024-02-21,21.56
16695,9168,14,82,2024-04-29,29.79
16696,7988,37,220,2024-04-18,35.16
16697,8301,3,15,2024-07-25,35.90
16698,8749,27,162,2024-03-13,14.54
16699,7626,11,66,2024-01-13,30.43
16700,3108,15,86,2024-12-19,11.74
16701,9951,12,71,2024-02-08,72.88
16702,414,25,146,2024-03-15,26.71
16703,1157,41,243,2024-11-06,13.73
16704,8913,35,206,2024-07-23,54.50
16705,9049,23,133,2024-03-25,22.70
16706,4611,46,276,2024-08-01,20.82
16707,1140,17,99,2024-08-27,25.60
16708,8696,3,15,2024-01-19,15.85
16709,4788,3,14,2024-01-15,14.96
16710,5022,1,2,2024-01-06,16.53
16711,2665,40,240,2024-02-09,15.29
16712,9597,35,207,2024-04-05,21.34
16713,4170,6,35,2024-08-02,25.83
16714,6184,19,112,2024-01-24,16.34
16715,6180,45,269,2024-06-28,25.74
16716,4943,40,237,2024-04-24,27.16
16717,7803,22,129,2024-08-01,18.15
16718,4520,17,102,2024-09-19,16.42
16719,3174,9,52,2024-06-03,23.32
16720,7989,24,142,2024-02-02,26.50
16721,5321,14,84,2024-09-26,19.90
16722,9875,46,271,2024-04-28,50.02
16723,9203,32,192,2024-08-23,27.65
16724,225,30,176,2024-06-06,10.10
16725,6097,43,257,2024-08-14,10.69
16726,7503,12,70,2024-10-16,14.69
16727,480,28,167,2024-12-06,23.59
16728,6315,1,2,2024-08-23,28.86
16729,2476,20,120,2024-10-02,36.00
16730,5925,43,255,2024-03-01,28.85
16731,2249,17,102,2024-03-20,19.10
16732,5616,9,54,2024-09-09,26.32
16733,6770,30,177,2024-01-28,10.18
16734,5093,32,190,2024-07-02,35.18
16735,698,40,238,2024-10-02,41.24
16736,4785,16,91,2024-08-29,29.97
16737,2006,5,26,2024-04-26,20.40
16738,8819,29,170,2024-10-18,34.10
16739,8723,17,100,2024-07-07,17.75
16740,4448,12,70,2024-04-27,21.60
16741,902,22,128,2024-05-08,29.12
16742,7611,38,224,2024-03-16,9.99
16743,181,49,291,2024-07-11,26.05
16744,3964,21,125,2024-08-26,22.05
16745,1788,44,262,2024-12-02,15.12
16746,3782,32,192,2024-02-22,15.62
16747,6708,34,199,2024-07-22,19.07
16748,365,37,219,2024-08-25,16.64
16749,8987,25,147,2024-07-29,25.00
16750,9028,34,200,2024-09-22,22.48
16751,9849,26,152,2024-06-04,20.54
16752,2518,18,103,2024-03-27,12.65
16753,5437,38,225,2024-07-07,26.14
16754,3559,27,162,2024-02-03,22.73
16755,6719,35,210,2024-08-13,12.36
16756,9337,38,225,2024-11-20,33.54
16757,8929,21,122,2024-09-03,26.15
16758,9616,31,183,2024-09-29,23.40
16759,6450,4,19,2024-05-10,29.49
16760,1947,45,268,2024-04-14,20.84
16761,6164,11,63,2024-08-21,16.22
16762,6000,23,135,2024-01-25,40.90
16763,3524,48,284,2024-08-22,60.35
16764,2871,15,90,2024-02-02,20.62
16765,1272,36,212,2024-01-23,35.57
16766,2878,12,68,2024-10-23,78.41
16767,8040,5,26,2024-04-24,20.02
16768,2512,2,10,2024-10-09,23.07
16769,4208,30,180,2024-06-03,50.80
16770,2308,49,294,2024-04-08,18.41
16771,7850,40,238,2024-03-15,22.48
16772,989,18,103,2024-02-28,14.71
16773,1689,40,240,2024-06-05,43.79
16774,2076,9,51,2024-09-23,15.21
16775,1867,8,45,2024-08-17,5.64
16776,8072,47,281,2024-02-07,15.15
16777,1775,48,284,2024-03-05,23.21
16778,2021,11,64,2024-04-25,12.13
16779,1427,13,73,2024-04-22,31.96
16780,3518,17,98,2024-01-27,7.62
16781,1414,22,128,2024-07-11,41.63
16782,8650,10,59,2024-08-24,25.02
16783,8110,13,78,2024-03-14,21.49
16784,4349,40,238,2024-09-21,41.06
16785,7522,13,74,2024-10-13,11.26
16786,3259,34,202,2024-06-12,10.18
16787,1254,7,37,2024-04-10,20.56
16788,8776,28,165,2024-03-10,12.61
16789,9384,16,91,2024-01-24,66.36
16790,5764,3,15,2024-02-11,16.66
16791,8635,5,26,2024-03-01,30.56
16792,7691,41,244,2024-08-15,13.57
16793,1727,49,292,2024-06-05,51.69
16794,488,8,47,2024-11-20,17.86
16795,7073,36,216,2024-11-18,27.32
16796,6938,15,86,2024-11-12,26.02
16797,8976,33,194,2024-06-29,27.34
16798,1262,45,270,2024-02-18,15.01
16799,3709,35,209,2024-01-30,40.41
16800,7184,11,66,2024-09-16,25.22
16801,9294,28,167,2024-02-22,15.97
16802,4138,1,2,2024-03-25,13.95
16803,5995,48,288,2024-10-02,88.62
16804,4914,3,17,2024-09-01,39.18
16805,6008,3,16,2024-05-17,11.79
16806,1908,24,141,2024-03-01,19.82
16807,5986,29,171,2024-05-11,6.63
16808,9234,14,82,2024-03-20,10.64
16809,9808,17,97,2024-07-13,30.26
16810,8564,25,150,2024-04-03,39.24
16811,2697,29,173,2024-12-06,30.10
16812,8150,35,208,2024-01-10,7.24
16813,2623,4,24,2024-10-19,11.05
16814,4213,10,60,2024-05-03,24.26
16815,8418,4,20,2024-01-16,50.32
16816,9155,10,56,2024-11-07,13.74
16817,2247,40,235,2024-05-27,13.04
16818,4457,14,84,2024-06-23,49.73
16819,946,13,77,2024-07-23,23.40
16820,9047,15,90,2024-07-21,22.41
16821,5006,43,254,2024-02-27,9.97
16822,6830,47,282,2024-06-13,13.80
16823,3858,50,299,2024-09-26,12.11
16824,4489,23,133,2024-06-07,14.19
16825,1298,47,278,2024-02-04,30.90
16826,2112,39,230,2024-05-14,25.14
16827,3499,27,159,2024-04-09,16.10
16828,6190,1,3,2024-11-30,60.64
16829,6136,43,256,2024-04-25,19.10
16830,376,36,211,2024-02-09,48.94
16831,6257,32,192,2024-04-05,43.78
16832,2885,12,70,2024-05-04,20.61
16833,7442,24,142,2024-08-01,34.59
16834,2266,23,133,2024-09-22,44.14
16835,1623,20,118,2024-06-22,20.85
16836,3299,8,47,2024-02-04,36.73
16837,1599,21,125,2024-12-29,64.37
16838,1099,48,288,2024-04-09,46.46
16839,3677,6,35,2024-04-17,8.46
16840,7157,48,288,2024-09-20,9.85
16841,409,33,194,2024-03-19,38.38
16842,2668,46,275,2024-06-20,59.48
16843,2641,2,8,2024-09-23,10.23
16844,9196,36,214,2024-02-16,31.34
16845,2063,26,151,2024-08-01,11.09
16846,3703,17,98,2024-08-21,27.58
16847,5886,22,131,2024-01-05,21.13
16848,9190,48,285,2024-03-01,28.12
16849,8067,36,215,2024-12-31,18.84
16850,9746,2,7,2024-07-05,61.27
16851,2935,14,82,2024-02-18,15.57
16852,2039,10,58,2024-04-24,8.53
16853,6276,33,197,2024-12-22,24.31
16854,6645,23,135,2024-08-31,75.55
16855,2474,37,217,2024-09-25,68.81
16856,6254,35,206,2024-06-16,27.39
16857,8521,15,87,2024-03-21,17.53
16858,3284,39,233,2024-07-17,15.11
16859,2282,48,283,2024-12-16,26.30
16860,9257,19,109,2024-03-25,38.06
16861,903,18,107,2024-04-05,39.87
16862,2610,4,19,2024-05-05,16.56
16863,80,15,89,2024-08-14,11.28
16864,8505,9,50,2024-04-21,16.46
16865,8260,5,26,2024-04-14,31.15
16866,6465,38,224,2024-05-28,64.58
16867,6167,12,69,2024-09-15,20.83
16868,7716,25,146,2024-04-14,12.98
16869,6294,14,80,2024-07-15,31.58
16870,7407,47,279,2024-01-21,33.62
16871,4553,21,125,2024-06-10,12.98
16872,9366,9,52,2024-11-11,21.03
16873,8254,43,257,2024-04-09,67.98
16874,2820,8,45,2024-08-07,25.10
16875,7772,20,118,2024-11-27,37.27
16876,4893,42,247,2024-04-06,32.16
16877,8134,30,175,2024-10-16,13.75
16878,6695,33,197,2024-09-05,12.83
16879,2410,40,239,2024-02-22,25.34
16880,8888,47,279,2024-03-04,25.13
16881,8243,49,292,2024-10-28,12.35
16882,7959,19,114,2024-02-29,22.39
16883,2099,8,43,2024-06-07,28.05
16884,8922,32,189,2024-03-25,33.91
16885,6407,39,229,2024-10-12,51.65
16886,7555,10,55,2024-02-11,45.66
16887,7422,6,31,2024-03-17,15.23
16888,4245,28,164,2024-12-06,38.83
16889,9602,29,174,2024-12-11,10.70
16890,7009,18,103,2024-02-20,18.82
16891,8379,28,167,2024-08-18,16.17
16892,2379,12,72,2024-01-25,30.73
16893,9297,46,271,2024-08-14,22.47
16894,1026,41,246,2024-07-25,43.55
16895,3133,4,21,2024-07-11,10.15
16896,9749,44,259,2024-08-28,18.66
16897,6667,10,59,2024-05-10,17.86
16898,8890,31,184,2024-03-01,50.02
16899,7227,16,91,2024-03-11,17.62
16900,5882,33,195,2024-03-14,43.15
16901,5637,1,3,2024-01-20,14.11
16902,9372,4,20,2024-01-18,41.30
16903,4738,40,235,2024-12-20,30.77
16904,2406,7,37,2024-11-10,20.01
16905,3041,15,86,2024-12-23,25.27
16906,7953,35,206,2024-09-30,8.97
16907,6520,32,188,2024-01-11,92.46
16908,6049,14,83,2024-01-16,51.25
16909,4936,23,137,2024-12-21,41.33
16910,2780,22,131,2024-05-15,12.52
16911,9563,6,36,2024-09-09,24.75
16912,1198,45,265,2024-01-07,18.17
16913,4975,11,65,2024-02-20,11.07
16914,5787,14,82,2024-08-12,25.61
16915,1094,20,117,2024-10-17,43.45
16916,2029,20,117,2024-01-08,57.28
16917,5161,9,54,2024-04-25,10.64
16918,9843,29,169,2024-08-08,16.39
16919,4397,49,294,2024-04-07,11.40
16920,8736,27,158,2024-01-04,14.46
16921,6941,19,111,2024-12-25,11.11
16922,7477,19,110,2024-06-20,50.49
16923,2960,2,7,2024-07-20,7.94
16924,8379,31,181,2024-03-25,28.79
16925,2732,47,278,2024-03-02,20.43
16926,3802,42,250,2024-02-08,34.05
16927,6884,13,76,2024-08-06,34.28
16928,1877,16,95,2024-03-11,39.79
16929,780,18,106,2024-02-14,21.16
16930,4770,10,60,2024-11-12,13.07
16931,839,45,268,2024-07-17,9.64
16932,4199,31,183,2024-05-28,22.60
16933,7867,25,148,2024-05-18,15.99
16934,1371,28,163,2024-02-14,24.92
16935,4576,1,4,2024-10-16,19.32
16936,2567,13,77,2024-05-18,30.97
16937,7150,14,79,2024-03-17,21.85
16938,1691,10,57,2024-05-29,20.38
16939,4523,28,166,2024-08-16,22.09
16940,3638,47,282,2024-01-05,15.71
16941,4162,23,136,2024-05-17,24.95
16942,951,16,93,2024-05-30,84.16
16943,2561,48,287,2024-05-02,41.70
16944,4123,39,229,2024-05-21,18.61
16945,4210,3,16,2024-01-20,22.89
16946,8411,44,262,2024-02-26,25.46
16947,459,42,249,2024-02-15,28.35
16948,6693,25,145,2024-09-11,27.94
16949,8294,29,174,2024-09-26,13.50
16950,6713,32,189,2024-10-03,15.23
16951,878,43,255,2024-04-17,7.55
16952,8484,4,19,2024-12-26,24.60
16953,4335,19,113,2024-12-09,28.04
16954,6601,26,154,2024-04-21,23.81
16955,5554,11,65,2024-04-30,12.99
16956,1880,7,37,2024-03-30,25.51
16957,5839,24,144,2024-01-16,23.98
16958,4482,48,283,2024-08-23,13.52
16959,8967,35,206,2024-07-13,32.96
16960,2308,20,119,2024-06-27,23.72
16961,6583,24,139,2024-08-01,30.90
16962,7273,36,214,2024-04-24,56.40
16963,751,22,128,2024-03-09,18.79
16964,1274,8,47,2024-11-08,24.79
16965,9713,14,80,2024-10-11,26.01
16966,6604,16,96,2024-04-23,19.34
16967,4471,18,106,2024-11-01,20.81
16968,569,36,216,2024-09-10,17.77
16969,2920,34,202,2024-02-20,11.25
16970,9628,45,265,2024-11-01,21.19
16971,6962,35,208,2024-12-31,22.53
16972,3078,36,215,2024-07-13,23.53
16973,3659,50,299,2024-12-11,40.04
16974,4147,20,118,2024-01-25,25.71
16975,6853,5,25,2024-01-12,9.89
16976,4942,35,209,2024-11-29,36.40
16977,6957,4,22,2024-01-05,18.08
16978,5080,42,251,2024-02-21,38.49
16979,5233,26,153,2024-05-24,23.31
16980,9498,30,175,2024-07-10,29.62
16981,3327,50,299,2024-07-12,32.38
16982,2052,20,118,2024-11-17,24.90
16983,5159,34,199,2024-10-24,11.06
16984,3457,15,87,2024-01-12,30.01
16985,6916,45,266,2024-09-09,27.28
16986,7212,14,84,2024-07-21,20.24
16987,783,41,245,2024-02-05,20.27
16988,2326,9,50,2024-03-28,17.83
16989,2044,1,4,2024-04-13,16.32
16990,2091,36,211,2024-01-05,33.71
16991,8145,23,137,2024-05-13,25.63
16992,6157,24,142,2024-03-29,19.62
16993,4990,50,300,2024-10-19,12.45
16994,5231,48,288,2024-10-29,19.99
16995,3156,47,277,2024-02-16,64.54
16996,6295,29,174,2024-08-04,11.56
16997,443,25,146,2024-08-16,51.78
16998,601,19,111,2024-03-19,18.29
16999,2893,7,37,2024-05-25,30.52
17000,8906,50,296,2024-06-16,31.02
17001,4692,17,99,2024-04-09,6.69
17002,5167,17,101,2024-02-25,31.54
17003,3565,2,10,2024-09-08,11.28
17004,4893,6,33,2024-02-10,19.34
17005,6930,45,269,2024-10-21,64.43
17006,3988,32,190,2024-11-29,58.27
17007,5585,36,214,2024-08-22,20.22
17008,8441,50,300,2024-06-04,17.57
17009,7014,16,95,2024-07-19,28.56
17010,3994,5,25,2024-08-14,29.10
17011,7624,46,276,2024-12-14,23.32
17012,7775,24,141,2024-02-12,31.29
17013,1323,15,85,2024-01-18,60.51
17014,5699,48,287,2024-05-26,40.35
17015,5580,37,217,2024-09-04,119.45
17016,8873,33,195,2024-10-27,28.53
17017,7800,32,190,2024-09-14,53.97
17018,160,21,126,2024-12-23,19.73
17019,8187,48,283,2024-07-14,65.31
17020,8257,46,273,2024-08-08,15.09
17021,7405,16,94,2024-11-15,27.89
17022,8476,42,252,2024-02-03,8.01
17023,8846,20,116,2024-05-04,18.09
17024,999,50,300,2024-11-23,43.17
17025,9062,19,112,2024-06-30,11.93
17026,2948,26,151,2024-01-22,7.30
17027,369,27,160,2024-10-06,14.36
17028,6386,38,224,2024-07-12,13.94
17029,6123,41,241,2024-01-30,23.32
17030,8111,2,8,2024-11-27,48.93
17031,4266,20,115,2024-09-20,45.80
17032,1578,16,96,2024-12-05,10.82
17033,7022,21,122,2024-12-29,26.97
17034,3980,28,163,2024-09-12,30.22
17035,5769,13,78,2024-10-09,36.09
17036,2661,38,224,2024-09-20,14.66
17037,3781,13,75,2024-04-25,15.28
17038,9320,10,56,2024-02-18,11.50
17039,728,34,201,2024-01-22,10.65
17040,2979,26,156,2024-01-25,15.55
17041,3453,49,294,2024-12-30,17.62
17042,4313,22,130,2024-05-09,36.68
17043,2184,21,123,2024-10-26,14.56
17044,3141,34,203,2024-09-22,21.70
17045,9488,45,265,2024-10-31,51.46
17046,9376,4,19,2024-06-25,31.07
17047,4928,41,242,2024-12-22,60.06
17048,1024,38,228,2024-01-05,28.80
17049,4554,36,212,2024-03-05,14.17
17050,8136,13,73,2024-03-02,21.27
17051,9893,32,189,2024-05-06,33.77
17052,3843,9,52,2024-01-22,36.41
17053,9274,19,112,2024-10-29,18.02
17054,5176,5,27,2024-12-30,15.22
17055,4489,4,23,2024-06-05,14.17
17056,9828,46,275,2024-05-16,15.11
17057,2220,14,84,2024-07-28,11.77
17058,1830,11,61,2024-10-05,27.51
17059,7504,42,252,2024-02-04,30.31
17060,977,38,228,2024-08-10,21.84
17061,6230,38,226,2024-05-21,10.94
17062,2132,46,275,2024-02-14,19.80
17063,7124,7,40,2024-12-09,42.65
17064,2363,7,37,2024-11-19,23.34
17065,4393,43,257,2024-07-21,12.99
17066,7064,9,50,2024-12-20,20.78
17067,9653,25,148,2024-01-11,30.48
17068,3036,30,178,2024-08-26,27.32
17069,8979,17,102,2024-02-07,21.60
17070,9234,32,189,2024-08-04,55.93
17071,1465,48,287,2024-06-30,27.76
17072,477,40,239,2024-08-29,47.85
17073,3161,39,232,2024-08-22,86.93
17074,8217,42,251,2024-06-16,15.67
17075,1448,33,197,2024-06-21,38.57
17076,1730,17,98,2024-09-10,65.74
17077,2632,31,183,2024-11-09,24.72
17078,6213,48,283,2024-06-20,58.86
17079,3364,7,37,2024-06-07,29.23
17080,8363,8,46,2024-08-03,10.49
17081,8790,4,21,2024-01-13,26.46
17082,8202,30,177,2024-11-11,14.42
17083,7703,9,52,2024-01-16,8.39
17084,9816,18,108,2024-06-24,31.13
17085,4817,19,110,2024-04-07,18.70
17086,5544,22,127,2024-11-01,9.25
17087,5052,33,195,2024-10-13,15.50
17088,6647,29,171,2024-03-04,6.21
17089,4194,21,121,2024-02-17,21.04
17090,2388,44,261,2024-03-21,28.54
17091,7225,3,13,2024-07-20,83.77
17092,2475,32,191,2024-03-25,28.18
17093,8618,27,158,2024-07-15,21.59
17094,7457,4,22,2024-06-06,39.28
17095,3784,4,23,2024-05-08,13.90
17096,8584,22,131,2024-07-09,17.58
17097,2233,3,13,2024-03-01,24.33
17098,7743,8,47,2024-12-16,20.05
17099,2085,9,53,2024-06-06,23.82
17100,9783,48,283,2024-09-25,12.54
17101,8804,5,30,2024-06-15,34.27
17102,6168,29,170,2024-09-17,23.53
17103,7101,17,101,2024-09-22,13.63
17104,2977,42,249,2024-02-18,9.87
17105,2623,36,211,2024-08-14,55.34
17106,4950,4,24,2024-07-19,35.42
17107,2174,4,21,2024-10-28,34.29
17108,3678,39,230,2024-07-31,14.05
17109,9963,7,40,2024-12-25,84.02
17110,3489,46,271,2024-05-16,16.35
17111,1891,4,20,2024-03-01,24.20
17112,9611,25,149,2024-01-24,13.64
17113,8611,46,273,2024-05-23,27.90
17114,9493,7,38,2024-05-03,14.27
17115,2696,24,143,2024-02-20,5.90
17116,3164,11,66,2024-10-22,15.80
17117,5174,47,281,2024-02-04,65.62
17118,2732,18,103,2024-08-25,25.62
17119,807,38,224,2024-05-17,34.92
17120,5219,5,26,2024-03-07,5.99
17121,9578,15,89,2024-02-19,25.18
17122,7138,28,166,2024-08-19,18.70
17123,5750,42,252,2024-05-27,47.64
17124,569,11,63,2024-12-21,17.03
17125,1705,4,22,2024-11-30,27.86
17126,7823,50,297,2024-07-28,32.52
17127,6047,30,179,2024-02-15,12.57
17128,8878,13,74,2024-06-28,14.97
17129,6651,28,164,2024-12-03,18.23
17130,5987,26,155,2024-04-30,10.01
17131,6149,31,181,2024-11-26,19.81
17132,2923,45,270,2024-06-29,15.17
17133,5166,34,199,2024-04-24,5.78
17134,7631,34,202,2024-09-09,72.18
17135,1958,2,8,2024-04-13,9.58
17136,5950,22,128,2024-01-21,9.47
17137,7868,18,105,2024-06-15,24.84
17138,9614,35,208,2024-01-21,79.86
17139,3488,40,236,2024-08-25,36.63
17140,5546,28,165,2024-05-06,45.43
17141,534,13,74,2024-04-03,10.80
17142,3982,37,221,2024-05-17,19.16
17143,4773,43,258,2024-07-30,22.25
17144,1831,39,231,2024-11-30,23.76
17145,8184,8,44,2024-04-06,23.30
17146,6752,6,35,2024-07-16,34.32
17147,7058,6,35,2024-10-20,27.78
17148,6561,30,180,2024-08-04,23.71
17149,1060,17,97,2024-10-09,42.20
17150,8159,18,105,2024-07-08,23.61
17151,8638,22,129,2024-01-25,38.04
17152,9451,49,294,2024-04-02,20.31
17153,2380,14,81,2024-12-19,18.39
17154,4215,30,176,2024-12-05,32.57
17155,6725,20,115,2024-11-22,20.21
17156,9959,34,199,2024-03-19,9.33
17157,6773,24,139,2024-03-30,17.14
17158,5725,8,48,2024-01-27,45.83
17159,8498,36,215,2024-06-17,12.79
17160,2417,29,174,2024-02-13,17.78
17161,336,22,131,2024-02-28,28.71
17162,3136,10,58,2024-07-31,26.40
17163,4171,27,162,2024-08-10,13.29
17164,7671,39,230,2024-09-06,23.91
17165,968,1,4,2024-07-07,59.18
17166,9666,24,143,2024-10-16,31.66
17167,9234,24,143,2024-04-18,23.28
17168,7998,50,296,2024-07-29,14.03
17169,1279,2,11,2024-12-19,17.51
17170,6264,32,190,2024-02-09,11.71
17171,9726,39,234,2024-04-05,12.50
17172,4556,20,115,2024-10-01,13.42
17173,9931,33,193,2024-04-06,12.61
17174,4508,1,1,2024-01-02,29.68
17175,6047,36,212,2024-02-21,22.70
17176,6259,49,293,2024-06-04,24.92
17177,2425,3,17,2024-06-07,25.51
17178,6401,29,170,2024-04-08,36.91
17179,1744,8,44,2024-03-08,10.17
17180,7682,3,17,2024-05-21,12.79
17181,927,6,33,2024-08-06,15.20
17182,5724,49,290,2024-09-28,14.02
17183,8005,49,294,2024-05-21,16.64
17184,595,46,273,2024-10-04,42.24
17185,59,48,287,2024-02-05,11.37
17186,8080,25,146,2024-09-06,71.10
17187,7615,47,278,2024-03-09,16.07
17188,8787,47,282,2024-09-06,25.95
17189,9193,29,173,2024-08-26,14.50
17190,7161,20,117,2024-06-11,14.74
17191,5580,30,179,2024-11-15,22.65
17192,306,46,275,2024-08-29,26.22
17193,9479,26,154,2024-12-08,26.04
17194,841,16,92,2024-01-05,14.03
17195,828,28,163,2024-01-19,7.77
17196,6594,3,18,2024-03-17,21.82
17197,181,9,54,2024-11-09,10.36
17198,3940,41,244,2024-12-05,44.48
17199,4089,13,75,2024-10-14,22.41
17200,3845,11,63,2024-06-11,8.39
17201,5981,2,12,2024-03-26,11.53
17202,1214,13,73,2024-02-25,9.72
17203,2504,42,249,2024-06-27,41.02
17204,2193,4,23,2024-02-09,14.35
17205,7495,34,200,2024-05-02,12.59
17206,1923,20,115,2024-12-13,41.60
17207,5799,45,267,2024-09-23,20.84
17208,4116,43,257,2024-01-10,10.81
17209,617,17,101,2024-04-11,17.13
17210,6061,7,41,2024-01-25,27.39
17211,4844,25,150,2024-08-11,32.05
17212,9492,31,183,2024-03-20,24.82
17213,5367,35,209,2024-02-15,23.93
17214,4202,50,297,2024-10-22,25.00
17215,60,29,169,2024-12-11,35.87
17216,2547,36,212,2024-11-13,6.64
17217,5686,10,56,2024-11-25,18.42
17218,2387,28,165,2024-01-25,24.00
17219,539,1,4,2024-03-24,12.63
17220,5032,20,120,2024-06-26,13.96
17221,5488,24,139,2024-04-09,24.14
17222,877,47,279,2024-11-24,24.53
17223,155,47,278,2024-12-28,22.92
17224,2252,11,66,2024-02-08,24.80
17225,7911,29,174,2024-09-17,25.85
17226,7748,9,53,2024-04-21,10.06
17227,3754,26,154,2024-12-03,53.46
17228,7644,25,146,2024-10-04,22.31
17229,7121,11,64,2024-12-07,60.66
17230,7861,13,75,2024-06-05,25.73
17231,9868,15,90,2024-09-06,19.49
17232,7559,48,285,2024-10-06,8.63
17233,7744,18,103,2024-05-15,12.58
17234,1931,43,254,2024-09-18,18.57
17235,2233,41,243,2024-10-22,22.55
17236,3871,31,183,2024-06-03,30.36
17237,968,1,4,2024-03-30,31.11
17238,3955,33,193,2024-10-19,24.84
17239,9417,48,284,2024-06-09,29.92
17240,2372,11,61,2024-09-10,39.11
17241,9220,36,215,2024-11-26,36.60
17242,6488,32,191,2024-04-28,62.65
17243,1309,32,188,2024-10-22,23.50
17244,4210,1,5,2024-10-23,18.61
17245,1212,9,49,2024-11-25,20.51
17246,2725,42,248,2024-10-22,32.20
17247,8211,9,50,2024-08-21,43.72
17248,9058,17,101,2024-05-26,17.50
17249,8004,25,150,2024-04-21,21.50
17250,2030,3,16,2024-05-11,53.78
17251,6135,40,235,2024-05-18,20.36
17252,6215,33,193,2024-01-13,20.54
17253,3283,30,177,2024-12-20,27.77
17254,7233,11,64,2024-10-23,86.93
17255,632,26,154,2024-03-11,12.06
17256,5612,17,98,2024-09-10,20.72
17257,5304,9,52,2024-04-01,40.88
17258,3825,4,24,2024-05-04,44.76
17259,3795,24,141,2024-07-21,10.73
17260,6114,42,249,2024-03-19,52.24
17261,7154,46,274,2024-07-25,42.12
17262,368,42,250,2024-03-24,30.86
17263,3011,47,278,2024-01-31,38.62
17264,1795,26,151,2024-06-18,21.10
17265,9352,18,103,2024-06-21,11.87
17266,3473,48,284,2024-10-05,13.49
17267,8348,41,242,2024-08-14,8.32
17268,2160,9,52,2024-03-27,30.46
17269,2712,10,60,2024-01-19,12.67
17270,3889,4,24,2024-01-14,33.84
17271,5370,49,294,2024-02-18,11.86
17272,9365,50,300,2024-07-13,54.34
17273,7296,2,9,2024-11-22,38.38
17274,8296,30,178,2024-11-19,23.14
17275,6985,9,51,2024-05-27,7.84
17276,1901,46,274,2024-01-07,7.65
17277,1911,4,19,2024-08-19,23.94
17278,2865,22,127,2024-10-25,23.75
17279,8280,38,226,2024-03-01,9.47
17280,4968,12,68,2024-06-10,17.04
17281,6055,5,26,2024-04-18,50.57
17282,1194,42,250,2024-02-10,61.03
17283,1756,42,249,2024-09-22,19.09
17284,2755,18,108,2024-02-15,19.60
17285,7896,11,64,2024-03-19,17.99
17286,9876,14,80,2024-09-15,15.76
17287,9028,26,154,2024-12-17,41.77
17288,8628,45,268,2024-11-23,41.32
17289,6070,25,150,2024-08-01,17.56
17290,5407,46,275,2024-03-03,25.69
17291,5183,50,295,2024-07-16,75.99
17292,1084,37,218,2024-04-08,29.75
17293,2562,42,250,2024-05-14,22.28
17294,7341,40,237,2024-10-24,22.01
17295,9897,50,297,2024-11-24,25.76
17296,3461,21,121,2024-12-15,22.71
17297,2314,7,42,2024-07-04,27.17
17298,1845,38,223,2024-07-03,20.62
17299,5433,19,112,2024-09-21,20.47
17300,1764,23,134,2024-01-23,17.84
17301,4283,41,242,2024-02-13,23.02
17302,9807,23,134,2024-05-09,24.96
17303,6890,39,232,2024-07-21,13.56
17304,9405,8,45,2024-11-18,20.53
17305,1629,24,143,2024-01-06,30.59
17306,3299,38,223,2024-05-27,7.05
17307,4043,37,222,2024-01-15,82.21
17308,20,20,116,2024-10-31,20.18
17309,170,14,80,2024-12-02,34.49
17310,8194,10,56,2024-04-02,54.56
17311,467,19,114,2024-08-03,10.41
17312,9753,34,204,2024-07-30,11.46
17313,6593,35,206,2024-08-30,19.12
17314,5545,4,21,2024-02-16,19.45
17315,3357,49,290,2024-05-27,15.00
17316,7988,29,169,2024-03-27,17.33
17317,3432,22,128,2024-02-21,21.32
17318,4614,46,273,2024-08-21,19.22
17319,4160,44,260,2024-06-03,30.59
17320,9831,1,2,2024-04-09,26.35
17321,2052,4,20,2024-04-14,9.59
17322,7694,35,208,2024-11-23,19.97
17323,9631,17,101,2024-05-18,27.25
17324,4923,34,200,2024-05-23,33.80
17325,8029,47,282,2024-03-16,28.08
17326,2767,24,144,2024-10-27,19.16
17327,191,49,289,2024-01-11,19.63
17328,3392,16,91,2024-03-23,32.16
17329,7359,19,112,2024-03-19,14.20
17330,2026,5,26,2024-10-28,27.69
17331,7206,36,216,2024-07-19,23.12
17332,853,20,119,2024-04-20,47.05
17333,4876,31,181,2024-05-19,12.38
17334,2212,1,2,2024-11-14,35.93
17335,4446,26,151,2024-06-14,48.17
17336,2397,11,62,2024-10-31,21.79
17337,4929,39,230,2024-11-29,29.17
17338,117,15,86,2024-10-25,19.62
17339,1819,42,248,2024-05-31,32.81
17340,7018,42,248,2024-07-29,11.25
17341,2043,43,258,2024-07-31,20.92
17342,6877,20,120,2024-10-14,17.81
17343,1195,33,196,2024-11-01,23.26
17344,5289,45,268,2024-06-20,37.16
17345,3287,47,281,2024-02-14,33.88
17346,4269,21,121,2024-03-15,21.70
17347,983,1,5,2024-10-13,58.80
17348,9685,29,170,2024-04-19,27.15
17349,1659,14,83,2024-02-21,26.60
17350,9365,42,252,2024-08-03,36.30
17351,9390,46,273,2024-03-22,18.58
17352,2426,31,185,2024-01-18,13.98
17353,3155,50,296,2024-12-26,20.22
17354,7111,44,262,2024-06-10,14.18
17355,749,16,92,2024-07-06,57.58
17356,858,42,250,2024-08-15,8.96
17357,715,11,65,2024-08-05,37.41
17358,8178,46,276,2024-09-02,20.85
17359,2056,36,212,2024-12-16,20.43
17360,7573,20,117,2024-05-14,21.46
17361,4916,39,231,2024-03-01,41.08
17362,2859,29,171,2024-02-16,30.92
17363,2323,48,286,2024-06-18,66.64
17364,1483,44,260,2024-08-30,12.87
17365,7695,33,197,2024-06-30,44.21
17366,2424,42,248,2024-06-17,16.36
17367,1017,40,240,2024-11-10,39.64
17368,8426,40,239,2024-02-19,20.89
17369,9784,45,267,2024-05-25,20.44
17370,3593,9,53,2024-09-21,40.31
17371,8881,3,17,2024-05-24,57.75
17372,4349,43,257,2024-04-12,102.19
17373,6193,40,238,2024-11-08,17.50
17374,6794,28,164,2024-06-08,17.74
17375,6080,19,111,2024-11-12,40.66
17376,1719,49,292,2024-08-24,27.70
17377,8800,26,152,2024-05-01,24.72
17378,297,13,74,2024-03-09,17.18
17379,3085,31,185,2024-03-30,30.62
17380,2878,32,191,2024-02-28,8.55
17381,8148,48,286,2024-02-19,15.70
17382,306,45,268,2024-11-20,13.03
17383,9474,11,64,2024-04-04,22.76
17384,6312,21,123,2024-08-07,28.19
17385,1691,3,14,2024-05-02,20.84
17386,3698,45,270,2024-09-15,14.92
17387,3545,29,171,2024-11-26,18.34
17388,1373,29,171,2024-08-06,43.32
17389,2365,7,39,2024-08-10,19.37
17390,7457,22,132,2024-09-27,37.48
17391,6738,13,76,2024-10-08,44.83
17392,1815,12,68,2024-02-29,80.54
17393,8070,17,97,2024-01-23,38.24
17394,9544,44,259,2024-02-28,40.80
17395,9834,46,273,2024-11-06,28.19
17396,1069,9,54,2024-08-23,12.30
17397,4507,10,56,2024-09-28,30.67
17398,5001,50,300,2024-01-10,18.04
17399,1027,16,93,2024-09-22,15.16
17400,2918,46,273,2024-09-30,49.41
17401,9938,18,107,2024-05-16,19.58
17402,5465,6,32,2024-11-03,26.15
17403,6060,37,220,2024-10-03,9.00
17404,466,8,46,2024-11-07,14.58
17405,5317,46,271,2024-01-08,32.66
17406,6969,6,31,2024-12-22,27.21
17407,2738,18,104,2024-09-07,15.51
17408,7556,26,154,2024-09-23,37.41
17409,4601,8,47,2024-04-06,33.11
17410,4149,31,183,2024-11-26,32.37
17411,1054,47,279,2024-03-26,8.16
17412,1797,32,189,2024-02-24,8.16
17413,3719,22,129,2024-08-18,37.57
17414,8192,1,6,2024-12-22,44.31
17415,6893,4,24,2024-06-19,70.04
17416,5192,5,30,2024-03-14,18.83
17417,920,32,188,2024-03-17,36.55
17418,1385,6,35,2024-09-24,14.31
17419,1439,49,289,2024-01-11,12.67
17420,9240,1,3,2024-08-23,20.50
17421,6316,9,52,2024-10-05,25.30
17422,8116,26,153,2024-04-20,17.16
17423,1141,26,154,2024-04-20,15.97
17424,6903,47,277,2024-07-17,18.76
17425,491,1,5,2024-03-28,27.61
17426,8953,33,195,2024-10-12,17.19
17427,2499,27,159,2024-12-09,22.08
17428,2197,8,44,2024-03-03,16.53
17429,4022,29,169,2024-04-03,35.50
17430,8713,43,253,2024-09-09,15.82
17431,6776,36,215,2024-03-13,21.74
17432,2842,32,188,2024-09-30,17.97
17433,3194,30,180,2024-01-14,7.98
17434,4221,40,237,2024-09-23,12.64
17435,256,44,262,2024-07-16,11.87
17436,6065,6,34,2024-08-09,50.01
17437,9331,23,136,2024-03-16,26.04
17438,3660,13,77,2024-04-03,21.48
17439,2609,25,145,2024-08-07,20.64
17440,9922,44,264,2024-10-31,16.18
17441,856,41,245,2024-01-18,35.74
17442,3493,30,175,2024-05-03,29.11
17443,7246,1,1,2024-04-01,28.59
17444,2192,34,202,2024-01-06,17.32
17445,6729,28,168,2024-12-04,12.09
17446,1475,14,81,2024-08-27,23.19
17447,9694,47,278,2024-10-27,16.99
17448,4405,26,152,2024-09-22,35.44
17449,3913,3,13,2024-09-02,37.18
17450,1538,25,147,2024-02-02,21.38
17451,4935,2,8,2024-04-10,26.43
17452,8062,34,204,2024-03-07,62.36
17453,4738,40,239,2024-11-11,17.63
17454,9512,38,225,2024-04-18,19.25
17455,7100,33,193,2024-11-28,23.06
17456,6769,11,64,2024-11-27,34.69
17457,9466,7,39,2024-12-22,21.98
17458,7265,41,246,2024-12-05,19.78
17459,2924,40,237,2024-10-25,30.32
17460,6778,35,205,2024-03-09,23.79
17461,2277,45,266,2024-07-12,56.32
17462,8038,33,194,2024-09-09,5.43
17463,2139,24,143,2024-07-01,12.05
17464,7712,17,99,2024-07-16,27.42
17465,2672,16,92,2024-06-16,43.82
17466,5711,22,132,2024-06-29,11.61
17467,7023,33,193,2024-09-24,34.98
17468,2574,16,91,2024-08-22,17.08
17469,8787,6,33,2024-01-24,10.25
17470,2639,39,231,2024-09-18,24.05
17471,96,23,134,2024-10-30,18.86
17472,9996,49,294,2024-02-03,18.42
17473,704,36,216,2024-08-20,21.87
17474,1168,47,277,2024-12-30,78.26
17475,6572,40,235,2024-08-13,13.76
17476,6130,20,117,2024-05-15,27.73
17477,5464,40,238,2024-01-15,9.18
17478,9458,37,221,2024-09-22,19.26
17479,7995,4,21,2024-06-22,9.61
17480,8284,42,249,2024-08-30,24.30
17481,2818,15,88,2024-01-25,31.94
17482,5272,24,140,2024-10-29,27.87
17483,7879,48,288,2024-02-08,20.72
17484,1022,46,271,2024-05-31,39.70
17485,142,14,82,2024-12-22,55.33
17486,1550,33,194,2024-09-28,21.41
17487,3686,9,53,2024-05-05,21.42
17488,8628,28,166,2024-03-11,29.21
17489,7414,49,294,2024-04-15,19.19
17490,767,20,115,2024-10-23,40.34
17491,4284,27,162,2024-04-13,9.82
17492,6831,44,260,2024-09-02,31.12
17493,223,33,196,2024-01-06,51.13
17494,8548,37,222,2024-10-17,11.93
17495,6389,9,54,2024-11-26,13.04
17496,3898,46,272,2024-08-13,17.41
17497,3804,40,236,2024-08-04,17.93
17498,2522,38,223,2024-09-30,15.42
17499,318,9,50,2024-09-01,23.69
17500,1977,29,173,2024-06-01,24.17
17501,2877,48,286,2024-04-26,18.99
17502,9845,1,1,2024-07-30,20.83
17503,196,11,61,2024-04-11,8.92
17504,4510,30,178,2024-09-13,37.19
17505,5964,19,111,2024-07-20,19.84
17506,5676,29,170,2024-02-14,55.26
17507,6821,49,292,2024-07-27,35.07
17508,7696,38,226,2024-04-18,31.14
17509,6942,26,156,2024-01-04,23.10
17510,39,16,91,2024-01-30,49.77
17511,6728,34,203,2024-04-12,22.92
17512,6307,8,48,2024-12-23,40.98
17513,8902,18,107,2024-08-02,40.15
17514,2294,23,135,2024-03-21,32.67
17515,3423,25,146,2024-08-30,23.27
17516,356,24,144,2024-04-28,40.79
17517,6218,40,238,2024-07-09,14.52
17518,2613,1,1,2024-03-31,32.97
17519,5852,48,283,2024-07-05,67.78
17520,9093,42,251,2024-12-12,26.67
17521,4271,35,210,2024-08-16,56.90
17522,723,24,142,2024-09-02,28.13
17523,1080,43,253,2024-10-31,11.22
17524,6537,9,50,2024-08-14,13.61
17525,6031,1,6,2024-11-24,17.64
17526,2944,19,114,2024-08-07,24.65
17527,8330,48,284,2024-07-25,35.69
17528,7135,19,110,2024-09-24,72.50
17529,2001,36,215,2024-08-06,26.42
17530,311,14,83,2024-05-01,12.58
17531,4478,15,87,2024-08-02,38.25
17532,5720,29,174,2024-08-27,38.20
17533,7241,44,259,2024-12-02,15.15
17534,834,26,151,2024-03-27,61.54
17535,9421,40,237,2024-11-02,48.53
17536,7455,41,244,2024-09-16,51.14
17537,2497,39,229,2024-02-15,26.65
17538,1523,43,257,2024-05-17,17.10
17539,2405,11,64,2024-12-01,29.15
17540,9552,35,209,2024-10-28,22.96
17541,8791,21,124,2024-04-14,12.43
17542,2651,38,224,2024-01-03,43.95
17543,9302,8,44,2024-12-30,9.59
17544,8932,37,221,2024-01-14,16.75
17545,334,18,106,2024-02-16,32.19
17546,2835,35,206,2024-10-30,19.72
17547,665,10,58,2024-06-29,16.24
17548,2219,20,116,2024-09-06,8.89
17549,6359,39,234,2024-10-20,26.33
17550,3351,34,203,2024-01-09,18.98
17551,7397,31,182,2024-07-06,20.16
17552,2456,48,287,2024-04-18,9.17
17553,733,19,114,2024-10-08,50.29
17554,5287,22,127,2024-10-28,44.21
17555,5673,2,9,2024-11-02,17.17
17556,80,22,131,2024-03-20,23.15
17557,7635,18,105,2024-02-10,27.92
17558,5638,50,296,2024-11-19,17.21
17559,5041,29,169,2024-08-31,28.51
17560,507,38,227,2024-06-06,10.99
17561,8562,43,257,2024-09-27,33.47
17562,3669,40,235,2024-12-24,26.49
17563,1687,31,185,2024-05-01,28.10
17564,9546,39,231,2024-11-21,132.12
17565,4624,45,265,2024-02-03,14.68
17566,7757,16,91,2024-11-01,39.72
17567,7603,10,56,2024-04-18,26.89
17568,6785,28,167,2024-06-28,12.67
17569,5089,17,100,2024-07-27,22.34
17570,2897,16,93,2024-01-05,26.72
17571,1002,3,14,2024-09-28,20.56
17572,5853,27,158,2024-03-06,32.15
17573,6484,4,21,2024-05-23,26.61
17574,3009,24,144,2024-05-31,10.82
17575,5858,1,5,2024-12-10,33.52
17576,7810,27,158,2024-10-29,48.43
17577,8975,3,13,2024-08-23,9.04
17578,3610,38,227,2024-05-21,6.84
17579,6128,39,230,2024-02-13,12.08
17580,7916,3,17,2024-05-13,9.64
17581,9446,22,129,2024-06-21,30.21
17582,5960,38,228,2024-12-18,6.69
17583,4822,17,100,2024-03-09,23.41
17584,692,40,238,2024-08-07,26.34
17585,8734,1,2,2024-07-20,64.91
17586,7348,13,73,2024-07-20,65.48
17587,4581,46,273,2024-02-03,29.42
17588,8611,10,57,2024-05-06,31.46
17589,580,22,131,2024-01-23,21.05
17590,9178,34,201,2024-01-15,17.25
17591,856,1,6,2024-11-15,48.82
17592,1612,39,234,2024-02-08,10.16
17593,8009,4,21,2024-12-07,23.03
17594,8014,46,273,2024-10-26,23.69
17595,2029,46,274,2024-05-20,23.50
17596,2534,25,148,2024-04-10,38.15
17597,6751,31,181,2024-04-25,13.61
17598,8640,24,143,2024-02-01,46.29
17599,3632,5,27,2024-04-15,19.80
17600,3154,14,79,2024-11-02,64.62
17601,737,28,168,2024-08-12,68.48
17602,1691,49,290,2024-06-30,39.35
17603,9739,40,237,2024-08-18,22.77
17604,9227,25,145,2024-11-26,36.48
17605,2982,21,126,2024-10-13,11.18
17606,7991,48,284,2024-07-03,26.74
17607,2309,49,290,2024-11-15,13.08
17608,6151,16,93,2024-09-03,28.11
17609,2888,50,297,2024-07-07,28.04
17610,5631,17,97,2024-04-24,46.11
17611,2274,41,243,2024-03-24,13.34
17612,1066,25,146,2024-10-03,70.23
17613,2828,39,231,2024-07-18,19.59
17614,5758,38,223,2024-10-24,33.96
17615,64,18,107,2024-03-14,61.28
17616,8394,13,75,2024-09-07,24.25
17617,5272,28,163,2024-06-24,30.65
17618,6695,45,265,2024-08-29,12.20
17619,8832,8,45,2024-05-01,24.26
17620,7092,12,68,2024-08-28,38.77
17621,4559,27,160,2024-02-14,8.89
17622,6617,31,186,2024-04-03,54.27
17623,8963,21,124,2024-07-17,56.24
17624,7976,35,206,2024-12-18,45.37
17625,8694,44,260,2024-09-09,21.66
17626,6347,14,83,2024-06-26,18.02
17627,4543,1,1,2024-03-01,30.28
17628,4080,10,60,2024-07-16,20.33
17629,7766,22,128,2024-04-03,24.32
17630,830,32,191,2024-07-29,19.58
17631,5505,48,284,2024-10-09,21.96
17632,8956,29,170,2024-06-16,72.83
17633,364,13,77,2024-02-28,57.28
17634,3295,12,70,2024-10-13,23.04
17635,6660,23,134,2024-03-26,20.40
17636,6673,29,169,2024-04-24,23.42
17637,5408,28,166,2024-09-11,45.56
17638,5238,2,11,2024-01-17,32.66
17639,3832,38,224,2024-09-09,23.88
17640,3073,50,296,2024-09-20,18.23
17641,4670,28,163,2024-02-24,27.94
17642,8096,48,285,2024-10-01,57.10
17643,4302,47,281,2024-07-22,50.05
17644,3458,10,58,2024-03-27,17.24
17645,6974,48,288,2024-11-30,42.46
17646,9174,10,60,2024-05-12,34.35
17647,2833,47,282,2024-12-22,25.93
17648,8610,15,85,2024-04-20,16.55
17649,8802,36,214,2024-02-06,28.75
17650,2292,49,292,2024-07-11,10.21
17651,1834,34,201,2024-06-01,14.61
17652,7271,9,52,2024-01-19,60.11
17653,9853,33,196,2024-07-12,20.80
17654,4929,23,135,2024-01-26,67.00
17655,1004,30,177,2024-10-28,47.65
17656,2444,12,69,2024-04-29,17.30
17657,8394,17,101,2024-11-19,10.48
17658,57,46,271,2024-03-03,30.07
17659,3810,49,293,2024-10-22,31.14
17660,9910,1,5,2024-08-16,33.85
17661,2691,19,112,2024-07-18,40.32
17662,3604,16,96,2024-07-29,15.44
17663,7788,18,105,2024-05-29,49.96
17664,8825,11,62,2024-06-05,46.53
17665,9192,29,171,2024-12-30,30.28
17666,8786,18,104,2024-05-01,17.92
17667,6930,3,13,2024-05-08,29.30
17668,4038,18,108,2024-06-01,21.66
17669,7900,24,143,2024-02-11,13.12
17670,9969,37,221,2024-07-13,23.20
17671,753,38,226,2024-08-17,16.50
17672,7323,46,274,2024-12-21,28.58
17673,9184,31,183,2024-10-11,15.74
17674,7470,17,99,2024-05-16,14.42
17675,30,3,13,2024-09-19,37.88
17676,8031,28,166,2024-11-13,39.34
17677,9554,30,178,2024-03-05,10.79
17678,1426,47,278,2024-02-08,15.83
17679,5142,48,283,2024-09-09,30.45
17680,5189,37,217,2024-08-03,12.40
17681,874,23,133,2024-10-14,19.47
17682,4870,36,211,2024-06-14,85.70
17683,4225,50,300,2024-02-14,28.49
17684,8230,10,58,2024-01-19,13.46
17685,6855,9,53,2024-12-18,14.09
17686,467,25,146,2024-12-22,12.24
17687,2644,1,2,2024-10-21,15.44
17688,2984,20,117,2024-05-15,15.44
17689,9773,32,191,2024-07-16,29.85
17690,1555,14,83,2024-09-20,24.55
17691,2831,30,180,2024-02-18,14.93
17692,4033,30,179,2024-09-17,21.03
17693,3302,3,16,2024-04-19,19.87
17694,2282,14,83,2024-08-23,9.49
17695,1321,21,121,2024-12-07,53.90
17696,837,46,276,2024-12-25,14.46
17697,7192,36,212,2024-03-01,31.96
17698,3719,21,122,2024-04-10,10.92
17699,4372,1,4,2024-07-11,13.80
17700,3957,43,258,2024-10-06,93.78
17701,4418,41,246,2024-08-23,15.07
17702,8163,40,238,2024-06-20,15.42
17703,4592,45,268,2024-11-14,21.27
17704,8539,32,189,2024-03-18,21.81
17705,7608,48,283,2024-10-12,9.86
17706,2604,46,272,2024-03-29,57.21
17707,9105,33,194,2024-02-09,71.78
17708,9698,27,157,2024-06-30,21.94
17709,7955,43,256,2024-04-13,13.25
17710,765,50,296,2024-05-29,39.64
17711,1987,42,252,2024-03-27,15.95
17712,6489,9,49,2024-02-13,24.05
17713,996,17,100,2024-06-30,14.56
17714,8297,48,286,2024-07-07,52.01
17715,6680,28,167,2024-04-05,11.47
17716,1591,46,276,2024-09-18,49.42
17717,3152,18,107,2024-04-04,16.98
17718,3642,28,165,2024-12-26,17.11
17719,4901,8,46,2024-09-20,11.06
17720,8751,23,138,2024-06-28,24.83
17721,3834,39,229,2024-06-17,15.59
17722,9539,37,220,2024-11-12,50.13
17723,414,22,129,2024-11-10,17.32
17724,2871,36,215,2024-07-23,20.54
17725,4919,38,228,2024-10-29,37.24
17726,7615,26,156,2024-02-20,31.60
17727,2933,47,278,2024-08-07,61.08
17728,6421,29,172,2024-03-06,77.97
17729,432,21,126,2024-08-06,21.54
17730,2267,21,124,2024-03-06,34.42
17731,7373,24,139,2024-08-10,25.95
17732,8570,31,183,2024-07-24,6.67
17733,2685,8,48,2024-12-14,44.27
17734,5269,1,3,2024-02-03,26.04
17735,2658,29,170,2024-02-26,22.01
17736,3243,25,147,2024-06-24,18.86
17737,1081,47,281,2024-10-08,15.14
17738,1815,8,47,2024-08-03,23.60
17739,6782,6,35,2024-07-17,20.11
17740,8621,46,271,2024-11-30,43.13
17741,7491,6,34,2024-08-25,15.27
17742,592,26,155,2024-02-25,16.30
17743,8289,39,229,2024-03-10,22.37
17744,9612,7,37,2024-03-08,29.86
17745,577,2,10,2024-04-05,9.84
17746,9779,7,40,2024-06-14,28.63
17747,4052,40,239,2024-03-05,23.06
17748,1771,19,110,2024-08-12,24.76
17749,2738,48,287,2024-11-18,13.15
17750,8439,50,297,2024-11-05,16.08
17751,1396,28,166,2024-10-14,25.28
17752,2330,21,126,2024-06-22,24.28
17753,2787,31,185,2024-12-13,66.27
17754,9290,1,5,2024-09-29,23.48
17755,6231,47,277,2024-02-22,54.20
17756,6851,10,57,2024-02-04,35.40
17757,1358,4,24,2024-09-06,49.10
17758,3054,47,281,2024-01-13,46.98
17759,8574,27,161,2024-05-26,54.22
17760,5242,6,36,2024-12-12,16.70
17761,710,32,187,2024-01-16,14.36
17762,7367,40,235,2024-05-22,31.08
17763,9089,24,142,2024-06-22,31.06
17764,5739,22,131,2024-08-13,28.29
17765,9397,5,25,2024-01-13,11.67
17766,2285,25,149,2024-01-23,16.88
17767,7906,16,96,2024-07-02,20.29
17768,1975,6,31,2024-04-24,13.22
17769,5764,44,259,2024-07-25,29.12
17770,7584,22,127,2024-05-11,22.40
17771,1274,23,136,2024-10-25,11.55
17772,9598,15,88,2024-11-17,14.43
17773,1434,32,187,2024-05-09,18.37
17774,9075,32,187,2024-06-09,44.33
17775,3496,10,55,2024-09-28,34.90
17776,1113,37,219,2024-02-15,57.96
17777,6825,22,128,2024-07-02,34.27
17778,9531,16,92,2024-06-25,32.24
17779,6757,35,208,2024-02-29,24.12
17780,444,6,36,2024-01-28,21.97
17781,8845,9,54,2024-02-19,19.70
17782,8045,45,270,2024-08-20,10.52
17783,2423,42,248,2024-01-28,38.07
17784,3974,39,229,2024-08-27,18.06
17785,4809,20,119,2024-02-16,24.14
17786,1720,10,55,2024-06-28,45.65
17787,9398,34,202,2024-08-06,33.17
17788,9407,44,261,2024-10-24,32.49
17789,3211,11,63,2024-07-18,18.62
17790,5982,19,110,2024-07-23,25.62
17791,5776,16,94,2024-01-07,20.16
17792,1075,46,273,2024-08-09,74.44
17793,8398,23,136,2024-01-28,61.93
17794,369,7,39,2024-01-08,15.33
17795,6448,27,159,2024-01-07,13.35
17796,6396,5,26,2024-06-23,29.00
17797,2850,5,28,2024-08-22,29.02
17798,5528,38,227,2024-09-20,21.56
17799,3700,40,236,2024-04-19,74.00
17800,4305,6,36,2024-10-05,25.44
17801,7760,4,21,2024-02-02,25.89
17802,6304,18,104,2024-09-02,47.82
17803,7781,42,252,2024-11-16,20.48
17804,5279,25,146,2024-11-27,45.29
17805,3580,14,79,2024-06-04,17.88
17806,8664,49,294,2024-10-29,15.78
17807,4600,29,170,2024-10-26,29.80
17808,575,30,176,2024-10-14,86.04
17809,3452,43,253,2024-03-31,18.98
17810,2360,11,63,2024-07-11,9.58
17811,931,50,299,2024-10-02,25.05
17812,5507,32,187,2024-01-16,23.76
17813,437,7,37,2024-11-29,27.67
17814,440,32,188,2024-09-19,13.18
17815,9554,17,98,2024-05-14,17.67
17816,888,43,258,2024-05-30,23.22
17817,6453,27,159,2024-01-28,26.95
17818,473,20,120,2024-01-21,16.20
17819,6493,31,185,2024-02-08,12.88
17820,75,17,99,2024-05-16,27.46
17821,4356,16,91,2024-04-09,27.98
17822,812,17,101,2024-05-15,16.45
17823,6002,11,64,2024-11-27,26.74
17824,8220,18,107,2024-02-08,30.94
17825,6760,49,294,2024-07-25,18.78
17826,8461,27,158,2024-01-08,26.23
17827,1286,42,249,2024-02-07,10.03
17828,1894,15,85,2024-08-14,56.35
17829,9424,7,40,2024-07-17,29.01
17830,8822,44,264,2024-04-26,61.22
17831,6708,21,122,2024-12-16,26.63
17832,6707,17,102,2024-10-24,24.57
17833,8011,21,124,2024-11-18,22.52
17834,7628,42,249,2024-07-23,26.94
17835,4144,44,262,2024-10-11,52.66
17836,9206,40,237,2024-03-01,25.50
17837,3404,35,206,2024-07-29,67.21
17838,2860,3,13,2024-05-14,29.23
17839,5960,32,189,2024-09-17,29.47
17840,8265,32,187,2024-07-06,36.35
17841,8171,7,41,2024-10-26,5.62
17842,1121,13,73,2024-01-21,7.89
17843,1948,34,204,2024-07-02,16.30
17844,8430,18,105,2024-03-07,36.45
17845,2259,12,68,2024-09-29,37.42
17846,5772,9,52,2024-09-30,9.14
17847,9817,32,188,2024-10-13,30.34
17848,1163,15,90,2024-05-16,23.87
17849,5930,49,291,2024-08-02,8.26
17850,7006,30,175,2024-11-02,35.95
17851,2956,26,154,2024-02-19,49.77
17852,5669,33,193,2024-01-16,33.89
17853,5683,20,116,2024-08-14,91.14
17854,1852,26,154,2024-10-13,8.22
17855,5455,31,184,2024-12-01,13.86
17856,7196,18,108,2024-10-15,25.90
17857,937,41,246,2024-11-04,9.53
17858,3456,2,10,2024-09-26,18.62
17859,5996,39,231,2024-04-27,19.32
17860,6639,43,258,2024-07-08,29.01
17861,3296,38,228,2024-07-09,55.13
17862,8330,33,193,2024-09-20,11.85
17863,8000,50,296,2024-10-30,26.94
17864,3224,19,112,2024-11-09,19.60
17865,2329,22,132,2024-09-26,20.26
17866,2973,46,273,2024-06-29,33.02
17867,8405,29,170,2024-03-04,17.54
17868,7981,14,81,2024-11-22,19.35
17869,8005,41,245,2024-05-01,23.85
17870,6517,8,43,2024-11-24,30.91
17871,603,14,79,2024-05-27,29.82
17872,4006,44,262,2024-12-15,15.85
17873,779,37,220,2024-01-25,26.14
17874,391,18,108,2024-09-04,25.25
17875,5544,31,184,2024-07-21,16.73
17876,4128,11,66,2024-08-02,28.26
17877,6688,31,183,2024-11-09,29.83
17878,5048,32,189,2024-08-28,31.16
17879,378,20,119,2024-12-23,12.00
17880,8183,36,216,2024-08-14,35.39
17881,5682,13,74,2024-06-07,23.29
17882,295,50,298,2024-05-13,69.97
17883,1184,38,225,2024-12-04,34.44
17884,2210,14,82,2024-12-01,28.20
17885,10,48,285,2024-02-22,69.34
17886,4913,13,78,2024-12-02,39.73
17887,23,16,92,2024-09-24,20.02
17888,4391,12,70,2024-04-12,9.15
17889,1070,19,109,2024-06-04,36.80
17890,3913,6,35,2024-09-06,39.82
17891,5200,39,232,2024-10-02,21.68
17892,9874,14,83,2024-07-02,16.54
17893,2327,15,88,2024-09-07,21.17
17894,1997,32,190,2024-03-13,11.43
17895,4667,20,118,2024-06-10,20.35
17896,6791,4,23,2024-10-26,42.22
17897,9578,12,68,2024-06-08,30.98
17898,6167,16,96,2024-11-29,20.60
17899,1581,17,101,2024-02-10,33.95
17900,4125,21,126,2024-04-18,28.65
17901,2700,31,185,2024-08-26,18.82
17902,9565,13,78,2024-03-10,14.61
17903,257,29,174,2024-02-21,36.66
17904,4196,34,202,2024-06-22,20.92
17905,731,41,243,2024-02-09,19.94
17906,5782,18,103,2024-02-01,11.27
17907,3607,6,36,2024-03-25,20.22
17908,6615,16,95,2024-07-30,22.28
17909,5233,46,275,2024-08-21,47.97
17910,8397,35,206,2024-03-13,20.44
17911,3234,33,194,2024-12-18,28.37
17912,7369,26,154,2024-05-14,38.53
17913,5566,27,157,2024-04-08,13.23
17914,2551,38,228,2024-03-13,25.12
17915,4501,4,21,2024-08-21,20.79
17916,8286,38,225,2024-08-13,17.28
17917,7224,15,88,2024-12-03,10.70
17918,8272,49,290,2024-07-25,22.90
17919,3111,19,110,2024-03-06,17.23
17920,9556,49,292,2024-04-03,31.55
17921,4304,21,122,2024-03-19,25.96
17922,501,3,15,2024-12-07,25.33
17923,3995,19,111,2024-04-27,23.99
17924,6588,35,208,2024-05-03,18.73
17925,8967,36,215,2024-10-31,62.78
17926,1320,9,50,2024-03-05,22.09
17927,7305,42,250,2024-01-29,27.31
17928,1496,40,235,2024-02-25,21.70
17929,9421,14,84,2024-07-25,18.18
17930,1887,10,58,2024-08-03,52.04
17931,5438,37,221,2024-04-27,24.30
17932,3265,39,229,2024-01-30,15.52
17933,6407,17,100,2024-01-17,24.98
17934,2010,46,271,2024-08-17,30.28
17935,3205,23,135,2024-06-23,14.80
17936,3398,30,176,2024-07-17,49.15
17937,658,10,56,2024-04-26,48.97
17938,4806,24,144,2024-05-29,88.48
17939,9009,1,2,2024-10-22,24.20
17940,7416,25,149,2024-07-11,16.54
17941,9860,38,226,2024-03-15,32.24
17942,5175,10,56,2024-05-01,22.88
17943,4450,24,140,2024-05-17,27.10
17944,9544,16,93,2024-06-20,19.33
17945,8080,8,47,2024-03-05,59.16
17946,7299,39,233,2024-08-02,23.72
17947,237,37,222,2024-10-05,18.73
17948,688,49,290,2024-01-25,16.94
17949,8559,41,245,2024-01-15,19.82
17950,7795,6,35,2024-09-20,27.12
17951,7686,15,88,2024-04-04,18.60
17952,3614,38,227,2024-06-05,66.55
17953,596,8,43,2024-11-22,20.53
17954,5423,37,217,2024-06-10,12.01
17955,4283,32,188,2024-03-21,47.66
17956,264,27,160,2024-04-15,8.14
17957,6184,36,215,2024-09-06,13.32
17958,2383,42,252,2024-11-26,23.06
17959,3258,27,162,2024-02-14,57.42
17960,582,24,144,2024-07-07,17.01
17961,8702,48,288,2024-12-12,12.06
17962,5856,18,104,2024-08-19,15.37
17963,3005,1,1,2024-10-09,13.45
17964,728,34,204,2024-03-03,42.83
17965,9232,7,38,2024-12-30,44.98
17966,6558,44,260,2024-08-04,13.49
17967,128,5,26,2024-01-09,38.15
17968,3574,5,29,2024-02-22,35.46
17969,5139,42,248,2024-08-15,25.79
17970,5836,17,97,2024-05-27,19.13
17971,6162,20,118,2024-03-10,72.46
17972,6353,25,148,2024-02-28,27.92
17973,6221,10,60,2024-02-25,14.86
17974,1585,19,112,2024-04-18,30.32
17975,8371,6,33,2024-06-17,24.16
17976,37,50,295,2024-04-21,13.18
17977,6295,8,43,2024-03-11,14.08
17978,2456,6,35,2024-11-30,22.41
17979,5328,19,114,2024-06-22,67.76
17980,5433,23,134,2024-04-10,12.14
17981,6388,2,7,2024-05-09,17.83
17982,6414,20,119,2024-07-01,9.18
17983,5932,23,136,2024-10-19,49.49
17984,5412,41,244,2024-05-10,38.12
17985,4991,18,107,2024-09-09,6.95
17986,165,21,124,2024-11-27,17.93
17987,1079,13,77,2024-08-31,12.27
17988,927,49,292,2024-09-10,43.72
17989,9926,20,115,2024-06-25,12.16
17990,434,34,200,2024-07-04,47.98
17991,6616,38,223,2024-06-14,16.38
17992,6205,8,46,2024-01-15,26.40
17993,8791,17,99,2024-10-25,12.87
17994,5921,37,221,2024-04-13,29.97
17995,757,9,49,2024-01-12,63.10
17996,4694,16,94,2024-12-09,31.07
17997,3015,31,182,2024-09-24,44.53
17998,2058,46,271,2024-10-28,21.23
17999,5309,20,116,2024-01-07,24.55
18000,2211,47,279,2024-06-02,46.41
18001,6503,47,280,2024-07-17,23.65
18002,6229,43,258,2024-12-24,29.79
18003,7940,6,31,2024-11-25,20.42
18004,141,21,126,2024-12-05,24.18
18005,7589,39,231,2024-01-02,27.64
18006,3045,42,250,2024-05-16,18.29
18007,2585,11,66,2024-11-07,51.17
18008,4995,4,24,2024-06-04,36.28
18009,4770,36,215,2024-06-26,37.58
18010,1747,25,148,2024-03-05,42.06
18011,6207,40,240,2024-04-05,36.09
18012,8556,38,223,2024-05-28,32.78
18013,8456,45,269,2024-05-05,30.65
18014,7079,9,49,2024-05-25,35.96
18015,2973,22,127,2024-11-14,7.41
18016,2797,8,46,2024-05-26,26.08
18017,7038,27,157,2024-03-21,17.47
18018,2159,39,232,2024-01-23,19.84
18019,3421,20,120,2024-04-26,18.27
18020,7370,23,136,2024-09-02,44.20
18021,6070,38,226,2024-06-03,26.12
18022,2398,20,117,2024-12-21,17.83
18023,2535,34,199,2024-02-05,13.87
18024,6292,15,86,2024-03-23,28.02
18025,2621,25,146,2024-11-06,37.71
18026,4627,43,258,2024-02-09,26.86
18027,9275,45,266,2024-12-05,13.94
18028,2085,10,55,2024-02-24,66.88
18029,1127,47,282,2024-05-09,14.90
18030,226,9,49,2024-03-12,33.19
18031,452,36,213,2024-02-15,22.92
18032,2827,14,84,2024-03-27,17.75
18033,2692,12,68,2024-10-30,34.66
18034,5027,5,30,2024-07-10,31.29
18035,3838,47,281,2024-12-10,13.62
18036,7828,28,165,2024-10-08,8.64
18037,8543,15,87,2024-12-06,17.08
18038,5454,12,69,2024-07-03,38.94
18039,9526,1,6,2024-07-23,12.14
18040,1027,4,19,2024-11-13,10.03
18041,2519,45,267,2024-06-11,14.70
18042,3745,50,296,2024-09-15,25.25
18043,1089,31,184,2024-06-24,42.84
18044,5445,48,284,2024-10-10,67.94
18045,8034,50,299,2024-06-04,45.13
18046,5891,44,264,2024-07-06,30.73
18047,2703,17,99,2024-07-03,37.63
18048,5232,39,233,2024-09-11,7.81
18049,6395,1,5,2024-08-19,30.53
18050,1037,32,192,2024-02-12,15.16
18051,864,49,291,2024-01-29,60.66
18052,8353,16,94,2024-08-31,34.43
18053,8324,15,88,2024-02-12,28.82
18054,4225,11,66,2024-07-30,32.39
18055,1726,23,135,2024-11-16,17.68
18056,1771,22,131,2024-01-08,11.24
18057,4244,22,131,2024-03-24,25.11
18058,7122,19,110,2024-03-20,8.91
18059,5,25,149,2024-04-11,16.56
18060,5992,6,33,2024-11-15,15.88
18061,4107,37,219,2024-03-21,36.65
18062,5764,12,71,2024-03-10,23.04
18063,7693,34,199,2024-08-08,12.37
18064,4987,30,180,2024-09-26,18.65
18065,652,48,286,2024-01-24,13.50
18066,8047,16,92,2024-05-25,17.02
18067,8101,7,37,2024-11-19,8.60
18068,3496,11,65,2024-01-19,31.95
18069,7900,38,226,2024-09-07,28.46
18070,5472,45,268,2024-06-16,11.67
18071,7624,30,176,2024-03-26,29.18
18072,1931,36,216,2024-01-30,25.90
18073,7355,9,54,2024-11-24,26.04
18074,3204,31,184,2024-03-31,21.84
18075,2702,28,168,2024-11-07,25.50
18076,9395,38,224,2024-04-05,23.34
18077,4971,44,259,2024-09-14,20.47
18078,149,28,163,2024-09-22,8.44
18079,6792,28,164,2024-03-02,10.83
18080,7000,46,271,2024-03-26,20.99
18081,2308,43,254,2024-09-04,30.81
18082,2678,3,13,2024-09-29,13.89
18083,3382,33,194,2024-07-01,31.48
18084,6920,30,178,2024-01-13,28.55
18085,4740,43,255,2024-10-02,77.98
18086,167,36,216,2024-10-26,26.71
18087,4037,19,112,2024-06-21,14.36
18088,6113,26,151,2024-08-02,11.36
18089,3408,16,93,2024-12-13,63.07
18090,3006,21,125,2024-03-05,71.07
18091,5229,20,118,2024-04-03,25.95
18092,410,4,21,2024-05-29,21.73
18093,8730,35,208,2024-08-17,14.54
18094,6760,12,71,2024-03-26,20.38
18095,7256,45,269,2024-01-22,25.85
18096,8283,39,229,2024-09-03,16.84
18097,8589,31,185,2024-03-12,11.37
18098,4880,43,254,2024-06-01,12.14
18099,3718,7,41,2024-02-13,7.22
18100,9954,3,13,2024-12-11,38.44
18101,5849,38,227,2024-10-29,9.10
18102,6168,49,291,2024-09-22,23.16
18103,6202,16,96,2024-02-01,19.38
18104,5103,10,60,2024-07-18,19.95
18105,510,26,153,2024-12-01,32.74
18106,7408,17,101,2024-11-29,51.38
18107,9874,48,287,2024-03-30,50.96
18108,4041,4,20,2024-01-12,28.88
18109,5838,20,118,2024-12-19,20.90
18110,934,5,30,2024-11-22,13.40
18111,9178,11,61,2024-10-25,12.29
18112,2369,48,285,2024-12-14,61.04
18113,6904,48,287,2024-10-21,38.03
18114,7600,5,29,2024-10-02,7.97
18115,7371,2,11,2024-05-06,17.50
18116,7136,17,101,2024-07-12,49.56
18117,2864,19,110,2024-10-18,13.10
18118,8221,8,46,2024-09-04,38.78
18119,8762,31,186,2024-06-10,31.51
18120,1802,26,155,2024-10-01,32.78
18121,6403,33,195,2024-04-26,30.86
18122,6983,24,143,2024-01-18,15.02
18123,937,3,14,2024-07-06,17.43
18124,9714,43,255,2024-08-24,13.35
18125,7434,27,159,2024-11-06,13.92
18126,9248,48,288,2024-11-08,55.77
18127,7891,42,250,2024-04-28,22.10
18128,7085,48,287,2024-09-11,26.98
18129,2707,1,4,2024-12-24,64.74
18130,9987,29,171,2024-03-03,33.60
18131,6824,40,235,2024-07-16,46.78
18132,3830,30,176,2024-03-20,18.98
18133,1918,35,207,2024-08-04,18.38
18134,1679,47,281,2024-09-16,16.08
18135,1443,15,89,2024-01-06,74.21
18136,7733,10,60,2024-11-12,25.35
18137,8194,47,282,2024-02-20,30.89
18138,2730,9,54,2024-10-11,33.53
18139,9513,3,14,2024-05-04,19.08
18140,7167,21,125,2024-05-10,28.51
18141,2366,22,127,2024-03-09,22.23
18142,2180,28,165,2024-12-13,47.14
18143,4106,1,2,2024-08-14,17.54
18144,3916,44,259,2024-05-22,11.32
18145,5516,19,111,2024-12-21,22.91
18146,6510,35,205,2024-01-18,20.54
18147,7172,17,100,2024-07-25,32.09
18148,4288,10,57,2024-12-21,58.80
18149,4138,33,194,2024-05-15,14.78
18150,1822,41,246,2024-03-16,35.17
18151,1766,34,199,2024-07-16,27.91
18152,6397,22,128,2024-07-23,25.10
18153,7613,4,22,2024-12-22,16.57
18154,8052,26,151,2024-06-21,25.85
18155,6885,33,195,2024-11-22,18.42
18156,7691,5,30,2024-08-19,11.97
18157,5393,28,167,2024-02-11,39.93
18158,6316,2,11,2024-10-22,7.07
18159,497,10,58,2024-01-16,19.12
18160,9247,25,150,2024-05-22,15.95
18161,6924,38,223,2024-12-18,21.80
18162,5791,44,262,2024-07-10,17.87
18163,1670,44,260,2024-12-22,21.80
18164,2353,2,11,2024-09-23,27.80
18165,2783,3,15,2024-09-19,25.23
18166,3808,18,106,2024-05-25,20.67
18167,9986,37,217,2024-02-21,23.20
18168,6446,16,96,2024-10-24,16.12
18169,4004,22,131,2024-10-25,39.89
18170,6281,8,43,2024-12-25,36.41
18171,5252,13,73,2024-07-08,59.38
18172,5232,25,148,2024-01-30,16.66
18173,3142,31,183,2024-02-27,24.20
18174,9692,43,255,2024-04-12,12.73
18175,961,44,263,2024-06-20,25.34
18176,1335,20,116,2024-10-03,41.46
18177,414,42,249,2024-11-08,27.53
18178,4521,4,21,2024-03-05,29.15
18179,8894,29,170,2024-12-21,36.26
18180,2754,29,174,2024-01-12,37.93
18181,6300,46,275,2024-03-21,21.51
18182,2143,22,127,2024-11-28,30.18
18183,3717,42,251,2024-07-21,18.24
18184,5566,29,170,2024-01-03,20.52
18185,5253,31,183,2024-06-22,25.78
18186,393,5,26,2024-05-18,12.96
18187,1191,8,45,2024-05-13,30.55
18188,7010,28,166,2024-11-22,24.90
18189,3112,12,72,2024-03-07,33.61
18190,9826,41,243,2024-10-18,13.94
18191,8375,11,62,2024-08-29,44.29
18192,5442,44,259,2024-10-30,30.60
18193,2448,32,192,2024-06-30,23.01
18194,8542,4,19,2024-01-01,48.06
18195,2511,37,222,2024-12-02,36.20
18196,594,33,198,2024-07-03,32.71
18197,3500,14,84,2024-09-30,20.90
18198,202,35,210,2024-10-29,10.47
18199,2361,15,90,2024-08-15,13.29
18200,6112,28,163,2024-05-17,52.10
18201,513,28,166,2024-06-14,49.14
18202,4447,24,139,2024-05-13,26.47
18203,7328,33,198,2024-02-28,27.68
18204,882,43,254,2024-10-28,52.03
18205,3301,24,139,2024-01-11,10.51
18206,4507,9,49,2024-10-12,14.62
18207,269,30,180,2024-12-10,16.68
18208,6304,14,81,2024-06-27,17.18
18209,879,22,131,2024-09-14,21.02
18210,8083,5,25,2024-04-25,20.30
18211,9932,38,226,2024-12-16,21.54
18212,4327,17,99,2024-10-29,19.76
18213,1052,28,163,2024-03-15,37.26
18214,6735,25,145,2024-11-11,17.99
18215,3291,32,192,2024-04-08,22.33
18216,2867,13,77,2024-12-20,75.45
18217,1128,31,184,2024-03-10,16.16
18218,827,5,25,2024-08-28,28.08
18219,8991,14,82,2024-05-10,15.89
18220,715,47,281,2024-03-21,56.07
18221,5846,15,85,2024-12-19,62.52
18222,597,8,45,2024-09-28,20.13
18223,115,45,268,2024-01-27,33.24
18224,8021,33,194,2024-04-28,43.23
18225,298,33,195,2024-09-13,42.13
18226,1737,43,254,2024-12-06,17.92
18227,2972,17,100,2024-12-12,38.99
18228,552,29,173,2024-12-16,11.62
18229,5578,38,224,2024-05-27,16.77
18230,1595,18,108,2024-08-15,35.35
18231,5607,17,99,2024-06-11,6.69
18232,4825,11,65,2024-03-25,27.02
18233,4552,18,104,2024-11-29,26.61
18234,2230,4,21,2024-12-05,32.22
18235,1471,27,159,2024-03-09,22.19
18236,9845,27,157,2024-02-04,33.85
18237,3466,48,284,2024-03-03,20.16
18238,7506,13,74,2024-10-22,28.16
18239,3689,28,168,2024-02-12,25.51
18240,5067,34,202,2024-03-11,23.78
18241,16,44,261,2024-12-30,9.93
18242,1966,37,220,2024-03-29,26.12
18243,1951,26,156,2024-09-10,17.74
18244,1578,38,226,2024-07-22,14.75
18245,6939,28,164,2024-10-20,28.01
18246,9851,37,218,2024-02-12,37.27
18247,4579,41,244,2024-01-10,14.73
18248,6226,7,42,2024-12-29,33.51
18249,8021,32,187,2024-07-31,11.68
18250,8480,39,231,2024-01-30,26.34
18251,5418,35,206,2024-01-03,17.69
18252,872,33,196,2024-09-05,17.99
18253,8153,14,82,2024-10-07,9.38
18254,8867,38,226,2024-10-05,9.62
18255,2559,16,91,2024-08-29,85.62
18256,9780,19,111,2024-09-07,23.28
18257,7679,38,226,2024-09-12,28.73
18258,1210,6,36,2024-09-11,19.04
18259,2540,33,194,2024-09-03,14.12
18260,1341,17,100,2024-05-07,15.84
18261,4454,10,55,2024-10-23,17.30
18262,9069,25,145,2024-12-16,23.85
18263,6582,40,237,2024-11-09,38.75
18264,1852,40,235,2024-05-09,30.17
18265,6455,40,238,2024-10-07,50.85
18266,2718,15,88,2024-07-23,8.50
18267,6380,10,56,2024-10-24,16.69
18268,496,37,222,2024-12-20,11.94
18269,2099,50,295,2024-10-27,14.51
18270,4902,13,76,2024-05-11,18.74
18271,2348,34,203,2024-12-30,23.88
18272,3462,8,44,2024-04-26,13.42
18273,2569,43,258,2024-01-03,29.79
18274,7312,26,154,2024-04-24,24.62
18275,3331,30,176,2024-02-09,14.02
18276,267,40,238,2024-09-02,19.48
18277,779,24,143,2024-06-12,17.52
18278,9173,2,8,2024-01-03,28.26
18279,4946,44,261,2024-05-17,51.24
18280,1206,2,11,2024-12-04,16.72
18281,1355,28,164,2024-11-09,13.40
18282,3018,31,184,2024-06-03,40.28
18283,4700,32,188,2024-12-30,21.82
18284,398,25,148,2024-05-04,9.62
18285,4127,27,160,2024-10-16,14.67
18286,571,38,228,2024-10-26,15.41
18287,5639,29,170,2024-07-12,32.82
18288,7385,45,265,2024-11-26,71.05
18289,4927,32,190,2024-12-20,19.96
18290,6455,18,107,2024-11-29,13.91
18291,3759,29,172,2024-02-03,8.59
18292,9251,25,149,2024-08-04,23.41
18293,399,3,13,2024-12-04,26.75
18294,6793,30,178,2024-01-10,37.30
18295,5719,33,193,2024-11-16,41.70
18296,8577,23,133,2024-06-07,24.15
18297,9945,36,215,2024-12-19,17.48
18298,6412,35,207,2024-02-13,55.04
18299,4928,14,83,2024-09-09,25.79
18300,1995,44,262,2024-11-01,11.19
18301,8859,35,206,2024-05-31,34.61
18302,5487,11,61,2024-05-15,8.37
18303,1197,28,165,2024-08-03,31.05
18304,8513,32,187,2024-08-07,14.96
18305,1726,25,149,2024-03-15,23.79
18306,2061,46,276,2024-03-05,20.21
18307,9477,39,229,2024-09-04,50.23
18308,9679,41,242,2024-07-02,30.49
18309,3931,12,68,2024-06-11,14.70
18310,6023,4,21,2024-08-02,21.54
18311,8483,12,70,2024-04-24,18.39
18312,4892,11,61,2024-03-22,30.90
18313,7656,20,120,2024-10-20,30.75
18314,7140,50,295,2024-06-09,35.56
18315,2199,35,210,2024-10-30,11.25
18316,9786,40,238,2024-04-18,21.90
18317,5476,10,60,2024-07-31,53.74
18318,8325,29,169,2024-12-13,31.48
18319,1770,19,109,2024-08-29,33.44
18320,7039,24,143,2024-05-04,25.85
18321,6779,5,28,2024-09-26,16.78
18322,8529,33,194,2024-12-15,24.89
18323,1411,15,85,2024-01-14,22.77
18324,6,43,253,2024-09-16,25.79
18325,4496,38,227,2024-11-16,21.80
18326,1417,8,44,2024-10-01,24.56
18327,1605,9,54,2024-11-11,17.60
18328,8562,19,111,2024-02-22,14.34
18329,751,19,109,2024-06-17,25.24
18330,9035,32,190,2024-01-03,48.55
18331,5620,29,173,2024-06-20,16.24
18332,4704,13,77,2024-04-22,18.64
18333,4251,13,76,2024-04-13,12.15
18334,4703,35,208,2024-10-08,11.13
18335,6010,12,71,2024-12-18,20.70
18336,5728,48,287,2024-10-06,29.13
18337,698,48,286,2024-02-26,50.78
18338,6226,36,213,2024-05-21,49.81
18339,7750,41,241,2024-03-22,18.30
18340,1914,24,143,2024-03-08,13.77
18341,4454,21,121,2024-10-20,21.74
18342,3197,18,106,2024-03-17,21.48
18343,2444,5,25,2024-03-02,36.36
18344,909,26,156,2024-06-03,31.60
18345,408,38,223,2024-02-15,19.82
18346,1979,18,106,2024-05-11,33.28
18347,8887,30,176,2024-08-07,45.59
18348,4147,24,140,2024-10-06,17.57
18349,3823,39,233,2024-10-06,44.19
18350,8984,47,277,2024-01-23,17.46
18351,6915,17,100,2024-07-31,24.19
18352,1615,32,187,2024-12-04,10.30
18353,9690,25,150,2024-09-19,17.21
18354,508,12,72,2024-05-20,29.33
18355,4133,50,300,2024-08-27,17.78
18356,8581,13,76,2024-06-18,6.27
18357,8113,16,96,2024-03-27,26.52
18358,9391,33,198,2024-07-18,15.51
18359,1248,29,172,2024-01-23,25.70
18360,6820,2,9,2024-06-03,15.03
18361,7888,18,107,2024-09-04,79.56
18362,9147,49,294,2024-05-27,13.07
18363,2994,16,91,2024-11-11,33.45
18364,5027,42,251,2024-01-24,26.08
18365,7434,32,188,2024-12-25,7.58
18366,2776,28,163,2024-06-25,33.98
18367,6900,44,264,2024-02-28,14.40
18368,6502,20,115,2024-03-27,41.78
18369,9222,33,195,2024-10-29,99.10
18370,6829,49,292,2024-07-02,26.06
18371,1114,4,23,2024-04-30,58.67
18372,7400,16,91,2024-02-08,36.91
18373,7167,23,137,2024-01-10,17.33
18374,3558,5,25,2024-10-26,28.57
18375,6075,21,125,2024-05-28,21.90
18376,5551,44,259,2024-05-31,33.90
18377,4816,25,147,2024-04-20,9.37
18378,4906,3,18,2024-05-28,29.08
18379,1452,15,87,2024-05-16,13.60
18380,9476,9,50,2024-09-11,38.12
18381,5708,6,34,2024-09-27,17.62
18382,1697,43,254,2024-08-22,32.68
18383,9614,30,179,2024-01-18,29.10
18384,7022,26,152,2024-07-27,12.70
18385,7101,11,65,2024-12-13,16.10
18386,3859,31,185,2024-02-14,16.36
18387,8018,22,130,2024-08-30,25.44
18388,2719,7,37,2024-06-06,11.79
18389,9984,1,5,2024-08-21,14.89
18390,1182,23,133,2024-02-27,20.23
18391,8847,23,138,2024-02-20,46.70
18392,2743,11,64,2024-05-15,40.14
18393,8302,30,178,2024-09-19,46.12
18394,338,39,233,2024-11-23,25.89
18395,2109,47,278,2024-05-07,13.02
18396,5355,41,244,2024-02-08,19.49
18397,9431,18,103,2024-10-19,24.40
18398,8535,18,107,2024-09-04,16.44
18399,5137,19,114,2024-04-01,37.65
18400,6099,25,145,2024-10-19,22.70
18401,9038,19,113,2024-03-08,61.04
18402,5804,33,197,2024-12-23,10.95
18403,1052,15,89,2024-10-25,24.04
18404,1782,36,215,2024-10-19,23.04
18405,9548,30,176,2024-01-27,43.09
18406,5933,39,231,2024-09-19,9.11
18407,7760,1,1,2024-12-11,28.48
18408,5856,3,17,2024-07-26,63.97
18409,8321,16,91,2024-09-19,13.52
18410,7614,3,18,2024-06-18,47.61
18411,4585,4,20,2024-09-22,59.21
18412,2439,47,282,2024-04-14,40.67
18413,5082,20,119,2024-05-22,46.75
18414,4657,36,211,2024-07-26,35.35
18415,6372,27,160,2024-04-30,15.46
18416,5342,16,95,2024-01-16,15.25
18417,8145,22,131,2024-08-27,55.07
18418,8882,35,207,2024-04-10,10.18
18419,3832,2,11,2024-07-10,33.39
18420,4566,28,163,2024-04-24,11.52
18421,7338,1,2,2024-12-18,47.44
18422,2253,49,294,2024-01-18,33.20
18423,2299,17,99,2024-03-19,25.53
18424,9102,30,179,2024-07-28,15.28
18425,2109,39,234,2024-12-03,35.84
18426,296,26,155,2024-03-11,29.80
18427,7385,29,173,2024-03-19,12.91
18428,6779,4,20,2024-12-17,33.69
18429,3457,32,190,2024-04-10,54.82
18430,7861,16,92,2024-02-01,36.67
18431,170,21,126,2024-07-23,25.06
18432,2749,39,233,2024-08-20,11.43
18433,5054,37,218,2024-11-10,22.54
18434,7535,39,230,2024-01-29,33.75
18435,7134,10,57,2024-02-12,25.00
18436,8905,8,44,2024-08-05,27.01
18437,4167,1,5,2024-06-19,25.66
18438,9551,5,30,2024-06-15,14.48
18439,2561,29,174,2024-10-21,31.39
18440,3597,18,107,2024-12-22,56.37
18441,6195,22,132,2024-12-13,27.07
18442,2585,49,294,2024-02-17,11.13
18443,4534,6,35,2024-06-30,33.28
18444,3566,32,192,2024-04-18,14.34
18445,6179,4,20,2024-06-01,35.51
18446,4905,48,287,2024-08-07,19.91
18447,5335,20,119,2024-01-24,23.80
18448,52,11,62,2024-05-16,31.79
18449,8439,13,74,2024-09-15,28.98
18450,371,31,184,2024-02-08,14.99
18451,8914,23,137,2024-03-31,27.82
18452,375,15,89,2024-03-02,26.40
18453,7324,50,300,2024-06-22,13.06
18454,3614,12,69,2024-05-25,35.13
18455,1634,8,48,2024-05-14,27.00
18456,2916,10,58,2024-11-30,7.90
18457,2781,47,279,2024-07-16,36.01
18458,5994,27,159,2024-06-09,17.25
18459,1415,39,234,2024-04-13,8.10
18460,1541,19,111,2024-11-26,18.40
18461,3179,50,298,2024-06-03,14.16
18462,5476,3,17,2024-02-17,18.99
18463,3919,47,279,2024-11-25,25.87
18464,9167,17,101,2024-05-29,19.79
18465,4971,50,296,2024-10-26,19.44
18466,2723,34,199,2024-01-15,31.90
18467,6291,42,248,2024-12-26,9.54
18468,3651,13,74,2024-07-06,15.06
18469,381,44,259,2024-08-02,39.13
18470,1398,25,146,2024-06-15,19.72
18471,454,20,115,2024-07-12,32.93
18472,6070,23,135,2024-12-06,28.94
18473,3561,7,38,2024-09-09,10.68
18474,7457,44,262,2024-07-13,27.23
18475,1424,41,242,2024-01-26,16.61
18476,8836,37,217,2024-05-16,23.76
18477,200,5,29,2024-07-17,21.95
18478,2075,5,29,2024-04-18,11.25
18479,8644,47,282,2024-11-18,52.50
18480,4684,39,231,2024-07-01,36.36
18481,6106,10,58,2024-01-25,14.13
18482,9733,14,84,2024-07-29,10.86
18483,1366,25,149,2024-01-22,24.99
18484,4367,36,212,2024-07-18,20.50
18485,1070,39,232,2024-05-08,30.22
18486,8580,5,28,2024-05-05,19.81
18487,5937,47,281,2024-04-07,17.23
18488,3451,5,29,2024-10-29,20.59
18489,5308,21,124,2024-11-04,8.86
18490,25,1,5,2024-01-03,32.43
18491,3381,49,291,2024-04-13,8.12
18492,1468,21,126,2024-03-25,39.21
18493,2781,20,116,2024-06-18,21.07
18494,6036,3,13,2024-04-08,29.55
18495,2208,39,231,2024-07-25,8.84
18496,2057,15,88,2024-04-29,22.08
18497,2126,22,127,2024-12-12,28.68
18498,1145,27,160,2024-03-12,14.07
18499,685,10,57,2024-03-28,44.51
18500,9319,18,106,2024-02-22,10.64
18501,2497,42,249,2024-01-31,10.70
18502,1618,21,126,2024-08-16,92.07
18503,8968,1,4,2024-07-15,41.65
18504,1940,45,269,2024-02-16,13.67
18505,2248,1,6,2024-11-03,19.51
18506,6672,13,78,2024-11-21,49.22
18507,6052,11,62,2024-12-30,8.95
18508,829,16,93,2024-10-17,28.68
18509,6952,10,60,2024-11-02,49.75
18510,1969,13,73,2024-02-28,34.21
18511,6272,28,165,2024-03-21,18.43
18512,138,28,167,2024-07-20,28.45
18513,8689,46,271,2024-12-19,8.89
18514,8973,17,97,2024-04-07,28.85
18515,8784,6,35,2024-11-26,18.56
18516,9428,33,194,2024-04-03,21.38
18517,4585,35,209,2024-03-21,78.87
18518,1251,5,28,2024-06-07,23.04
18519,411,41,242,2024-05-02,30.14
18520,4292,7,42,2024-04-03,44.87
18521,9810,10,56,2024-07-04,17.64
18522,3203,14,79,2024-09-08,61.06
18523,2533,38,227,2024-02-04,65.70
18524,5858,39,234,2024-05-28,61.16
18525,1672,16,94,2024-01-23,17.36
18526,1805,41,245,2024-05-25,32.39
18527,5142,12,71,2024-08-12,49.65
18528,7849,3,18,2024-11-12,32.15
18529,1056,37,221,2024-05-16,12.16
18530,5439,41,244,2024-12-01,15.85
18531,980,4,22,2024-02-18,9.96
18532,8849,22,130,2024-01-10,54.63
18533,2746,26,152,2024-01-28,51.43
18534,3285,13,77,2024-10-16,87.00
18535,8085,4,23,2024-02-18,8.58
18536,6486,24,140,2024-12-06,9.39
18537,9668,10,58,2024-03-06,13.38
18538,925,31,183,2024-04-05,28.86
18539,9198,5,25,2024-11-26,46.22
18540,5924,28,165,2024-10-08,27.40
18541,7089,16,95,2024-04-27,27.76
18542,946,47,280,2024-08-07,15.63
18543,8893,3,17,2024-10-09,13.66
18544,1997,24,143,2024-04-27,12.55
18545,9203,44,263,2024-11-21,23.06
18546,4315,5,30,2024-04-12,28.23
18547,9832,30,177,2024-10-22,18.85
18548,9112,37,218,2024-06-05,11.80
18549,4363,30,178,2024-04-01,35.34
18550,5411,3,15,2024-12-17,46.44
18551,2232,36,216,2024-08-12,41.62
18552,762,37,217,2024-09-06,21.92
18553,1644,2,10,2024-04-19,12.64
18554,1587,27,161,2024-10-07,42.05
18555,686,5,30,2024-02-05,29.12
18556,6005,20,116,2024-09-11,13.32
18557,4241,40,236,2024-01-08,35.30
18558,8137,13,78,2024-02-12,49.76
18559,2181,43,256,2024-09-01,11.91
18560,7692,1,1,2024-09-14,38.24
18561,1281,8,43,2024-10-26,64.68
18562,4413,45,265,2024-01-09,50.52
18563,9883,34,202,2024-12-13,26.76
18564,653,49,289,2024-07-12,19.39
18565,2929,12,72,2024-09-28,9.99
18566,4358,18,108,2024-05-27,26.78
18567,3127,43,253,2024-10-04,20.24
18568,7983,43,253,2024-01-28,11.67
18569,3618,34,203,2024-06-17,32.20
18570,8227,15,89,2024-08-10,15.63
18571,3494,11,62,2024-08-03,71.51
18572,695,21,126,2024-10-22,16.03
18573,3540,2,7,2024-09-21,19.60
18574,933,18,107,2024-06-24,45.27
18575,8920,43,254,2024-01-09,11.60
18576,3313,37,222,2024-04-01,18.15
18577,1945,40,236,2024-11-17,48.45
18578,9560,15,87,2024-05-24,15.01
18579,9102,8,45,2024-04-14,38.77
18580,3023,7,42,2024-06-17,25.08
18581,9650,47,280,2024-07-13,12.21
18582,7514,44,262,2024-07-28,63.47
18583,7726,23,138,2024-12-14,18.46
18584,2638,20,118,2024-08-03,16.18
18585,369,36,214,2024-08-15,8.92
18586,6914,6,33,2024-12-15,17.27
18587,8468,2,8,2024-09-09,8.56
18588,7177,1,3,2024-01-04,64.21
18589,1924,37,218,2024-07-24,72.75
18590,7454,42,252,2024-09-06,16.28
18591,5588,25,145,2024-06-08,19.64
18592,4739,25,146,2024-03-17,25.81
18593,5251,8,47,2024-10-14,35.58
18594,8120,25,149,2024-04-29,18.29
18595,4961,15,88,2024-12-16,21.02
18596,7669,18,105,2024-10-14,34.94
18597,6434,4,20,2024-08-19,11.31
18598,3367,40,240,2024-01-16,33.54
18599,4014,40,240,2024-09-24,16.59
18600,9859,2,8,2024-04-22,42.22
18601,7344,13,75,2024-02-12,36.19
18602,9095,8,43,2024-05-31,36.62
18603,9589,30,180,2024-04-05,30.66
18604,8097,48,288,2024-05-21,14.31
18605,8716,29,170,2024-11-15,20.60
18606,348,44,264,2024-10-15,39.53
18607,3476,28,168,2024-07-14,24.31
18608,3378,29,170,2024-07-09,43.40
18609,6955,38,228,2024-05-26,27.53
18610,7107,33,195,2024-10-27,37.48
18611,2569,3,14,2024-04-13,57.11
18612,9404,12,68,2024-07-22,26.61
18613,8655,38,227,2024-11-23,18.41
18614,5199,9,50,2024-02-19,5.87
18615,3323,50,300,2024-07-02,18.84
18616,6871,41,244,2024-09-10,90.70
18617,8216,28,168,2024-08-23,21.42
18618,6487,16,91,2024-07-22,20.71
18619,2458,21,126,2024-01-03,27.51
18620,2405,34,200,2024-02-21,23.59
18621,3310,42,250,2024-03-29,19.41
18622,2279,39,234,2024-07-21,26.20
18623,808,42,252,2024-10-25,22.36
18624,9064,41,242,2024-11-07,16.74
18625,6013,3,16,2024-07-11,28.55
18626,4784,6,31,2024-01-20,66.86
18627,9519,34,200,2024-11-07,53.39
18628,7241,14,79,2024-07-26,19.33
18629,3589,3,13,2024-07-28,15.17
18630,1099,32,187,2024-07-16,52.97
18631,86,11,66,2024-09-09,31.25
18632,2477,3,13,2024-12-04,70.58
18633,9346,13,77,2024-04-18,43.47
18634,8992,18,108,2024-10-30,21.60
18635,6668,5,26,2024-05-14,19.10
18636,1215,15,89,2024-10-04,45.28
18637,5230,38,226,2024-07-11,14.40
18638,1546,20,118,2024-11-22,42.93
18639,7658,5,25,2024-04-09,17.94
18640,3079,18,105,2024-08-17,24.52
18641,1964,28,167,2024-08-15,29.88
18642,4597,39,232,2024-04-16,25.58
18643,1479,35,208,2024-03-27,18.95
18644,624,9,52,2024-03-26,20.84
18645,3062,37,218,2024-07-10,16.24
18646,7227,13,74,2024-04-09,10.93
18647,537,35,207,2024-10-31,13.57
18648,1399,14,79,2024-08-15,31.42
18649,781,1,1,2024-11-16,20.90
18650,8494,17,98,2024-04-14,36.44
18651,8416,32,189,2024-07-15,31.48
18652,2597,44,262,2024-04-21,60.44
18653,5499,8,45,2024-08-15,23.02
18654,9425,19,113,2024-06-09,17.53
18655,8032,6,36,2024-12-26,37.83
18656,1603,47,282,2024-09-22,21.11
18657,2179,18,103,2024-10-28,38.38
18658,2939,10,59,2024-03-28,17.81
18659,7332,6,35,2024-07-04,30.00
18660,8417,17,97,2024-10-01,34.03
18661,1489,27,161,2024-12-10,9.99
18662,2504,39,229,2024-08-15,21.28
18663,7147,31,182,2024-05-26,19.40
18664,5042,38,228,2024-12-12,39.08
18665,3298,8,45,2024-05-21,25.49
18666,4041,4,23,2024-12-07,28.26
18667,2541,19,113,2024-05-12,66.06
18668,7969,44,263,2024-07-05,9.26
18669,4850,10,60,2024-01-01,13.43
18670,5626,14,80,2024-07-05,35.78
18671,4035,4,22,2024-05-08,53.96
18672,6269,48,283,2024-06-02,11.18
18673,8004,41,245,2024-10-08,15.74
18674,5745,41,246,2024-10-14,25.77
18675,4308,40,235,2024-12-28,33.50
18676,7446,49,292,2024-03-16,51.12
18677,7460,29,169,2024-11-19,32.90
18678,1246,13,78,2024-04-04,16.70
18679,5978,21,121,2024-02-22,16.68
18680,9033,27,161,2024-04-05,43.65
18681,5339,34,202,2024-04-23,7.56
18682,3584,47,282,2024-08-26,58.66
18683,9530,20,116,2024-04-30,36.76
18684,8761,30,180,2024-09-27,25.84
18685,6632,34,202,2024-07-02,13.87
18686,8339,21,126,2024-01-10,17.95
18687,7526,24,140,2024-10-10,36.57
18688,3092,40,240,2024-09-24,35.23
18689,3034,49,290,2024-06-01,46.65
18690,3362,37,221,2024-08-28,30.65
18691,8419,35,206,2024-02-03,12.53
18692,5966,23,134,2024-06-25,22.32
18693,8510,30,176,2024-12-20,11.74
18694,7462,19,111,2024-11-25,13.22
18695,3618,1,4,2024-08-30,9.35
18696,9781,4,22,2024-06-08,15.66
18697,1456,22,128,2024-12-18,6.35
18698,966,27,159,2024-06-30,36.68
18699,5909,19,111,2024-04-10,30.67
18700,1234,18,103,2024-12-21,20.43
18701,497,6,34,2024-10-21,21.93
18702,5923,49,294,2024-12-17,38.38
18703,2078,6,33,2024-08-19,26.94
18704,9158,47,277,2024-09-10,44.07
18705,3474,28,163,2024-03-07,15.99
18706,979,26,152,2024-07-07,42.92
18707,855,42,251,2024-05-18,9.24
18708,5009,14,79,2024-02-29,20.76
18709,4266,20,117,2024-04-15,17.99
18710,4908,47,278,2024-12-08,25.18
18711,6257,40,237,2024-03-28,17.24
18712,4030,10,55,2024-05-17,7.77
18713,4351,50,299,2024-01-27,21.72
18714,2705,43,253,2024-08-14,19.59
18715,6615,49,291,2024-04-03,46.63
18716,9548,21,123,2024-01-09,50.41
18717,6633,42,250,2024-06-14,42.67
18718,6425,37,219,2024-08-19,20.67
18719,7141,25,145,2024-02-12,27.28
18720,6653,36,213,2024-02-04,30.84
18721,2923,42,248,2024-06-04,28.15
18722,6968,30,175,2024-06-14,18.27
18723,6709,37,217,2024-10-13,33.39
18724,4176,34,199,2024-12-08,40.61
18725,5240,16,94,2024-02-12,28.23
18726,4564,27,157,2024-12-09,14.60
18727,6239,14,83,2024-10-21,11.12
18728,3279,12,67,2024-06-27,18.03
18729,4231,26,155,2024-08-11,14.07
18730,3022,31,183,2024-03-11,8.77
18731,7982,32,191,2024-08-29,15.18
18732,350,17,100,2024-01-22,30.57
18733,5781,32,191,2024-11-29,14.66
18734,3615,36,213,2024-07-07,45.39
18735,2459,26,152,2024-05-16,9.66
18736,7278,35,206,2024-05-26,25.31
18737,9775,7,38,2024-03-14,45.84
18738,7537,36,214,2024-04-20,28.23
18739,9961,48,283,2024-08-19,33.07
18740,2292,14,82,2024-09-27,65.08
18741,3608,17,98,2024-03-30,19.51
18742,3723,50,295,2024-06-10,25.91
18743,1895,33,196,2024-03-18,24.86
18744,8266,32,188,2024-03-26,22.86
18745,1667,46,272,2024-06-01,26.96
18746,7231,7,41,2024-01-12,20.58
18747,2548,23,133,2024-12-04,21.66
18748,9684,30,179,2024-05-08,23.10
18749,3879,3,18,2024-09-30,60.24
18750,7601,20,120,2024-02-04,28.22
18751,1628,45,268,2024-08-04,19.68
18752,2573,25,150,2024-12-16,25.09
18753,2661,12,72,2024-09-30,19.96
18754,6498,12,67,2024-08-19,10.50
18755,1682,44,259,2024-04-24,24.69
18756,5134,17,97,2024-01-29,45.77
18757,3494,41,242,2024-07-15,13.16
18758,1995,32,187,2024-08-31,53.21
18759,7199,10,57,2024-07-04,36.42
18760,4995,44,262,2024-08-18,35.13
18761,1807,35,207,2024-10-11,24.84
18762,8881,12,67,2024-12-29,31.14
18763,396,25,146,2024-02-25,25.67
18764,8147,42,252,2024-02-24,22.47
18765,7627,31,185,2024-07-06,18.94
18766,4347,23,134,2024-04-30,26.54
18767,2328,5,27,2024-12-24,57.14
18768,5565,29,174,2024-02-12,25.43
18769,9172,42,249,2024-12-23,18.93
18770,6920,21,124,2024-07-26,15.43
18771,4562,10,57,2024-05-26,28.37
18772,5153,40,235,2024-02-08,35.90
18773,2810,13,73,2024-12-16,10.62
18774,3878,15,88,2024-03-01,45.75
18775,8986,40,235,2024-09-21,20.70
18776,8581,46,274,2024-01-09,43.08
18777,6647,23,138,2024-12-05,36.10
18778,6826,11,63,2024-09-03,27.43
18779,9382,24,142,2024-02-26,12.44
18780,8455,15,86,2024-09-22,30.01
18781,395,39,230,2024-06-09,17.71
18782,6402,16,96,2024-02-01,62.32
18783,7325,5,28,2024-09-23,20.34
18784,3654,2,7,2024-01-11,11.90
18785,918,37,220,2024-06-02,11.85
18786,7180,1,1,2024-06-12,18.80
18787,7486,45,267,2024-11-05,30.16
18788,4394,13,73,2024-12-09,8.91
18789,4642,6,31,2024-07-22,27.28
18790,7926,21,123,2024-05-10,40.14
18791,9067,32,189,2024-04-01,22.71
18792,227,23,136,2024-01-28,10.47
18793,1931,42,247,2024-12-22,13.48
18794,3153,17,101,2024-11-04,38.15
18795,2882,38,223,2024-07-25,6.17
18796,3175,33,197,2024-07-28,12.97
18797,1057,8,48,2024-06-05,18.11
18798,1336,45,265,2024-11-28,23.70
18799,9336,9,52,2024-05-17,21.64
18800,2305,12,67,2024-10-06,34.84
18801,7970,7,41,2024-01-05,49.49
18802,6140,15,88,2024-06-25,43.86
18803,1594,24,141,2024-09-16,6.47
18804,334,41,245,2024-12-08,22.08
18805,6484,48,284,2024-09-05,21.88
18806,9305,45,265,2024-05-06,21.85
18807,9003,20,118,2024-08-03,12.23
18808,4738,47,279,2024-04-28,7.97
18809,7977,39,232,2024-08-02,37.30
18810,2641,24,144,2024-12-20,12.25
18811,2120,25,147,2024-05-21,26.20
18812,5591,42,251,2024-11-05,54.41
18813,1722,35,207,2024-02-29,21.21
18814,7433,8,43,2024-06-22,11.14
18815,5759,12,72,2024-01-08,31.01
18816,3719,26,155,2024-08-30,24.09
18817,4188,25,149,2024-07-21,34.63
18818,3487,14,81,2024-10-10,31.59
18819,4145,37,218,2024-03-15,19.73
18820,7971,40,238,2024-09-21,14.09
18821,5980,24,141,2024-12-28,27.28
18822,2980,8,43,2024-08-08,7.66
18823,8704,32,190,2024-01-02,11.55
18824,3623,13,73,2024-08-06,14.56
18825,4368,39,229,2024-03-20,24.87
18826,3476,15,87,2024-06-26,34.92
18827,4466,49,289,2024-09-23,13.35
18828,8035,35,209,2024-03-30,22.38
18829,9019,21,122,2024-06-29,37.46
18830,862,17,98,2024-03-23,41.75
18831,4099,50,296,2024-03-14,19.92
18832,5978,4,21,2024-03-22,16.79
18833,6683,35,205,2024-12-13,20.53
18834,1221,10,59,2024-10-22,19.95
18835,9598,8,44,2024-02-23,28.54
18836,9036,24,143,2024-09-03,21.73
18837,4653,16,94,2024-04-22,26.35
18838,96,48,288,2024-11-27,29.96
18839,635,42,249,2024-08-23,21.70
18840,2702,41,244,2024-03-31,34.59
18841,1527,6,36,2024-02-11,33.80
18842,5617,28,168,2024-05-20,18.60
18843,8875,39,231,2024-01-23,43.05
18844,4302,26,152,2024-10-27,19.39
18845,5270,30,180,2024-12-23,23.88
18846,8612,6,31,2024-08-20,24.26
18847,1411,4,19,2024-06-07,29.39
18848,5849,26,154,2024-03-11,32.36
18849,1357,29,172,2024-11-08,49.70
18850,553,12,69,2024-08-04,33.30
18851,40,18,108,2024-09-07,34.34
18852,407,24,141,2024-06-24,77.33
18853,9694,12,70,2024-01-26,45.70
18854,2261,8,45,2024-03-24,17.78
18855,5453,8,44,2024-02-07,20.50
18856,1035,29,174,2024-11-22,15.63
18857,3477,50,296,2024-07-17,23.62
18858,9689,14,83,2024-02-18,16.13
18859,4771,21,121,2024-02-18,33.36
18860,183,13,78,2024-10-25,12.82
18861,3098,2,11,2024-04-17,23.26
18862,6401,41,241,2024-09-29,14.53
18863,5617,37,219,2024-10-27,21.76
18864,769,46,271,2024-06-09,20.68
18865,2964,37,220,2024-05-24,13.46
18866,1860,19,112,2024-01-17,21.26
18867,8852,28,166,2024-07-02,14.76
18868,4862,32,192,2024-10-16,26.95
18869,226,32,192,2024-01-15,13.09
18870,5691,44,263,2024-12-22,64.69
18871,2127,2,12,2024-08-30,15.46
18872,3017,8,47,2024-05-14,17.32
18873,2662,19,113,2024-03-12,20.96
18874,269,47,280,2024-03-08,16.77
18875,9460,35,205,2024-07-30,77.40
18876,6441,2,7,2024-07-23,25.14
18877,5111,41,241,2024-07-27,55.31
18878,5624,2,7,2024-02-06,16.00
18879,6825,18,103,2024-12-13,7.81
18880,9283,17,100,2024-05-27,13.18
18881,7670,8,45,2024-09-07,15.41
18882,5089,42,250,2024-05-23,43.90
18883,8882,45,267,2024-11-15,21.26
18884,2229,26,153,2024-02-05,11.98
18885,3230,20,117,2024-11-21,23.98
18886,8300,24,140,2024-08-16,29.21
18887,9998,37,220,2024-08-02,38.25
18888,7323,30,177,2024-12-25,11.03
18889,7717,10,57,2024-07-26,20.24
18890,6344,14,84,2024-01-21,51.15
18891,5507,2,7,2024-07-06,24.34
18892,8269,41,242,2024-11-03,22.91
18893,4645,16,94,2024-05-26,21.96
18894,1952,31,183,2024-11-16,47.70
18895,4684,10,56,2024-01-17,30.52
18896,1311,14,79,2024-04-19,23.22
18897,1174,41,242,2024-08-16,32.81
18898,8188,19,111,2024-01-19,11.25
18899,168,36,214,2024-10-23,27.07
18900,5669,31,186,2024-09-09,21.22
18901,7604,27,162,2024-03-03,21.48
18902,2974,49,294,2024-05-16,12.44
18903,4978,41,243,2024-11-25,26.43
18904,9728,1,1,2024-03-31,34.82
18905,23,8,46,2024-11-11,37.19
18906,1475,30,177,2024-11-09,10.18
18907,350,21,124,2024-05-11,31.92
18908,6433,41,242,2024-05-05,20.92
18909,5143,34,202,2024-02-17,16.13
18910,8945,4,21,2024-03-01,26.16
18911,1773,12,69,2024-01-08,8.59
18912,3401,37,217,2024-03-31,35.40
18913,8632,44,263,2024-07-14,19.30
18914,2231,2,7,2024-12-31,35.39
18915,4040,26,152,2024-09-01,18.10
18916,3390,15,85,2024-01-08,66.81
18917,8432,14,83,2024-04-06,23.10
18918,1582,15,85,2024-04-18,33.00
18919,2310,3,18,2024-06-23,18.40
18920,750,17,102,2024-07-03,31.42
18921,6974,46,275,2024-09-24,19.14
18922,2878,30,175,2024-08-28,16.86
18923,9561,32,189,2024-03-22,14.27
18924,1138,2,10,2024-06-19,34.68
18925,4464,37,222,2024-11-03,22.10
18926,3612,19,109,2024-04-14,13.02
18927,6488,23,134,2024-10-04,16.19
18928,1595,16,92,2024-01-03,49.04
18929,1522,15,90,2024-04-04,14.94
18930,2351,33,196,2024-08-17,65.32
18931,7908,10,60,2024-04-27,12.78
18932,1316,44,263,2024-03-11,43.49
18933,1,11,66,2024-08-06,31.93
18934,1749,22,128,2024-03-11,17.40
18935,4083,3,17,2024-06-27,12.19
18936,1398,29,174,2024-11-23,25.75
18937,4233,9,51,2024-11-13,24.17
18938,8999,27,157,2024-03-18,28.60
18939,6814,18,108,2024-03-27,24.92
18940,6053,48,287,2024-01-27,33.25
18941,9776,19,114,2024-07-16,17.44
18942,2641,24,141,2024-08-03,22.73
18943,92,23,137,2024-12-15,38.13
18944,6934,26,156,2024-11-06,58.64
18945,1232,7,39,2024-09-03,31.24
18946,1058,40,239,2024-01-23,46.01
18947,1244,45,267,2024-08-07,61.24
18948,8460,3,15,2024-01-14,8.63
18949,8176,2,11,2024-09-12,18.88
18950,4991,15,85,2024-08-21,56.87
18951,4304,36,214,2024-08-23,29.47
18952,585,50,295,2024-10-07,19.75
18953,1124,25,146,2024-11-16,31.84
18954,5675,4,24,2024-12-15,30.79
18955,7468,3,16,2024-12-11,11.05
18956,9076,25,147,2024-04-03,17.32
18957,1701,14,81,2024-11-01,44.33
18958,3897,8,47,2024-11-17,34.56
18959,4201,37,219,2024-04-11,41.56
18960,5927,34,201,2024-02-26,34.55
18961,5453,49,293,2024-12-23,24.82
18962,5092,1,1,2024-01-28,18.80
18963,6355,50,295,2024-03-06,15.98
18964,4341,26,153,2024-01-11,10.15
18965,8356,17,97,2024-02-18,33.78
18966,8189,37,217,2024-01-16,21.80
18967,5131,8,43,2024-06-07,18.84
18968,9080,33,194,2024-09-09,26.99
18969,2931,20,117,2024-05-06,19.17
18970,5356,33,195,2024-04-20,21.37
18971,8497,21,123,2024-11-01,33.66
18972,7089,45,265,2024-01-22,11.38
18973,9441,25,146,2024-05-31,30.36
18974,4529,47,280,2024-01-27,19.98
18975,8054,33,193,2024-01-23,59.16
18976,3506,38,224,2024-07-28,27.41
18977,155,19,111,2024-07-02,36.38
18978,313,18,108,2024-04-26,57.85
18979,5028,34,200,2024-08-13,7.11
18980,5380,6,31,2024-04-16,36.56
18981,3228,31,185,2024-08-01,35.39
18982,4804,50,300,2024-07-17,25.98
18983,3733,48,287,2024-05-21,26.29
18984,4489,37,218,2024-04-15,14.66
18985,324,42,248,2024-06-01,9.95
18986,4014,30,178,2024-07-20,28.14
18987,1909,44,259,2024-07-11,15.23
18988,9211,10,59,2024-06-25,9.41
18989,2005,14,83,2024-02-17,32.15
18990,4520,22,127,2024-04-26,19.46
18991,4456,39,234,2024-02-15,15.25
18992,6031,50,297,2024-01-05,59.64
18993,718,33,195,2024-02-26,15.55
18994,3071,5,29,2024-12-21,11.81
18995,2933,42,251,2024-07-12,59.82
18996,3209,15,85,2024-12-21,15.90
18997,8471,18,104,2024-03-15,33.42
18998,7209,36,211,2024-11-30,13.47
18999,6280,32,188,2024-09-22,29.65
19000,3960,35,208,2024-06-19,20.48
19001,3498,48,287,2024-09-13,47.62
19002,3267,6,35,2024-09-12,53.23
19003,7066,33,198,2024-02-23,65.23
19004,9750,11,63,2024-10-26,23.24
19005,7901,33,198,2024-04-07,30.58
19006,5742,20,118,2024-07-12,17.43
19007,9027,24,141,2024-03-23,11.41
19008,502,2,11,2024-12-31,53.12
19009,579,48,287,2024-07-20,32.72
19010,4936,34,202,2024-12-20,21.70
19011,1709,22,131,2024-06-26,44.21
19012,1110,46,273,2024-12-13,27.01
19013,4937,4,24,2024-11-13,40.08
19014,7414,25,146,2024-06-01,16.95
19015,43,44,259,2024-07-21,10.08
19016,8247,6,34,2024-08-11,10.29
19017,159,24,141,2024-04-10,28.65
19018,1501,39,233,2024-06-28,65.91
19019,2190,37,218,2024-11-12,18.48
19020,1358,20,116,2024-08-30,94.69
19021,9076,40,238,2024-05-27,12.29
19022,5943,38,225,2024-10-03,18.24
19023,51,3,16,2024-03-10,22.72
19024,7675,1,6,2024-07-21,22.57
19025,2007,3,16,2024-10-16,50.80
19026,5718,46,274,2024-07-13,32.12
19027,4046,4,24,2024-03-20,37.64
19028,9404,27,160,2024-09-04,54.24
19029,7364,8,43,2024-05-04,10.69
19030,6860,17,102,2024-04-28,26.36
19031,6237,42,252,2024-05-06,33.53
19032,5310,43,257,2024-10-05,11.02
19033,8733,31,181,2024-05-05,25.68
19034,2810,27,162,2024-10-08,36.38
19035,1301,15,90,2024-01-26,23.71
19036,9990,25,149,2024-05-31,44.52
19037,5608,6,36,2024-09-23,27.25
19038,2154,18,107,2024-07-14,65.54
19039,5846,19,110,2024-08-26,31.72
19040,3234,19,109,2024-02-21,27.10
19041,6522,17,100,2024-11-29,19.29
19042,79,40,238,2024-11-27,29.72
19043,6752,19,112,2024-04-26,8.76
19044,2057,22,130,2024-08-28,14.73
19045,1568,44,264,2024-10-31,47.91
19046,2343,34,202,2024-11-11,18.51
19047,9086,4,21,2024-09-26,10.56
19048,225,23,134,2024-01-15,67.53
19049,4321,7,42,2024-03-16,24.71
19050,4884,42,250,2024-10-02,43.11
19051,7946,36,211,2024-02-05,8.08
19052,2860,24,144,2024-10-12,10.48
19053,1358,6,36,2024-01-19,19.91
19054,4767,38,224,2024-07-18,11.66
19055,1452,7,40,2024-11-07,60.99
19056,6988,46,273,2024-03-31,16.76
19057,1468,34,203,2024-10-18,56.01
19058,2616,22,131,2024-03-16,12.79
19059,7688,15,86,2024-11-01,15.17
19060,7681,9,49,2024-04-21,18.52
19061,6399,50,296,2024-05-31,26.44
19062,3948,32,190,2024-05-19,53.82
19063,4590,27,159,2024-02-18,23.16
19064,4219,36,212,2024-10-29,50.33
19065,7768,15,90,2024-09-26,38.18
19066,7229,26,154,2024-06-28,12.39
19067,8967,1,5,2024-04-05,30.45
19068,7796,46,271,2024-12-20,33.03
19069,1220,2,11,2024-01-18,48.06
19070,9372,21,126,2024-11-04,61.59
19071,6047,44,259,2024-02-08,19.30
19072,5441,24,142,2024-07-13,24.69
19073,5994,48,286,2024-07-16,57.07
19074,7332,3,18,2024-08-22,106.84
19075,4107,40,236,2024-04-24,14.84
19076,1042,21,123,2024-02-14,22.66
19077,406,41,246,2024-06-26,20.52
19078,8315,24,144,2024-11-22,16.42
19079,9923,28,166,2024-02-15,25.74
19080,8642,27,161,2024-08-16,15.85
19081,9972,7,41,2024-05-16,32.72
19082,869,17,98,2024-10-21,18.22
19083,6579,50,295,2024-11-06,34.14
19084,653,17,98,2024-09-09,8.63
19085,6652,42,252,2024-10-05,31.40
19086,5461,41,242,2024-11-04,26.18
19087,3503,18,104,2024-05-02,26.22
19088,2804,47,277,2024-08-16,13.35
19089,355,37,220,2024-10-16,23.98
19090,6506,49,291,2024-12-04,15.76
19091,1340,8,47,2024-03-10,28.32
19092,2956,18,106,2024-05-30,24.60
19093,9388,44,260,2024-07-30,49.20
19094,7307,30,178,2024-12-16,18.30
19095,7927,19,109,2024-08-07,30.33
19096,5655,15,86,2024-10-29,18.75
19097,663,20,118,2024-10-24,27.06
19098,1346,24,141,2024-10-08,33.22
19099,3200,7,37,2024-05-28,23.28
19100,3450,20,118,2024-09-16,43.04
19101,5505,3,14,2024-12-05,18.62
19102,7024,15,90,2024-07-07,34.28
19103,2559,41,244,2024-07-28,11.57
19104,6965,20,119,2024-10-30,65.09
19105,7390,24,141,2024-06-07,41.72
19106,6991,34,200,2024-04-09,25.62
19107,8363,36,211,2024-08-02,17.20
19108,9923,4,24,2024-08-04,26.99
19109,82,17,101,2024-11-13,7.82
19110,3972,46,271,2024-09-17,34.39
19111,8561,37,219,2024-01-15,16.51
19112,3123,46,275,2024-11-20,30.26
19113,1760,42,251,2024-02-18,26.26
19114,1663,32,192,2024-03-21,10.49
19115,1854,19,111,2024-04-20,17.16
19116,2598,43,255,2024-10-25,50.49
19117,7761,15,88,2024-10-05,19.34
19118,4415,37,222,2024-11-25,17.06
19119,9112,34,203,2024-06-28,17.74
19120,9211,5,28,2024-10-10,9.28
19121,8970,43,257,2024-08-02,15.06
19122,5958,10,55,2024-05-09,29.67
19123,4215,42,252,2024-11-21,14.04
19124,4680,47,282,2024-08-29,17.01
19125,571,27,162,2024-09-27,20.98
19126,5564,37,217,2024-08-06,37.11
19127,8811,39,232,2024-07-14,10.69
19128,4993,39,231,2024-07-07,19.60
19129,6423,11,65,2024-05-25,22.19
19130,9030,33,198,2024-10-13,32.71
19131,9238,48,284,2024-09-16,21.09
19132,1101,13,76,2024-02-29,61.83
19133,1722,50,299,2024-06-07,37.10
19134,9046,30,180,2024-01-14,55.59
19135,6034,47,281,2024-03-14,22.17
19136,7012,15,90,2024-05-20,21.44
19137,9664,9,51,2024-06-20,19.56
19138,9052,12,70,2024-11-27,24.80
19139,2683,44,263,2024-06-03,17.43
19140,2844,25,147,2024-01-13,30.38
19141,4070,48,283,2024-08-04,24.97
19142,2554,11,63,2024-02-27,39.00
19143,1563,12,70,2024-06-30,13.09
19144,2025,7,41,2024-01-10,32.29
19145,5020,48,286,2024-04-30,13.99
19146,5163,2,11,2024-11-18,19.98
19147,2808,9,51,2024-05-04,39.06
19148,2583,22,128,2024-10-28,14.41
19149,5930,38,225,2024-09-14,25.21
19150,1227,47,279,2024-11-14,16.95
19151,3439,49,292,2024-05-18,24.23
19152,7539,48,283,2024-06-21,40.42
19153,2212,22,129,2024-12-01,23.23
19154,2307,41,244,2024-04-29,47.05
19155,5806,38,225,2024-11-12,19.35
19156,1177,18,103,2024-05-25,13.63
19157,3992,47,281,2024-07-19,11.13
19158,3283,26,154,2024-07-30,30.01
19159,5188,8,44,2024-09-06,45.45
19160,2201,25,148,2024-02-08,40.16
19161,9630,32,190,2024-05-16,22.72
19162,2758,15,90,2024-10-02,7.98
19163,9999,50,298,2024-05-09,57.52
19164,9136,16,95,2024-04-24,49.92
19165,5019,15,85,2024-02-03,59.38
19166,2808,43,254,2024-04-02,38.75
19167,3850,41,241,2024-04-25,50.58
19168,8931,35,207,2024-03-30,35.33
19169,3761,6,35,2024-08-25,24.71
19170,2361,13,78,2024-02-13,25.39
19171,8517,27,160,2024-02-15,26.17
19172,4803,47,279,2024-06-17,29.13
19173,1482,50,295,2024-02-18,53.44
19174,9013,26,152,2024-07-15,18.54
19175,2737,44,261,2024-01-20,13.45
19176,7375,49,290,2024-01-03,49.15
19177,2336,41,244,2024-11-25,14.34
19178,2826,49,293,2024-04-28,23.82
19179,6524,6,35,2024-09-16,22.36
19180,4051,34,199,2024-08-04,49.92
19181,3697,40,240,2024-05-07,30.45
19182,7554,37,217,2024-06-16,20.79
19183,6111,19,113,2024-09-22,19.46
19184,5020,34,200,2024-05-07,52.42
19185,8743,15,87,2024-09-14,7.50
19186,3972,5,27,2024-07-22,28.07
19187,3184,39,234,2024-05-31,21.70
19188,3051,38,225,2024-05-10,32.24
19189,5644,3,13,2024-01-11,16.26
19190,5835,20,115,2024-08-07,8.12
19191,4089,21,125,2024-11-21,14.80
19192,4935,28,164,2024-05-11,21.83
19193,2276,4,20,2024-10-07,32.28
19194,2376,35,207,2024-11-22,30.01
19195,2204,34,202,2024-06-20,22.08
19196,3088,44,264,2024-01-01,18.68
19197,8572,40,239,2024-02-20,14.69
19198,6315,23,135,2024-07-21,67.28
19199,1317,15,90,2024-12-22,19.94
19200,9611,22,130,2024-11-18,36.61
19201,1591,36,212,2024-11-03,26.07
19202,121,29,173,2024-05-06,11.31
19203,670,8,47,2024-07-19,80.65
19204,6691,14,80,2024-11-25,13.80
19205,1649,13,74,2024-09-19,54.20
19206,7988,27,160,2024-12-16,52.85
19207,9732,19,110,2024-06-15,23.68
19208,2350,31,186,2024-06-12,33.05
19209,2025,11,66,2024-11-17,16.36
19210,4547,5,25,2024-12-24,32.06
19211,3129,29,173,2024-06-18,32.22
19212,3767,21,124,2024-03-10,9.48
19213,7353,13,73,2024-08-31,79.19
19214,219,10,56,2024-08-22,40.43
19215,7877,50,296,2024-12-13,61.73
19216,5522,37,222,2024-09-16,16.51
19217,444,1,6,2024-11-12,24.66
19218,4621,35,209,2024-03-24,16.22
19219,3425,40,236,2024-05-08,17.59
19220,1607,3,14,2024-07-08,23.74
19221,4739,14,80,2024-04-15,9.01
19222,5256,9,50,2024-07-17,31.24
19223,5065,50,298,2024-01-19,24.60
19224,4548,29,174,2024-05-16,23.88
19225,3788,40,235,2024-12-31,34.33
19226,6390,49,289,2024-12-09,24.42
19227,6861,8,46,2024-09-25,44.47
19228,5253,37,217,2024-09-10,11.35
19229,7989,2,10,2024-10-23,25.83
19230,1858,30,176,2024-09-01,29.94
19231,5812,36,211,2024-06-18,18.41
19232,4786,5,26,2024-02-05,15.77
19233,7715,35,206,2024-08-02,18.13
19234,4525,46,275,2024-09-26,20.94
19235,7356,50,296,2024-08-06,22.81
19236,4214,20,115,2024-02-04,26.44
19237,8857,39,230,2024-09-16,32.23
19238,9351,8,44,2024-02-09,30.06
19239,2415,36,211,2024-10-22,29.18
19240,6288,2,8,2024-08-31,22.02
19241,1560,19,111,2024-06-02,8.95
19242,8515,14,83,2024-07-06,16.68
19243,5852,35,209,2024-01-30,26.12
19244,7933,9,53,2024-03-10,17.06
19245,5008,8,45,2024-09-13,39.67
19246,9525,6,33,2024-05-20,6.17
19247,828,9,49,2024-05-04,23.59
19248,1912,22,129,2024-06-12,38.36
19249,5948,47,278,2024-12-18,20.26
19250,2054,13,76,2024-11-23,31.57
19251,8207,35,207,2024-10-05,49.76
19252,1490,25,146,2024-03-14,19.72
19253,108,13,73,2024-01-19,49.09
19254,7281,24,143,2024-07-02,22.70
19255,1515,38,226,2024-01-19,25.40
19256,6777,23,136,2024-06-28,23.06
19257,8492,26,153,2024-07-21,12.53
19258,7503,10,59,2024-02-05,27.75
19259,1886,39,231,2024-04-28,24.86
19260,7532,33,194,2024-05-12,14.61
19261,7141,33,197,2024-04-20,15.60
19262,6570,50,296,2024-08-25,36.86
19263,7242,35,209,2024-05-06,41.03
19264,4644,23,135,2024-01-03,52.19
19265,8918,23,133,2024-04-10,35.95
19266,5337,43,256,2024-12-04,34.08
19267,1707,4,21,2024-11-10,22.87
19268,3307,48,287,2024-09-16,30.29
19269,3844,12,72,2024-04-15,28.43
19270,5680,27,160,2024-10-16,9.91
19271,7645,13,74,2024-04-11,15.28
19272,6815,11,66,2024-01-15,23.30
19273,9341,30,177,2024-06-22,21.93
19274,2160,21,124,2024-03-05,38.58
19275,3829,10,56,2024-01-28,12.67
19276,1295,15,90,2024-02-26,28.48
19277,3151,41,244,2024-03-31,21.93
19278,2647,16,92,2024-01-06,23.87
19279,3564,28,164,2024-08-21,26.70
19280,8332,22,131,2024-04-23,18.88
19281,7955,2,8,2024-12-11,29.37
19282,6857,38,224,2024-09-29,27.46
19283,8746,45,266,2024-08-30,39.45
19284,5504,16,95,2024-07-24,23.15
19285,8327,23,134,2024-09-04,32.80
19286,2521,44,263,2024-08-02,27.03
19287,6022,33,197,2024-01-22,40.14
19288,5062,2,10,2024-10-02,10.90
19289,8570,38,224,2024-05-18,20.54
19290,5308,46,275,2024-07-08,42.14
19291,6429,17,102,2024-05-21,23.89
19292,7805,18,107,2024-08-01,60.68
19293,2809,32,188,2024-07-12,15.65
19294,1990,38,226,2024-09-24,51.81
19295,1561,12,68,2024-08-06,19.81
19296,3833,20,118,2024-12-22,35.45
19297,8523,1,2,2024-09-04,31.52
19298,1863,18,108,2024-10-15,15.19
19299,3044,32,188,2024-08-14,33.33
19300,7278,4,20,2024-09-20,14.59
19301,4819,15,88,2024-08-29,12.68
19302,3754,37,220,2024-07-10,14.52
19303,8796,27,158,2024-02-19,39.83
19304,7120,29,169,2024-09-09,34.94
19305,4006,26,154,2024-02-01,13.85
19306,6968,33,195,2024-05-27,6.96
19307,3119,18,105,2024-10-24,26.39
19308,2493,36,215,2024-07-27,9.20
19309,8342,29,172,2024-03-10,28.49
19310,6472,31,185,2024-12-16,65.04
19311,5864,35,210,2024-04-06,11.33
19312,5708,39,232,2024-09-13,6.50
19313,7995,20,116,2024-11-26,26.48
19314,1020,28,165,2024-02-24,39.87
19315,6862,47,277,2024-12-03,60.24
19316,6759,28,164,2024-02-18,15.16
19317,8852,47,281,2024-01-15,25.51
19318,5636,9,51,2024-12-14,26.79
19319,83,16,91,2024-08-11,13.72
19320,4232,30,175,2024-05-03,31.30
19321,227,11,66,2024-02-05,23.31
19322,9152,43,255,2024-10-14,17.39
19323,206,44,264,2024-06-14,36.24
19324,2887,30,178,2024-12-30,16.27
19325,4503,29,173,2024-12-02,12.27
19326,156,10,58,2024-03-30,13.84
19327,6799,2,7,2024-11-14,16.31
19328,8720,46,275,2024-08-18,18.96
19329,8811,34,203,2024-07-14,28.71
19330,2124,1,2,2024-06-12,14.31
19331,1036,10,56,2024-07-29,11.49
19332,8130,11,61,2024-07-11,11.38
19333,4523,18,105,2024-08-20,47.05
19334,5706,2,12,2024-02-26,39.36
19335,4687,49,292,2024-08-08,38.60
19336,1864,44,261,2024-03-20,28.46
19337,3684,29,170,2024-11-26,24.50
19338,540,44,260,2024-04-23,33.81
19339,6249,25,150,2024-10-05,23.42
19340,4246,8,48,2024-10-24,15.69
19341,8597,45,265,2024-04-09,27.57
19342,5039,13,74,2024-06-03,22.97
19343,4218,32,189,2024-12-01,32.34
19344,3858,41,242,2024-04-14,51.86
19345,6330,13,77,2024-02-15,20.02
19346,9315,4,22,2024-11-26,8.38
19347,8650,18,106,2024-09-28,42.28
19348,3124,40,236,2024-01-13,35.96
19349,7372,42,247,2024-03-30,13.44
19350,4286,30,180,2024-09-05,41.25
19351,9559,26,152,2024-05-18,62.75
19352,6270,1,5,2024-03-27,21.03
19353,9170,12,69,2024-12-11,14.54
19354,1093,38,226,2024-07-18,22.22
19355,2116,50,300,2024-06-17,64.34
19356,7763,34,200,2024-01-23,25.97
19357,1092,13,75,2024-06-12,38.20
19358,8244,27,159,2024-05-08,12.53
19359,5986,15,85,2024-04-16,39.64
19360,3923,16,92,2024-08-26,11.98
19361,5155,26,151,2024-07-06,30.47
19362,615,3,18,2024-12-21,34.82
19363,4706,38,227,2024-04-09,17.03
19364,6395,46,275,2024-09-14,41.48
19365,3782,12,71,2024-07-18,59.49
19366,996,18,105,2024-07-15,9.02
19367,8876,45,267,2024-10-14,17.69
19368,1085,14,82,2024-12-21,22.19
19369,5043,24,139,2024-07-22,15.93
19370,8635,5,30,2024-03-09,29.38
19371,2611,42,250,2024-02-02,10.36
19372,5901,19,114,2024-05-29,26.48
19373,7312,48,288,2024-07-30,9.28
19374,1293,49,291,2024-11-09,25.29
19375,5204,12,68,2024-09-08,24.46
19376,6688,45,269,2024-03-10,20.48
19377,4906,43,255,2024-10-25,40.94
19378,6348,42,251,2024-03-26,31.48
19379,2050,1,1,2024-07-11,11.52
19380,9292,25,147,2024-03-30,66.94
19381,3045,5,29,2024-09-09,22.08
19382,5687,10,60,2024-10-03,11.57
19383,6676,12,69,2024-05-13,35.29
19384,5287,7,41,2024-05-04,36.95
19385,2704,44,259,2024-01-11,15.26
19386,2839,7,39,2024-08-21,36.02
19387,4457,30,176,2024-07-18,9.01
19388,1553,2,11,2024-06-18,12.47
19389,2663,47,277,2024-09-09,24.88
19390,3842,15,86,2024-09-20,24.16
19391,3618,40,236,2024-09-18,13.56
19392,2602,5,26,2024-11-27,29.76
19393,7221,39,233,2024-12-05,22.45
19394,4578,39,234,2024-12-26,16.54
19395,8021,2,10,2024-07-01,26.91
19396,3407,50,298,2024-09-08,26.07
19397,622,35,206,2024-02-02,24.28
19398,7154,5,28,2024-03-28,15.74
19399,5967,22,132,2024-01-11,16.68
19400,4312,9,52,2024-06-18,14.20
19401,4808,17,100,2024-08-23,14.66
19402,1943,21,122,2024-08-03,45.11
19403,1424,11,63,2024-12-01,15.97
19404,4472,24,142,2024-11-17,26.95
19405,7745,22,131,2024-07-28,12.61
19406,404,21,125,2024-12-15,25.58
19407,7804,47,279,2024-07-01,25.56
19408,7441,4,23,2024-03-06,24.32
19409,2950,39,234,2024-12-28,11.34
19410,1302,27,162,2024-03-20,21.37
19411,6917,50,300,2024-02-13,19.67
19412,3884,21,126,2024-07-20,33.69
19413,4526,9,51,2024-06-27,24.46
19414,2711,46,275,2024-11-11,18.40
19415,3237,34,200,2024-12-26,42.85
19416,3258,39,233,2024-03-09,30.84
19417,1376,38,224,2024-03-09,13.54
19418,4627,20,118,2024-09-28,26.70
19419,6268,13,78,2024-10-30,55.00
19420,6052,23,133,2024-09-29,18.29
19421,1174,11,62,2024-02-25,76.40
19422,7465,4,22,2024-12-22,34.88
19423,4596,24,144,2024-03-13,24.85
19424,1559,35,208,2024-04-15,15.95
19425,8627,5,30,2024-10-23,17.89
19426,8835,34,200,2024-09-13,23.96
19427,468,38,224,2024-01-15,18.98
19428,5031,49,291,2024-06-12,22.06
19429,4618,17,99,2024-09-16,14.84
19430,7280,48,287,2024-03-27,28.99
19431,328,48,286,2024-08-12,22.78
19432,7958,10,56,2024-04-06,12.81
19433,9866,1,2,2024-03-16,23.96
19434,3617,16,95,2024-08-21,30.06
19435,5066,23,134,2024-12-08,23.02
19436,2894,36,213,2024-07-30,17.42
19437,2411,4,24,2024-08-17,71.93
19438,2899,4,20,2024-01-28,27.00
19439,7624,48,288,2024-06-19,30.52
19440,7034,39,234,2024-01-10,26.15
19441,1087,41,246,2024-02-12,50.36
19442,7943,22,127,2024-03-02,26.96
19443,553,35,208,2024-12-04,42.19
19444,2786,18,103,2024-09-18,68.52
19445,1795,16,94,2024-11-28,22.84
19446,8632,22,130,2024-08-03,19.40
19447,4267,1,6,2024-08-26,23.14
19448,5686,15,86,2024-01-08,12.99
19449,6441,25,150,2024-09-17,24.91
19450,7771,4,24,2024-06-25,18.39
19451,9475,4,24,2024-08-20,32.29
19452,4898,14,81,2024-02-07,25.28
19453,7464,18,103,2024-07-08,13.50
19454,2715,15,89,2024-01-08,8.11
19455,4319,50,299,2024-06-27,29.40
19456,9287,31,185,2024-01-19,23.38
19457,154,32,190,2024-05-02,22.37
19458,549,33,196,2024-08-08,24.50
19459,268,36,215,2024-05-24,17.00
19460,3055,8,47,2024-12-22,34.29
19461,814,17,99,2024-08-16,17.97
19462,632,50,297,2024-02-22,51.42
19463,5598,34,199,2024-05-17,22.03
19464,7267,2,8,2024-08-08,52.91
19465,7771,42,248,2024-02-19,22.13
19466,4043,11,65,2024-10-19,19.64
19467,817,42,248,2024-02-13,64.26
19468,7476,7,41,2024-04-24,41.41
19469,8042,8,46,2024-12-04,12.48
19470,1027,20,117,2024-01-25,41.72
19471,8367,13,78,2024-11-03,23.92
19472,5842,5,29,2024-06-21,12.27
19473,3616,22,129,2024-11-17,48.74
19474,8503,25,150,2024-03-30,23.91
19475,7909,26,155,2024-07-13,18.82
19476,3500,42,250,2024-01-11,14.65
19477,596,50,299,2024-07-23,30.68
19478,2717,38,228,2024-02-22,25.80
19479,3872,12,67,2024-10-01,27.85
19480,1138,7,41,2024-09-29,26.09
19481,827,15,90,2024-07-12,37.02
19482,9271,23,134,2024-11-28,18.17
19483,6338,50,296,2024-02-14,20.86
19484,8548,32,189,2024-04-30,41.34
19485,7056,15,88,2024-04-19,25.06
19486,8001,44,262,2024-05-28,19.42
19487,7528,20,119,2024-04-13,19.04
19488,1680,48,288,2024-09-05,31.52
19489,4383,21,126,2024-10-04,17.18
19490,5078,37,218,2024-05-29,15.84
19491,8116,1,1,2024-03-26,20.61
19492,1760,6,34,2024-01-02,13.37
19493,8308,6,35,2024-12-11,23.36
19494,9660,50,296,2024-03-10,17.53
19495,1272,22,132,2024-05-24,8.89
19496,9383,6,36,2024-05-13,54.57
19497,5481,10,59,2024-03-21,57.88
19498,7699,37,219,2024-10-11,34.74
19499,4455,15,90,2024-04-07,28.84
19500,8042,28,168,2024-11-26,45.20
19501,2186,31,185,2024-05-03,15.25
19502,8036,20,120,2024-12-15,9.63
19503,9985,27,158,2024-07-29,25.06
19504,7771,50,296,2024-04-11,42.32
19505,3109,23,134,2024-08-31,9.49
19506,2024,24,144,2024-12-22,21.76
19507,3507,45,267,2024-02-02,63.91
19508,1923,23,136,2024-02-11,15.26
19509,407,4,22,2024-01-29,15.02
19510,7016,11,61,2024-01-12,9.14
19511,9827,4,21,2024-08-03,20.65
19512,7296,33,195,2024-05-27,30.48
19513,121,27,158,2024-06-08,18.58
19514,2946,23,133,2024-02-27,7.35
19515,2718,1,4,2024-11-09,21.65
19516,8459,30,175,2024-03-08,14.12
19517,8088,39,234,2024-11-24,13.97
19518,9671,20,117,2024-06-01,9.70
19519,2008,6,36,2024-05-06,15.24
19520,7445,32,187,2024-07-08,18.33
19521,1580,10,60,2024-04-29,27.39
19522,9743,30,177,2024-05-10,65.04
19523,4292,20,119,2024-07-03,11.61
19524,6055,3,14,2024-04-09,14.30
19525,7049,11,61,2024-12-28,34.66
19526,9283,43,254,2024-03-08,15.09
19527,613,37,218,2024-09-28,21.78
19528,9811,1,2,2024-01-24,10.95
19529,661,45,270,2024-09-05,19.54
19530,5921,3,18,2024-04-06,46.20
19531,2024,12,71,2024-11-09,34.16
19532,5081,27,160,2024-08-20,51.09
19533,4090,33,198,2024-07-20,39.65
19534,7851,45,268,2024-09-26,27.92
19535,8456,10,58,2024-12-06,33.11
19536,5658,26,152,2024-08-01,45.34
19537,7234,13,75,2024-04-11,11.55
19538,5031,36,214,2024-02-25,12.79
19539,5495,16,91,2024-11-23,9.24
19540,783,8,48,2024-07-03,59.75
19541,9924,44,259,2024-03-05,28.32
19542,7990,10,58,2024-09-07,34.52
19543,1865,30,176,2024-01-31,44.30
19544,581,13,78,2024-04-25,17.63
19545,7530,42,250,2024-02-15,23.39
19546,1040,4,20,2024-11-20,32.44
19547,7023,33,194,2024-06-30,10.06
19548,2734,41,241,2024-02-21,21.17
19549,9459,29,172,2024-02-01,7.16
19550,3318,48,283,2024-09-26,19.27
19551,9078,48,288,2024-09-09,8.63
19552,5964,49,293,2024-04-01,33.53
19553,7278,10,55,2024-04-29,19.13
19554,1196,20,118,2024-01-19,10.61
19555,6298,42,247,2024-11-16,9.15
19556,4316,10,59,2024-10-24,18.06
19557,2804,2,9,2024-05-31,27.98
19558,6130,16,93,2024-12-29,15.79
19559,2560,35,208,2024-07-07,20.08
19560,6913,43,256,2024-12-14,11.77
19561,9605,4,20,2024-10-04,18.20
19562,1769,17,101,2024-04-19,26.55
19563,1801,31,181,2024-04-21,21.95
19564,6446,28,164,2024-01-03,11.94
19565,487,32,190,2024-01-29,37.06
19566,1671,42,251,2024-09-05,62.38
19567,5962,18,105,2024-02-07,29.69
19568,6672,19,110,2024-02-24,30.56
19569,6723,1,3,2024-11-21,16.75
19570,3986,49,291,2024-06-20,34.79
19571,9045,30,175,2024-07-22,26.34
19572,1645,44,263,2024-02-19,13.49
19573,2191,31,185,2024-07-19,28.97
19574,9222,22,127,2024-03-05,21.23
19575,546,13,78,2024-08-07,30.72
19576,996,15,86,2024-04-04,9.12
19577,3321,23,135,2024-03-30,44.40
19578,9379,12,72,2024-09-26,13.34
19579,7959,38,226,2024-12-05,16.06
19580,5544,23,138,2024-01-19,48.04
19581,7486,9,50,2024-01-03,47.75
19582,5007,43,255,2024-10-09,22.25
19583,9940,49,292,2024-08-28,16.15
19584,2558,27,159,2024-11-24,29.02
19585,8133,34,202,2024-10-08,11.41
19586,721,32,189,2024-04-26,10.60
19587,3722,9,52,2024-02-05,34.65
19588,2318,23,137,2024-09-18,63.36
19589,7212,38,223,2024-11-08,21.63
19590,3897,17,97,2024-12-27,34.87
19591,4449,49,292,2024-05-31,11.04
19592,1366,26,156,2024-07-23,31.86
19593,7682,15,88,2024-08-16,17.18
19594,5768,27,159,2024-04-18,23.88
19595,5511,44,264,2024-01-01,15.38
19596,9083,1,6,2024-04-13,25.89
19597,6999,28,164,2024-05-07,53.38
19598,2592,6,33,2024-03-03,20.10
19599,2325,23,136,2024-04-03,24.52
19600,4620,39,230,2024-11-25,12.90
19601,3315,15,87,2024-01-31,22.19
19602,2110,22,127,2024-10-24,61.22
19603,5215,45,265,2024-07-29,21.90
19604,8107,8,44,2024-05-07,14.77
19605,2340,40,238,2024-02-26,33.82
19606,237,33,195,2024-09-21,70.62
19607,6455,17,98,2024-08-15,27.21
19608,755,42,252,2024-08-07,26.07
19609,5489,42,249,2024-06-09,22.28
19610,1470,42,251,2024-05-02,25.90
19611,3788,21,124,2024-12-05,87.67
19612,8794,23,136,2024-11-07,30.99
19613,7151,10,60,2024-09-19,12.45
19614,421,10,59,2024-12-13,36.12
19615,2301,19,112,2024-03-26,36.48
19616,2483,7,40,2024-03-20,39.15
19617,1297,12,70,2024-03-16,17.99
19618,7219,24,140,2024-04-23,33.32
19619,770,41,244,2024-10-15,18.06
19620,3206,7,42,2024-10-07,27.65
19621,384,5,25,2024-05-03,13.88
19622,2849,8,44,2024-06-17,20.57
19623,5778,35,210,2024-01-20,16.07
19624,7054,8,46,2024-07-04,33.24
19625,6663,35,206,2024-06-10,21.41
19626,8363,25,148,2024-05-13,13.01
19627,4879,14,82,2024-06-24,28.04
19628,8457,5,26,2024-12-22,26.66
19629,3479,7,41,2024-11-04,19.02
19630,1501,31,181,2024-11-09,15.34
19631,9250,15,88,2024-02-26,25.85
19632,8616,12,70,2024-03-29,34.22
19633,852,43,258,2024-09-19,39.12
19634,9298,21,125,2024-07-26,48.40
19635,5641,38,223,2024-02-07,28.32
19636,3402,45,269,2024-02-05,52.01
19637,4525,28,167,2024-02-27,29.33
19638,5322,15,86,2024-12-02,115.76
19639,8335,16,95,2024-05-22,21.58
19640,2940,20,115,2024-05-21,12.56
19641,2089,16,92,2024-09-20,37.73
19642,7393,8,44,2024-03-07,10.18
19643,5601,39,232,2024-08-31,64.76
19644,9808,47,281,2024-01-27,34.38
19645,4726,29,172,2024-04-24,17.98
19646,5977,12,67,2024-09-18,27.91
19647,5278,6,32,2024-03-09,17.50
19648,7784,25,147,2024-03-06,20.62
19649,1810,11,65,2024-07-08,16.92
19650,1194,33,195,2024-10-25,33.46
19651,4283,9,49,2024-11-22,11.56
19652,811,17,97,2024-12-06,20.33
19653,198,39,229,2024-02-10,17.04
19654,5312,22,127,2024-11-21,34.88
19655,3328,12,72,2024-06-10,24.26
19656,5847,7,41,2024-08-07,33.71
19657,9398,44,264,2024-11-24,22.37
19658,1803,34,200,2024-02-03,10.88
19659,7081,47,277,2024-11-04,46.03
19660,4108,30,179,2024-03-30,18.15
19661,7659,48,284,2024-11-24,8.48
19662,8295,15,87,2024-10-24,13.93
19663,2334,16,91,2024-10-31,29.46
19664,2857,30,179,2024-06-06,14.69
19665,1826,17,100,2024-10-06,11.68
19666,7703,27,160,2024-08-06,18.63
19667,7668,49,292,2024-11-05,27.94
19668,873,33,195,2024-06-28,14.54
19669,1358,46,276,2024-01-16,16.50
19670,5321,2,11,2024-04-24,29.74
19671,9590,38,227,2024-04-12,19.75
19672,9344,34,199,2024-05-10,71.95
19673,8379,40,239,2024-10-04,9.25
19674,4502,40,239,2024-05-02,8.36
19675,5508,30,175,2024-10-01,19.85
19676,6139,2,9,2024-11-02,11.09
19677,5511,8,47,2024-03-27,18.21
19678,5741,35,209,2024-12-06,41.60
19679,8955,22,128,2024-07-17,50.92
19680,7506,16,95,2024-12-01,9.51
19681,3982,18,104,2024-03-20,23.73
19682,2170,45,265,2024-07-01,13.83
19683,1699,7,39,2024-02-11,32.14
19684,5324,21,124,2024-08-21,24.28
19685,7816,15,89,2024-05-24,34.39
19686,6300,7,42,2024-05-22,16.77
19687,6256,49,292,2024-12-26,30.38
19688,1284,26,154,2024-01-09,13.25
19689,6389,11,64,2024-07-25,33.98
19690,3862,16,93,2024-07-05,20.42
19691,4179,5,26,2024-10-24,13.32
19692,8381,50,299,2024-07-26,32.98
19693,9581,15,90,2024-05-28,62.00
19694,4518,44,259,2024-12-22,17.92
19695,7617,35,207,2024-05-13,17.76
19696,1759,18,103,2024-04-11,29.78
19697,997,33,197,2024-06-18,16.94
19698,2162,41,246,2024-03-14,23.22
19699,8710,27,162,2024-02-08,81.33
19700,9390,38,225,2024-11-19,11.10
19701,7426,32,191,2024-01-23,32.68
19702,387,16,92,2024-11-27,44.02
19703,9194,20,118,2024-05-30,16.21
19704,9524,40,239,2024-04-10,47.40
19705,8696,8,47,2024-09-27,56.18
19706,1766,46,275,2024-12-03,19.42
19707,2340,38,223,2024-12-07,61.73
19708,4381,45,266,2024-05-10,31.97
19709,7791,26,152,2024-08-07,53.55
19710,4001,48,286,2024-11-14,50.84
19711,5726,42,247,2024-12-29,40.54
19712,4346,28,167,2024-01-21,59.76
19713,2853,4,24,2024-08-08,20.01
19714,1505,26,152,2024-04-09,25.90
19715,9421,19,111,2024-01-12,17.79
19716,852,3,13,2024-11-27,27.60
19717,8423,23,135,2024-04-02,19.30
19718,2868,11,61,2024-04-23,18.48
19719,8799,16,92,2024-07-28,14.26
19720,9464,40,239,2024-10-15,25.16
19721,1522,32,190,2024-01-10,16.18
19722,6460,31,182,2024-07-23,11.43
19723,302,38,225,2024-03-26,10.78
19724,7709,27,158,2024-07-20,63.07
19725,5744,31,181,2024-07-08,26.49
19726,9728,27,158,2024-10-19,20.92
19727,8005,8,48,2024-10-04,65.18
19728,755,27,159,2024-04-08,33.22
19729,5489,21,125,2024-07-18,9.78
19730,1890,17,97,2024-04-18,23.38
19731,6549,5,26,2024-05-01,24.24
19732,1498,44,262,2024-09-12,15.73
19733,6390,14,81,2024-09-04,42.46
19734,7868,42,251,2024-10-05,15.73
19735,4754,18,106,2024-02-18,16.61
19736,4747,6,31,2024-09-01,14.88
19737,5722,9,54,2024-12-31,18.87
19738,9521,19,109,2024-07-04,8.69
19739,6542,10,58,2024-09-01,60.49
19740,4902,34,201,2024-09-28,20.43
19741,1970,34,201,2024-08-01,26.21
19742,7717,3,17,2024-08-04,26.69
19743,573,7,42,2024-11-17,18.75
19744,5169,24,141,2024-01-14,15.22
19745,9,48,288,2024-02-18,17.24
19746,8187,7,41,2024-09-21,28.46
19747,7684,17,100,2024-04-23,25.46
19748,6763,2,11,2024-10-27,51.69
19749,7976,21,125,2024-06-10,17.74
19750,3568,28,167,2024-03-11,17.89
19751,4151,29,174,2024-12-04,20.66
19752,8931,20,115,2024-10-04,31.34
19753,6893,12,68,2024-12-14,19.36
19754,1262,32,192,2024-04-24,21.49
19755,3222,44,262,2024-04-10,14.96
19756,8915,43,258,2024-12-01,22.82
19757,2326,19,113,2024-01-29,16.53
19758,5916,33,193,2024-04-25,29.20
19759,5368,43,256,2024-07-13,10.51
19760,3951,31,181,2024-12-18,20.60
19761,2192,39,234,2024-03-18,26.98
19762,5025,27,162,2024-05-17,21.57
19763,8633,10,58,2024-11-02,10.33
19764,4604,41,242,2024-12-10,28.03
19765,6229,49,293,2024-01-26,86.19
19766,9423,19,110,2024-08-19,22.19
19767,5893,20,119,2024-08-03,6.65
19768,2943,28,163,2024-05-19,18.72
19769,6652,21,122,2024-10-22,25.95
19770,3222,14,81,2024-08-07,30.64
19771,6217,40,235,2024-04-21,34.92
19772,8834,2,11,2024-08-01,21.31
19773,2872,38,225,2024-03-13,38.92
19774,2845,39,234,2024-08-31,24.76
19775,1514,15,90,2024-09-05,25.74
19776,9126,50,298,2024-05-22,11.15
19777,1573,11,65,2024-05-14,14.03
19778,5972,6,35,2024-04-01,31.30
19779,4542,44,261,2024-12-31,27.80
19780,907,11,61,2024-02-15,27.02
19781,9964,1,1,2024-07-09,21.82
19782,4332,50,299,2024-01-04,15.94
19783,7149,20,118,2024-06-23,18.18
19784,5320,19,110,2024-11-17,24.47
19785,92,42,248,2024-05-19,27.07
19786,7461,47,277,2024-11-15,27.55
19787,4648,31,182,2024-05-20,20.59
19788,2603,10,58,2024-01-22,11.18
19789,2647,24,140,2024-11-22,20.31
19790,1388,48,286,2024-10-21,32.14
19791,2864,20,118,2024-08-03,87.54
19792,4549,41,244,2024-10-10,24.83
19793,7336,31,183,2024-04-02,17.20
19794,9613,27,161,2024-03-27,26.46
19795,6638,14,79,2024-03-20,14.98
19796,763,6,36,2024-10-26,42.70
19797,6799,17,102,2024-08-16,10.67
19798,1938,10,57,2024-09-09,34.44
19799,3310,28,165,2024-03-10,28.40
19800,5265,9,54,2024-03-23,57.41
19801,7154,20,117,2024-01-12,20.09
19802,8154,37,219,2024-12-24,31.91
19803,7631,49,290,2024-07-03,16.97
19804,6755,1,4,2024-11-11,21.64
19805,4587,36,214,2024-09-02,11.28
19806,3104,36,215,2024-05-16,12.31
19807,8359,30,180,2024-09-30,22.83
19808,5188,40,237,2024-11-15,57.73
19809,115,49,293,2024-03-19,20.91
19810,6858,1,2,2024-10-23,24.32
19811,3661,46,271,2024-01-18,37.85
19812,6892,4,24,2024-10-21,37.01
19813,3447,36,213,2024-02-15,80.05
19814,1228,36,215,2024-01-31,15.12
19815,9672,35,207,2024-10-11,7.66
19816,1780,10,59,2024-04-30,12.69
19817,4551,24,144,2024-04-20,53.26
19818,9735,17,97,2024-01-08,32.68
19819,5442,48,283,2024-05-17,25.56
19820,6035,41,241,2024-09-04,13.77
19821,8279,5,29,2024-06-04,28.44
19822,792,50,296,2024-01-23,22.59
19823,6291,24,141,2024-08-25,17.79
19824,2149,1,1,2024-07-17,41.64
19825,6676,20,118,2024-02-06,10.24
19826,6665,14,83,2024-02-08,25.89
19827,348,19,110,2024-11-20,36.34
19828,7863,10,59,2024-05-13,12.87
19829,6130,20,117,2024-01-22,21.28
19830,118,12,69,2024-09-11,29.48
19831,3518,29,173,2024-05-17,14.61
19832,8875,29,172,2024-11-01,41.03
19833,2839,48,287,2024-08-21,7.72
19834,4970,25,150,2024-08-20,83.36
19835,9218,43,256,2024-04-28,10.79
19836,2664,3,15,2024-07-10,30.43
19837,2719,45,267,2024-01-25,24.18
19838,8414,14,80,2024-07-21,31.09
19839,4284,24,144,2024-10-17,79.34
19840,5990,16,93,2024-05-03,17.59
19841,6945,12,71,2024-11-07,42.39
19842,2411,12,70,2024-01-20,27.38
19843,7389,32,187,2024-04-15,27.08
19844,7382,5,28,2024-05-09,18.28
19845,1897,14,80,2024-06-20,39.84
19846,445,29,169,2024-12-30,28.21
19847,8596,34,204,2024-12-08,13.40
19848,1538,29,173,2024-09-09,57.37
19849,5205,38,223,2024-05-16,26.94
19850,1238,8,45,2024-09-22,19.96
19851,9726,47,277,2024-01-19,48.44
19852,2871,3,13,2024-09-11,75.95
19853,146,12,68,2024-01-06,14.62
19854,8530,21,126,2024-09-02,33.18
19855,3641,32,187,2024-10-02,67.76
19856,6448,48,283,2024-01-19,19.57
19857,2514,43,255,2024-05-07,28.61
19858,2979,11,65,2024-10-18,22.38
19859,4559,43,256,2024-08-13,31.21
19860,9317,17,102,2024-04-26,30.25
19861,4657,24,144,2024-05-17,24.14
19862,7476,24,141,2024-04-03,17.24
19863,2231,41,244,2024-11-12,47.81
19864,9918,10,58,2024-01-14,81.60
19865,4557,47,277,2024-05-26,11.36
19866,7830,6,32,2024-04-01,11.32
19867,1313,49,294,2024-06-06,33.74
19868,9859,8,48,2024-08-26,16.57
19869,2370,8,43,2024-05-02,100.26
19870,6404,10,55,2024-09-10,30.96
19871,4733,44,260,2024-10-13,18.48
19872,7801,7,39,2024-01-12,18.75
19873,3056,36,211,2024-04-04,10.69
19874,9618,43,258,2024-02-03,52.90
19875,1689,24,141,2024-01-30,40.44
19876,8489,50,298,2024-01-06,15.22
19877,9195,37,219,2024-12-26,21.65
19878,2341,28,163,2024-04-27,14.61
19879,2447,45,269,2024-06-30,53.75
19880,5343,27,159,2024-01-07,60.79
19881,4223,23,136,2024-08-17,22.81
19882,9771,29,174,2024-08-28,15.42
19883,6005,5,27,2024-04-24,14.43
19884,3364,17,101,2024-07-19,6.58
19885,627,27,161,2024-12-03,47.58
19886,5387,25,147,2024-03-15,12.48
19887,4012,44,261,2024-06-27,31.30
19888,4111,2,8,2024-06-10,20.81
19889,6208,26,154,2024-05-10,51.21
19890,7012,4,21,2024-03-14,28.38
19891,2814,20,118,2024-06-08,23.62
19892,4364,23,133,2024-10-18,22.62
19893,6216,13,74,2024-12-19,28.59
19894,9096,50,298,2024-12-25,27.19
19895,1847,16,96,2024-12-14,23.01
19896,2497,24,139,2024-08-09,38.23
19897,1325,14,84,2024-06-14,18.56
19898,6769,42,251,2024-07-20,29.20
19899,269,23,133,2024-05-15,19.06
19900,5466,21,125,2024-10-25,25.15
19901,6918,45,268,2024-03-15,31.95
19902,585,10,56,2024-05-10,18.13
19903,6962,18,108,2024-01-23,10.81
19904,5376,18,108,2024-08-20,42.02
19905,4032,16,91,2024-01-12,17.91
19906,2545,15,90,2024-07-07,17.17
19907,4450,4,23,2024-07-10,22.59
19908,3539,47,277,2024-03-11,18.22
19909,2976,31,183,2024-02-19,61.00
19910,2241,27,162,2024-04-02,20.63
19911,4294,15,85,2024-01-09,27.67
19912,4,7,42,2024-06-26,27.77
19913,8005,12,70,2024-05-08,20.78
19914,1070,35,205,2024-02-14,25.47
19915,3141,31,184,2024-07-13,19.27
19916,5693,37,217,2024-03-22,15.63
19917,7496,2,12,2024-03-04,28.10
19918,3857,29,169,2024-01-26,38.61
19919,4905,16,92,2024-01-23,32.42
19920,7952,9,52,2024-02-28,22.19
19921,7132,50,300,2024-05-16,30.10
19922,1345,32,189,2024-12-03,13.70
19923,1342,44,259,2024-05-24,89.45
19924,301,12,70,2024-05-07,25.80
19925,3872,16,96,2024-12-18,18.38
19926,1791,29,169,2024-01-24,72.84
19927,7428,42,251,2024-09-13,59.72
19928,1423,11,65,2024-03-20,17.01
19929,7659,28,165,2024-11-12,59.41
19930,202,24,139,2024-12-18,32.44
19931,2326,10,55,2024-02-24,17.72
19932,1296,13,75,2024-10-01,31.83
19933,5589,31,184,2024-05-04,56.21
19934,2718,19,109,2024-12-27,57.31
19935,1407,50,295,2024-04-07,43.84
19936,3020,32,190,2024-10-03,20.55
19937,1469,45,270,2024-02-07,13.24
19938,2030,46,272,2024-10-23,9.49
19939,1570,10,57,2024-11-11,46.20
19940,5625,42,249,2024-05-17,15.53
19941,7648,23,135,2024-06-12,47.20
19942,1439,4,21,2024-12-31,18.93
19943,8920,37,222,2024-06-07,10.52
19944,6735,35,207,2024-07-27,16.41
19945,2618,15,85,2024-05-14,10.45
19946,555,31,185,2024-09-19,16.04
19947,1868,34,204,2024-01-20,15.43
19948,4301,5,29,2024-12-12,20.90
19949,2958,25,145,2024-05-10,8.21
19950,9664,28,163,2024-04-30,29.50
19951,3991,44,264,2024-06-23,9.30
19952,4684,11,65,2024-06-17,29.93
19953,9361,14,80,2024-01-22,53.96
19954,8411,19,111,2024-08-29,26.07
19955,5751,9,52,2024-04-11,23.24
19956,3987,34,203,2024-11-18,25.79
19957,6819,48,286,2024-01-21,20.47
19958,5202,36,213,2024-03-28,22.80
19959,7119,19,113,2024-03-05,47.80
19960,2744,23,134,2024-08-27,23.72
19961,6471,12,72,2024-01-17,20.84
19962,5310,15,89,2024-06-26,25.54
19963,3765,1,1,2024-09-30,22.58
19964,8736,4,23,2024-12-01,11.14
19965,6082,15,87,2024-12-01,45.14
19966,4017,24,140,2024-05-18,15.15
19967,1730,36,214,2024-10-15,28.07
19968,2941,4,23,2024-02-11,47.66
19969,7122,18,107,2024-11-13,26.49
19970,4234,38,224,2024-03-10,23.86
19971,7070,46,275,2024-12-26,18.24
19972,7902,24,140,2024-11-02,13.59
19973,2372,45,270,2024-04-06,10.99
19974,2454,46,274,2024-09-21,34.32
19975,772,9,49,2024-07-11,20.41
19976,6877,9,49,2024-10-17,9.56
19977,5312,17,99,2024-05-29,17.77
19978,7056,41,243,2024-07-24,39.16
19979,99,5,27,2024-09-03,17.04
19980,6922,16,92,2024-05-08,82.42
19981,7844,41,244,2024-10-12,18.78
19982,2840,7,40,2024-03-14,46.24
19983,1595,29,170,2024-06-07,55.41
19984,7517,45,270,2024-07-11,27.00
19985,5576,32,189,2024-03-24,67.09
19986,5895,23,138,2024-05-03,20.35
19987,1247,20,118,2024-11-18,19.93
19988,8192,16,93,2024-01-05,36.57
19989,9794,1,4,2024-01-06,57.82
19990,9868,23,135,2024-04-22,23.62
19991,3908,17,98,2024-12-14,54.60
19992,2443,35,207,2024-01-27,33.52
19993,1241,23,135,2024-04-17,46.58
19994,193,9,51,2024-01-20,20.64
19995,5932,33,197,2024-10-01,30.49
19996,4210,1,4,2024-05-20,12.72
19997,4312,46,275,2024-05-25,14.97
19998,1011,47,282,2024-06-27,18.96
19999,8781,22,132,2024-11-24,8.88
20000,9285,46,273,2024-12-03,70.46
20001,2395,22,61,2026-06-30,18.25
20002,293,36,213,2026-07-16,104.88
20003,4686,8,7,2026-07-02,73.86
20004,1307,2,123,2026-07-23,39.45
20005,377,19,228,2026-07-19,7.07
