delivery_id,supplier_id,store_id,product_id,quantity,delivery_date
1,35,23,35,125,2023-04-24
2,6,49,166,161,2024-06-07
3,14,4,414,194,2023-02-15
4,29,48,389,90,2023-06-08
5,33,47,233,31,2024-10-07
6,40,33,280,76,2024-09-09
7,27,37,147,115,2024-02-14
8,16,16,16,55,2023-04-09
9,17,47,217,116,2023-12-01
10,36,23,396,88,2024-11-02
11,5,40,205,178,2023-02-23
12,19,27,339,196,2024-07-11
13,26,40,466,72,2024-10-27
14,35,5,395,164,2023-09-19
15,37,39,277,156,2023-11-23
16,30,32,70,76,2023-12-01
17,11,38,131,131,2024-09-18
18,11,45,251,199,2024-05-26
19,31,25,391,88,2024-12-07
20,1,2,281,158,2023-06-02
21,6,13,6,41,2023-11-07
22,33,4,33,197,2024-12-20
23,32,45,192,189,2023-03-01
24,24,21,224,38,2024-05-01
25,19,49,99,129,2023-11-01
26,8,31,368,60,2023-09-25
27,26,22,226,46,2023-04-16
28,7,27,367,146,2024-04-12
29,14,6,334,192,2024-09-10
30,37,42,37,79,2023-09-07
31,9,22,209,154,2024-07-31
32,7,1,447,191,2023-07-02
33,31,24,191,46,2024-09-20
34,36,47,436,49,2023-06-28
35,24,17,304,172,2024-03-14
36,2,17,42,112,2024-12-25
37,27,44,347,152,2023-05-18
38,34,43,234,51,2024-08-02
39,38,37,238,53,2024-11-07
40,33,40,193,26,2023-09-19
41,22,8,262,107,2024-09-06
42,10,21,290,128,2024-10-26
43,26,34,266,157,2023-09-01
44,5,15,5,28,2023-11-26
45,40,32,40,135,2023-09-23
46,16,36,416,27,2024-02-28
47,11,45,371,152,2023-09-22
48,14,8,454,132,2023-08-13
49,35,2,435,142,2024-08-29
50,12,10,492,86,2024-02-15
51,8,18,88,169,2023-08-17
52,30,11,390,76,2024-09-11
53,34,20,474,111,2023-08-08
54,24,8,24,129,2023-02-11
55,40,8,360,42,2023-04-01
56,20,28,260,71,2024-06-06
57,33,18,353,90,2023-07-15
58,1,29,241,184,2023-10-29
59,1,47,161,23,2023-11-06
60,25,43,345,71,2023-05-09
61,12,46,332,104,2023-08-22
62,20,3,60,44,2023-12-14
63,10,40,50,126,2024-10-07
64,1,4,121,199,2023-08-23
65,23,34,183,90,2023-03-26
66,20,50,500,53,2024-11-25
67,13,36,173,46,2023-08-14
68,33,7,33,37,2024-04-26
69,4,46,44,82,2023-09-03
70,11,32,171,139,2023-11-18
71,24,46,184,70,2023-11-16
72,5,4,285,65,2024-05-11
73,30,29,150,42,2023-03-07
74,3,30,363,83,2024-03-05
75,9,46,329,54,2023-01-17
76,8,41,368,28,2024-05-28
77,6,48,6,92,2024-12-30
78,33,11,473,117,2023-05-07
79,18,12,298,64,2023-12-06
80,28,1,108,115,2023-12-07
81,9,3,249,89,2023-08-23
82,35,41,315,121,2023-11-05
83,23,13,23,176,2024-04-28
84,27,2,307,143,2023-06-19
85,18,20,458,146,2024-03-29
86,14,31,54,162,2023-02-20
87,20,25,100,126,2023-05-02
88,9,4,409,179,2023-07-04
89,35,47,75,25,2024-07-03
90,17,11,17,38,2023-11-13
91,11,34,171,34,2023-08-07
92,31,47,351,173,2024-06-10
93,7,32,327,28,2024-05-11
94,7,18,47,200,2024-07-06
95,17,12,497,146,2024-02-07
96,23,31,23,181,2024-03-20
97,1,34,241,153,2023-12-27
98,28,17,188,82,2024-07-11
99,27,15,387,78,2023-09-29
100,2,19,42,197,2024-09-03
101,8,37,208,78,2023-01-15
102,24,33,384,194,2024-06-29
103,8,47,8,193,2024-11-09
104,31,24,271,68,2023-01-10
105,30,1,110,104,2024-01-20
106,17,20,377,67,2023-05-02
107,21,45,181,116,2024-08-29
108,34,32,354,135,2023-06-26
109,30,13,270,150,2023-08-21
110,35,19,435,73,2023-08-13
111,32,35,112,174,2023-06-11
112,4,2,284,188,2024-07-27
113,15,18,135,45,2023-10-21
114,39,37,359,53,2023-11-17
115,9,14,169,111,2024-06-04
116,24,5,184,94,2024-02-19
117,35,18,275,61,2024-12-26
118,6,25,406,124,2024-12-11
119,15,29,495,76,2024-09-15
120,18,41,178,76,2023-10-21
121,35,45,395,102,2024-04-06
122,1,2,281,160,2024-09-21
123,36,39,356,135,2023-11-05
124,13,38,413,192,2023-10-27
125,30,42,110,122,2023-12-12
126,5,27,45,38,2023-12-08
127,4,29,164,47,2024-06-26
128,40,27,80,142,2023-02-04
129,16,25,56,190,2024-03-19
130,3,24,363,36,2024-11-20
131,10,24,130,146,2024-04-20
132,10,35,50,178,2024-07-02
133,2,17,162,88,2024-11-29
134,32,2,392,177,2023-12-03
135,1,49,281,140,2023-08-01
136,13,45,213,130,2023-07-30
137,21,27,221,111,2023-06-05
138,8,14,408,99,2023-01-23
139,14,50,54,53,2023-05-25
140,36,27,156,182,2024-02-17
141,23,8,23,173,2023-02-17
142,38,40,478,170,2024-11-25
143,20,34,180,64,2023-12-07
144,3,29,163,56,2023-09-01
145,19,24,419,141,2024-05-25
146,15,15,415,123,2023-02-07
147,8,35,48,161,2023-05-14
148,18,36,378,200,2024-11-10
149,31,4,271,65,2023-07-26
150,38,19,318,101,2023-05-24
151,15,28,95,26,2024-11-21
152,16,34,56,182,2023-05-09
153,9,9,289,42,2023-10-02
154,12,40,172,42,2023-02-18
155,24,34,384,134,2024-08-25
156,21,9,141,78,2023-07-26
157,7,2,247,21,2024-08-04
158,18,15,298,72,2024-11-19
159,33,9,433,38,2024-08-12
160,19,22,219,165,2024-01-06
161,28,48,148,32,2024-08-18
162,31,20,71,123,2024-10-31
163,8,25,288,125,2024-09-01
164,13,30,93,150,2023-03-07
165,36,35,196,31,2023-11-05
166,9,6,289,120,2024-12-05
167,13,11,333,40,2024-11-10
168,36,8,236,57,2023-02-21
169,18,14,458,97,2024-09-17
170,26,6,346,37,2023-11-16
171,13,36,133,29,2023-04-01
172,34,44,114,66,2023-02-02
173,18,5,338,50,2023-03-03
174,4,1,484,34,2024-05-03
175,20,48,500,112,2024-08-01
176,37,28,117,130,2023-09-21
177,28,22,68,87,2023-08-07
178,19,39,419,67,2023-12-14
179,13,36,333,66,2024-10-02
180,26,45,226,131,2023-06-03
181,2,35,362,159,2023-02-17
182,6,13,326,160,2024-02-25
183,21,27,341,82,2023-06-24
184,20,6,460,71,2024-04-09
185,38,37,158,133,2024-11-14
186,24,49,304,133,2024-01-13
187,10,40,450,53,2023-11-15
188,33,14,433,99,2024-02-12
189,34,14,34,37,2024-01-23
190,11,14,371,75,2023-08-28
191,24,42,424,122,2024-04-21
192,6,47,86,40,2024-08-19
193,38,48,278,121,2024-12-23
194,7,36,287,26,2024-11-13
195,25,10,345,92,2023-08-19
196,37,25,197,139,2024-12-21
197,33,23,153,157,2023-10-20
198,16,29,16,200,2023-12-17
199,25,10,345,183,2024-12-01
200,9,34,409,47,2024-06-18
201,26,19,266,24,2024-09-05
202,3,43,483,144,2024-01-06
203,39,34,119,60,2023-04-09
204,35,17,195,142,2023-04-08
205,23,3,23,45,2023-01-21
206,32,41,312,79,2024-10-24
207,20,35,140,119,2023-07-25
208,3,14,243,175,2024-03-19
209,35,24,155,28,2023-05-27
210,33,26,273,164,2023-04-01
211,30,45,30,69,2023-09-20
212,27,43,307,187,2023-04-15
213,9,35,409,56,2023-04-04
214,36,29,116,194,2023-12-08
215,40,13,440,93,2023-03-19
216,29,35,349,78,2024-06-01
217,8,38,88,28,2023-10-24
218,14,17,294,72,2023-01-31
219,4,47,244,159,2024-10-12
220,37,34,37,71,2024-04-06
221,25,5,185,139,2023-01-11
222,27,12,307,39,2024-08-08
223,19,35,459,136,2024-09-28
224,3,20,43,31,2024-02-02
225,3,26,443,121,2023-08-05
226,35,42,475,66,2024-06-21
227,7,26,407,123,2024-04-24
228,22,22,342,136,2024-07-31
229,5,22,125,33,2023-12-14
230,15,11,335,21,2023-06-12
231,7,23,367,160,2024-07-04
232,5,7,85,162,2024-07-29
233,31,47,391,65,2023-04-14
234,26,35,146,98,2023-08-30
235,11,30,131,159,2024-03-08
236,13,28,413,132,2024-03-31
237,6,6,326,109,2024-09-12
238,28,37,348,60,2024-07-07
239,22,47,422,26,2023-10-06
240,39,32,239,174,2024-06-17
241,5,12,285,55,2023-09-04
242,26,12,26,115,2023-07-06
243,25,24,105,176,2023-01-31
244,31,41,231,37,2023-05-09
245,22,31,342,76,2023-02-16
246,16,15,96,151,2024-01-26
247,27,31,307,106,2023-09-06
248,12,8,52,38,2024-12-02
249,27,37,347,180,2023-08-13
250,24,21,344,136,2023-05-28
251,31,39,431,75,2024-01-07
252,30,29,110,43,2024-04-21
253,39,9,279,72,2023-08-26
254,17,32,217,143,2023-12-16
255,5,34,485,81,2024-04-25
256,22,28,382,95,2024-03-31
257,1,48,481,102,2023-03-11
258,25,28,265,42,2024-03-22
259,6,34,366,64,2023-07-15
260,17,10,177,54,2023-01-05
261,21,21,221,55,2024-01-25
262,4,9,164,127,2023-03-19
263,22,19,102,25,2023-10-05
264,9,42,449,64,2024-11-01
265,7,27,367,198,2024-08-14
266,28,49,228,122,2023-05-16
267,26,17,266,139,2024-05-31
268,9,1,129,93,2023-04-09
269,31,11,111,52,2024-05-28
270,32,36,472,154,2023-05-27
271,38,4,478,84,2024-12-23
272,40,27,80,119,2024-11-29
273,15,12,495,139,2023-11-19
274,35,13,395,176,2023-01-01
275,38,9,358,170,2023-07-08
276,1,32,241,136,2023-03-15
277,30,9,70,130,2023-10-28
278,6,46,126,37,2024-02-20
279,29,45,149,88,2024-11-27
280,7,26,247,24,2023-09-19
281,24,32,384,87,2024-02-27
282,38,33,278,106,2024-10-03
283,26,45,306,92,2024-01-30
284,13,41,333,188,2023-08-02
285,12,13,452,107,2024-08-02
286,36,48,436,22,2024-10-02
287,40,38,40,24,2024-02-08
288,18,41,418,39,2023-08-21
289,29,12,389,200,2024-06-10
290,29,3,429,50,2023-09-10
291,34,10,474,107,2024-06-14
292,9,2,489,112,2023-07-23
293,31,50,191,179,2024-05-14
294,39,39,39,34,2024-03-23
295,15,45,295,169,2024-08-12
296,15,23,215,41,2024-07-01
297,10,34,90,30,2024-03-23
298,34,17,154,162,2024-08-03
299,40,15,80,123,2023-05-12
300,33,32,353,40,2024-03-20
301,4,4,4,128,2023-01-18
302,32,47,32,114,2023-12-06
303,5,28,365,103,2024-11-23
304,35,39,275,105,2024-01-14
305,7,2,407,88,2023-10-13
306,26,10,426,171,2023-01-21
307,38,42,158,185,2023-03-26
308,4,4,244,92,2023-05-26
309,30,31,390,38,2024-08-07
310,9,39,129,138,2024-06-02
311,28,12,148,62,2023-05-05
312,35,25,475,135,2023-05-03
313,28,31,468,33,2024-07-01
314,31,49,151,106,2024-03-22
315,15,3,455,24,2024-08-12
316,34,14,354,130,2023-02-14
317,29,29,149,109,2024-05-18
318,7,16,127,95,2023-08-02
319,22,14,142,181,2023-11-17
320,19,48,339,128,2023-05-25
321,29,8,229,148,2024-03-08
322,3,44,243,99,2023-10-16
323,17,45,457,113,2024-01-13
324,7,41,167,92,2023-09-28
325,17,13,97,56,2023-12-14
326,9,8,49,72,2023-11-20
327,35,8,395,157,2023-03-02
328,35,43,75,35,2023-03-04
329,19,35,419,80,2023-06-25
330,4,20,284,200,2023-04-09
331,36,38,436,124,2023-10-21
332,30,14,310,200,2023-12-27
333,3,16,443,147,2024-07-09
334,13,46,333,93,2024-06-20
335,39,34,39,109,2024-02-11
336,40,35,440,70,2024-11-23
337,14,12,374,57,2024-11-17
338,22,23,182,120,2024-03-28
339,20,7,420,152,2023-02-05
340,31,10,151,121,2023-07-15
341,27,46,267,94,2023-08-14
342,11,22,171,187,2024-07-20
343,3,20,43,122,2023-11-15
344,5,29,45,21,2024-10-23
345,35,14,35,20,2023-07-12
346,21,42,341,48,2023-10-31
347,24,31,344,105,2023-05-06
348,39,28,479,50,2023-12-31
349,23,35,183,77,2023-03-26
350,18,7,498,34,2023-04-15
351,26,42,266,52,2024-09-20
352,36,22,436,136,2023-05-26
353,18,10,138,140,2024-01-24
354,5,12,125,108,2024-07-21
355,5,45,5,42,2023-01-29
356,11,31,171,144,2024-05-24
357,16,46,136,173,2023-05-28
358,21,4,461,64,2024-11-07
359,23,44,103,34,2024-08-23
360,30,24,70,85,2023-03-03
361,28,19,28,96,2023-04-21
362,15,35,95,21,2024-01-28
363,7,7,287,147,2024-05-31
364,25,34,425,127,2023-06-02
365,34,16,274,194,2024-04-17
366,9,50,369,93,2023-07-30
367,31,8,471,32,2024-10-27
368,18,42,378,90,2023-03-04
369,40,45,80,129,2024-09-14
370,29,47,189,39,2024-02-06
371,23,13,303,184,2023-08-16
372,36,47,156,115,2024-02-09
373,11,25,371,120,2023-09-01
374,10,9,490,171,2023-12-03
375,19,10,19,40,2024-07-11
376,32,42,472,62,2023-02-05
377,16,22,176,31,2023-02-24
378,21,2,221,133,2024-11-17
379,40,19,120,179,2024-08-31
380,40,23,240,95,2023-03-22
381,39,31,239,171,2024-01-31
382,12,24,52,73,2024-10-12
383,31,50,271,53,2024-10-03
384,23,2,63,47,2024-12-19
385,6,36,86,100,2024-07-29
386,10,35,10,53,2024-08-06
387,7,12,167,140,2024-05-19
388,33,50,433,125,2023-06-05
389,24,45,464,39,2023-10-26
390,26,2,226,81,2024-04-22
391,21,22,261,37,2023-11-05
392,35,2,435,99,2024-11-29
393,4,49,484,48,2024-08-01
394,37,5,197,85,2023-11-28
395,7,36,87,73,2023-02-23
396,6,28,86,170,2024-05-26
397,4,21,84,181,2024-03-18
398,39,2,279,194,2024-03-04
399,10,12,90,106,2024-02-06
400,34,27,274,32,2024-05-20
401,39,49,199,112,2023-07-28
402,12,12,52,57,2023-07-17
403,13,42,133,38,2024-09-19
404,31,7,231,44,2024-02-21
405,12,20,92,40,2023-04-17
406,33,28,353,59,2023-05-22
407,19,30,179,199,2023-05-09
408,27,18,467,129,2024-05-02
409,37,48,77,180,2024-05-04
410,1,3,81,195,2024-05-31
411,19,44,339,56,2023-08-18
412,37,34,77,53,2023-03-27
413,25,6,185,95,2024-05-26
414,8,11,488,116,2024-12-29
415,15,42,415,91,2023-08-29
416,20,13,460,96,2024-04-20
417,14,49,254,137,2024-05-04
418,29,22,469,55,2024-04-18
419,26,45,466,51,2023-11-11
420,40,47,80,87,2023-03-20
421,26,22,346,89,2023-02-19
422,25,38,105,76,2023-05-04
423,15,11,55,48,2023-07-04
424,7,3,367,183,2023-06-30
425,13,43,253,160,2024-04-19
426,31,27,391,153,2023-05-07
427,1,31,121,87,2023-02-14
428,39,40,479,70,2023-09-28
429,31,6,191,118,2024-05-03
430,6,37,126,58,2023-07-25
431,11,42,171,80,2024-11-24
432,1,9,401,184,2024-12-07
433,10,39,450,178,2023-06-17
434,8,20,288,147,2024-06-11
435,40,23,160,124,2024-09-18
436,11,29,331,127,2024-10-10
437,17,19,257,103,2023-03-18
438,6,39,46,143,2023-10-22
439,26,40,66,39,2024-10-20
440,36,15,436,99,2023-06-14
441,6,25,166,175,2024-06-12
442,16,2,256,139,2023-09-08
443,37,37,437,129,2023-08-22
444,13,39,493,117,2023-01-12
445,37,13,397,48,2024-02-26
446,19,39,379,175,2023-07-11
447,40,48,40,195,2023-02-03
448,23,50,263,120,2023-04-25
449,24,13,104,48,2024-12-03
450,28,36,428,120,2023-06-24
451,1,31,121,29,2024-07-13
452,27,48,267,68,2023-10-05
453,7,33,167,174,2024-08-26
454,4,22,484,55,2024-07-07
455,15,25,375,39,2023-11-05
456,21,36,421,160,2023-03-10
457,33,33,233,87,2024-12-13
458,9,33,9,147,2024-05-20
459,4,24,484,132,2024-05-09
460,20,4,380,181,2024-08-01
461,10,19,250,136,2024-05-08
462,1,24,201,193,2023-03-13
463,40,45,120,82,2023-12-25
464,11,20,91,158,2023-01-22
465,32,32,472,195,2023-09-22
466,3,3,323,59,2023-09-07
467,14,1,134,108,2023-06-24
468,31,2,351,47,2024-02-06
469,20,30,180,39,2024-05-27
470,7,14,447,38,2024-03-08
471,7,36,487,197,2024-08-13
472,24,33,304,181,2024-04-24
473,10,30,130,149,2023-09-15
474,34,22,154,93,2023-11-22
475,20,6,220,157,2023-10-04
476,23,21,183,40,2024-05-25
477,6,4,246,176,2024-11-11
478,30,15,230,121,2023-12-19
479,29,28,269,192,2024-08-31
480,27,12,67,79,2023-12-28
481,5,43,45,47,2024-01-12
482,6,32,166,154,2023-08-06
483,7,27,7,127,2023-08-17
484,10,48,10,63,2024-06-01
485,25,22,185,81,2023-09-06
486,25,5,345,130,2023-08-18
487,36,32,276,119,2024-04-19
488,4,23,4,139,2023-11-01
489,10,3,290,190,2023-06-27
490,23,32,303,85,2023-07-26
491,9,3,9,145,2023-09-21
492,27,9,67,48,2024-10-09
493,28,22,108,125,2023-10-21
494,21,9,221,32,2024-08-28
495,5,31,165,126,2024-10-03
496,34,24,314,132,2023-03-04
497,23,10,303,158,2024-11-25
498,14,35,294,83,2024-03-05
499,10,5,370,129,2024-06-26
500,30,40,350,195,2023-03-15
501,32,28,392,188,2024-06-03
502,14,47,374,89,2024-04-06
503,12,30,372,34,2024-08-06
504,18,22,58,79,2023-07-07
505,25,31,305,93,2023-11-11
506,27,12,227,43,2023-09-10
507,33,8,393,42,2024-01-22
508,3,20,283,51,2024-11-09
509,20,39,60,72,2023-02-09
510,25,13,105,33,2024-02-19
511,26,26,26,138,2023-03-30
512,28,46,108,156,2023-10-17
513,18,35,418,28,2023-06-11
514,6,38,86,95,2024-05-26
515,23,38,143,170,2023-11-04
516,12,41,252,41,2023-03-31
517,21,6,181,74,2024-05-31
518,7,22,287,86,2024-05-23
519,16,3,376,138,2023-04-06
520,24,6,384,61,2024-09-29
521,15,20,335,23,2024-08-11
522,10,14,10,179,2023-12-21
523,8,2,168,66,2023-01-31
524,26,19,66,152,2023-10-12
525,17,11,377,94,2023-01-30
526,14,15,414,89,2024-05-04
527,18,27,298,102,2023-04-10
528,6,22,206,185,2024-12-18
529,32,26,232,137,2024-07-17
530,11,13,451,38,2024-10-07
531,37,35,237,190,2024-08-26
532,39,25,279,189,2024-06-05
533,32,5,352,59,2023-09-02
534,8,41,248,180,2024-10-05
535,21,39,381,54,2024-08-30
536,23,36,383,80,2024-12-10
537,10,40,90,133,2023-11-06
538,22,29,342,188,2024-06-01
539,38,7,438,137,2023-04-17
540,13,45,413,142,2023-04-06
541,16,3,96,75,2023-11-16
542,10,38,490,107,2024-12-04
543,9,43,49,182,2024-07-10
544,17,24,297,109,2023-12-22
545,34,50,74,164,2023-05-05
546,36,43,156,26,2024-01-08
547,29,15,349,93,2023-02-03
548,23,14,343,119,2023-03-12
549,2,14,82,105,2024-06-21
550,10,49,90,72,2023-08-31
551,34,33,434,193,2023-06-03
552,13,39,493,44,2023-06-20
553,32,46,312,168,2024-11-29
554,38,20,438,166,2024-04-18
555,19,48,259,110,2024-08-28
556,19,14,179,164,2023-08-02
557,5,11,485,163,2024-12-24
558,9,30,9,193,2023-08-19
559,3,33,363,104,2024-06-09
560,4,14,324,20,2023-09-06
561,30,39,430,47,2023-05-17
562,29,44,349,154,2024-05-15
563,2,43,2,71,2023-03-25
564,7,26,487,117,2023-06-29
565,3,37,243,198,2023-04-07
566,37,16,477,59,2024-11-04
567,20,47,420,51,2023-06-06
568,7,32,327,162,2023-05-04
569,21,33,221,28,2023-03-19
570,23,8,263,129,2023-04-27
571,5,11,125,47,2024-07-22
572,39,31,279,44,2023-01-10
573,5,25,125,43,2023-12-26
574,6,28,246,95,2023-07-23
575,29,27,29,134,2024-05-10
576,17,49,497,117,2024-08-19
577,10,17,330,70,2023-09-03
578,5,48,205,190,2024-03-20
579,6,21,46,68,2023-11-29
580,5,48,85,137,2023-03-10
581,37,28,477,175,2024-03-01
582,11,13,51,29,2024-11-04
583,11,2,331,72,2024-12-30
584,25,33,345,78,2023-04-23
585,15,28,15,82,2024-02-13
586,35,6,315,130,2024-04-04
587,14,49,14,140,2024-03-26
588,26,21,346,127,2024-12-11
589,19,12,379,81,2023-04-11
590,31,25,431,146,2024-02-02
591,3,12,483,67,2023-03-19
592,38,49,38,178,2023-06-19
593,9,36,209,113,2024-02-28
594,4,35,284,34,2024-01-12
595,11,34,51,51,2024-11-07
596,26,23,346,156,2023-04-28
597,10,4,490,77,2023-07-31
598,5,18,205,28,2023-01-05
599,18,28,98,101,2023-03-09
600,5,25,445,108,2023-12-25
601,1,42,241,122,2024-10-04
602,17,36,97,122,2024-10-31
603,9,16,169,93,2023-10-11
604,1,20,361,199,2023-10-11
605,5,29,445,48,2023-11-25
606,26,26,106,22,2024-02-23
607,16,6,256,107,2023-12-04
608,33,8,273,130,2024-06-05
609,40,7,80,27,2024-12-27
610,26,47,306,166,2023-11-07
611,29,6,109,138,2024-11-25
612,13,10,413,71,2023-06-12
613,31,44,151,44,2023-11-11
614,32,50,352,119,2024-11-08
615,14,4,374,62,2023-07-18
616,33,14,473,103,2024-05-22
617,3,47,443,38,2024-04-20
618,20,19,340,52,2024-12-18
619,18,38,458,60,2024-03-16
620,37,44,277,197,2023-11-16
621,40,45,200,47,2024-09-06
622,20,25,100,162,2024-05-05
623,38,2,398,122,2024-07-30
624,19,8,459,150,2023-07-30
625,26,17,426,116,2024-02-18
626,12,25,132,58,2023-03-16
627,31,19,231,128,2023-06-15
628,32,10,312,166,2024-02-19
629,8,38,488,113,2023-03-10
630,35,47,75,86,2024-02-28
631,11,48,411,57,2024-01-24
632,27,6,387,128,2023-04-23
633,8,41,128,151,2023-10-02
634,5,16,5,71,2024-11-10
635,40,17,440,198,2024-03-19
636,20,18,100,167,2024-01-14
637,2,38,362,141,2024-01-25
638,4,22,484,107,2024-10-29
639,36,40,396,102,2023-01-23
640,38,39,198,199,2023-12-15
641,26,41,426,82,2024-07-10
642,40,32,40,161,2024-11-12
643,18,47,18,44,2023-11-14
644,19,29,339,63,2024-05-08
645,10,32,410,151,2023-07-25
646,19,8,419,167,2024-12-01
647,37,24,397,162,2023-07-30
648,31,25,71,78,2023-06-27
649,8,35,248,140,2024-05-05
650,5,37,365,182,2023-08-06
651,30,18,110,110,2024-11-05
652,28,42,68,124,2023-02-24
653,34,50,114,194,2024-05-12
654,22,29,302,87,2024-01-05
655,22,25,302,48,2024-07-12
656,24,49,464,162,2023-06-04
657,36,8,156,67,2023-02-02
658,40,5,200,180,2024-10-04
659,21,19,141,45,2023-05-13
660,35,17,315,171,2024-06-01
661,7,48,167,120,2024-05-30
662,39,31,479,131,2024-08-03
663,37,9,77,100,2024-01-15
664,10,19,490,174,2023-09-07
665,15,27,295,47,2023-07-16
666,35,9,275,97,2023-10-20
667,38,41,398,197,2023-04-16
668,13,34,133,61,2024-05-19
669,32,21,192,195,2024-03-10
670,5,22,45,122,2024-04-10
671,39,49,199,102,2024-09-28
672,27,48,187,84,2023-03-16
673,14,19,294,74,2024-12-23
674,39,19,439,109,2023-01-25
675,16,18,416,165,2024-10-20
676,32,24,32,36,2024-09-10
677,29,2,349,50,2023-08-27
678,3,16,83,195,2024-12-19
679,32,26,432,63,2023-08-01
680,27,18,27,32,2023-08-10
681,29,49,229,54,2023-10-02
682,15,28,495,106,2023-01-02
683,2,3,482,79,2024-09-20
684,33,29,153,101,2024-12-31
685,33,28,353,95,2023-03-31
686,38,27,398,166,2024-12-07
687,8,10,88,145,2024-11-05
688,15,28,295,124,2023-04-14
689,31,47,71,118,2024-11-28
690,20,38,420,176,2024-09-22
691,26,31,426,122,2023-11-03
692,19,31,19,154,2024-09-24
693,31,47,31,97,2023-10-07
694,37,17,197,179,2023-12-26
695,26,32,106,113,2023-10-31
696,35,2,35,189,2023-10-04
697,18,12,418,81,2024-05-21
698,18,3,498,35,2023-01-09
699,28,8,468,163,2023-03-04
700,26,41,226,93,2024-07-09
701,3,2,123,89,2024-05-03
702,10,2,130,118,2023-05-14
703,28,26,348,185,2024-05-27
704,27,46,147,55,2024-09-10
705,35,11,155,35,2023-03-29
706,33,2,273,82,2024-05-30
707,32,30,432,193,2023-03-30
708,33,11,73,137,2024-07-12
709,13,24,13,107,2024-04-15
710,11,5,211,117,2023-02-08
711,22,13,342,122,2024-12-19
712,38,24,318,198,2023-12-10
713,29,31,429,47,2024-07-05
714,1,25,201,44,2023-11-05
715,35,25,195,92,2023-10-25
716,30,45,310,184,2024-05-14
717,32,49,32,38,2023-05-24
718,36,13,476,53,2024-02-25
719,1,42,1,26,2023-07-08
720,38,24,78,22,2023-08-14
721,40,21,480,164,2024-01-13
722,37,38,397,36,2024-09-13
723,22,15,302,169,2023-12-20
724,24,36,64,131,2023-11-23
725,3,8,283,198,2023-06-17
726,9,32,169,170,2023-01-31
727,4,9,364,192,2023-09-15
728,28,31,28,200,2024-11-02
729,1,49,321,113,2023-11-26
730,24,45,384,77,2023-06-27
731,17,9,97,139,2024-02-16
732,35,24,395,108,2023-08-06
733,14,21,374,182,2024-03-23
734,24,50,144,104,2023-12-10
735,9,17,129,155,2023-01-01
736,21,40,421,193,2023-08-02
737,8,46,408,66,2023-03-23
738,1,48,281,115,2024-12-25
739,1,40,81,53,2023-04-18
740,2,13,82,114,2024-03-12
741,21,50,261,53,2023-04-02
742,30,7,430,38,2024-03-04
743,7,29,287,173,2023-04-30
744,10,11,490,161,2023-01-08
745,1,21,241,79,2023-06-25
746,33,8,273,114,2024-01-04
747,5,9,205,96,2023-11-12
748,30,8,150,82,2023-03-07
749,14,10,94,49,2023-08-18
750,25,24,345,171,2024-07-13
751,8,21,488,149,2023-08-15
752,16,3,256,121,2023-08-01
753,24,38,184,104,2023-06-04
754,8,4,408,189,2024-12-12
755,13,39,493,176,2024-02-05
756,7,23,247,165,2023-11-03
757,18,36,418,139,2023-10-27
758,23,14,303,40,2024-11-14
759,34,16,234,182,2023-09-01
760,1,44,361,131,2023-01-01
761,22,13,262,126,2024-12-04
762,3,28,323,44,2024-06-18
763,1,30,1,125,2024-01-11
764,2,10,162,169,2023-01-02
765,25,44,345,109,2024-12-19
766,21,39,381,50,2023-09-09
767,35,27,155,112,2023-04-21
768,14,10,134,138,2023-01-03
769,9,22,9,64,2023-01-22
770,40,18,160,133,2023-01-11
771,10,47,250,185,2023-07-20
772,30,45,350,113,2023-10-05
773,23,36,223,105,2023-06-09
774,29,48,189,165,2023-05-18
775,21,19,421,153,2023-08-27
776,40,33,320,185,2023-06-22
777,11,5,491,54,2023-11-23
778,3,33,163,88,2023-06-16
779,34,24,34,188,2024-09-01
780,23,16,223,145,2023-04-11
781,16,34,416,25,2023-07-29
782,19,46,59,170,2023-12-13
783,4,16,84,163,2023-07-29
784,6,39,6,29,2024-06-14
785,24,31,224,63,2023-08-27
786,18,45,178,60,2024-10-10
787,36,9,476,95,2024-01-25
788,31,11,351,61,2024-03-11
789,3,32,283,23,2024-09-29
790,39,2,279,112,2023-06-30
791,20,14,100,153,2023-09-08
792,1,7,81,160,2023-03-29
793,22,21,62,77,2023-05-28
794,19,37,219,121,2024-03-01
795,5,23,325,178,2023-01-16
796,27,26,347,108,2023-03-08
797,14,23,454,107,2023-01-23
798,33,2,273,43,2023-07-24
799,20,18,60,88,2024-08-20
800,33,10,473,130,2024-05-09
801,15,18,255,109,2024-06-07
802,33,28,353,139,2024-01-13
803,10,16,90,24,2024-09-03
804,10,16,10,95,2024-07-30
805,12,20,132,199,2023-06-19
806,12,1,252,158,2024-12-30
807,29,16,389,169,2024-05-31
808,6,43,246,112,2024-12-18
809,6,43,446,157,2023-09-18
810,20,27,140,182,2024-07-28
811,20,4,20,178,2023-07-12
812,24,10,384,41,2023-06-09
813,11,14,91,47,2023-02-14
814,29,44,149,24,2023-09-21
815,24,41,144,43,2023-10-27
816,14,12,334,121,2023-12-31
817,30,11,230,193,2024-12-10
818,9,24,489,142,2023-01-05
819,8,6,288,197,2024-02-11
820,9,8,409,52,2023-12-17
821,34,19,114,147,2024-02-27
822,19,24,19,44,2024-08-06
823,23,12,183,29,2023-12-22
824,28,41,348,154,2024-06-16
825,16,14,296,22,2023-08-16
826,30,17,70,64,2023-03-06
827,22,37,462,170,2024-11-26
828,26,11,386,58,2024-02-16
829,2,17,282,170,2024-01-01
830,11,33,51,198,2024-10-02
831,2,5,42,101,2024-09-09
832,36,9,36,102,2023-01-20
833,18,42,218,96,2024-06-04
834,30,16,30,173,2023-06-24
835,26,33,266,22,2024-02-10
836,21,23,261,179,2023-09-19
837,25,23,465,107,2024-07-19
838,32,39,352,112,2023-09-29
839,29,4,69,183,2023-07-21
840,8,35,488,194,2024-06-30
841,22,44,302,181,2023-03-09
842,36,49,156,186,2024-10-02
843,26,6,186,171,2023-05-12
844,13,43,493,122,2023-08-04
845,24,28,424,121,2023-11-04
846,31,44,231,150,2024-11-11
847,3,45,3,160,2024-09-19
848,17,12,57,131,2024-03-19
849,7,22,407,182,2023-09-18
850,24,19,384,157,2023-03-24
851,19,35,499,43,2023-07-02
852,38,15,238,57,2024-01-10
853,26,24,466,36,2023-08-16
854,1,50,481,59,2024-06-09
855,20,29,260,108,2023-08-20
856,4,48,444,25,2023-06-05
857,23,15,303,75,2024-09-25
858,14,35,254,175,2024-09-02
859,17,16,377,20,2024-06-04
860,22,7,342,182,2023-05-18
861,21,29,301,100,2023-09-23
862,7,48,407,138,2024-08-14
863,2,44,442,106,2023-01-25
864,26,19,66,53,2023-12-18
865,37,10,357,26,2023-04-24
866,40,22,280,83,2024-02-03
867,7,27,447,29,2023-12-31
868,7,22,167,179,2023-09-01
869,24,15,304,130,2023-12-11
870,7,36,7,78,2023-12-27
871,11,50,171,149,2024-09-24
872,17,34,377,37,2023-01-25
873,11,10,51,174,2023-05-04
874,19,42,19,119,2023-12-03
875,4,16,404,64,2024-08-23
876,31,45,31,50,2023-01-05
877,36,18,436,81,2024-03-15
878,23,35,303,168,2024-01-18
879,19,4,379,26,2024-06-20
880,10,49,290,131,2024-03-25
881,6,49,46,123,2023-01-11
882,7,21,207,183,2024-04-29
883,23,31,103,29,2024-10-03
884,1,4,361,58,2023-12-28
885,15,33,55,34,2023-09-01
886,23,5,383,104,2023-07-20
887,39,32,399,65,2023-10-15
888,10,50,10,154,2024-01-08
889,8,23,408,172,2023-06-19
890,40,25,80,146,2024-09-04
891,1,33,41,51,2023-06-13
892,14,2,134,126,2023-10-14
893,23,21,383,174,2024-07-14
894,18,45,58,122,2024-10-22
895,28,18,148,139,2023-08-01
896,24,50,24,144,2023-06-03
897,40,30,200,35,2023-02-25
898,26,42,146,176,2023-03-18
899,18,31,98,36,2024-08-19
900,38,20,318,175,2023-10-13
901,16,38,336,74,2024-04-11
902,7,43,247,58,2023-11-10
903,12,48,452,76,2024-01-04
904,2,48,362,74,2024-11-26
905,31,26,191,69,2023-10-07
906,32,42,392,153,2023-05-04
907,1,32,161,29,2024-09-02
908,2,23,402,188,2024-01-14
909,8,42,128,77,2024-05-26
910,11,14,251,132,2023-10-01
911,24,50,184,129,2023-04-29
912,39,39,439,126,2023-11-20
913,40,27,280,166,2023-02-04
914,34,34,154,142,2024-07-14
915,6,7,446,99,2024-07-22
916,6,20,6,102,2024-10-22
917,17,17,137,98,2024-08-02
918,11,1,171,76,2024-09-20
919,33,39,33,63,2024-06-25
920,36,24,396,132,2024-03-17
921,40,14,280,61,2023-09-05
922,8,47,368,181,2024-04-27
923,28,47,188,53,2023-08-06
924,17,41,497,89,2024-08-12
925,18,8,98,49,2023-01-04
926,27,7,67,157,2023-11-16
927,7,12,247,74,2023-10-16
928,10,17,50,119,2023-04-21
929,8,16,248,141,2023-09-24
930,2,6,442,90,2023-01-04
931,17,27,177,133,2024-11-26
932,5,34,5,28,2024-06-16
933,34,28,154,111,2023-07-13
934,28,13,268,100,2024-08-08
935,37,10,237,170,2024-10-31
936,10,37,250,54,2023-10-24
937,21,21,261,190,2024-11-18
938,16,2,216,83,2023-01-09
939,26,33,426,190,2023-09-24
940,20,44,220,47,2023-12-22
941,17,34,497,65,2024-01-09
942,32,44,32,143,2024-05-31
943,26,42,426,51,2024-10-13
944,21,6,341,25,2023-11-10
945,26,7,266,48,2024-05-26
946,31,33,151,188,2023-11-13
947,27,49,467,100,2024-03-30
948,37,45,397,166,2024-02-29
949,13,49,53,76,2024-08-27
950,14,29,14,112,2024-12-13
951,7,44,7,68,2023-08-08
952,15,39,215,164,2024-04-17
953,39,17,399,79,2023-10-04
954,15,18,215,156,2023-03-25
955,20,29,180,143,2024-10-04
956,37,14,237,98,2024-02-06
957,13,7,93,31,2023-04-18
958,1,37,121,67,2024-10-28
959,35,42,435,106,2023-07-15
960,13,44,13,132,2024-03-02
961,17,12,497,101,2024-03-01
962,11,32,11,155,2023-09-14
963,33,5,273,182,2023-08-25
964,33,50,353,29,2023-10-17
965,39,49,399,112,2024-06-15
966,40,13,320,156,2023-10-29
967,8,37,368,128,2024-11-19
968,7,38,447,122,2024-07-26
969,12,1,412,154,2024-03-16
970,6,33,86,113,2024-12-04
971,21,9,61,132,2023-12-29
972,9,23,409,67,2024-08-04
973,19,47,299,134,2023-06-22
974,14,1,94,76,2024-02-13
975,24,18,224,166,2023-11-10
976,12,32,452,37,2024-11-04
977,36,42,116,181,2024-08-13
978,2,30,42,151,2024-07-09
979,31,48,271,154,2024-02-01
980,9,23,329,25,2023-12-16
981,34,47,34,117,2024-02-07
982,30,15,390,197,2024-12-12
983,3,49,163,140,2023-09-02
984,35,6,155,118,2023-05-11
985,32,23,72,74,2024-12-10
986,17,9,297,101,2024-07-16
987,23,9,303,139,2024-07-02
988,21,35,21,174,2024-07-29
989,4,39,124,146,2024-06-01
990,26,25,66,168,2023-02-23
991,19,23,59,21,2023-09-19
992,19,42,259,64,2024-05-02
993,35,41,315,179,2023-02-25
994,39,6,399,137,2024-10-01
995,28,33,108,62,2024-01-02
996,23,34,343,129,2024-07-18
997,29,19,269,125,2023-12-12
998,20,21,380,66,2023-02-01
999,12,26,52,142,2023-09-03
1000,25,20,225,151,2024-10-01
1001,27,11,307,120,2024-08-21
1002,7,48,167,163,2024-08-05
1003,1,30,41,70,2024-06-11
1004,32,35,32,100,2024-08-06
1005,13,42,453,130,2023-08-02
1006,24,1,104,110,2023-06-02
1007,15,7,55,27,2024-07-22
1008,4,29,324,184,2024-07-13
1009,13,8,413,129,2023-03-05
1010,19,3,459,167,2024-06-09
1011,3,8,203,157,2024-06-08
1012,9,41,9,66,2023-11-02
1013,15,13,335,45,2024-01-10
1014,35,38,115,142,2024-04-17
1015,8,43,448,34,2023-03-06
1016,20,1,20,70,2024-03-30
1017,6,16,486,141,2024-12-02
1018,3,5,443,151,2024-10-22
1019,38,46,318,40,2024-03-03
1020,37,47,317,179,2023-08-04
1021,30,29,110,50,2023-08-16
1022,13,39,333,58,2024-04-28
1023,8,48,408,50,2023-02-04
1024,6,45,286,166,2023-08-04
1025,39,5,159,105,2023-10-14
1026,17,10,497,57,2023-05-20
1027,40,33,320,85,2023-10-08
1028,20,19,340,181,2023-08-25
1029,30,35,230,109,2023-03-11
1030,28,4,468,127,2023-06-23
1031,5,3,285,169,2024-07-20
1032,1,44,161,141,2023-01-07
1033,25,29,465,128,2023-09-09
1034,25,22,465,159,2023-11-30
1035,35,39,315,172,2023-07-11
1036,27,34,467,50,2024-02-07
1037,15,29,455,127,2024-02-14
1038,16,4,496,184,2024-06-14
1039,16,44,456,69,2024-12-16
1040,14,9,54,180,2023-02-08
1041,17,17,57,188,2023-10-14
1042,33,47,433,174,2024-06-16
1043,15,17,135,84,2023-12-13
1044,26,27,146,116,2023-10-02
1045,14,10,414,124,2023-01-24
1046,5,2,165,72,2023-05-08
1047,11,28,11,163,2024-07-06
1048,12,47,492,84,2023-08-31
1049,6,35,6,58,2023-05-29
1050,30,38,150,30,2024-07-31
1051,14,31,414,93,2023-09-30
1052,9,34,369,85,2023-02-13
1053,16,35,416,144,2024-08-17
1054,27,37,227,169,2024-05-16
1055,13,10,133,37,2024-02-02
1056,37,1,77,179,2024-08-27
1057,23,15,383,194,2024-02-26
1058,3,27,123,196,2024-04-06
1059,12,9,172,41,2024-12-05
1060,23,34,343,118,2024-01-04
1061,20,7,20,62,2024-08-22
1062,7,33,47,131,2024-06-14
1063,28,20,348,179,2023-12-27
1064,15,31,415,196,2024-09-13
1065,8,46,88,97,2023-07-18
1066,28,33,268,165,2023-10-22
1067,31,21,31,83,2024-02-02
1068,39,42,439,168,2024-12-01
1069,11,35,131,21,2023-07-05
1070,25,43,105,57,2023-12-04
1071,24,5,104,65,2024-10-01
1072,19,20,219,99,2023-10-30
1073,6,2,446,102,2023-01-10
1074,19,26,219,56,2023-06-25
1075,15,48,295,144,2024-09-18
1076,21,25,381,116,2023-01-09
1077,32,14,312,163,2024-11-13
1078,19,8,339,54,2024-07-07
1079,36,33,236,83,2023-09-17
1080,5,20,165,124,2023-02-18
1081,5,35,285,39,2024-02-13
1082,12,48,452,106,2024-01-13
1083,8,24,168,37,2023-02-28
1084,36,13,476,49,2023-01-20
1085,37,47,357,53,2023-01-31
1086,39,25,199,31,2024-08-10
1087,9,5,9,177,2023-08-07
1088,19,17,259,48,2024-06-25
1089,28,9,468,38,2024-02-02
1090,32,15,392,115,2023-09-13
1091,2,11,442,198,2024-03-20
1092,6,29,446,128,2023-07-27
1093,22,18,102,27,2023-09-28
1094,39,9,279,135,2024-09-09
1095,37,27,197,194,2023-12-31
1096,27,29,67,163,2024-12-16
1097,24,36,104,192,2024-01-11
1098,18,43,178,193,2024-01-21
1099,37,15,357,126,2024-05-02
1100,35,41,235,97,2023-09-16
1101,38,34,118,70,2024-05-12
1102,13,42,493,126,2023-08-06
1103,31,23,31,107,2024-06-10
1104,14,44,374,141,2023-06-28
1105,26,24,466,60,2024-08-08
1106,27,28,27,110,2023-09-05
1107,40,1,400,175,2024-06-24
1108,14,32,454,85,2024-02-07
1109,32,48,472,156,2024-09-19
1110,3,22,243,68,2023-12-14
1111,20,23,220,114,2023-12-21
1112,21,29,261,148,2023-08-31
1113,23,49,183,30,2024-03-22
1114,22,17,222,133,2023-05-09
1115,20,11,340,56,2023-01-13
1116,25,8,185,114,2024-01-31
1117,28,28,348,134,2023-05-28
1118,7,32,47,83,2024-01-07
1119,40,10,320,102,2023-01-16
1120,23,9,423,73,2024-05-10
1121,25,38,225,100,2023-12-02
1122,13,48,13,87,2024-01-21
1123,25,44,425,80,2023-07-06
1124,11,27,251,161,2023-03-13
1125,12,12,332,131,2024-10-01
1126,17,31,97,103,2024-06-17
1127,12,15,492,120,2023-05-11
1128,4,31,324,108,2024-02-13
1129,36,36,316,161,2024-03-01
1130,6,24,166,41,2023-09-07
1131,19,19,259,178,2024-06-26
1132,5,8,365,62,2023-04-25
1133,4,43,84,175,2023-05-05
1134,17,33,257,175,2024-11-28
1135,6,35,46,61,2024-10-04
1136,27,49,347,136,2024-09-16
1137,30,34,470,179,2023-07-09
1138,20,24,100,171,2023-01-20
1139,7,38,207,20,2023-09-05
1140,17,30,337,53,2023-11-24
1141,1,18,281,44,2023-11-14
1142,29,22,269,71,2023-04-19
1143,4,15,324,194,2023-04-09
1144,23,39,263,70,2023-03-23
1145,21,3,341,27,2023-09-03
1146,3,31,443,139,2023-09-18
1147,32,14,352,124,2024-06-27
1148,11,6,211,111,2024-02-23
1149,32,18,472,31,2023-10-04
1150,27,28,387,188,2024-07-27
1151,37,47,157,136,2023-06-10
1152,23,28,343,191,2024-05-09
1153,14,8,214,146,2024-07-01
1154,1,45,161,105,2024-04-09
1155,4,18,244,149,2023-04-03
1156,15,36,215,188,2024-08-22
1157,8,13,288,81,2023-01-24
1158,1,20,121,132,2023-08-05
1159,3,43,43,67,2024-06-11
1160,39,40,359,84,2024-10-07
1161,27,33,347,198,2023-11-28
1162,38,39,118,136,2024-11-28
1163,38,47,478,67,2024-07-12
1164,7,2,447,184,2023-11-10
1165,6,31,206,101,2024-04-04
1166,35,19,235,99,2023-03-01
1167,37,14,437,129,2024-05-01
1168,11,50,411,144,2024-03-10
1169,3,31,3,147,2024-09-26
1170,26,12,26,145,2023-01-29
1171,20,8,220,176,2023-02-21
1172,25,43,305,105,2024-11-16
1173,8,5,288,105,2023-11-17
1174,39,46,239,190,2023-06-22
1175,35,47,75,155,2023-03-23
1176,33,44,113,142,2023-09-21
1177,6,17,6,51,2024-03-10
1178,30,47,350,41,2023-01-15
1179,31,39,431,171,2023-03-18
1180,25,38,385,141,2024-09-16
1181,35,11,475,111,2023-07-18
1182,8,16,288,26,2024-04-24
1183,3,33,443,47,2023-07-07
1184,40,44,480,52,2024-09-30
1185,34,24,274,66,2023-06-10
1186,40,34,160,29,2023-09-17
1187,1,44,321,92,2023-03-08
1188,20,22,180,165,2023-09-27
1189,14,9,294,54,2024-04-25
1190,18,26,258,194,2023-05-12
1191,10,22,490,137,2023-02-09
1192,39,15,359,117,2024-10-24
1193,30,47,70,134,2024-08-07
1194,29,43,429,140,2023-05-30
1195,12,47,332,181,2024-07-28
1196,27,43,67,169,2024-07-29
1197,39,18,439,53,2024-12-24
1198,27,7,387,78,2024-10-27
1199,18,50,218,35,2023-11-12
1200,27,34,27,103,2023-11-13
1201,40,38,80,45,2023-08-21
1202,20,11,180,92,2024-03-27
1203,3,43,283,93,2024-02-26
1204,12,38,332,74,2024-07-05
1205,12,2,12,197,2024-03-16
1206,34,32,34,86,2024-06-13
1207,11,50,211,174,2024-12-01
1208,24,27,384,153,2024-03-24
1209,32,14,192,173,2024-05-14
1210,4,14,84,162,2024-01-21
1211,5,29,205,140,2024-02-03
1212,7,32,407,54,2024-10-08
1213,16,39,296,55,2024-05-07
1214,33,24,273,80,2023-12-24
1215,21,19,341,62,2024-12-03
1216,10,37,210,84,2024-09-23
1217,22,8,142,110,2024-09-11
1218,6,40,486,198,2024-06-01
1219,14,10,54,130,2024-09-06
1220,20,33,100,33,2023-10-08
1221,1,45,321,59,2024-01-21
1222,12,20,452,120,2024-04-08
1223,33,25,433,177,2023-05-30
1224,19,6,419,183,2024-12-20
1225,11,10,11,79,2024-06-08
1226,5,6,125,55,2023-11-16
1227,25,17,185,103,2024-04-29
1228,30,20,470,155,2023-04-02
1229,15,24,455,191,2024-11-19
1230,19,40,139,75,2023-08-15
1231,29,48,269,84,2023-01-25
1232,7,16,367,21,2023-01-10
1233,5,26,5,90,2024-06-13
1234,6,47,166,70,2023-05-09
1235,19,3,419,199,2024-02-18
1236,34,8,154,30,2024-08-23
1237,14,14,494,101,2023-11-03
1238,33,47,233,65,2023-05-29
1239,36,25,36,164,2024-12-04
1240,24,16,144,22,2023-10-12
1241,11,48,131,166,2023-08-25
1242,25,45,385,175,2024-07-03
1243,25,46,25,21,2024-04-03
1244,29,24,429,95,2024-03-09
1245,4,50,84,135,2024-04-03
1246,2,22,162,158,2024-04-05
1247,22,14,302,101,2024-11-24
1248,14,34,174,134,2023-06-25
1249,20,12,420,47,2024-05-01
1250,38,35,398,112,2023-12-24
1251,20,45,420,174,2024-01-29
1252,15,18,295,106,2024-09-13
1253,13,38,333,174,2023-03-17
1254,9,42,449,107,2023-06-24
1255,27,1,187,85,2023-05-28
1256,12,35,212,130,2024-01-06
1257,1,5,121,157,2024-07-01
1258,36,26,436,23,2023-09-22
1259,23,34,383,28,2023-08-07
1260,2,45,2,158,2024-11-07
1261,18,32,338,183,2023-06-01
1262,16,34,176,53,2023-01-12
1263,32,2,72,53,2024-11-20
1264,39,5,359,78,2023-09-26
1265,9,30,129,127,2024-08-14
1266,31,50,231,154,2024-08-10
1267,9,47,209,101,2023-12-27
1268,33,19,113,71,2024-12-24
1269,37,10,77,123,2023-11-12
1270,2,41,362,98,2023-06-07
1271,37,16,357,117,2024-02-02
1272,35,19,35,105,2024-12-15
1273,10,32,410,197,2024-07-08
1274,36,41,156,165,2023-06-16
1275,37,16,117,96,2024-04-24
1276,2,10,122,117,2023-02-07
1277,25,41,145,193,2024-08-10
1278,18,38,258,45,2023-04-16
1279,12,44,92,182,2024-01-01
1280,34,47,474,151,2023-08-11
1281,31,33,191,122,2023-10-20
1282,10,8,170,179,2023-08-13
1283,35,40,355,45,2023-04-17
1284,22,50,422,89,2024-07-19
1285,39,47,199,107,2023-11-17
1286,9,25,369,138,2023-05-13
1287,9,9,249,182,2023-09-06
1288,22,15,222,138,2024-02-20
1289,29,45,29,77,2023-11-28
1290,22,40,422,67,2024-08-08
1291,40,1,200,186,2024-01-20
1292,10,36,50,77,2023-11-07
1293,12,3,52,124,2023-07-23
1294,15,48,15,82,2024-02-22
1295,18,30,218,140,2023-11-05
1296,30,41,390,22,2023-09-01
1297,30,23,430,163,2023-02-09
1298,38,9,78,149,2023-04-04
1299,37,34,37,66,2024-10-17
1300,23,14,223,110,2023-08-20
1301,1,4,161,137,2024-09-01
1302,9,40,289,26,2023-02-10
1303,4,45,44,143,2023-10-26
1304,2,18,242,21,2024-04-24
1305,13,8,453,145,2023-02-02
1306,23,34,263,149,2024-07-13
1307,13,28,453,95,2024-09-29
1308,26,30,306,35,2024-03-31
1309,35,8,35,23,2024-11-18
1310,28,25,28,185,2024-12-04
1311,34,31,394,158,2023-03-15
1312,15,16,255,53,2023-06-28
1313,36,9,276,30,2024-04-28
1314,23,27,63,62,2024-02-15
1315,21,18,101,87,2023-01-07
1316,15,31,95,82,2023-10-13
1317,33,38,73,115,2023-10-07
1318,36,27,396,38,2023-11-15
1319,23,20,63,199,2024-10-09
1320,36,19,316,142,2024-09-20
1321,14,42,494,57,2024-10-29
1322,4,32,444,42,2023-08-30
1323,10,11,170,161,2024-09-13
1324,38,32,158,34,2023-01-27
1325,25,22,425,135,2024-12-11
1326,17,19,217,174,2023-06-25
1327,23,43,223,66,2024-10-25
1328,38,20,38,120,2024-03-02
1329,3,23,283,177,2024-01-21
1330,30,27,390,126,2023-05-17
1331,2,50,42,81,2023-01-31
1332,21,1,141,157,2024-12-11
1333,17,44,137,98,2024-06-30
1334,13,44,253,129,2024-02-24
1335,7,3,447,188,2024-03-21
1336,6,25,46,135,2024-02-03
1337,35,19,35,64,2023-10-03
1338,4,22,124,162,2024-06-07
1339,22,12,342,33,2024-06-06
1340,15,44,95,107,2023-07-14
1341,32,35,32,170,2023-10-21
1342,19,43,19,62,2023-10-12
1343,19,34,19,122,2024-06-23
1344,29,36,69,75,2023-01-19
1345,6,33,246,135,2024-02-18
1346,31,35,71,115,2023-10-18
1347,6,19,46,64,2023-05-23
1348,6,23,206,87,2024-07-31
1349,4,2,284,68,2023-03-13
1350,18,35,218,112,2024-04-04
1351,6,32,166,109,2024-06-02
1352,8,2,48,103,2023-02-03
1353,26,49,306,103,2023-09-08
1354,29,22,149,154,2023-03-05
1355,7,9,207,27,2024-07-26
1356,24,37,104,24,2024-12-21
1357,30,20,190,38,2023-08-14
1358,38,35,78,142,2023-11-23
1359,17,50,337,22,2023-02-18
1360,24,13,24,68,2023-02-20
1361,2,23,2,141,2023-05-08
1362,27,5,467,28,2023-05-10
1363,22,3,382,65,2024-07-03
1364,29,40,29,122,2024-10-01
1365,39,17,119,38,2024-10-01
1366,14,30,214,98,2024-05-26
1367,9,8,169,108,2023-03-24
1368,15,41,175,31,2024-07-08
1369,31,35,151,179,2023-12-21
1370,2,38,482,55,2024-02-18
1371,19,21,459,200,2023-07-01
1372,1,17,481,61,2023-08-28
1373,8,23,88,119,2024-03-21
1374,32,39,352,194,2023-06-20
1375,29,46,469,161,2024-04-08
1376,20,19,460,181,2023-02-05
1377,14,43,454,138,2023-12-10
1378,39,32,279,149,2023-01-24
1379,38,49,278,45,2024-01-04
1380,16,5,456,113,2024-07-08
1381,34,36,274,56,2023-10-06
1382,24,17,264,180,2024-06-23
1383,27,39,267,186,2023-07-01
1384,17,36,297,114,2024-09-30
1385,3,50,483,68,2023-05-07
1386,40,28,280,173,2024-02-14
1387,31,10,391,175,2024-12-21
1388,16,13,376,167,2023-03-14
1389,39,48,39,194,2023-02-07
1390,14,38,374,175,2023-08-13
1391,4,41,444,98,2023-11-02
1392,13,11,413,55,2023-08-16
1393,15,40,215,134,2023-09-12
1394,25,31,145,123,2024-04-06
1395,16,7,296,26,2024-08-30
1396,27,27,27,40,2024-01-22
1397,34,22,474,130,2023-08-14
1398,36,30,116,86,2024-03-14
1399,39,28,479,76,2024-02-07
1400,20,10,260,100,2023-04-07
1401,9,48,129,43,2023-06-12
1402,24,41,104,65,2023-05-13
1403,37,20,397,189,2024-06-16
1404,20,28,380,193,2023-08-04
1405,4,27,484,97,2024-11-13
1406,26,3,146,172,2023-02-22
1407,31,5,111,30,2023-10-11
1408,36,1,76,52,2024-11-09
1409,30,37,70,108,2023-07-11
1410,19,39,59,127,2024-07-03
1411,24,36,424,71,2024-02-23
1412,8,21,88,32,2024-11-08
1413,26,30,466,23,2024-06-24
1414,5,25,325,138,2024-04-23
1415,16,5,376,176,2024-02-11
1416,39,50,39,144,2023-11-14
1417,24,15,144,198,2023-12-01
1418,13,45,293,45,2023-05-09
1419,34,40,154,71,2024-09-21
1420,37,5,357,54,2023-12-19
1421,7,42,367,98,2023-03-03
1422,38,22,438,63,2024-08-30
1423,25,16,305,43,2023-03-17
1424,35,46,435,139,2024-05-22
1425,28,15,468,149,2023-10-24
1426,5,21,45,153,2024-04-07
1427,31,34,351,51,2024-07-23
1428,35,44,395,188,2023-09-04
1429,6,25,286,168,2024-12-08
1430,4,8,484,31,2023-05-24
1431,28,25,228,141,2023-08-05
1432,13,18,53,157,2023-03-01
1433,16,3,56,83,2024-03-09
1434,28,29,108,168,2023-01-30
1435,23,4,223,29,2024-02-27
1436,33,15,73,164,2024-06-22
1437,31,25,271,137,2024-07-15
1438,24,15,184,104,2023-01-04
1439,12,41,412,135,2023-11-16
1440,22,31,142,172,2023-11-24
1441,14,35,254,155,2023-04-29
1442,21,3,141,105,2024-01-10
1443,21,15,141,167,2024-10-13
1444,21,22,301,147,2023-10-03
1445,36,3,396,157,2023-04-21
1446,37,8,397,115,2024-09-12
1447,40,20,240,130,2024-03-21
1448,18,13,98,81,2024-04-22
1449,19,32,459,139,2024-10-12
1450,9,36,209,77,2023-01-17
1451,21,26,61,94,2023-02-18
1452,16,33,336,30,2024-01-12
1453,24,21,24,39,2023-03-23
1454,11,38,331,145,2023-03-25
1455,31,39,191,110,2024-06-19
1456,10,40,290,100,2023-08-02
1457,27,50,307,142,2024-11-07
1458,16,18,56,61,2024-08-10
1459,27,41,267,152,2024-07-19
1460,28,50,188,156,2024-07-12
1461,16,29,256,56,2023-12-24
1462,29,7,189,187,2023-01-12
1463,14,23,294,95,2024-08-12
1464,4,17,324,112,2024-11-20
1465,13,26,213,57,2024-01-24
1466,3,9,403,159,2023-11-07
1467,20,7,460,137,2024-04-27
1468,29,8,349,195,2023-06-06
1469,25,6,305,102,2023-10-14
1470,8,11,288,35,2024-02-25
1471,15,31,495,86,2024-06-28
1472,22,42,182,56,2024-12-02
1473,23,3,23,47,2023-03-06
1474,10,20,170,148,2023-04-25
1475,30,47,270,92,2024-06-30
1476,9,45,49,70,2024-04-29
1477,31,22,111,59,2024-07-27
1478,25,25,185,153,2024-09-26
1479,17,16,177,161,2024-09-12
1480,4,19,484,154,2024-04-15
1481,20,44,420,191,2024-04-04
1482,22,14,462,200,2023-05-08
1483,22,34,422,115,2024-02-22
1484,3,33,203,33,2023-08-04
1485,35,34,35,170,2024-12-16
1486,17,29,457,200,2024-04-01
1487,32,14,192,97,2024-06-01
1488,5,46,165,26,2024-07-29
1489,30,5,270,181,2024-12-30
1490,1,37,321,93,2023-11-14
1491,16,36,416,38,2023-02-17
1492,39,4,239,26,2024-11-09
1493,4,25,484,23,2023-04-10
1494,32,36,232,170,2024-02-24
1495,16,45,56,70,2023-03-27
1496,20,16,380,88,2023-06-20
1497,13,34,133,40,2023-02-23
1498,17,14,17,103,2024-10-08
1499,31,41,391,134,2023-02-06
1500,24,11,64,131,2023-07-01
1501,11,37,131,150,2023-10-15
1502,15,31,415,138,2024-08-02
1503,1,46,241,28,2023-09-04
1504,21,46,21,172,2023-03-18
1505,9,32,369,58,2023-10-16
1506,39,7,479,172,2024-03-23
1507,26,42,226,187,2024-07-06
1508,12,21,172,58,2024-09-22
1509,11,41,131,195,2024-08-02
1510,16,32,456,150,2023-05-30
1511,9,16,489,78,2023-01-26
1512,34,15,34,192,2024-11-20
1513,20,49,300,38,2024-05-14
1514,1,8,281,60,2023-08-15
1515,2,26,202,149,2024-12-09
1516,36,41,156,63,2023-05-14
1517,15,40,55,155,2024-08-20
1518,40,43,40,151,2024-07-25
1519,32,9,272,98,2023-09-24
1520,14,14,254,132,2024-11-08
1521,34,38,354,118,2023-08-06
1522,30,25,430,28,2024-01-30
1523,37,30,37,98,2023-04-26
1524,2,3,402,92,2023-08-30
1525,18,15,138,50,2023-07-24
1526,33,50,33,79,2023-07-14
1527,14,28,374,131,2024-12-16
1528,15,36,255,134,2024-02-12
1529,32,46,352,137,2023-09-22
1530,16,12,176,90,2024-01-15
1531,18,46,418,81,2023-05-28
1532,11,11,211,78,2023-01-29
1533,27,44,467,92,2023-05-06
1534,1,19,401,39,2023-05-14
1535,31,17,191,114,2024-04-29
1536,5,14,165,22,2024-11-05
1537,6,16,446,167,2024-03-20
1538,1,4,401,89,2023-01-18
1539,13,40,93,195,2024-08-18
1540,19,48,99,39,2023-05-29
1541,2,40,242,64,2024-11-23
1542,23,4,423,131,2024-03-20
1543,12,9,332,118,2024-05-11
1544,37,49,437,68,2024-08-03
1545,36,48,396,155,2024-09-12
1546,6,39,486,20,2023-09-07
1547,25,35,425,192,2023-02-01
1548,27,16,267,22,2023-12-25
1549,22,6,342,31,2024-09-24
1550,29,10,69,146,2023-12-09
1551,13,43,133,72,2024-12-17
1552,32,23,272,96,2023-09-04
1553,7,19,287,93,2024-07-13
1554,5,44,45,88,2023-08-11
1555,17,18,57,188,2024-06-19
1556,37,47,117,44,2023-02-05
1557,13,45,93,120,2023-07-07
1558,37,36,477,84,2023-08-10
1559,27,32,187,131,2024-02-07
1560,32,3,472,71,2024-09-01
1561,34,10,274,55,2023-01-25
1562,14,10,454,102,2023-02-14
1563,1,45,361,158,2024-12-18
1564,8,23,88,64,2023-12-11
1565,32,27,32,37,2023-05-30
1566,29,45,229,138,2023-10-31
1567,23,19,263,161,2023-05-14
1568,11,44,131,136,2024-07-27
1569,39,38,319,44,2024-04-27
1570,13,38,453,148,2023-02-24
1571,15,48,455,174,2023-08-06
1572,3,41,443,180,2023-08-03
1573,6,10,206,131,2024-10-30
1574,40,4,240,105,2024-03-08
1575,9,44,249,95,2024-11-04
1576,13,19,53,70,2024-05-07
1577,20,6,500,99,2024-12-14
1578,9,38,449,166,2023-12-18
1579,21,20,61,70,2024-03-07
1580,13,35,173,31,2023-05-14
1581,31,33,311,30,2023-04-24
1582,4,46,124,85,2023-07-04
1583,12,2,92,153,2023-06-26
1584,40,6,280,177,2023-12-15
1585,10,12,210,173,2023-07-07
1586,28,1,148,134,2024-07-10
1587,6,44,166,94,2023-07-23
1588,7,32,167,46,2024-07-02
1589,11,34,91,60,2024-03-02
1590,39,23,199,37,2023-10-29
1591,23,29,63,93,2024-07-11
1592,17,16,377,60,2023-05-09
1593,35,17,155,112,2024-11-28
1594,20,48,340,135,2023-03-27
1595,40,17,280,75,2024-01-26
1596,23,32,223,61,2023-03-19
1597,35,15,435,61,2024-01-27
1598,28,11,148,77,2023-05-19
1599,23,2,63,187,2023-03-14
1600,25,17,345,173,2023-12-10
1601,23,32,303,104,2023-11-26
1602,11,15,371,123,2023-04-14
1603,32,34,432,187,2023-09-16
1604,31,23,151,51,2023-05-26
1605,34,13,194,65,2024-12-10
1606,32,19,352,145,2024-06-29
1607,31,45,111,123,2024-09-07
1608,4,11,444,67,2023-05-05
1609,23,30,463,127,2023-12-24
1610,21,29,341,34,2023-06-26
1611,37,12,397,196,2024-03-11
1612,30,27,470,163,2024-03-27
1613,38,37,478,26,2023-07-08
1614,21,34,61,195,2024-04-18
1615,19,4,499,141,2024-08-08
1616,20,31,140,146,2024-04-21
1617,3,4,3,174,2024-03-19
1618,13,24,253,40,2024-11-23
1619,7,3,87,140,2023-02-14
1620,3,35,403,83,2023-01-24
1621,27,3,27,69,2023-09-27
1622,19,30,219,99,2023-12-29
1623,8,30,88,136,2024-09-14
1624,7,10,7,33,2024-08-25
1625,13,32,253,170,2023-12-12
1626,7,22,327,48,2023-04-08
1627,6,39,126,169,2024-11-23
1628,37,41,197,32,2024-09-26
1629,9,21,369,53,2024-04-19
1630,20,10,500,84,2023-01-12
1631,39,29,479,167,2023-05-03
1632,14,13,214,195,2023-06-10
1633,34,35,434,66,2024-12-30
1634,29,15,189,146,2023-09-07
1635,14,29,374,60,2024-12-06
1636,35,40,155,66,2023-01-20
1637,14,37,174,191,2024-12-26
1638,5,21,205,33,2023-03-28
1639,15,6,135,162,2024-07-02
1640,9,15,409,151,2024-09-20
1641,6,37,6,103,2023-01-04
1642,40,17,40,55,2024-04-16
1643,30,5,310,45,2024-12-13
1644,13,44,253,162,2024-01-12
1645,29,21,149,22,2023-07-02
1646,19,26,139,169,2024-08-31
1647,4,20,44,102,2023-05-02
1648,7,28,87,126,2024-12-15
1649,14,42,14,167,2023-04-06
1650,24,35,424,24,2023-08-03
1651,28,13,228,106,2023-01-25
1652,13,39,493,86,2024-04-11
1653,31,3,271,83,2024-09-25
1654,32,15,432,64,2024-04-02
1655,16,30,496,61,2023-05-31
1656,32,4,272,196,2024-08-15
1657,22,19,422,143,2024-10-17
1658,35,5,35,82,2024-09-17
1659,39,10,39,133,2023-05-08
1660,8,3,288,163,2024-07-14
1661,3,49,443,48,2024-03-08
1662,1,28,281,21,2024-01-22
1663,13,17,333,129,2024-05-17
1664,39,19,279,180,2023-10-07
1665,16,12,176,86,2023-07-04
1666,30,47,430,125,2024-11-19
1667,28,42,348,52,2023-12-09
1668,35,5,195,179,2024-06-08
1669,2,46,2,66,2023-10-06
1670,5,24,165,96,2023-06-30
1671,14,1,94,65,2024-11-27
1672,17,48,57,26,2023-01-06
1673,19,8,19,25,2024-03-15
1674,7,42,7,171,2023-08-06
1675,26,18,226,136,2023-10-18
1676,34,9,234,87,2024-02-12
1677,21,22,21,136,2023-05-06
1678,32,10,112,174,2024-05-05
1679,17,13,497,108,2023-04-18
1680,1,26,361,87,2024-12-19
1681,20,45,460,61,2023-01-27
1682,25,29,265,109,2024-05-06
1683,18,6,378,31,2023-05-09
1684,28,27,428,80,2023-01-31
1685,24,46,144,169,2023-05-12
1686,28,27,428,91,2024-03-29
1687,2,14,362,51,2023-04-26
1688,3,32,403,40,2023-01-13
1689,28,33,308,23,2023-12-12
1690,37,12,157,128,2024-01-31
1691,14,39,454,146,2023-08-15
1692,34,42,394,159,2023-06-19
1693,29,15,69,149,2024-11-24
1694,4,31,324,79,2024-05-28
1695,23,15,423,51,2024-06-13
1696,30,16,190,63,2024-02-16
1697,5,30,85,115,2023-12-28
1698,34,33,34,165,2023-08-01
1699,34,35,314,49,2024-07-17
1700,1,26,41,71,2024-02-14
1701,21,50,101,69,2023-05-10
1702,37,50,277,187,2024-03-10
1703,21,42,381,123,2024-12-13
1704,1,14,241,167,2024-12-20
1705,18,18,338,156,2023-04-24
1706,11,16,131,167,2024-08-24
1707,20,20,20,85,2023-09-14
1708,40,19,80,112,2023-03-16
1709,17,41,457,146,2023-03-15
1710,30,32,270,189,2024-02-21
1711,24,33,384,47,2024-03-28
1712,20,20,260,175,2024-08-18
1713,19,40,19,32,2024-09-04
1714,8,10,288,168,2024-07-07
1715,20,12,420,41,2023-10-22
1716,27,17,27,133,2024-12-31
1717,1,47,121,110,2024-04-28
1718,17,31,297,146,2024-11-27
1719,40,20,280,121,2024-02-25
1720,39,21,39,46,2023-05-10
1721,6,22,46,21,2023-05-23
1722,18,1,378,127,2023-09-27
1723,24,20,144,170,2023-04-01
1724,15,42,295,88,2024-02-12
1725,1,18,201,54,2023-08-05
1726,7,48,447,117,2024-09-13
1727,16,50,296,158,2024-01-05
1728,34,2,154,188,2024-11-04
1729,14,14,294,82,2024-10-26
1730,28,41,228,58,2024-04-27
1731,37,40,37,116,2024-02-04
1732,24,13,224,123,2023-05-09
1733,21,46,21,152,2024-04-29
1734,2,11,2,86,2024-09-07
1735,12,1,492,194,2023-01-01
1736,27,19,147,68,2024-11-25
1737,5,44,365,135,2023-01-01
1738,35,8,275,50,2023-01-14
1739,4,28,284,112,2024-03-29
1740,24,41,224,194,2023-07-28
1741,39,46,159,41,2024-09-14
1742,5,40,5,129,2023-01-28
1743,33,13,353,155,2023-06-17
1744,33,10,353,118,2024-06-27
1745,17,38,417,193,2024-04-15
1746,38,22,238,93,2024-08-09
1747,18,16,58,38,2023-06-03
1748,13,24,133,129,2024-10-07
1749,8,40,488,47,2023-01-17
1750,2,17,2,129,2023-03-24
1751,33,10,113,126,2024-08-19
1752,24,2,384,142,2024-08-07
1753,22,49,262,23,2024-02-18
1754,17,21,217,74,2023-06-28
1755,9,6,49,141,2024-02-16
1756,37,26,437,135,2023-12-20
1757,38,42,398,158,2023-12-16
1758,10,40,490,174,2024-07-29
1759,14,32,254,184,2024-01-22
1760,11,40,491,165,2024-11-07
1761,19,38,499,63,2023-06-17
1762,27,13,147,117,2024-03-27
1763,2,2,202,188,2024-07-10
1764,25,38,425,57,2024-04-07
1765,29,21,349,46,2024-01-01
1766,30,6,270,176,2023-08-16
1767,21,41,421,167,2024-12-14
1768,10,46,450,153,2023-11-15
1769,33,27,353,123,2023-06-21
1770,20,40,220,159,2023-10-22
1771,38,22,358,26,2023-11-04
1772,30,20,430,161,2023-02-08
1773,24,49,344,190,2023-10-28
1774,5,11,485,146,2024-04-20
1775,23,24,223,45,2024-04-03
1776,23,27,183,169,2023-04-09
1777,1,27,481,172,2024-09-12
1778,18,16,138,97,2023-09-11
1779,20,29,380,33,2023-03-14
1780,3,29,283,167,2024-05-20
1781,8,49,48,114,2024-03-24
1782,4,30,324,153,2023-11-30
1783,25,49,345,170,2024-04-11
1784,36,22,156,164,2023-10-26
1785,19,33,379,68,2024-02-06
1786,37,29,357,184,2023-09-07
1787,37,21,477,154,2023-07-10
1788,36,15,316,115,2023-09-03
1789,36,20,236,58,2024-10-12
1790,33,15,433,180,2023-10-05
1791,9,43,89,179,2024-12-08
1792,18,50,138,185,2023-08-20
1793,14,33,494,135,2023-02-22
1794,17,46,57,105,2024-10-14
1795,5,4,245,24,2024-11-07
1796,36,42,116,199,2023-05-19
1797,3,3,3,22,2023-02-04
1798,22,6,102,85,2023-09-29
1799,16,1,176,164,2024-10-31
1800,17,45,417,26,2024-03-11
1801,14,32,214,87,2023-12-04
1802,1,29,401,100,2024-08-31
1803,29,9,349,80,2024-12-03
1804,8,37,448,116,2024-02-03
1805,22,2,342,56,2024-12-05
1806,28,12,468,124,2024-03-19
1807,18,22,218,195,2023-11-23
1808,31,12,71,72,2023-07-27
1809,9,33,489,55,2023-11-04
1810,3,20,283,147,2024-10-18
1811,21,36,341,23,2024-08-25
1812,4,27,124,67,2023-05-01
1813,15,29,175,46,2023-03-27
1814,10,19,10,171,2024-04-29
1815,11,48,11,139,2023-11-09
1816,39,11,279,183,2023-06-11
1817,21,37,301,138,2024-03-17
1818,18,35,458,111,2023-04-17
1819,10,44,330,109,2024-06-22
1820,26,22,226,158,2023-02-03
1821,11,5,411,99,2023-07-10
1822,19,34,299,146,2023-08-23
1823,1,3,321,111,2024-04-26
1824,13,22,213,58,2023-03-31
1825,10,46,370,146,2024-03-29
1826,25,18,65,35,2023-05-30
1827,8,15,8,93,2023-03-24
1828,22,18,62,97,2024-12-15
1829,12,42,492,133,2024-04-03
1830,14,12,54,50,2023-08-29
1831,2,14,82,157,2023-08-19
1832,8,13,208,125,2024-05-30
1833,7,40,447,29,2023-08-11
1834,37,11,437,84,2024-11-25
1835,27,43,307,125,2024-04-27
1836,20,18,500,74,2023-03-18
1837,23,6,23,173,2024-11-01
1838,10,22,90,44,2023-11-28
1839,11,19,131,113,2024-08-23
1840,18,33,18,87,2023-10-28
1841,14,45,254,34,2023-12-04
1842,20,7,300,127,2023-03-19
1843,24,49,184,22,2023-01-16
1844,29,15,469,164,2024-01-08
1845,27,3,67,23,2024-04-24
1846,29,25,389,194,2023-07-31
1847,14,15,414,38,2024-01-04
1848,14,40,294,112,2024-04-14
1849,1,38,41,138,2024-11-25
1850,30,11,150,30,2024-06-02
1851,2,12,402,115,2023-03-24
1852,1,9,361,94,2023-06-02
1853,12,28,292,196,2024-08-24
1854,16,38,136,155,2024-03-20
1855,19,31,299,143,2023-06-05
1856,23,2,263,174,2023-10-28
1857,19,3,219,79,2024-01-01
1858,7,23,327,103,2023-03-29
1859,8,23,368,80,2024-03-18
1860,32,5,112,107,2023-06-07
1861,27,37,227,76,2024-12-20
1862,21,20,21,59,2024-02-18
1863,17,11,337,123,2023-09-26
1864,1,32,1,165,2024-07-11
1865,12,31,52,129,2024-11-17
1866,16,43,416,22,2023-09-07
1867,27,47,427,158,2024-11-04
1868,38,48,238,148,2024-07-17
1869,14,18,54,61,2024-06-10
1870,10,36,330,195,2024-06-08
1871,37,31,317,35,2024-03-24
1872,17,38,257,36,2024-06-18
1873,23,31,263,152,2023-05-07
1874,3,13,123,28,2023-05-24
1875,25,16,265,99,2023-04-16
1876,18,40,258,121,2024-08-20
1877,8,17,48,45,2024-05-05
1878,17,5,57,106,2024-03-17
1879,33,36,393,93,2024-08-08
1880,40,27,160,142,2023-12-24
1881,29,48,29,64,2023-02-11
1882,23,27,63,83,2024-06-09
1883,24,8,464,22,2023-03-29
1884,33,8,113,75,2023-05-03
1885,32,44,112,181,2023-11-22
1886,7,38,327,44,2024-02-28
1887,35,13,395,23,2023-06-14
1888,3,16,43,181,2024-12-29
1889,9,38,89,94,2023-08-29
1890,24,39,144,71,2023-05-18
1891,28,28,468,35,2023-02-08
1892,4,12,164,137,2023-06-17
1893,9,49,169,197,2023-06-05
1894,26,3,226,163,2024-07-21
1895,24,46,384,180,2024-04-02
1896,36,45,476,139,2023-09-29
1897,22,13,262,68,2024-05-07
1898,25,28,185,165,2024-03-05
1899,12,42,452,192,2024-04-11
1900,29,42,349,116,2024-06-20
1901,6,47,46,50,2024-05-04
1902,8,7,448,89,2023-04-22
1903,24,39,64,53,2024-09-13
1904,10,46,490,182,2023-10-28
1905,28,7,148,147,2023-03-15
1906,13,10,53,89,2023-12-24
1907,24,1,144,119,2024-07-15
1908,37,6,237,107,2024-01-05
1909,5,42,165,197,2024-02-12
1910,29,32,269,101,2024-02-13
1911,17,1,257,70,2023-08-09
1912,32,16,112,187,2024-10-28
1913,3,11,43,151,2024-08-30
1914,35,20,355,170,2023-02-14
1915,16,32,216,126,2023-06-13
1916,13,16,173,144,2024-03-10
1917,31,45,431,128,2024-10-14
1918,20,45,20,164,2024-02-18
1919,18,18,298,130,2024-05-20
1920,14,19,94,152,2024-10-26
1921,39,34,199,189,2023-03-28
1922,14,26,374,125,2023-06-19
1923,34,26,474,114,2023-10-27
1924,32,49,352,67,2023-07-16
1925,36,34,236,91,2024-03-21
1926,4,6,44,152,2023-04-02
1927,34,31,474,182,2024-02-07
1928,11,38,291,190,2023-09-16
1929,4,17,284,72,2023-10-19
1930,29,45,149,109,2023-09-06
1931,2,19,122,30,2024-06-20
1932,11,37,371,66,2024-04-02
1933,25,18,25,84,2023-04-01
1934,8,32,168,199,2023-06-11
1935,15,3,335,86,2024-11-07
1936,25,19,465,29,2023-01-29
1937,29,39,389,56,2024-05-12
1938,13,5,13,137,2023-07-12
1939,5,48,45,27,2024-08-28
1940,32,38,352,79,2024-01-20
1941,8,44,368,128,2023-01-15
1942,17,11,137,42,2024-05-20
1943,36,33,116,59,2023-02-14
1944,23,45,303,128,2024-02-17
1945,1,48,201,152,2024-01-30
1946,7,2,447,170,2024-12-19
1947,22,42,302,200,2024-10-26
1948,30,1,390,198,2023-11-10
1949,27,23,427,181,2024-10-19
1950,10,2,370,165,2024-11-09
1951,4,18,284,26,2024-04-11
1952,29,30,389,65,2024-12-30
1953,29,22,69,26,2024-09-11
1954,15,47,495,54,2023-11-30
1955,12,9,372,164,2024-03-13
1956,31,7,71,35,2023-11-28
1957,19,36,179,142,2024-03-20
1958,9,32,329,113,2024-11-09
1959,32,4,152,168,2023-10-02
1960,6,22,406,87,2024-01-29
1961,39,23,399,190,2023-11-10
1962,2,40,482,26,2024-08-20
1963,19,5,339,153,2024-04-09
1964,20,28,460,48,2024-07-10
1965,5,35,205,155,2024-02-23
1966,27,29,227,35,2024-11-08
1967,28,39,348,177,2024-09-18
1968,21,48,181,81,2023-06-01
1969,21,50,301,100,2024-04-21
1970,18,33,258,20,2023-08-08
1971,18,1,218,92,2024-09-12
1972,13,7,293,75,2024-02-21
1973,28,6,148,109,2023-08-08
1974,1,50,401,25,2023-11-29
1975,1,41,41,196,2023-01-26
1976,17,22,497,54,2024-10-18
1977,16,47,176,124,2024-12-28
1978,28,16,68,184,2024-12-10
1979,7,49,207,134,2024-09-25
1980,11,43,131,180,2023-12-20
1981,27,4,427,26,2024-06-26
1982,12,21,372,186,2023-03-02
1983,37,34,317,29,2024-03-27
1984,3,40,3,87,2024-04-19
1985,17,20,257,85,2024-01-24
1986,32,24,112,130,2023-08-30
1987,38,37,78,186,2024-02-17
1988,5,17,205,52,2023-02-28
1989,36,27,356,196,2024-11-21
1990,31,24,151,173,2023-03-17
1991,6,43,326,125,2023-07-26
1992,26,1,66,130,2023-01-11
1993,28,41,28,94,2024-03-14
1994,36,4,116,140,2023-04-16
1995,22,43,182,26,2024-04-01
1996,9,4,409,113,2024-01-17
1997,25,9,65,108,2024-06-01
1998,2,20,82,181,2023-12-01
1999,29,30,309,22,2023-05-15
2000,33,19,313,153,2023-01-31
2001,30,18,470,90,2024-01-02
2002,18,24,378,29,2024-10-17
2003,9,4,129,75,2023-10-31
2004,37,31,437,141,2023-02-27
2005,28,40,148,81,2023-08-16
2006,28,34,268,147,2023-11-30
2007,2,22,482,112,2024-05-28
2008,19,2,379,193,2024-12-28
2009,7,7,247,86,2024-08-25
2010,20,16,500,48,2023-09-05
2011,13,33,413,190,2023-06-12
2012,1,8,241,136,2024-09-14
2013,10,30,210,109,2023-09-29
2014,30,45,470,110,2023-05-19
2015,30,30,390,100,2024-03-19
2016,13,10,493,122,2024-10-15
2017,27,48,427,33,2023-03-21
2018,40,14,360,82,2023-08-03
2019,15,39,295,83,2023-09-28
2020,32,46,472,174,2024-03-28
2021,5,3,205,50,2024-05-03
2022,8,45,368,58,2024-12-13
2023,2,20,162,46,2023-06-28
2024,19,39,219,58,2024-08-19
2025,16,42,496,173,2024-06-25
2026,34,20,274,44,2023-09-12
2027,9,30,449,136,2023-09-18
2028,2,4,322,183,2023-05-12
2029,18,30,458,143,2024-08-31
2030,9,32,49,143,2024-11-15
2031,21,17,381,33,2023-05-04
2032,21,9,21,135,2023-12-21
2033,23,46,103,58,2023-11-27
2034,27,21,427,129,2023-08-26
2035,8,18,488,165,2024-09-27
2036,21,28,181,142,2023-11-17
2037,36,33,76,134,2024-04-10
2038,16,12,416,58,2024-03-31
2039,22,43,102,143,2024-08-08
2040,26,43,466,163,2023-09-03
2041,31,7,471,188,2024-05-25
2042,24,30,464,121,2024-10-05
2043,11,47,331,133,2023-04-04
2044,36,45,116,113,2024-04-24
2045,19,27,459,44,2023-02-28
2046,15,5,295,34,2024-03-04
2047,7,12,87,196,2023-03-15
2048,25,26,345,81,2023-06-15
2049,4,47,364,91,2024-04-03
2050,32,8,32,103,2024-09-02
2051,1,4,361,99,2024-07-02
2052,30,19,30,43,2024-08-11
2053,30,26,270,20,2023-03-08
2054,5,46,365,85,2023-05-12
2055,22,22,262,80,2024-01-24
2056,11,31,411,167,2023-04-06
2057,11,24,331,45,2024-06-10
2058,13,5,133,124,2024-06-04
2059,21,28,421,32,2024-12-18
2060,21,14,341,61,2023-01-09
2061,29,37,349,39,2023-10-23
2062,13,34,413,133,2024-12-26
2063,21,17,341,27,2023-10-14
2064,3,49,323,86,2023-08-07
2065,6,50,6,123,2024-10-10
2066,16,45,176,143,2024-06-23
2067,38,39,398,68,2023-09-20
2068,22,19,262,198,2023-01-08
2069,30,9,390,126,2023-04-10
2070,3,38,243,128,2024-12-21
2071,21,34,421,128,2024-08-03
2072,26,33,186,61,2024-05-14
2073,6,21,206,43,2023-06-24
2074,1,6,121,192,2023-08-27
2075,25,13,65,135,2024-07-16
2076,14,2,494,181,2024-11-13
2077,5,50,205,158,2024-04-07
2078,26,50,106,189,2024-09-15
2079,4,36,84,118,2023-02-28
2080,29,7,469,113,2024-06-30
2081,24,31,104,156,2023-09-28
2082,15,21,175,129,2023-10-13
2083,26,4,186,168,2023-05-02
2084,20,31,220,146,2023-09-23
2085,35,45,235,133,2024-08-29
2086,16,39,96,41,2024-07-29
2087,10,14,90,27,2023-10-14
2088,35,5,235,25,2023-08-28
2089,28,30,108,43,2023-09-14
2090,2,6,2,151,2023-08-08
2091,15,40,95,50,2023-03-10
2092,5,34,205,133,2024-07-12
2093,32,49,392,64,2023-06-14
2094,18,39,218,124,2024-05-14
2095,33,45,473,130,2024-03-08
2096,8,3,208,47,2023-02-07
2097,14,39,374,51,2023-08-26
2098,6,50,486,78,2024-01-18
2099,35,18,355,121,2024-08-01
2100,8,13,448,48,2023-10-04
2101,9,31,49,158,2024-01-28
2102,18,43,418,191,2024-12-20
2103,8,23,8,79,2023-03-28
2104,15,38,295,42,2023-02-08
2105,5,6,125,52,2023-10-06
2106,5,26,445,93,2024-11-08
2107,16,7,136,192,2024-02-20
2108,32,21,312,91,2023-12-07
2109,15,27,15,200,2024-01-12
2110,35,42,395,134,2023-10-25
2111,12,24,332,171,2024-06-17
2112,37,20,317,171,2024-11-14
2113,40,43,280,140,2023-07-17
2114,38,4,278,87,2023-05-01
2115,38,20,318,119,2024-08-09
2116,30,16,190,108,2024-03-18
2117,31,3,31,51,2023-07-30
2118,20,16,460,177,2023-01-19
2119,24,20,384,27,2024-10-24
2120,31,16,271,192,2024-03-20
2121,15,17,175,192,2023-09-20
2122,8,50,408,170,2023-05-30
2123,12,21,292,177,2023-06-24
2124,32,46,32,135,2024-09-11
2125,14,35,414,143,2023-08-06
2126,22,6,62,190,2023-02-27
2127,23,18,383,138,2024-08-26
2128,35,47,315,134,2024-10-05
2129,9,2,49,41,2023-05-18
2130,12,8,212,153,2023-05-30
2131,38,12,78,150,2024-07-01
2132,20,11,260,41,2024-04-23
2133,33,35,113,121,2024-10-20
2134,33,18,313,174,2024-03-16
2135,9,14,49,93,2024-11-08
2136,20,35,460,32,2024-07-08
2137,38,45,358,57,2024-10-30
2138,25,24,465,145,2023-04-09
2139,11,50,11,118,2023-02-17
2140,9,44,289,92,2023-04-09
2141,28,3,148,107,2024-06-29
2142,37,33,397,132,2023-04-07
2143,16,15,496,165,2023-03-01
2144,9,21,169,164,2023-09-28
2145,23,42,463,179,2023-07-07
2146,4,26,324,182,2024-07-20
2147,32,21,392,127,2023-04-08
2148,18,5,178,111,2024-04-09
2149,29,29,109,63,2023-05-28
2150,33,35,113,196,2023-02-14
2151,36,38,156,29,2024-05-09
2152,37,30,437,184,2023-05-06
2153,28,9,148,110,2024-05-16
2154,14,30,94,70,2023-02-28
2155,10,41,90,115,2024-12-26
2156,21,9,21,196,2024-07-13
2157,15,44,135,158,2023-05-08
2158,36,8,356,89,2024-10-16
2159,38,34,438,110,2023-06-13
2160,12,38,412,121,2023-11-07
2161,36,22,196,125,2024-06-15
2162,15,23,215,115,2023-05-05
2163,13,3,293,69,2023-12-03
2164,28,26,148,72,2023-07-27
2165,17,7,497,96,2023-01-19
2166,16,49,96,50,2024-08-30
2167,15,28,335,186,2023-07-19
2168,15,32,335,68,2024-10-19
2169,30,18,310,99,2023-03-15
2170,31,11,431,65,2024-08-07
2171,26,19,26,157,2023-07-15
2172,8,12,448,101,2023-05-21
2173,21,36,181,22,2023-12-29
2174,39,38,439,173,2024-12-05
2175,31,46,151,190,2024-11-26
2176,13,30,373,96,2024-05-01
2177,10,48,130,134,2023-11-08
2178,21,8,141,80,2024-07-19
2179,14,31,14,159,2024-03-03
2180,21,25,21,80,2023-02-02
2181,10,20,450,44,2024-03-22
2182,1,12,481,173,2024-10-16
2183,32,23,392,47,2024-07-31
2184,40,32,80,116,2024-06-28
2185,29,27,109,112,2024-11-01
2186,19,43,219,91,2023-05-07
2187,10,13,250,58,2024-12-06
2188,33,49,353,53,2023-07-08
2189,17,43,137,132,2023-12-15
2190,26,37,106,135,2024-09-13
2191,17,22,337,78,2023-03-01
2192,31,6,31,109,2023-12-09
2193,8,12,248,31,2023-09-02
2194,29,1,429,190,2023-10-07
2195,40,44,160,81,2023-11-29
2196,38,30,198,22,2023-05-12
2197,20,17,380,25,2023-11-27
2198,33,43,273,100,2023-03-31
2199,6,47,366,135,2024-02-15
2200,5,27,125,50,2024-11-18
2201,14,1,174,63,2023-06-24
2202,25,38,65,54,2024-04-11
2203,13,28,413,25,2023-01-17
2204,5,31,5,172,2024-11-29
2205,26,19,386,132,2023-08-06
2206,33,39,273,118,2024-09-01
2207,27,31,227,139,2023-10-06
2208,38,48,158,21,2024-02-12
2209,8,24,8,41,2024-05-31
2210,33,37,313,173,2023-04-26
2211,34,4,274,37,2024-04-18
2212,19,49,419,154,2023-02-20
2213,33,10,273,143,2023-05-06
2214,1,7,121,146,2023-05-20
2215,12,32,492,92,2024-10-19
2216,5,44,45,141,2023-12-21
2217,30,35,310,138,2024-12-31
2218,13,5,13,73,2024-05-12
2219,31,11,271,168,2024-08-22
2220,26,23,26,138,2023-05-31
2221,14,5,254,191,2023-09-29
2222,20,38,340,50,2024-02-03
2223,35,38,435,53,2023-02-11
2224,29,40,349,60,2024-01-08
2225,6,44,486,43,2024-07-19
2226,2,26,42,42,2023-07-04
2227,36,49,276,60,2024-05-24
2228,36,50,116,117,2023-05-28
2229,2,2,322,183,2024-04-01
2230,10,24,10,182,2024-04-14
2231,11,24,451,200,2024-07-02
2232,3,13,483,190,2023-03-03
2233,33,23,153,58,2023-10-14
2234,7,27,207,126,2023-05-31
2235,40,2,360,148,2024-08-20
2236,24,34,24,27,2023-07-18
2237,19,38,459,45,2024-04-09
2238,8,13,488,40,2024-12-07
2239,21,8,101,85,2023-01-15
2240,40,11,120,52,2023-04-12
2241,34,5,474,166,2024-08-25
2242,17,23,217,64,2024-01-05
2243,31,20,71,157,2023-12-31
2244,12,7,492,78,2023-11-14
2245,23,8,423,71,2024-08-07
2246,40,45,480,170,2024-10-14
2247,2,29,402,153,2024-11-08
2248,1,22,401,84,2024-01-15
2249,40,4,120,181,2023-07-05
2250,20,30,260,182,2024-12-30
2251,8,35,408,130,2023-01-17
2252,17,35,137,160,2024-11-06
2253,27,3,307,182,2023-10-05
2254,33,2,233,130,2024-08-31
2255,8,14,128,79,2023-09-08
2256,1,22,361,30,2024-11-08
2257,3,14,243,142,2023-10-18
2258,16,40,496,139,2024-12-27
2259,12,1,212,128,2023-03-27
2260,19,42,259,30,2024-10-09
2261,22,15,382,109,2024-08-28
2262,11,20,91,144,2024-06-14
2263,27,36,147,189,2023-04-22
2264,27,21,427,185,2024-05-03
2265,10,11,330,22,2023-01-27
2266,39,14,79,119,2024-04-04
2267,37,47,77,100,2024-12-20
2268,32,49,32,117,2024-08-23
2269,11,9,91,154,2024-04-19
2270,39,18,319,64,2024-04-09
2271,10,5,450,171,2023-12-19
2272,5,32,5,23,2024-07-09
2273,22,25,222,72,2024-10-10
2274,5,45,245,197,2024-03-19
2275,9,2,489,152,2024-08-15
2276,11,7,491,132,2023-07-07
2277,21,20,341,51,2023-08-01
2278,19,42,19,93,2023-11-05
2279,31,17,311,177,2023-12-07
2280,22,28,382,127,2024-05-03
2281,7,38,407,30,2024-03-27
2282,27,24,147,134,2023-05-29
2283,18,13,98,161,2023-09-13
2284,20,35,420,104,2023-02-19
2285,31,45,31,55,2023-01-21
2286,7,3,47,52,2023-06-23
2287,10,11,130,142,2024-02-12
2288,25,50,385,148,2023-06-15
2289,13,35,413,106,2023-09-02
2290,16,19,296,143,2024-06-07
2291,35,42,395,139,2023-07-17
2292,27,48,107,161,2023-09-10
2293,18,33,138,59,2023-05-05
2294,24,4,464,45,2023-12-10
2295,36,32,396,157,2023-04-01
2296,26,10,226,28,2024-02-17
2297,33,42,233,189,2024-02-12
2298,31,29,111,77,2023-12-04
2299,37,16,477,86,2024-02-28
2300,37,8,277,35,2024-11-13
2301,38,37,358,187,2024-09-27
2302,34,6,354,125,2024-03-23
2303,25,1,425,113,2023-01-06
2304,24,25,24,118,2024-10-12
2305,21,18,181,124,2023-09-02
2306,1,26,321,48,2024-12-02
2307,18,21,338,32,2024-06-15
2308,28,27,428,104,2024-06-02
2309,30,11,350,186,2024-12-01
2310,30,5,310,75,2023-04-15
2311,21,5,341,151,2023-03-07
2312,32,13,312,199,2024-01-28
2313,1,10,121,62,2023-06-07
2314,32,22,72,112,2023-06-15
2315,36,36,196,112,2024-03-22
2316,22,45,62,112,2023-07-04
2317,29,30,309,29,2024-03-02
2318,18,24,338,127,2024-07-15
2319,34,20,234,184,2023-12-04
2320,25,36,385,130,2023-11-12
2321,40,49,360,169,2023-09-07
2322,17,9,17,144,2023-11-25
2323,18,19,178,93,2024-01-21
2324,22,36,302,42,2024-01-14
2325,11,34,91,188,2023-12-29
2326,15,39,255,60,2023-09-21
2327,31,27,311,196,2024-03-14
2328,37,4,37,53,2023-09-25
2329,11,33,451,49,2023-06-07
2330,23,43,463,90,2023-05-27
2331,5,25,45,136,2024-06-04
2332,11,37,211,155,2023-06-04
2333,25,35,145,36,2023-02-10
2334,9,3,9,64,2024-04-23
2335,4,8,164,171,2024-03-19
2336,10,40,370,20,2024-10-05
2337,17,15,217,24,2023-08-23
2338,29,38,389,87,2024-04-14
2339,25,1,265,195,2023-12-02
2340,30,23,110,182,2023-09-19
2341,34,39,114,84,2023-09-22
2342,21,48,181,62,2023-08-28
2343,38,12,78,193,2023-02-21
2344,40,33,240,105,2024-02-27
2345,34,21,474,82,2024-01-14
2346,23,7,103,25,2024-08-30
2347,36,1,396,147,2024-10-08
2348,27,7,387,114,2024-09-16
2349,19,10,379,151,2024-05-12
2350,8,20,368,143,2023-09-03
2351,34,42,194,72,2024-01-06
2352,8,3,488,119,2023-03-21
2353,8,44,168,29,2024-05-06
2354,28,28,348,97,2024-11-10
2355,11,32,211,61,2023-06-28
2356,15,26,295,195,2024-08-27
2357,29,12,149,165,2024-08-13
2358,26,40,226,21,2024-08-02
2359,25,27,385,31,2023-06-07
2360,9,44,409,34,2024-06-28
2361,4,17,84,84,2023-09-08
2362,39,29,159,98,2023-02-28
2363,11,22,211,69,2023-07-07
2364,1,6,361,189,2024-12-25
2365,13,20,333,34,2024-02-29
2366,34,40,394,32,2023-01-18
2367,17,4,57,55,2023-03-01
2368,7,7,167,23,2024-11-20
2369,22,41,342,94,2023-08-21
2370,37,9,357,89,2024-09-14
2371,25,29,385,106,2024-03-31
2372,22,18,342,32,2023-09-04
2373,16,37,496,85,2023-06-08
2374,7,35,327,137,2024-03-29
2375,32,37,32,154,2024-10-10
2376,23,4,223,90,2024-02-04
2377,2,34,202,119,2023-04-04
2378,39,40,79,134,2024-05-09
2379,20,12,500,41,2024-11-28
2380,35,15,275,100,2024-01-31
2381,32,41,32,54,2024-09-25
2382,27,32,27,186,2024-02-10
2383,18,11,418,38,2023-05-11
2384,15,40,455,157,2023-07-14
2385,27,3,147,68,2023-07-03
2386,26,21,66,100,2023-03-20
2387,10,27,10,155,2023-11-29
2388,10,39,210,88,2023-05-28
2389,19,31,299,189,2023-11-09
2390,10,30,10,178,2024-10-23
2391,38,2,478,164,2024-01-31
2392,28,36,268,175,2023-04-06
2393,13,16,293,51,2023-10-17
2394,36,35,356,169,2024-11-29
2395,17,26,337,83,2023-05-15
2396,25,23,305,46,2024-10-19
2397,15,11,455,96,2024-01-22
2398,39,5,279,23,2024-06-30
2399,9,29,49,83,2024-11-19
2400,14,48,294,197,2023-01-21
2401,29,24,189,101,2023-06-15
2402,4,32,324,97,2024-03-12
2403,38,35,478,138,2024-07-19
2404,36,29,156,117,2024-03-09
2405,2,9,322,146,2024-06-29
2406,3,20,363,170,2024-11-22
2407,14,5,134,58,2023-12-01
2408,1,4,161,61,2023-06-01
2409,26,11,106,124,2024-03-07
2410,38,16,438,103,2023-10-10
2411,36,30,476,28,2024-11-01
2412,20,47,60,21,2023-10-21
2413,15,14,95,101,2024-05-24
2414,14,37,334,168,2024-11-29
2415,39,47,479,103,2023-05-02
2416,6,18,286,99,2024-12-06
2417,19,22,139,163,2024-02-05
2418,10,41,210,45,2024-02-02
2419,32,44,432,38,2024-02-16
2420,36,21,76,193,2023-04-15
2421,35,9,235,37,2023-10-19
2422,11,47,291,190,2023-12-08
2423,27,26,187,102,2023-02-26
2424,4,9,164,179,2023-03-18
2425,29,25,349,188,2023-08-21
2426,7,23,447,180,2024-09-24
2427,39,29,239,191,2024-01-30
2428,20,37,420,181,2023-08-01
2429,10,42,450,27,2024-06-21
2430,36,27,116,29,2023-06-19
2431,16,22,296,152,2023-06-02
2432,29,27,429,50,2024-04-09
2433,19,38,419,69,2023-03-24
2434,40,10,400,48,2023-10-01
2435,34,5,154,101,2024-01-24
2436,34,13,314,177,2024-09-30
2437,16,4,496,179,2023-09-19
2438,17,33,97,198,2024-02-10
2439,8,1,408,33,2024-11-05
2440,32,12,152,31,2024-04-05
2441,21,22,21,70,2023-01-30
2442,13,8,493,98,2024-06-02
2443,14,28,374,75,2023-08-16
2444,7,10,87,79,2024-08-14
2445,3,16,283,199,2024-12-24
2446,26,3,426,80,2024-07-25
2447,25,30,265,173,2024-12-21
2448,19,32,219,104,2023-10-11
2449,1,18,361,52,2024-11-15
2450,30,39,230,78,2023-10-25
2451,34,26,194,157,2023-01-18
2452,18,10,18,62,2024-05-26
2453,20,1,500,135,2023-05-20
2454,22,45,102,75,2023-07-11
2455,30,22,110,34,2023-07-01
2456,19,1,219,143,2024-05-22
2457,20,17,60,25,2023-06-17
2458,2,18,42,34,2024-09-22
2459,1,39,41,78,2023-01-01
2460,38,30,278,155,2024-07-05
2461,21,35,461,109,2023-11-07
2462,16,20,176,95,2024-07-08
2463,8,33,8,126,2023-08-12
2464,3,7,3,133,2024-07-12
2465,4,7,324,98,2024-05-17
2466,28,28,148,49,2024-10-09
2467,8,48,208,38,2024-07-06
2468,27,48,467,99,2024-05-29
2469,21,11,341,54,2024-06-26
2470,17,11,417,66,2023-07-24
2471,6,11,326,110,2024-03-15
2472,39,1,359,52,2023-01-04
2473,3,10,363,77,2023-08-30
2474,32,2,72,200,2023-07-31
2475,38,24,438,130,2023-11-03
2476,29,45,389,47,2023-05-05
2477,28,50,428,147,2024-05-27
2478,31,38,351,122,2023-02-12
2479,6,3,486,51,2024-07-13
2480,7,20,247,190,2024-02-21
2481,1,30,361,93,2024-10-18
2482,3,20,403,105,2023-03-13
2483,14,16,94,36,2023-10-03
2484,9,1,449,99,2023-03-29
2485,8,19,368,67,2024-10-22
2486,23,43,303,45,2023-09-15
2487,33,1,153,127,2024-04-17
2488,29,18,269,46,2024-07-05
2489,20,38,300,89,2023-07-02
2490,25,29,25,118,2024-07-06
2491,8,36,48,194,2024-08-23
2492,1,46,401,87,2023-05-04
2493,8,45,88,35,2024-08-13
2494,11,22,291,45,2024-11-17
2495,37,16,197,167,2024-08-18
2496,25,7,465,166,2024-04-12
2497,37,50,77,114,2024-07-11
2498,30,5,30,85,2024-04-29
2499,25,45,345,112,2024-12-03
2500,17,16,57,119,2024-12-05
2501,2,44,322,182,2024-11-07
2502,33,21,353,104,2023-04-04
2503,25,47,25,150,2023-04-13
2504,3,43,243,183,2023-12-07
2505,9,1,89,163,2024-07-02
2506,33,39,393,93,2024-04-03
2507,32,2,152,66,2023-09-16
2508,37,15,437,59,2023-11-17
2509,30,5,190,96,2023-07-24
2510,31,31,431,106,2024-01-24
2511,25,2,465,85,2023-07-02
2512,15,38,335,115,2023-05-04
2513,9,16,369,115,2024-01-08
2514,3,31,323,74,2024-04-10
2515,13,33,293,26,2024-09-06
2516,12,25,412,48,2024-07-20
2517,25,42,265,159,2023-10-14
2518,35,13,235,189,2024-02-13
2519,37,10,357,120,2024-05-23
2520,10,14,250,140,2023-11-28
2521,32,2,432,50,2023-07-18
2522,35,43,75,68,2024-09-01
2523,2,32,82,143,2024-12-04
2524,29,25,309,191,2023-12-05
2525,27,43,307,191,2024-05-06
2526,17,20,377,112,2023-01-25
2527,6,4,86,120,2024-02-15
2528,15,39,455,118,2023-07-05
2529,2,31,442,162,2023-07-02
2530,38,3,278,67,2024-10-03
2531,27,30,267,194,2024-10-20
2532,6,30,446,42,2023-10-30
2533,30,7,470,112,2023-05-25
2534,12,7,412,79,2024-06-24
2535,24,8,64,76,2023-09-17
2536,4,49,404,34,2024-12-07
2537,15,13,415,120,2023-11-22
2538,20,34,140,101,2023-05-18
2539,38,31,438,48,2024-04-08
2540,14,14,254,143,2024-01-02
2541,11,8,51,56,2024-11-15
2542,33,18,313,152,2023-05-30
2543,27,11,267,40,2023-07-10
2544,37,49,197,134,2023-12-19
2545,36,27,316,44,2024-11-04
2546,16,33,376,99,2023-01-16
2547,35,18,475,175,2023-05-20
2548,31,27,471,182,2024-12-02
2549,25,25,225,138,2024-09-11
2550,34,35,354,97,2023-07-06
2551,36,20,196,120,2023-08-17
2552,25,37,185,153,2023-10-26
2553,18,36,258,89,2023-02-10
2554,33,33,193,92,2023-11-01
2555,22,25,462,90,2023-03-28
2556,13,33,133,147,2023-01-31
2557,40,5,280,37,2024-04-22
2558,18,38,18,82,2024-07-13
2559,22,18,22,138,2024-09-13
2560,2,10,442,139,2024-05-12
2561,35,49,195,122,2024-05-18
2562,15,7,335,134,2023-12-16
2563,32,47,312,95,2024-03-01
2564,29,48,349,36,2023-04-01
2565,23,3,463,87,2023-08-11
2566,29,37,309,150,2024-04-27
2567,7,11,367,85,2024-05-25
2568,25,6,385,70,2024-01-26
2569,7,33,167,166,2023-10-03
2570,40,4,40,40,2023-01-01
2571,25,11,145,195,2024-01-09
2572,33,29,353,84,2024-07-12
2573,38,5,398,197,2024-01-03
2574,13,42,93,137,2024-03-01
2575,24,14,224,86,2024-04-24
2576,32,4,432,92,2024-02-05
2577,32,18,72,167,2024-04-03
2578,19,7,19,90,2023-12-01
2579,35,33,115,152,2023-08-26
2580,7,38,7,113,2024-10-18
2581,16,32,96,99,2023-10-13
2582,35,27,235,143,2024-05-01
2583,31,28,231,30,2023-04-10
2584,7,47,407,131,2023-08-04
2585,30,48,390,45,2024-06-26
2586,15,33,15,37,2024-08-18
2587,2,18,442,54,2023-11-19
2588,3,38,483,35,2023-10-31
2589,34,19,274,28,2023-07-03
2590,14,15,454,183,2023-11-11
2591,20,25,340,143,2024-05-29
2592,12,23,172,47,2024-08-30
2593,22,18,302,189,2023-12-08
2594,9,12,209,55,2023-02-07
2595,36,11,316,103,2023-06-27
2596,5,49,405,72,2024-03-27
2597,9,39,89,193,2024-06-15
2598,35,24,115,39,2023-05-09
2599,3,28,323,188,2024-06-05
2600,9,38,409,88,2023-06-26
2601,21,7,301,193,2023-06-03
2602,35,11,155,183,2023-10-26
2603,10,2,50,36,2024-02-27
2604,1,36,321,192,2023-12-08
2605,23,41,263,179,2024-10-03
2606,23,20,303,121,2024-09-27
2607,2,14,442,116,2023-06-30
2608,13,32,213,177,2024-12-26
2609,7,29,207,126,2024-09-16
2610,3,21,203,46,2023-10-12
2611,26,42,306,199,2023-06-07
2612,21,5,261,97,2024-05-08
2613,38,30,38,29,2023-06-11
2614,36,41,476,148,2024-02-24
2615,27,35,307,94,2023-01-08
2616,36,45,276,179,2023-09-16
2617,5,37,365,136,2023-05-13
2618,2,26,202,176,2023-03-24
2619,15,21,15,91,2023-03-27
2620,36,48,396,157,2023-05-17
2621,2,24,482,28,2024-01-10
2622,2,49,442,58,2024-10-28
2623,40,49,480,102,2023-05-06
2624,23,34,23,95,2024-06-29
2625,21,50,421,24,2024-02-06
2626,28,41,228,176,2023-04-16
2627,14,37,294,168,2024-01-26
2628,18,7,338,179,2023-06-19
2629,5,12,245,71,2024-02-19
2630,35,40,315,132,2023-12-30
2631,24,24,384,22,2024-07-02
2632,37,50,117,154,2023-09-08
2633,17,23,497,91,2023-07-14
2634,27,24,67,137,2023-08-30
2635,36,50,476,181,2024-02-06
2636,27,12,387,92,2023-09-01
2637,5,2,485,66,2023-03-14
2638,33,47,273,86,2023-02-11
2639,21,20,221,29,2024-10-16
2640,9,31,329,160,2024-09-03
2641,4,25,204,119,2024-01-12
2642,35,14,395,76,2024-05-28
2643,14,35,494,102,2024-08-13
2644,19,8,259,133,2023-10-29
2645,26,10,226,190,2024-09-09
2646,2,24,482,100,2023-11-28
2647,3,25,443,43,2023-04-15
2648,38,20,398,94,2024-09-05
2649,8,16,368,181,2024-03-17
2650,13,16,293,155,2023-10-23
2651,33,35,33,113,2024-02-26
2652,13,20,93,84,2023-03-23
2653,2,3,402,149,2024-09-04
2654,18,45,218,87,2024-02-20
2655,8,41,8,93,2023-06-04
2656,1,43,401,79,2023-04-26
2657,28,43,148,37,2024-11-28
2658,36,39,476,84,2024-08-24
2659,34,25,194,190,2023-05-05
2660,8,22,368,24,2024-05-20
2661,13,48,173,134,2023-07-01
2662,18,39,218,79,2023-09-25
2663,8,1,488,60,2024-08-14
2664,7,46,167,120,2023-11-27
2665,12,43,252,176,2024-05-14
2666,20,1,20,71,2023-11-12
2667,20,31,60,199,2024-10-03
2668,1,39,41,75,2023-07-25
2669,19,30,139,130,2023-09-02
2670,29,42,309,28,2023-06-09
2671,38,10,478,80,2023-06-07
2672,17,28,217,45,2024-05-18
2673,22,22,222,150,2024-01-04
2674,35,17,475,162,2023-06-22
2675,39,28,79,131,2024-07-08
2676,7,30,367,38,2023-03-22
2677,16,17,216,187,2024-09-17
2678,21,35,181,170,2024-05-30
2679,2,22,82,66,2023-10-05
2680,17,5,57,70,2024-11-05
2681,39,38,319,149,2024-02-14
2682,13,41,53,128,2024-06-23
2683,5,23,485,33,2023-07-02
2684,3,20,363,151,2024-01-17
2685,34,18,154,144,2024-02-28
2686,21,45,221,35,2024-07-20
2687,13,5,373,188,2024-05-03
2688,2,26,202,158,2024-08-06
2689,36,3,436,192,2024-06-22
2690,39,36,39,143,2024-08-25
2691,33,28,273,24,2024-09-11
2692,12,24,332,124,2024-09-17
2693,7,5,287,100,2024-01-09
2694,16,27,56,167,2024-07-20
2695,40,44,160,150,2024-09-23
2696,8,23,408,135,2023-05-17
2697,4,28,324,34,2023-03-20
2698,34,22,34,180,2024-10-29
2699,27,47,467,160,2024-05-30
2700,11,37,171,190,2023-04-20
2701,25,19,225,61,2024-08-28
2702,5,45,165,119,2024-01-13
2703,37,30,477,157,2024-09-03
2704,10,21,410,151,2023-08-03
2705,5,13,45,28,2023-09-04
2706,17,27,337,160,2024-12-12
2707,38,27,318,99,2024-05-08
2708,21,4,21,60,2023-09-05
2709,27,36,107,198,2024-07-25
2710,17,16,137,182,2023-01-26
2711,8,42,48,198,2024-10-02
2712,8,10,488,46,2024-04-14
2713,15,15,15,100,2024-10-08
2714,35,38,155,70,2023-04-04
2715,19,49,459,61,2024-12-31
2716,39,40,479,90,2024-05-29
2717,13,29,253,164,2024-10-03
2718,22,13,342,189,2023-11-18
2719,31,18,191,41,2024-11-07
2720,38,34,238,142,2024-02-28
2721,12,48,212,123,2023-04-11
2722,5,29,365,166,2023-08-05
2723,17,26,97,141,2023-12-27
2724,12,28,252,115,2024-11-02
2725,19,42,139,66,2024-04-05
2726,4,22,84,159,2023-07-29
2727,13,27,293,144,2023-11-06
2728,11,36,331,177,2023-06-10
2729,37,14,397,184,2023-01-13
2730,19,15,99,166,2023-05-01
2731,3,13,483,47,2024-09-03
2732,31,32,151,185,2023-02-01
2733,34,10,274,136,2023-07-08
2734,4,11,204,169,2023-02-22
2735,28,47,68,67,2024-06-21
2736,39,22,199,148,2023-04-13
2737,25,5,65,177,2023-02-13
2738,15,11,295,130,2024-06-17
2739,31,23,71,122,2023-08-22
2740,20,25,300,143,2023-03-19
2741,8,6,8,166,2024-11-17
2742,40,49,360,61,2023-07-13
2743,10,30,130,68,2024-09-30
2744,30,23,310,181,2024-05-23
2745,10,31,130,133,2024-07-12
2746,12,7,92,176,2024-05-06
2747,10,21,250,154,2023-09-05
2748,40,14,480,93,2024-02-15
2749,15,32,15,80,2024-01-20
2750,37,35,397,68,2023-07-29
2751,10,32,330,105,2023-02-20
2752,30,25,390,196,2023-10-04
2753,25,9,105,81,2023-04-01
2754,8,10,8,194,2024-06-17
2755,2,28,482,181,2023-04-30
2756,1,23,241,114,2024-02-11
2757,37,26,157,136,2024-02-01
2758,13,36,293,73,2023-03-26
2759,11,18,491,85,2023-05-17
2760,22,42,142,92,2023-08-28
2761,6,1,166,69,2024-01-05
2762,33,18,73,152,2024-12-21
2763,27,47,267,109,2024-06-01
2764,24,42,424,68,2024-06-27
2765,9,14,489,172,2024-09-12
2766,23,24,63,115,2024-06-28
2767,10,14,130,100,2024-12-20
2768,35,18,355,71,2023-02-12
2769,39,2,399,80,2024-10-12
2770,28,25,148,72,2024-01-10
2771,9,14,49,59,2023-12-21
2772,7,15,327,31,2024-10-19
2773,26,50,266,59,2024-07-27
2774,33,4,353,100,2024-08-08
2775,25,28,225,91,2023-10-30
2776,20,13,460,170,2024-03-29
2777,32,8,112,151,2024-02-01
2778,23,14,183,149,2024-05-12
2779,23,25,463,105,2024-06-23
2780,5,5,165,137,2023-05-03
2781,21,4,341,77,2023-07-18
2782,4,28,124,73,2024-03-04
2783,14,1,454,27,2024-05-28
2784,8,35,328,53,2023-11-18
2785,36,47,196,133,2024-04-11
2786,37,44,317,121,2023-06-15
2787,34,13,354,144,2024-04-22
2788,18,20,218,89,2024-09-29
2789,26,13,306,125,2024-08-24
2790,14,46,454,199,2023-10-26
2791,3,46,283,101,2023-11-12
2792,16,13,296,53,2024-06-13
2793,7,27,367,127,2023-02-06
2794,30,3,390,104,2024-08-08
2795,35,9,35,145,2024-12-01
2796,20,4,180,124,2023-08-23
2797,30,37,430,56,2024-04-19
2798,6,29,6,152,2023-01-18
2799,30,22,30,43,2023-01-21
2800,3,47,243,43,2024-02-17
2801,12,48,332,176,2024-07-12
2802,25,1,425,107,2023-12-10
2803,24,46,184,161,2023-02-09
2804,6,28,326,115,2023-04-01
2805,22,19,22,48,2023-01-18
2806,5,11,5,122,2024-10-25
2807,26,37,226,28,2024-09-28
2808,7,26,287,192,2024-04-29
2809,19,39,379,88,2023-03-05
2810,10,14,410,185,2024-09-24
2811,34,22,434,26,2024-01-26
2812,25,21,265,129,2023-02-19
2813,14,49,374,171,2024-11-14
2814,9,3,289,178,2024-04-10
2815,1,22,81,150,2024-03-16
2816,39,42,439,69,2024-12-10
2817,7,18,367,92,2023-11-26
2818,37,42,197,158,2023-12-26
2819,4,24,244,92,2023-05-14
2820,28,29,268,94,2023-02-20
2821,40,7,320,117,2023-03-07
2822,16,1,296,128,2023-03-14
2823,12,10,452,184,2023-02-12
2824,11,3,91,193,2023-04-26
2825,4,19,444,67,2023-06-29
2826,10,12,490,57,2023-04-05
2827,36,1,396,144,2023-05-19
2828,25,26,65,110,2023-01-07
2829,38,49,278,162,2024-06-11
2830,12,1,252,111,2024-11-05
2831,38,42,318,133,2024-09-05
2832,36,42,476,131,2024-05-01
2833,30,35,430,186,2024-12-25
2834,30,10,190,127,2024-11-06
2835,29,30,109,94,2024-02-10
2836,21,20,301,168,2024-07-10
2837,17,45,17,119,2024-01-01
2838,39,30,39,177,2024-05-24
2839,11,14,211,30,2024-05-05
2840,18,30,218,23,2023-05-16
2841,20,10,60,175,2024-06-16
2842,3,41,83,157,2023-09-05
2843,32,42,272,28,2024-12-01
2844,25,40,305,178,2024-04-05
2845,17,10,57,159,2023-08-07
2846,29,5,29,27,2024-03-13
2847,12,32,372,153,2023-02-10
2848,25,33,225,52,2023-02-26
2849,27,11,427,145,2023-04-06
2850,22,49,22,193,2023-10-19
2851,36,14,36,96,2023-11-27
2852,14,33,374,142,2023-12-08
2853,38,14,118,93,2023-04-28
2854,4,33,124,100,2024-08-06
2855,36,27,36,148,2024-08-24
2856,1,34,1,121,2023-08-01
2857,30,40,390,22,2024-08-17
2858,11,26,171,21,2023-02-13
2859,9,12,9,164,2023-04-13
2860,37,24,77,94,2023-09-09
2861,40,38,240,192,2023-09-09
2862,12,16,12,179,2023-04-25
2863,35,16,155,170,2023-06-10
2864,29,50,29,112,2024-11-21
2865,39,24,279,66,2024-09-11
2866,2,42,202,147,2023-04-15
2867,17,39,337,112,2024-05-24
2868,10,23,210,60,2023-12-01
2869,8,28,88,84,2024-08-19
2870,28,23,468,40,2023-07-06
2871,7,25,407,92,2024-02-17
2872,40,26,280,146,2023-12-18
2873,18,11,298,112,2024-06-24
2874,24,12,144,68,2024-06-02
2875,36,36,396,72,2024-01-22
2876,14,25,174,124,2023-09-11
2877,19,18,379,104,2023-10-24
2878,40,27,320,87,2023-03-03
2879,24,28,304,192,2024-02-12
2880,6,23,286,124,2024-08-30
2881,15,14,135,106,2024-03-30
2882,11,21,91,125,2024-04-30
2883,27,1,147,186,2024-10-27
2884,37,46,277,87,2023-10-22
2885,10,48,10,118,2024-06-23
2886,11,27,211,117,2023-01-19
2887,28,34,428,189,2023-04-29
2888,32,44,392,115,2024-09-01
2889,35,37,395,102,2023-09-17
2890,13,17,453,197,2024-11-12
2891,9,17,489,126,2024-03-04
2892,9,16,129,128,2024-12-06
2893,36,44,76,164,2024-08-06
2894,23,18,343,133,2024-04-18
2895,15,32,375,47,2024-01-18
2896,4,33,4,34,2024-03-28
2897,12,8,452,170,2023-04-25
2898,15,14,215,58,2023-02-09
2899,29,50,29,193,2023-05-10
2900,10,42,10,69,2024-01-09
2901,23,37,303,94,2024-11-15
2902,36,9,316,102,2024-05-20
2903,19,33,219,80,2023-05-25
2904,13,41,53,114,2023-08-10
2905,21,42,181,181,2023-11-12
2906,40,44,400,164,2023-04-06
2907,19,2,259,85,2023-03-04
2908,36,6,76,136,2024-06-28
2909,4,13,284,60,2024-04-23
2910,26,13,186,119,2023-02-16
2911,33,31,353,67,2024-02-23
2912,28,43,108,162,2024-07-04
2913,6,8,286,187,2024-06-10
2914,15,11,455,188,2024-02-26
2915,15,17,175,69,2023-07-08
2916,31,4,431,47,2023-12-21
2917,40,19,400,150,2023-01-08
2918,32,34,72,194,2023-09-12
2919,17,13,457,57,2024-03-16
2920,8,46,248,52,2023-10-21
2921,34,12,314,154,2023-03-13
2922,31,14,151,55,2023-03-05
2923,17,25,57,63,2024-03-27
2924,30,42,470,184,2023-07-13
2925,3,45,363,35,2024-01-03
2926,1,31,121,179,2024-04-30
2927,36,8,36,51,2024-04-11
2928,40,50,120,22,2023-06-28
2929,16,33,416,152,2023-02-09
2930,37,33,317,151,2023-01-31
2931,37,26,37,56,2024-05-27
2932,3,37,203,158,2023-12-18
2933,8,10,88,134,2024-04-12
2934,20,3,340,139,2023-05-09
2935,3,8,243,133,2024-03-03
2936,22,9,62,143,2023-01-16
2937,15,42,455,128,2023-03-27
2938,33,5,313,104,2024-12-05
2939,27,36,147,33,2024-02-24
2940,1,43,321,58,2023-11-28
2941,26,11,146,167,2024-07-21
2942,8,32,288,145,2023-12-14
2943,28,50,388,190,2024-01-26
2944,28,17,68,156,2023-11-11
2945,11,49,51,21,2024-11-09
2946,22,36,102,142,2024-03-11
2947,40,11,320,68,2024-03-10
2948,36,8,476,189,2024-11-03
2949,8,12,48,110,2024-09-21
2950,26,22,426,179,2024-06-18
2951,27,22,307,114,2023-12-19
2952,7,41,47,31,2024-08-03
2953,24,30,464,138,2024-12-24
2954,36,9,236,60,2023-03-11
2955,28,46,148,182,2024-09-13
2956,27,16,67,89,2024-11-10
2957,19,15,219,145,2024-08-23
2958,14,42,254,99,2023-09-29
2959,20,39,380,37,2024-05-10
2960,24,34,304,120,2024-12-03
2961,12,40,332,186,2024-04-05
2962,21,39,341,112,2024-10-17
2963,3,38,243,163,2024-03-14
2964,3,43,43,53,2023-03-08
2965,18,7,138,86,2024-11-28
2966,39,8,399,195,2023-06-13
2967,31,9,31,119,2024-02-17
2968,14,47,454,151,2024-09-03
2969,18,14,418,144,2023-09-07
2970,39,15,199,26,2023-07-18
2971,25,35,225,128,2023-07-30
2972,14,9,174,72,2023-04-15
2973,1,44,1,199,2023-04-21
2974,31,13,311,26,2024-02-12
2975,5,13,445,160,2024-06-06
2976,33,26,233,118,2024-12-15
2977,30,27,230,175,2023-02-10
2978,28,18,108,103,2023-08-21
2979,36,46,476,130,2023-09-07
2980,12,8,92,179,2023-06-14
2981,14,8,94,185,2023-12-19
2982,2,25,362,40,2023-05-10
2983,34,48,394,182,2023-08-20
2984,12,1,252,60,2023-12-18
2985,8,10,208,185,2024-02-18
2986,39,25,439,128,2023-07-12
2987,4,45,84,68,2024-09-08
2988,18,6,18,174,2023-04-29
2989,6,32,486,139,2024-11-24
2990,17,40,457,146,2024-05-19
2991,4,38,284,139,2023-12-13
2992,1,9,201,119,2024-10-23
2993,24,7,464,20,2023-10-15
2994,40,9,200,145,2023-05-19
2995,37,35,117,114,2024-02-01
2996,28,17,28,108,2024-10-29
2997,33,26,233,161,2024-10-17
2998,37,49,397,52,2023-12-18
2999,16,37,496,67,2024-03-03
3000,33,17,193,41,2024-11-26
3001,28,49,348,22,2023-03-06
3002,16,7,376,67,2024-11-09
3003,11,23,331,68,2023-02-16
3004,23,38,463,80,2024-03-24
3005,10,47,90,199,2023-12-02
3006,28,27,388,103,2023-01-04
3007,6,23,446,120,2023-04-04
3008,40,29,360,93,2024-05-30
3009,18,2,18,193,2023-08-29
3010,6,22,166,145,2024-10-16
3011,7,12,127,74,2024-10-08
3012,1,43,241,136,2024-11-07
3013,24,44,264,114,2023-01-27
3014,26,22,466,107,2023-06-29
3015,3,3,283,107,2024-10-23
3016,2,36,322,141,2024-02-02
3017,21,9,141,99,2023-03-13
3018,34,26,434,32,2023-11-06
3019,22,47,142,114,2023-11-22
3020,35,38,315,152,2023-06-02
3021,33,48,73,151,2024-10-02
3022,39,32,319,63,2024-10-05
3023,11,15,251,198,2023-07-31
3024,38,28,478,114,2023-10-26
3025,7,12,447,168,2024-12-03
3026,9,24,449,103,2024-09-22
3027,22,23,142,119,2024-09-30
3028,37,29,357,43,2023-07-13
3029,8,9,88,135,2023-09-03
3030,21,17,181,170,2023-07-06
3031,35,25,315,126,2023-01-20
3032,30,6,470,152,2023-11-23
3033,40,40,160,58,2023-01-22
3034,19,1,139,114,2024-05-29
3035,14,19,214,189,2024-09-15
3036,16,3,376,87,2024-11-07
3037,16,47,496,184,2024-02-14
3038,24,18,464,160,2023-10-20
3039,7,13,407,33,2023-04-14
3040,36,28,236,84,2024-10-17
3041,33,20,193,196,2024-02-23
3042,5,13,165,48,2024-01-31
3043,40,10,240,49,2023-12-15
3044,5,3,85,161,2023-07-06
3045,28,18,468,88,2023-05-31
3046,29,48,389,68,2023-04-20
3047,15,12,375,43,2023-10-06
3048,5,17,325,196,2023-10-21
3049,21,4,341,76,2024-08-14
3050,36,7,396,192,2023-06-25
3051,8,29,88,89,2023-11-25
3052,16,6,336,140,2024-05-14
3053,5,45,85,197,2023-02-21
3054,18,25,18,121,2024-07-04
3055,28,49,268,141,2024-08-18
3056,36,45,276,73,2024-11-12
3057,24,43,384,187,2024-10-05
3058,4,43,404,67,2023-11-04
3059,11,16,451,147,2024-10-30
3060,16,5,16,75,2023-02-16
3061,27,26,387,161,2024-11-02
3062,3,33,243,136,2024-12-29
3063,11,31,171,68,2023-01-30
3064,15,9,15,92,2024-11-10
3065,13,46,53,171,2023-11-03
3066,26,30,466,157,2023-07-18
3067,4,28,4,65,2023-12-25
3068,8,14,448,85,2024-11-10
3069,35,5,235,51,2024-08-22
3070,34,39,234,88,2023-07-14
3071,1,39,441,170,2023-10-12
3072,5,15,365,176,2024-12-13
3073,14,8,294,54,2024-10-03
3074,25,5,425,86,2023-04-23
3075,3,10,443,49,2024-07-21
3076,37,41,317,104,2023-09-26
3077,9,4,369,83,2024-04-03
3078,21,15,181,20,2024-10-11
3079,21,36,261,200,2024-07-12
3080,17,12,97,51,2024-12-02
3081,7,43,87,144,2023-11-14
3082,37,50,237,57,2024-11-19
3083,16,11,416,34,2024-05-31
3084,40,6,280,159,2023-08-13
3085,5,41,205,161,2023-07-16
3086,1,21,41,142,2024-05-15
3087,14,15,414,51,2024-07-20
3088,31,3,151,151,2023-09-28
3089,31,4,391,171,2023-09-02
3090,33,17,313,154,2024-02-24
3091,36,30,356,85,2024-06-05
3092,33,5,233,131,2023-03-06
3093,6,48,126,80,2023-12-22
3094,12,12,492,153,2024-04-30
3095,24,30,384,53,2024-09-21
3096,21,33,61,44,2023-10-09
3097,18,33,258,62,2024-09-29
3098,28,15,268,155,2024-03-02
3099,16,28,216,60,2023-06-23
3100,26,40,186,131,2023-09-01
3101,39,40,439,56,2023-10-14
3102,39,18,159,97,2023-12-23
3103,7,33,407,183,2023-05-26
3104,23,13,463,66,2024-01-16
3105,14,22,494,93,2024-07-28
3106,32,44,112,138,2024-01-08
3107,11,33,11,56,2023-09-09
3108,40,45,280,55,2024-04-10
3109,8,43,488,191,2023-01-19
3110,34,49,34,139,2024-10-06
3111,31,42,31,191,2024-12-25
3112,2,41,442,171,2023-11-13
3113,21,49,181,90,2024-03-06
3114,12,11,12,161,2023-04-10
3115,29,3,469,87,2023-07-21
3116,31,25,471,169,2024-08-13
3117,21,2,101,37,2024-05-17
3118,16,40,496,146,2024-05-16
3119,32,45,272,178,2024-01-29
3120,31,44,191,26,2024-04-18
3121,8,8,488,112,2024-07-02
3122,3,50,83,72,2024-03-24
3123,20,15,300,125,2023-09-08
3124,9,43,409,26,2024-09-10
3125,23,39,143,50,2023-05-26
3126,35,10,475,67,2024-12-02
3127,7,29,447,43,2024-01-10
3128,37,50,437,128,2024-01-01
3129,24,6,144,112,2023-01-18
3130,9,31,209,189,2024-09-25
3131,18,43,418,186,2023-09-01
3132,31,15,111,159,2024-10-18
3133,9,21,9,137,2024-01-26
3134,36,6,436,102,2023-01-12
3135,23,4,343,65,2024-08-17
3136,29,18,229,59,2024-06-01
3137,19,39,419,89,2023-03-20
3138,22,19,462,90,2023-06-12
3139,27,17,467,143,2023-04-21
3140,16,43,96,70,2024-03-08
3141,10,21,450,68,2023-03-05
3142,14,10,214,105,2024-03-27
3143,14,38,454,131,2023-08-06
3144,36,27,356,28,2024-07-05
3145,37,4,477,53,2024-08-12
3146,20,25,260,199,2024-09-16
3147,6,13,166,93,2023-06-03
3148,5,22,165,111,2024-04-30
3149,25,36,185,113,2024-09-26
3150,14,20,374,67,2024-01-20
3151,11,8,11,176,2023-09-30
3152,22,19,382,140,2023-09-07
3153,34,44,114,141,2024-04-19
3154,34,40,34,76,2024-11-04
3155,10,46,490,123,2024-06-28
3156,9,23,89,46,2024-11-05
3157,32,5,112,58,2024-03-12
3158,16,2,336,157,2023-07-17
3159,14,44,54,25,2024-01-20
3160,14,29,94,44,2023-01-23
3161,33,28,433,96,2023-10-24
3162,30,42,190,47,2024-09-23
3163,32,47,272,152,2024-04-10
3164,19,12,499,51,2023-06-24
3165,2,30,122,183,2023-09-18
3166,13,5,293,22,2024-04-22
3167,3,26,283,190,2024-03-03
3168,25,22,345,84,2024-10-24
3169,23,34,103,188,2023-10-06
3170,38,3,78,60,2023-09-15
3171,21,42,21,122,2024-07-29
3172,37,34,37,93,2024-12-18
3173,14,41,294,125,2023-06-10
3174,28,38,348,81,2023-04-07
3175,15,9,215,155,2024-12-23
3176,30,20,350,36,2023-02-26
3177,38,30,398,74,2023-10-05
3178,5,34,365,156,2024-04-18
3179,3,44,43,150,2023-11-01
3180,27,5,307,40,2024-03-23
3181,40,22,320,94,2023-12-11
3182,18,32,218,129,2023-03-30
3183,23,14,263,92,2023-04-22
3184,4,26,4,197,2023-08-10
3185,32,31,32,132,2023-11-22
3186,16,36,496,159,2023-08-08
3187,7,20,407,158,2024-06-30
3188,38,13,478,190,2024-03-31
3189,24,38,184,84,2023-12-10
3190,32,38,392,136,2023-05-18
3191,30,39,110,154,2023-06-19
3192,23,16,463,58,2024-03-26
3193,39,17,239,199,2023-08-10
3194,17,11,457,68,2023-09-28
3195,4,34,4,47,2024-03-19
3196,10,46,330,144,2024-06-16
3197,18,48,498,192,2024-11-17
3198,40,27,200,191,2024-06-21
3199,20,28,260,29,2023-09-09
3200,32,41,112,158,2023-05-04
3201,4,36,444,20,2024-08-04
3202,14,31,374,184,2023-11-19
3203,25,49,225,138,2024-07-23
3204,1,15,41,118,2024-06-25
3205,16,34,16,130,2024-12-01
3206,24,3,264,121,2024-12-03
3207,33,4,353,148,2023-07-29
3208,26,42,266,102,2023-04-26
3209,24,16,24,193,2024-08-25
3210,19,44,59,73,2023-05-29
3211,4,5,84,90,2024-04-18
3212,12,18,492,191,2023-01-29
3213,7,41,127,35,2023-09-25
3214,12,1,212,82,2023-02-24
3215,24,17,184,180,2023-09-28
3216,10,42,490,80,2024-05-06
3217,4,34,204,71,2023-11-20
3218,15,23,415,131,2024-12-10
3219,19,43,139,71,2023-08-24
3220,18,12,258,185,2023-12-28
3221,13,15,13,188,2024-12-04
3222,32,2,312,182,2024-09-02
3223,3,37,83,176,2023-06-06
3224,37,19,437,127,2024-11-06
3225,19,32,299,34,2023-10-13
3226,20,22,60,61,2024-11-14
3227,20,1,100,104,2024-09-04
3228,15,20,495,90,2024-12-24
3229,34,48,114,179,2024-08-15
3230,1,27,121,150,2024-11-16
3231,30,2,350,47,2024-06-06
3232,20,48,140,160,2023-07-21
3233,38,11,318,82,2024-10-20
3234,21,36,461,191,2024-12-16
3235,11,45,171,50,2024-06-16
3236,7,13,87,102,2023-10-25
3237,10,50,170,170,2023-06-08
3238,20,27,460,181,2023-01-29
3239,26,24,306,61,2023-06-14
3240,23,42,103,190,2024-02-03
3241,27,45,387,148,2023-06-22
3242,34,40,34,77,2023-06-21
3243,32,6,392,153,2024-03-15
3244,14,23,14,110,2023-05-28
3245,7,21,87,105,2024-03-30
3246,38,50,118,42,2024-04-10
3247,6,45,486,73,2023-12-30
3248,37,1,397,81,2023-07-30
3249,13,14,293,35,2024-05-18
3250,20,49,380,102,2024-01-16
3251,37,18,317,66,2023-11-06
3252,1,13,121,165,2023-03-24
3253,25,35,385,130,2023-06-09
3254,28,5,348,82,2023-04-08
3255,37,25,77,88,2024-03-24
3256,20,30,180,99,2024-02-24
3257,23,24,183,119,2023-11-22
3258,13,49,133,120,2024-10-07
3259,7,29,287,107,2023-07-12
3260,19,26,59,20,2024-09-02
3261,32,22,312,168,2023-04-01
3262,13,10,133,76,2024-03-19
3263,1,29,401,182,2024-06-04
3264,31,16,111,99,2023-01-21
3265,17,16,257,198,2024-07-15
3266,18,44,298,186,2024-07-10
3267,29,26,109,50,2023-03-30
3268,6,45,286,130,2024-10-17
3269,30,47,110,193,2024-01-22
3270,4,27,4,124,2023-09-23
3271,16,19,16,164,2023-01-02
3272,39,43,479,122,2024-01-14
3273,26,14,346,59,2023-02-17
3274,15,16,135,175,2023-06-18
3275,39,6,159,119,2024-05-17
3276,9,20,289,166,2024-10-15
3277,2,3,122,106,2023-09-26
3278,37,14,477,149,2024-01-22
3279,12,7,92,73,2024-11-18
3280,21,10,221,172,2023-04-04
3281,26,1,226,70,2023-03-24
3282,39,49,239,165,2024-08-18
3283,13,13,493,31,2024-10-11
3284,9,29,489,128,2023-04-25
3285,33,36,273,44,2024-10-07
3286,8,23,328,160,2023-11-06
3287,29,1,389,174,2024-05-06
3288,35,49,115,94,2023-11-27
3289,16,32,296,90,2024-04-16
3290,17,15,497,111,2023-01-10
3291,1,29,41,105,2024-08-24
3292,13,20,493,115,2024-04-06
3293,20,27,300,152,2023-09-22
3294,16,31,256,132,2024-05-19
3295,12,1,412,182,2024-06-25
3296,2,36,362,36,2024-11-25
3297,20,14,380,195,2024-04-06
3298,13,16,13,125,2024-02-02
3299,15,19,295,131,2024-09-08
3300,37,35,197,31,2023-12-11
3301,9,50,449,143,2024-08-26
3302,7,40,207,175,2023-10-24
3303,15,47,335,158,2024-02-03
3304,38,32,318,188,2024-10-26
3305,28,19,308,106,2023-07-31
3306,15,47,175,82,2024-09-02
3307,24,39,384,173,2024-10-14
3308,23,20,343,153,2024-08-18
3309,25,8,385,54,2024-12-28
3310,26,38,306,40,2023-10-18
3311,33,5,33,176,2024-07-20
3312,10,48,10,80,2024-02-27
3313,39,21,479,120,2024-09-07
3314,19,34,339,103,2023-04-16
3315,14,27,294,43,2024-01-20
3316,8,37,128,163,2024-11-13
3317,16,24,256,191,2024-12-22
3318,6,35,326,36,2024-07-23
3319,25,9,105,22,2024-03-23
3320,29,44,229,109,2024-12-21
3321,19,42,379,149,2024-10-28
3322,12,8,332,85,2024-03-04
3323,33,24,473,121,2023-02-05
3324,11,22,291,27,2023-02-05
3325,24,18,384,53,2023-02-01
3326,8,16,448,140,2023-09-08
3327,24,1,344,152,2024-03-04
3328,30,25,190,142,2023-01-22
3329,37,11,397,33,2023-09-07
3330,21,34,301,186,2024-10-19
3331,10,8,170,193,2023-09-08
3332,23,17,463,154,2024-10-25
3333,34,9,114,136,2023-05-14
3334,29,25,349,133,2023-01-12
3335,39,11,239,24,2024-05-16
3336,21,34,181,118,2024-10-11
3337,40,42,240,113,2023-01-23
3338,19,49,259,153,2023-05-03
3339,40,39,360,168,2024-11-19
3340,30,38,150,28,2023-10-04
3341,7,17,447,107,2024-09-17
3342,6,13,406,64,2023-10-05
3343,35,11,75,169,2023-04-14
3344,30,5,30,174,2023-11-29
3345,28,22,308,70,2023-01-09
3346,21,17,61,93,2024-12-18
3347,13,46,413,164,2023-09-24
3348,38,12,318,199,2023-01-09
3349,3,28,403,107,2024-11-22
3350,37,11,477,109,2024-09-09
3351,15,30,95,198,2024-09-02
3352,19,2,459,64,2024-11-20
3353,23,14,463,141,2024-10-05
3354,10,14,330,189,2023-01-22
3355,8,34,448,160,2024-05-01
3356,1,3,481,171,2024-06-06
3357,12,29,372,104,2024-06-10
3358,40,21,40,78,2023-03-05
3359,35,21,155,44,2024-04-06
3360,20,43,460,30,2024-11-24
3361,32,44,72,28,2023-03-07
3362,39,24,39,133,2024-06-10
3363,25,1,465,116,2024-10-02
3364,21,40,181,114,2024-04-01
3365,34,25,194,191,2023-08-02
3366,36,23,36,165,2024-08-21
3367,26,19,466,153,2023-09-19
3368,5,38,125,147,2023-09-04
3369,22,23,462,26,2024-02-24
3370,5,42,45,95,2023-11-15
3371,20,33,300,98,2023-09-28
3372,35,11,355,52,2023-05-17
3373,21,20,261,84,2024-03-08
3374,25,28,265,31,2023-11-16
3375,39,50,119,160,2023-05-25
3376,6,34,166,144,2024-04-24
3377,28,43,188,34,2024-10-31
3378,11,13,211,139,2023-01-08
3379,14,15,334,29,2024-11-19
3380,31,26,271,189,2023-02-14
3381,36,11,196,28,2024-04-21
3382,26,35,226,59,2023-08-31
3383,19,19,219,55,2024-06-14
3384,26,17,466,34,2024-06-26
3385,2,20,122,78,2024-08-04
3386,30,23,430,68,2024-01-05
3387,13,33,253,26,2024-12-08
3388,6,3,406,197,2023-05-08
3389,12,28,452,181,2024-11-06
3390,13,43,133,195,2023-07-21
3391,6,50,286,124,2023-05-30
3392,18,2,138,188,2024-12-11
3393,39,8,319,81,2024-04-19
3394,8,44,288,34,2023-01-16
3395,8,11,408,87,2023-09-24
3396,8,17,488,194,2023-11-19
3397,25,45,25,168,2024-11-11
3398,40,24,200,199,2024-03-28
3399,37,46,277,121,2024-04-26
3400,14,11,334,35,2023-05-08
3401,32,20,472,175,2023-03-27
3402,40,27,440,164,2023-11-17
3403,6,22,166,113,2024-04-08
3404,18,43,338,192,2024-01-21
3405,15,16,295,65,2023-04-10
3406,29,41,309,146,2024-04-05
3407,7,1,167,28,2023-06-02
3408,25,10,425,116,2024-12-13
3409,39,17,159,81,2024-11-19
3410,22,11,462,95,2023-05-12
3411,34,23,394,102,2024-07-13
3412,13,5,53,79,2024-04-26
3413,11,31,91,147,2024-09-23
3414,6,8,366,147,2023-05-26
3415,23,5,223,76,2024-02-08
3416,26,34,346,116,2024-09-02
3417,3,5,123,29,2023-01-20
3418,25,3,425,107,2024-01-02
3419,35,24,475,44,2023-11-21
3420,12,18,292,135,2023-06-07
3421,9,48,409,156,2024-04-30
3422,25,32,65,61,2023-02-27
3423,4,19,444,178,2023-11-24
3424,36,45,236,41,2024-05-30
3425,15,18,295,190,2024-05-08
3426,4,22,4,193,2023-06-24
3427,18,31,458,87,2024-11-12
3428,30,7,350,168,2024-02-02
3429,18,36,458,154,2023-08-21
3430,6,8,46,68,2023-12-16
3431,16,33,416,70,2023-05-18
3432,35,35,115,115,2023-04-09
3433,10,31,210,109,2024-09-04
3434,28,9,28,60,2024-10-01
3435,18,38,58,33,2023-01-11
3436,11,35,11,95,2023-06-06
3437,6,44,166,80,2023-09-26
3438,4,21,204,140,2023-02-22
3439,15,23,495,161,2024-10-29
3440,31,43,231,39,2024-01-27
3441,37,44,397,92,2023-09-02
3442,37,1,437,49,2023-12-01
3443,38,38,478,92,2024-07-21
3444,33,25,33,64,2023-10-23
3445,16,39,496,30,2024-06-23
3446,27,24,387,88,2023-12-19
3447,15,13,495,179,2024-09-15
3448,11,8,251,108,2023-04-21
3449,14,36,94,93,2023-01-01
3450,1,44,1,88,2023-01-09
3451,22,11,382,187,2023-05-04
3452,18,37,258,142,2024-08-05
3453,24,28,64,93,2024-01-02
3454,1,14,201,127,2023-10-06
3455,20,24,500,199,2024-03-12
3456,34,5,114,199,2024-10-10
3457,11,42,171,109,2023-07-03
3458,38,4,198,82,2023-03-20
3459,6,3,126,66,2024-11-14
3460,18,21,138,60,2024-03-02
3461,8,33,448,82,2024-06-02
3462,7,2,167,188,2023-02-03
3463,10,24,170,147,2023-09-11
3464,13,47,413,50,2023-05-07
3465,16,1,256,26,2023-04-29
3466,5,50,325,83,2024-08-02
3467,7,23,327,56,2023-09-14
3468,23,41,383,94,2023-10-20
3469,3,25,243,118,2023-11-29
3470,20,49,460,153,2024-08-30
3471,31,23,31,115,2024-04-13
3472,17,47,177,63,2023-10-07
3473,14,15,54,142,2024-09-29
3474,29,10,349,32,2024-07-18
3475,25,33,185,134,2023-06-03
3476,9,13,9,28,2024-05-10
3477,12,45,492,139,2023-07-11
3478,7,38,127,150,2024-06-09
3479,26,30,386,131,2023-10-08
3480,2,17,322,172,2024-03-26
3481,36,47,436,191,2024-05-27
3482,10,2,490,131,2024-08-31
3483,9,4,169,146,2023-02-20
3484,14,2,294,174,2024-08-17
3485,29,15,229,108,2023-04-09
3486,5,14,125,99,2023-11-06
3487,36,5,36,46,2024-02-29
3488,10,28,410,196,2023-08-21
3489,28,6,308,130,2023-01-15
3490,2,28,282,52,2024-09-21
3491,19,36,179,173,2024-08-25
3492,16,49,136,83,2024-08-04
3493,6,2,46,73,2023-06-06
3494,15,29,15,146,2024-11-25
3495,18,44,338,69,2024-06-12
3496,23,46,23,88,2023-05-17
3497,39,22,159,92,2023-06-18
3498,38,36,278,83,2024-11-25
3499,16,1,256,165,2023-04-23
3500,1,1,121,177,2023-10-31
3501,25,13,225,82,2023-11-23
3502,14,29,494,124,2024-02-24
3503,22,16,142,31,2023-02-27
3504,25,49,265,80,2023-10-30
3505,40,31,40,26,2024-06-23
3506,9,24,129,163,2024-11-25
3507,17,10,497,24,2024-04-16
3508,3,17,403,83,2023-01-06
3509,20,42,420,103,2023-10-24
3510,29,22,229,179,2024-01-13
3511,5,48,365,130,2024-08-25
3512,19,14,419,38,2023-01-20
3513,13,33,93,43,2023-07-24
3514,6,14,366,186,2023-09-13
3515,14,12,54,49,2024-10-01
3516,32,15,352,103,2023-12-10
3517,20,49,220,118,2024-03-02
3518,3,14,243,50,2023-11-29
3519,29,15,309,141,2023-09-02
3520,27,12,267,185,2023-01-09
3521,26,27,106,108,2023-12-15
3522,2,33,202,47,2023-05-20
3523,6,16,246,98,2024-01-19
3524,14,10,94,129,2024-07-25
3525,21,38,301,61,2023-07-20
3526,33,7,273,49,2023-12-23
3527,25,28,185,37,2023-05-10
3528,30,8,30,179,2023-02-19
3529,22,48,22,53,2023-02-19
3530,30,11,70,129,2024-05-14
3531,40,26,400,100,2023-02-16
3532,30,40,190,134,2023-02-20
3533,21,39,261,94,2023-11-13
3534,32,28,392,200,2023-04-23
3535,1,27,161,49,2023-09-25
3536,39,2,319,145,2023-10-04
3537,17,38,497,196,2024-08-27
3538,31,18,271,165,2024-04-05
3539,28,5,68,48,2024-10-09
3540,1,12,1,37,2023-08-19
3541,13,6,173,75,2024-07-01
3542,5,47,205,190,2023-10-01
3543,11,15,331,147,2023-07-02
3544,23,30,463,190,2024-07-29
3545,24,34,464,155,2024-03-13
3546,4,17,324,79,2023-11-08
3547,18,35,58,171,2024-02-25
3548,35,5,275,33,2023-07-23
3549,13,35,93,39,2024-01-29
3550,19,8,459,192,2023-04-18
3551,7,10,207,169,2023-12-03
3552,13,6,293,75,2023-08-21
3553,19,8,419,66,2023-05-09
3554,32,46,72,193,2024-12-26
3555,35,41,275,73,2024-01-03
3556,21,48,421,36,2023-09-08
3557,38,44,358,107,2024-05-30
3558,2,38,2,174,2023-06-01
3559,30,8,390,175,2024-04-03
3560,28,28,68,21,2024-07-20
3561,12,4,292,118,2024-10-22
3562,3,6,123,183,2023-09-19
3563,40,16,440,31,2023-07-06
3564,9,42,129,97,2023-09-14
3565,13,34,53,184,2024-05-28
3566,6,6,6,115,2023-04-02
3567,5,26,485,42,2023-06-23
3568,8,28,408,20,2023-07-21
3569,36,18,276,118,2023-03-18
3570,18,24,458,189,2023-09-14
3571,3,19,203,102,2024-10-26
3572,6,43,126,24,2024-08-01
3573,14,16,294,51,2024-03-17
3574,14,38,94,115,2024-06-06
3575,12,41,172,41,2023-06-13
3576,6,34,126,173,2024-02-21
3577,24,37,384,107,2024-08-17
3578,13,24,413,144,2024-06-03
3579,17,35,17,181,2024-05-08
3580,21,3,341,27,2023-10-15
3581,22,6,142,52,2024-02-13
3582,3,48,323,191,2024-07-10
3583,8,21,48,115,2024-10-09
3584,19,29,59,107,2024-02-16
3585,8,49,328,40,2024-10-20
3586,5,13,45,186,2023-01-29
3587,8,47,408,160,2024-12-05
3588,12,22,452,75,2024-12-09
3589,38,30,118,161,2023-10-17
3590,17,13,217,43,2024-11-10
3591,10,15,370,29,2024-10-28
3592,34,4,234,32,2023-04-30
3593,33,43,233,198,2023-02-04
3594,12,30,412,170,2024-05-29
3595,25,49,385,160,2023-03-04
3596,37,39,237,183,2023-11-16
3597,3,2,443,192,2024-04-13
3598,31,44,231,90,2024-11-16
3599,6,16,6,28,2024-12-05
3600,1,20,121,141,2024-09-30
3601,15,25,375,97,2023-09-16
3602,26,25,146,35,2023-11-02
3603,28,18,268,150,2024-10-03
3604,33,32,273,126,2023-09-16
3605,27,6,227,80,2024-04-05
3606,37,16,37,145,2023-01-03
3607,7,22,407,183,2023-11-09
3608,22,44,182,56,2024-05-03
3609,38,45,38,162,2024-06-04
3610,14,42,54,28,2023-05-24
3611,9,48,409,107,2023-08-28
3612,21,10,301,136,2023-05-11
3613,14,50,334,144,2024-09-27
3614,10,11,490,153,2023-09-13
3615,19,45,99,111,2024-09-03
3616,22,2,302,56,2024-07-16
3617,35,15,435,66,2024-04-23
3618,13,29,493,105,2024-07-08
3619,17,10,297,138,2024-09-20
3620,22,14,62,150,2023-12-17
3621,36,27,196,143,2024-06-25
3622,35,50,315,71,2023-10-18
3623,20,20,220,182,2024-09-25
3624,25,16,265,48,2024-09-10
3625,35,44,235,140,2023-08-05
3626,32,26,472,88,2023-08-02
3627,35,17,475,177,2024-10-12
3628,25,39,385,146,2024-07-10
3629,1,24,161,183,2023-10-28
3630,34,1,394,153,2024-10-06
3631,3,3,483,46,2024-07-18
3632,10,12,370,53,2023-03-15
3633,26,20,346,49,2023-04-30
3634,21,50,341,157,2023-04-25
3635,36,37,396,194,2023-08-09
3636,15,29,495,83,2024-01-08
3637,27,1,67,103,2024-03-27
3638,29,40,309,143,2024-10-15
3639,4,10,404,69,2024-12-20
3640,35,37,115,122,2024-05-26
3641,36,32,356,168,2023-06-14
3642,15,2,255,70,2023-06-29
3643,9,16,409,192,2023-11-15
3644,1,27,481,40,2024-02-25
3645,21,1,61,86,2024-01-12
3646,14,34,174,116,2023-03-30
3647,12,9,172,114,2023-12-13
3648,36,35,236,32,2024-07-27
3649,12,48,212,135,2024-03-30
3650,8,37,48,146,2024-07-14
3651,39,8,199,53,2023-01-19
3652,13,42,53,140,2023-11-10
3653,19,11,259,74,2023-05-17
3654,36,3,316,49,2024-04-16
3655,1,34,441,64,2024-10-14
3656,9,4,169,165,2024-07-08
3657,28,18,268,31,2023-05-01
3658,34,26,194,30,2023-02-18
3659,25,8,145,146,2024-02-20
3660,21,36,341,35,2023-03-06
3661,17,36,97,21,2024-10-04
3662,15,43,255,34,2023-03-25
3663,39,33,39,114,2023-10-08
3664,8,10,488,91,2024-02-22
3665,18,29,378,125,2023-03-29
3666,6,11,366,200,2023-03-19
3667,20,25,20,73,2023-01-13
3668,4,13,404,182,2023-11-05
3669,7,13,407,27,2024-04-11
3670,10,48,410,37,2024-04-10
3671,3,16,43,69,2023-12-02
3672,30,25,270,110,2023-07-03
3673,17,22,57,157,2023-10-08
3674,2,38,442,61,2024-05-29
3675,33,30,113,180,2023-08-25
3676,3,16,443,105,2024-07-28
3677,26,27,226,122,2024-06-12
3678,39,39,39,194,2024-10-26
3679,23,32,383,64,2024-07-16
3680,27,5,427,73,2023-08-18
3681,21,49,101,114,2024-08-31
3682,3,41,163,171,2024-02-20
3683,2,27,362,115,2023-02-06
3684,6,50,406,177,2023-03-19
3685,20,14,340,21,2023-05-31
3686,19,50,339,47,2023-12-22
3687,4,28,204,168,2023-01-04
3688,8,18,8,98,2024-11-01
3689,34,18,274,96,2023-06-10
3690,28,27,108,145,2024-12-11
3691,4,37,204,37,2024-12-15
3692,9,21,9,55,2024-08-06
3693,6,33,486,56,2024-08-28
3694,13,9,253,35,2024-05-10
3695,8,50,488,71,2023-03-14
3696,5,40,405,146,2023-12-03
3697,21,17,101,123,2023-03-14
3698,23,45,463,40,2023-04-28
3699,30,38,310,113,2024-04-16
3700,20,8,420,177,2023-10-04
3701,23,31,263,168,2024-01-06
3702,22,38,462,185,2024-05-06
3703,22,44,182,193,2023-05-20
3704,38,5,398,182,2024-09-24
3705,35,6,355,118,2023-08-13
3706,19,29,179,188,2023-06-10
3707,37,39,197,138,2024-05-08
3708,23,37,383,40,2024-05-05
3709,22,7,102,176,2023-03-16
3710,1,40,41,61,2024-10-28
3711,39,40,79,28,2024-03-31
3712,8,23,128,60,2023-11-03
3713,25,5,145,147,2024-05-23
3714,36,16,76,70,2024-05-13
3715,33,22,113,34,2024-10-07
3716,15,49,255,23,2023-08-27
3717,38,9,398,84,2023-10-10
3718,33,9,273,111,2024-08-15
3719,24,12,224,72,2023-05-24
3720,4,29,124,47,2024-10-13
3721,25,25,225,142,2023-12-07
3722,17,27,497,69,2024-02-26
3723,21,20,101,101,2024-03-07
3724,34,48,314,196,2024-03-22
3725,11,11,251,156,2024-01-04
3726,6,48,46,149,2023-07-18
3727,34,33,434,21,2023-09-15
3728,39,45,479,62,2024-04-16
3729,31,18,471,41,2023-08-21
3730,14,34,174,39,2024-06-02
3731,35,37,235,23,2024-04-30
3732,15,12,135,116,2023-12-19
3733,38,40,238,44,2023-03-29
3734,24,20,224,99,2024-05-10
3735,14,4,94,49,2024-08-30
3736,16,38,256,100,2024-12-14
3737,4,41,284,82,2024-07-27
3738,20,47,140,100,2023-07-28
3739,21,32,101,195,2023-06-26
3740,2,7,282,192,2023-08-10
3741,3,20,43,55,2023-12-20
3742,26,3,306,191,2023-12-07
3743,16,8,336,155,2024-02-24
3744,13,9,493,87,2023-11-03
3745,40,22,280,194,2023-02-25
3746,27,24,347,127,2023-10-14
3747,32,34,32,186,2024-04-26
3748,30,15,310,82,2023-01-10
3749,18,33,218,130,2023-07-30
3750,20,25,380,194,2024-08-04
3751,17,46,177,130,2024-06-03
3752,30,9,150,177,2024-10-29
3753,32,4,192,23,2024-06-20
3754,6,30,46,52,2024-01-14
3755,40,32,360,67,2023-07-12
3756,21,44,261,52,2023-07-19
3757,6,1,406,191,2024-11-17
3758,29,37,69,160,2023-03-05
3759,18,24,338,119,2024-09-26
3760,7,47,367,122,2024-12-24
3761,30,12,70,188,2024-12-06
3762,14,42,94,82,2023-07-16
3763,37,46,37,153,2023-06-12
3764,7,23,167,29,2023-02-24
3765,9,22,369,123,2024-04-11
3766,28,1,148,170,2023-10-04
3767,8,43,168,141,2023-10-02
3768,29,32,149,73,2024-09-26
3769,20,34,220,98,2024-07-03
3770,37,15,397,100,2023-08-16
3771,29,26,69,146,2023-09-03
3772,31,24,111,158,2024-06-29
3773,13,3,53,177,2024-11-04
3774,9,27,449,47,2023-07-10
3775,39,23,399,143,2023-06-03
3776,8,11,368,77,2023-01-19
3777,8,15,128,111,2023-04-13
3778,37,6,117,100,2024-01-17
3779,18,21,498,79,2024-03-24
3780,35,1,355,146,2023-02-03
3781,14,38,254,84,2023-12-05
3782,19,31,139,100,2023-11-22
3783,16,29,456,74,2024-12-07
3784,24,12,144,81,2023-07-21
3785,10,11,250,189,2023-12-14
3786,29,22,229,91,2023-05-05
3787,40,13,320,35,2023-07-12
3788,8,24,128,58,2024-03-05
3789,29,45,29,109,2023-05-29
3790,8,47,328,81,2023-10-10
3791,39,39,439,177,2024-01-15
3792,21,38,261,59,2024-08-28
3793,4,15,244,199,2024-03-01
3794,33,12,473,144,2023-11-06
3795,24,45,424,105,2023-12-26
3796,31,38,231,107,2023-12-07
3797,18,42,258,25,2024-08-27
3798,12,8,252,42,2023-08-21
3799,39,25,39,131,2024-12-22
3800,38,35,158,104,2023-07-16
3801,38,17,438,51,2024-04-25
3802,30,17,70,51,2024-03-17
3803,9,42,249,136,2024-09-21
3804,5,15,365,40,2023-12-31
3805,12,36,172,86,2023-07-08
3806,26,50,186,56,2023-08-15
3807,39,42,119,191,2023-02-12
3808,4,38,484,115,2023-03-29
3809,38,25,198,127,2023-11-08
3810,31,4,471,162,2023-12-14
3811,18,36,498,21,2024-05-09
3812,10,40,10,136,2023-01-17
3813,39,2,279,200,2023-12-10
3814,13,31,13,75,2024-08-19
3815,23,14,223,134,2024-12-23
3816,11,43,411,82,2023-09-01
3817,2,25,322,91,2024-07-28
3818,36,49,196,142,2023-07-22
3819,25,17,425,177,2023-11-01
3820,33,6,113,178,2023-04-22
3821,4,30,4,160,2024-11-11
3822,12,16,452,25,2024-07-20
3823,29,42,229,40,2023-04-14
3824,23,47,423,175,2023-04-29
3825,17,33,177,48,2024-06-01
3826,9,21,209,199,2024-05-17
3827,37,15,317,61,2023-05-06
3828,16,1,176,145,2024-04-21
3829,19,8,459,70,2023-02-01
3830,8,20,408,117,2024-03-13
3831,36,24,236,150,2023-03-31
3832,30,26,150,166,2023-11-10
3833,40,8,240,135,2023-11-04
3834,30,21,310,92,2023-08-10
3835,12,23,92,78,2024-07-06
3836,13,33,373,23,2023-10-06
3837,29,39,29,74,2023-03-23
3838,8,35,128,192,2023-08-01
3839,12,37,292,59,2023-07-28
3840,24,11,424,157,2023-01-18
3841,15,17,255,59,2024-02-17
3842,25,46,25,190,2024-08-21
3843,16,29,56,24,2024-09-14
3844,30,8,70,30,2024-12-12
3845,36,24,436,33,2024-01-27
3846,35,16,35,162,2024-12-04
3847,4,41,284,161,2023-03-11
3848,26,32,66,159,2023-04-18
3849,34,22,34,180,2023-03-22
3850,1,50,401,92,2024-04-12
3851,17,21,97,73,2023-04-12
3852,7,27,7,159,2023-11-26
3853,29,16,109,114,2024-10-15
3854,37,15,277,127,2023-09-16
3855,38,39,398,132,2023-05-04
3856,33,31,113,116,2024-06-13
3857,37,8,437,169,2023-06-21
3858,26,21,146,45,2023-05-16
3859,4,16,44,29,2023-06-30
3860,23,13,23,105,2024-08-13
3861,4,43,44,20,2023-08-04
3862,31,11,311,111,2024-08-10
3863,12,22,292,189,2024-07-19
3864,10,14,410,100,2023-02-26
3865,25,48,465,171,2024-12-07
3866,24,49,144,64,2023-01-15
3867,26,42,466,74,2024-11-14
3868,4,11,484,53,2024-02-20
3869,11,1,51,199,2023-09-28
3870,26,23,266,184,2023-04-13
3871,34,16,434,59,2024-08-12
3872,19,11,59,147,2023-10-03
3873,9,30,449,174,2024-07-04
3874,14,43,494,163,2024-01-23
3875,36,11,356,192,2024-08-11
3876,27,11,227,134,2023-07-27
3877,20,26,180,69,2023-02-04
3878,30,10,270,28,2024-05-26
3879,6,42,206,153,2024-09-29
3880,22,33,302,186,2024-05-17
3881,7,43,7,109,2024-08-16
3882,22,20,262,61,2024-10-02
3883,35,2,395,170,2024-07-11
3884,9,9,129,169,2024-02-02
3885,30,16,230,183,2023-03-08
3886,12,44,372,137,2024-06-09
3887,23,12,383,160,2023-06-09
3888,17,32,257,103,2024-09-25
3889,40,11,360,67,2024-02-17
3890,27,41,27,106,2023-09-19
3891,20,11,60,60,2023-02-22
3892,8,15,368,120,2024-03-27
3893,17,2,337,196,2024-08-03
3894,13,11,413,127,2023-07-22
3895,8,48,408,50,2024-03-27
3896,22,43,182,167,2024-11-13
3897,23,37,63,48,2024-05-04
3898,14,9,14,116,2024-07-28
3899,34,16,434,96,2024-11-03
3900,12,6,252,187,2023-11-18
3901,3,44,43,49,2023-04-23
3902,36,12,356,44,2023-07-12
3903,28,25,428,143,2023-07-15
3904,30,42,110,130,2024-05-20
3905,22,14,142,38,2024-05-08
3906,30,46,470,128,2024-10-11
3907,3,14,283,48,2024-03-08
3908,4,18,84,126,2024-12-07
3909,25,44,145,142,2024-05-19
3910,20,2,100,77,2023-12-28
3911,4,31,404,179,2024-02-02
3912,31,25,191,87,2024-12-17
3913,7,20,207,132,2024-06-02
3914,36,25,236,96,2023-07-28
3915,33,24,113,188,2024-09-11
3916,24,17,424,39,2024-12-19
3917,40,40,80,63,2024-07-08
3918,34,38,114,195,2024-08-29
3919,38,4,198,74,2024-09-16
3920,15,48,15,159,2024-03-20
3921,19,49,59,32,2024-08-22
3922,23,13,423,125,2023-03-18
3923,17,23,177,89,2024-01-31
3924,3,45,363,124,2024-06-24
3925,3,16,3,112,2024-10-14
3926,17,13,377,139,2023-02-12
3927,11,3,411,119,2024-03-06
3928,12,37,92,61,2023-04-07
3929,24,44,304,54,2023-09-02
3930,12,28,172,165,2023-11-02
3931,3,28,483,178,2024-12-20
3932,36,22,396,174,2024-09-14
3933,29,24,269,82,2024-05-03
3934,11,29,371,104,2023-12-19
3935,25,4,265,37,2023-12-31
3936,1,50,161,40,2024-01-10
3937,22,40,222,23,2024-09-07
3938,24,35,384,200,2023-05-06
3939,21,36,61,73,2023-01-24
3940,23,11,223,111,2023-05-08
3941,24,8,344,149,2023-07-09
3942,34,1,114,142,2023-01-15
3943,9,20,369,196,2023-02-06
3944,7,9,47,107,2023-06-24
3945,23,9,143,141,2024-01-16
3946,32,32,272,130,2023-10-24
3947,39,19,279,171,2023-08-03
3948,8,24,128,156,2023-02-10
3949,24,12,264,46,2024-05-04
3950,32,42,352,110,2024-10-15
3951,18,40,218,174,2023-02-17
3952,14,29,374,159,2023-12-03
3953,31,41,391,93,2023-06-14
3954,8,1,208,166,2024-11-26
3955,16,45,136,42,2023-05-10
3956,35,24,315,97,2024-03-02
3957,22,48,142,118,2024-11-06
3958,14,14,174,152,2024-07-19
3959,1,25,81,109,2024-02-01
3960,26,15,186,66,2023-03-09
3961,18,4,218,143,2024-01-23
3962,1,50,401,101,2023-09-07
3963,2,2,442,73,2023-06-20
3964,26,12,266,74,2024-08-27
3965,30,48,190,63,2023-04-04
3966,35,42,235,151,2024-11-23
3967,3,8,3,179,2023-04-05
3968,30,26,350,68,2024-03-30
3969,33,48,73,32,2024-05-17
3970,17,21,217,174,2023-02-04
3971,15,48,255,96,2023-03-08
3972,36,3,356,80,2023-08-27
3973,14,38,174,59,2024-05-09
3974,23,8,383,117,2024-12-07
3975,9,18,209,136,2024-05-20
3976,22,36,142,157,2023-01-09
3977,1,29,281,54,2024-08-16
3978,5,3,165,181,2024-04-19
3979,4,30,164,127,2023-02-19
3980,30,29,110,187,2023-07-15
3981,9,48,409,117,2024-01-12
3982,39,4,319,164,2023-07-03
3983,9,40,169,164,2024-10-21
3984,32,36,232,160,2024-07-13
3985,26,9,426,160,2024-08-20
3986,40,12,120,106,2024-08-25
3987,30,35,270,58,2024-02-16
3988,25,10,345,124,2024-11-06
3989,29,22,69,51,2023-05-08
3990,28,27,348,61,2024-09-13
3991,39,14,359,131,2024-04-29
3992,16,26,256,168,2023-12-09
3993,35,37,75,188,2023-01-20
3994,6,17,486,128,2024-03-28
3995,24,48,424,89,2023-02-20
3996,35,14,275,137,2023-11-24
3997,1,23,361,171,2024-09-22
3998,7,27,407,84,2024-01-09
3999,24,12,264,69,2023-01-18
4000,5,27,205,96,2024-04-09
4001,4,37,484,80,2023-03-08
4002,2,33,82,88,2024-06-04
4003,38,49,78,39,2024-09-01
4004,22,12,182,145,2024-04-26
4005,39,27,79,33,2023-07-09
4006,24,47,24,58,2024-08-26
4007,12,13,332,158,2023-05-01
4008,30,25,190,95,2023-10-04
4009,11,4,171,90,2023-07-07
4010,19,17,219,21,2023-10-07
4011,36,5,76,109,2023-09-15
4012,28,41,148,191,2023-05-09
4013,16,6,416,69,2023-11-07
4014,15,46,375,130,2023-09-26
4015,25,47,465,46,2023-01-13
4016,34,39,274,86,2023-09-12
4017,26,25,186,49,2023-01-28
4018,13,20,493,179,2024-08-06
4019,7,19,287,185,2023-07-17
4020,23,35,343,121,2024-10-20
4021,34,45,314,84,2024-07-10
4022,28,36,428,124,2023-08-20
4023,26,45,306,57,2024-12-23
4024,21,36,21,132,2024-06-21
4025,26,18,186,174,2024-03-18
4026,18,24,218,131,2024-05-26
4027,22,50,422,169,2023-04-16
4028,9,12,409,75,2024-01-02
4029,4,34,284,169,2023-05-27
4030,35,2,195,161,2024-02-14
4031,40,10,40,34,2023-01-23
4032,8,31,8,200,2023-06-24
4033,31,17,111,122,2023-10-15
4034,29,25,389,123,2023-02-25
4035,6,21,286,28,2024-01-07
4036,33,49,433,89,2024-10-16
4037,25,5,25,163,2024-09-14
4038,14,25,374,129,2023-12-18
4039,36,13,436,39,2023-08-23
4040,24,50,344,141,2024-09-09
4041,32,20,112,88,2024-02-05
4042,4,20,364,35,2023-01-10
4043,33,21,73,139,2023-11-14
4044,23,44,103,93,2024-12-19
4045,30,11,230,64,2023-05-27
4046,11,29,371,44,2024-06-17
4047,31,41,151,130,2024-04-10
4048,31,13,151,126,2023-05-07
4049,37,4,197,79,2023-02-26
4050,27,13,187,103,2024-06-17
4051,32,38,392,51,2023-05-24
4052,10,34,490,69,2023-04-17
4053,32,25,392,33,2024-01-10
4054,34,17,474,73,2024-08-24
4055,2,5,202,60,2023-03-14
4056,23,12,223,148,2024-04-21
4057,24,19,464,125,2024-12-01
4058,8,6,88,187,2023-01-25
4059,27,46,307,173,2024-02-17
4060,34,25,114,97,2024-01-13
4061,39,36,199,107,2024-01-12
4062,1,47,201,30,2023-02-21
4063,26,15,266,95,2024-03-05
4064,27,26,147,31,2023-12-31
4065,24,26,424,85,2024-05-05
4066,35,30,355,110,2023-07-01
4067,23,30,103,20,2024-01-09
4068,14,48,494,172,2024-08-13
4069,38,33,118,47,2024-07-03
4070,20,37,300,28,2023-06-23
4071,8,8,288,30,2024-05-11
4072,11,21,171,58,2023-11-05
4073,33,36,113,133,2024-01-27
4074,6,14,6,37,2023-11-16
4075,10,38,290,97,2024-08-13
4076,17,17,97,189,2024-09-19
4077,7,14,287,149,2024-09-12
4078,32,22,472,167,2024-06-19
4079,31,13,231,174,2023-10-22
4080,35,39,355,123,2024-10-16
4081,40,49,280,187,2023-03-08
4082,20,37,140,35,2023-05-27
4083,23,30,183,183,2023-04-05
4084,32,26,32,79,2024-08-24
4085,17,8,97,61,2024-04-17
4086,34,23,194,87,2024-11-23
4087,1,16,481,187,2023-06-29
4088,6,50,6,118,2023-12-12
4089,12,18,12,109,2024-02-23
4090,13,20,373,170,2023-02-26
4091,16,28,216,109,2023-06-30
4092,34,11,394,154,2024-04-01
4093,27,46,227,191,2023-06-13
4094,11,21,11,70,2024-09-07
4095,5,7,5,64,2024-09-20
4096,6,41,166,46,2023-11-01
4097,12,44,212,193,2023-04-22
4098,17,11,337,52,2024-04-06
4099,25,15,425,123,2024-10-26
4100,1,22,281,51,2024-04-26
4101,26,21,266,62,2024-11-02
4102,22,20,422,152,2023-06-21
4103,23,42,463,159,2024-11-14
4104,26,10,346,175,2023-08-03
4105,8,12,88,190,2024-06-10
4106,30,13,70,142,2024-08-10
4107,3,45,163,174,2023-08-20
4108,5,39,285,114,2023-08-19
4109,30,38,430,34,2023-05-05
4110,14,39,54,126,2024-04-18
4111,14,9,254,70,2023-07-05
4112,22,41,462,144,2023-06-07
4113,34,40,394,33,2024-06-04
4114,26,1,26,139,2024-07-14
4115,35,32,315,51,2023-11-20
4116,26,46,186,53,2023-07-10
4117,7,12,327,186,2023-06-02
4118,32,36,232,106,2023-05-11
4119,30,32,230,70,2024-04-04
4120,16,23,296,49,2023-09-16
4121,22,24,22,115,2024-05-26
4122,25,31,185,133,2023-09-27
4123,1,12,121,131,2024-09-09
4124,2,28,2,36,2023-11-12
4125,12,44,372,194,2023-12-27
4126,27,26,67,73,2024-08-29
4127,17,50,137,28,2023-08-02
4128,11,14,491,31,2024-08-16
4129,22,33,222,35,2024-01-14
4130,8,5,248,86,2024-11-28
4131,12,19,372,174,2024-10-03
4132,21,45,221,190,2024-01-27
4133,30,27,30,56,2024-10-26
4134,4,15,124,102,2023-02-27
4135,17,23,337,143,2024-11-11
4136,12,45,492,149,2024-07-10
4137,39,17,279,116,2023-08-23
4138,33,40,233,67,2024-10-12
4139,36,8,236,28,2024-03-20
4140,38,50,118,167,2023-05-31
4141,24,45,464,22,2023-03-31
4142,10,11,250,55,2023-01-21
4143,17,20,137,153,2024-01-06
4144,9,42,329,94,2024-10-01
4145,8,33,448,82,2023-02-17
4146,30,47,30,155,2023-10-25
4147,6,32,486,105,2023-07-01
4148,37,16,117,199,2023-05-02
4149,28,40,188,85,2024-12-23
4150,29,6,109,77,2024-11-19
4151,34,2,354,49,2024-10-05
4152,40,17,80,79,2023-04-30
4153,5,18,245,111,2023-03-18
4154,8,16,128,80,2023-07-30
4155,10,11,290,166,2024-08-28
4156,28,30,428,87,2023-11-19
4157,3,10,323,50,2023-01-18
4158,37,38,77,97,2024-01-10
4159,27,31,267,127,2023-11-18
4160,32,22,72,130,2023-05-31
4161,35,25,115,153,2024-12-23
4162,34,9,114,145,2024-10-30
4163,24,40,424,132,2023-10-09
4164,5,9,405,93,2023-03-14
4165,30,19,110,187,2023-09-13
4166,32,23,272,179,2024-03-22
4167,38,16,78,190,2023-03-19
4168,40,40,320,84,2023-11-08
4169,33,50,193,186,2023-01-02
4170,19,46,19,141,2024-08-12
4171,7,25,367,125,2024-11-01
4172,30,17,70,125,2024-09-19
4173,13,39,493,200,2023-06-08
4174,5,11,5,85,2023-01-23
4175,23,16,263,86,2023-12-06
4176,24,13,424,146,2023-04-24
4177,16,41,376,116,2024-06-21
4178,17,21,177,192,2023-01-31
4179,29,21,29,115,2023-04-10
4180,21,11,421,171,2023-03-03
4181,17,19,217,126,2024-08-27
4182,1,13,401,115,2024-03-19
4183,15,16,495,29,2023-01-11
4184,3,24,83,126,2024-07-10
4185,25,7,105,76,2024-01-20
4186,18,33,138,197,2024-03-14
4187,38,16,398,194,2023-12-03
4188,13,17,373,79,2023-05-27
4189,27,38,267,36,2023-04-27
4190,2,34,402,163,2024-04-15
4191,25,21,225,90,2023-09-05
4192,37,35,437,146,2023-02-23
4193,7,38,127,21,2023-02-12
4194,24,37,264,67,2024-03-29
4195,17,49,97,139,2023-06-02
4196,7,23,287,123,2024-05-23
4197,39,38,319,158,2023-04-18
4198,33,1,393,178,2023-03-19
4199,6,2,206,161,2024-07-16
4200,4,9,44,168,2024-11-09
4201,26,8,26,35,2023-05-04
4202,22,20,62,24,2023-01-19
4203,26,1,426,130,2024-01-05
4204,27,10,267,104,2024-04-16
4205,22,48,382,24,2023-06-21
4206,20,33,20,118,2023-08-10
4207,13,8,453,156,2023-09-09
4208,33,28,313,148,2024-08-11
4209,37,4,117,154,2023-03-15
4210,30,6,470,134,2024-11-12
4211,27,12,467,152,2024-08-16
4212,25,47,65,124,2024-05-24
4213,14,46,54,48,2024-12-06
4214,12,43,452,94,2024-04-03
4215,9,42,489,58,2024-06-03
4216,15,29,335,109,2024-03-12
4217,28,14,388,197,2023-01-15
4218,5,31,125,28,2024-04-23
4219,32,48,32,168,2023-12-01
4220,23,31,423,48,2024-10-07
4221,32,4,392,56,2024-04-06
4222,27,46,107,80,2023-05-24
4223,4,9,284,194,2024-04-06
4224,23,8,343,27,2023-02-27
4225,15,21,335,173,2023-09-26
4226,16,39,496,197,2024-09-12
4227,15,45,295,128,2024-02-16
4228,13,46,133,128,2024-01-27
4229,2,3,282,58,2024-12-21
4230,2,5,442,51,2023-03-13
4231,21,16,101,184,2023-01-09
4232,15,21,375,71,2024-10-18
4233,20,21,20,175,2023-06-20
4234,10,36,210,63,2024-08-05
4235,10,1,250,188,2024-12-29
4236,18,27,298,35,2024-10-12
4237,15,9,455,137,2023-08-11
4238,36,14,36,81,2024-05-30
4239,19,14,419,167,2023-02-07
4240,5,29,485,93,2024-04-19
4241,4,14,84,125,2023-08-10
4242,5,37,45,124,2023-04-22
4243,4,23,404,168,2023-10-28
4244,28,20,308,169,2023-10-07
4245,37,29,117,197,2023-02-07
4246,14,40,94,168,2023-12-01
4247,18,35,58,185,2023-05-21
4248,17,42,377,128,2024-12-04
4249,24,26,224,88,2024-05-25
4250,27,15,27,47,2024-07-01
4251,39,35,79,31,2023-08-15
4252,31,31,231,193,2023-10-24
4253,16,40,456,84,2024-02-11
4254,30,48,110,85,2023-11-21
4255,6,21,6,96,2023-12-06
4256,20,49,220,107,2023-12-11
4257,17,48,217,167,2024-03-21
4258,27,25,67,153,2024-03-20
4259,10,32,90,38,2024-12-11
4260,17,49,97,122,2024-12-23
4261,19,21,139,134,2024-10-22
4262,30,35,270,191,2024-10-29
4263,8,4,128,163,2023-06-10
4264,16,32,416,24,2023-11-10
4265,28,50,348,89,2024-11-21
4266,35,19,475,21,2023-02-21
4267,12,50,52,45,2024-12-18
4268,3,44,43,82,2023-03-15
4269,30,27,190,195,2024-02-06
4270,32,46,392,33,2023-10-29
4271,32,46,192,78,2023-05-05
4272,37,30,157,77,2023-01-27
4273,21,13,421,190,2023-03-02
4274,29,28,349,114,2023-02-04
4275,19,25,59,199,2023-02-09
4276,35,15,435,48,2023-08-11
4277,25,32,345,186,2024-01-25
4278,35,32,35,82,2023-11-29
4279,33,43,153,170,2024-04-20
4280,9,33,209,198,2023-08-14
4281,18,14,378,22,2023-12-16
4282,2,8,242,193,2023-09-21
4283,17,19,177,166,2024-11-21
4284,33,49,393,114,2024-01-12
4285,3,46,363,183,2024-09-29
4286,26,17,386,48,2024-05-20
4287,24,29,424,34,2023-05-06
4288,13,19,13,30,2024-03-11
4289,22,22,382,112,2023-04-27
4290,20,2,140,93,2023-11-08
4291,34,18,434,138,2024-07-29
4292,7,46,247,129,2024-11-01
4293,28,30,388,73,2023-03-12
4294,18,45,498,196,2024-07-24
4295,4,24,124,129,2023-03-09
4296,22,10,62,154,2024-07-21
4297,28,13,188,120,2023-04-11
4298,26,21,426,89,2023-03-12
4299,32,38,432,34,2023-05-15
4300,6,16,286,127,2024-09-27
4301,22,13,302,61,2023-06-05
4302,23,45,463,158,2024-01-25
4303,4,37,284,88,2023-06-24
4304,2,43,202,196,2023-09-27
4305,8,37,328,200,2024-06-30
4306,23,13,23,48,2023-08-06
4307,24,9,344,27,2023-06-21
4308,40,43,160,39,2023-05-08
4309,12,31,292,124,2023-03-31
4310,9,8,9,182,2023-10-06
4311,37,11,117,187,2023-02-15
4312,35,16,435,116,2023-05-13
4313,26,1,226,117,2024-06-18
4314,7,18,487,134,2023-10-05
4315,29,31,29,52,2024-01-01
4316,23,26,383,71,2024-07-26
4317,35,1,235,148,2023-12-19
4318,24,28,24,103,2024-06-27
4319,6,40,446,136,2023-07-13
4320,15,13,255,199,2023-07-21
4321,26,32,186,127,2023-12-26
4322,13,6,13,31,2024-06-12
4323,34,34,74,61,2024-10-24
4324,19,9,459,190,2023-08-28
4325,1,35,361,192,2024-04-23
4326,24,14,144,187,2024-06-15
4327,17,39,497,61,2023-02-04
4328,30,41,70,29,2024-07-15
4329,37,38,197,156,2024-01-22
4330,1,40,321,62,2023-04-26
4331,8,48,408,107,2024-02-25
4332,40,44,480,51,2024-06-15
4333,7,38,447,37,2024-08-25
4334,14,16,214,22,2023-09-01
4335,8,28,368,52,2024-10-11
4336,36,13,36,108,2023-08-22
4337,20,24,20,86,2023-04-21
4338,5,6,485,26,2024-04-08
4339,28,34,268,127,2023-05-31
4340,17,21,217,174,2024-10-23
4341,34,33,314,198,2023-12-19
4342,15,32,255,157,2024-08-14
4343,25,16,145,115,2023-03-10
4344,19,8,59,76,2024-10-11
4345,30,15,390,43,2024-04-10
4346,8,26,368,44,2023-05-19
4347,9,36,489,71,2024-12-03
4348,3,37,203,195,2023-12-29
4349,39,19,199,52,2023-09-02
4350,14,40,294,28,2024-04-07
4351,28,26,348,188,2023-04-15
4352,37,13,157,144,2023-02-03
4353,4,16,484,119,2023-10-21
4354,35,30,395,55,2024-06-02
4355,2,28,122,104,2024-05-21
4356,12,49,132,30,2023-01-07
4357,32,20,232,82,2023-03-02
4358,23,9,23,137,2024-03-07
4359,24,43,224,153,2024-06-20
4360,32,4,232,163,2024-05-08
4361,40,31,360,64,2024-06-02
4362,36,47,76,52,2024-07-10
4363,5,36,165,130,2023-07-19
4364,9,11,169,121,2023-04-26
4365,26,42,26,50,2023-06-30
4366,35,30,235,112,2024-05-10
4367,9,30,289,24,2023-10-15
4368,31,10,431,179,2024-06-28
4369,3,22,403,182,2024-08-27
4370,10,28,410,105,2024-11-25
4371,4,40,124,116,2024-05-21
4372,38,26,118,42,2024-09-05
4373,22,19,102,46,2023-11-13
4374,36,38,116,20,2024-12-29
4375,22,35,102,70,2024-04-07
4376,12,20,492,152,2023-01-09
4377,14,33,294,92,2024-05-26
4378,10,14,450,181,2023-04-20
4379,15,9,255,132,2024-12-21
4380,13,35,333,45,2023-09-22
4381,14,20,214,172,2023-11-06
4382,37,1,397,117,2023-02-16
4383,1,39,441,183,2024-10-14
4384,32,20,232,75,2023-04-26
4385,24,30,424,82,2024-11-02
4386,16,30,256,177,2024-07-16
4387,20,46,260,79,2023-02-15
4388,31,18,71,99,2024-12-24
4389,33,48,73,168,2023-11-13
4390,25,30,385,121,2024-03-25
4391,30,25,430,58,2023-10-07
4392,23,3,343,198,2024-03-06
4393,6,38,406,195,2024-09-10
4394,10,38,250,53,2023-12-16
4395,3,12,483,95,2023-09-16
4396,34,19,34,178,2023-06-18
4397,35,8,75,141,2023-11-09
4398,10,11,450,102,2024-12-23
4399,39,45,119,159,2023-12-05
4400,1,41,241,70,2024-09-12
4401,12,38,252,151,2024-03-19
4402,18,40,218,133,2023-01-09
4403,33,49,153,150,2023-08-06
4404,8,32,488,53,2024-03-11
4405,13,45,253,21,2023-04-18
4406,27,44,187,142,2023-03-21
4407,10,14,10,124,2023-12-24
4408,26,5,466,136,2023-09-04
4409,38,20,278,193,2023-04-22
4410,27,22,267,175,2024-07-08
4411,33,46,113,56,2024-08-15
4412,8,29,48,188,2023-05-31
4413,39,12,279,29,2024-11-05
4414,3,3,163,158,2024-04-05
4415,8,28,448,32,2024-03-20
4416,20,32,340,178,2023-06-03
4417,10,31,490,50,2024-06-30
4418,29,25,29,137,2024-03-26
4419,13,50,53,66,2024-06-17
4420,40,22,40,171,2024-04-08
4421,26,37,306,87,2023-08-10
4422,4,10,244,41,2024-10-24
4423,22,13,422,34,2023-02-26
4424,35,45,35,197,2024-10-22
4425,3,5,403,25,2023-08-06
4426,19,14,19,83,2023-03-31
4427,16,4,16,35,2023-02-28
4428,22,13,62,79,2024-11-25
4429,32,23,112,150,2023-05-24
4430,25,21,345,126,2024-10-16
4431,8,27,488,181,2023-11-23
4432,40,24,360,62,2024-04-27
4433,15,4,495,115,2023-06-11
4434,28,25,108,25,2024-08-04
4435,30,1,390,138,2023-07-14
4436,22,43,102,166,2024-05-30
4437,17,4,257,164,2024-01-24
4438,7,10,207,116,2024-08-30
4439,17,44,417,29,2024-12-19
4440,30,48,390,182,2023-01-18
4441,28,39,148,108,2024-09-07
4442,26,11,426,112,2023-05-25
4443,23,10,143,68,2023-02-16
4444,23,9,463,150,2023-11-18
4445,8,17,88,191,2024-04-19
4446,31,33,231,113,2024-11-10
4447,28,36,348,116,2023-06-26
4448,25,14,345,160,2024-10-24
4449,19,22,139,36,2023-07-23
4450,24,4,24,118,2023-07-10
4451,20,25,380,178,2024-04-15
4452,40,29,320,81,2023-09-20
4453,35,27,75,47,2024-02-22
4454,9,38,449,117,2023-08-10
4455,17,34,417,44,2024-05-18
4456,19,22,299,193,2024-11-02
4457,1,11,361,114,2024-03-06
4458,22,48,302,38,2023-05-25
4459,18,43,18,25,2023-11-06
4460,6,3,486,122,2023-11-27
4461,6,39,446,59,2023-11-27
4462,13,29,13,187,2024-05-18
4463,5,7,405,88,2023-06-24
4464,10,27,490,98,2024-04-07
4465,33,29,273,193,2023-03-09
4466,28,50,268,87,2024-03-11
4467,12,31,52,107,2024-10-07
4468,10,44,290,41,2023-08-24
4469,28,32,428,76,2024-08-24
4470,11,47,91,101,2024-05-29
4471,5,44,405,141,2024-06-27
4472,33,10,393,43,2024-11-18
4473,3,23,163,185,2023-07-24
4474,4,23,324,142,2024-03-26
4475,35,37,475,60,2023-03-06
4476,35,46,115,166,2024-07-04
4477,12,19,492,97,2023-12-03
4478,39,44,39,178,2023-06-24
4479,15,27,55,75,2024-04-14
4480,32,2,192,200,2024-11-23
4481,38,39,158,108,2023-01-28
4482,35,4,195,26,2023-11-25
4483,25,12,385,30,2023-12-20
4484,18,35,138,109,2024-11-16
4485,40,42,80,101,2023-09-26
4486,15,3,15,73,2024-12-24
4487,12,26,292,177,2024-04-02
4488,2,45,242,79,2024-11-30
4489,14,6,174,107,2023-09-21
4490,36,22,476,179,2023-05-25
4491,32,12,232,64,2024-03-07
4492,4,8,244,65,2023-11-14
4493,10,8,50,171,2023-09-19
4494,36,13,76,46,2023-01-08
4495,5,15,485,35,2023-09-25
4496,13,12,293,139,2024-01-17
4497,37,18,397,169,2024-02-26
4498,35,33,435,178,2024-08-05
4499,40,3,360,69,2024-11-25
4500,3,29,483,181,2023-12-27
4501,38,37,478,121,2023-12-15
4502,29,27,229,103,2023-11-08
4503,31,12,431,173,2023-06-08
4504,16,48,216,166,2024-11-04
4505,8,5,248,51,2024-09-02
4506,38,48,358,167,2024-03-12
4507,21,24,381,119,2023-07-23
4508,22,16,422,193,2024-02-24
4509,32,41,232,57,2024-05-09
4510,4,13,84,48,2023-11-28
4511,30,22,270,87,2024-12-18
4512,11,25,371,69,2023-12-06
4513,40,8,40,31,2024-05-26
4514,20,16,60,126,2024-03-11
4515,33,45,273,45,2024-05-02
4516,10,43,10,152,2024-07-10
4517,1,10,321,78,2023-04-20
4518,30,40,190,165,2024-05-31
4519,36,18,236,197,2023-08-14
4520,19,26,259,80,2023-08-30
4521,6,13,406,159,2024-03-21
4522,17,40,97,122,2024-09-18
4523,16,6,16,158,2024-07-17
4524,30,12,230,171,2024-12-12
4525,33,34,153,113,2024-10-07
4526,31,50,471,71,2023-07-03
4527,33,1,313,195,2024-01-24
4528,11,38,491,152,2024-02-02
4529,26,44,426,92,2024-06-02
4530,17,14,337,76,2024-04-22
4531,16,1,256,128,2024-05-23
4532,14,16,54,45,2023-11-15
4533,27,13,107,117,2023-05-13
4534,39,22,39,157,2024-05-30
4535,28,47,468,132,2024-02-08
4536,27,15,307,141,2023-08-18
4537,10,20,490,186,2023-03-28
4538,38,45,38,76,2024-12-11
4539,16,2,296,200,2023-04-15
4540,12,2,252,191,2023-03-24
4541,30,9,430,159,2023-08-11
4542,40,31,320,179,2023-06-16
4543,16,26,216,128,2024-09-08
4544,2,7,2,101,2024-09-20
4545,10,22,50,131,2023-04-02
4546,34,5,354,195,2024-11-21
4547,18,10,58,183,2023-09-05
4548,28,45,228,156,2024-08-03
4549,40,32,200,132,2024-02-21
4550,32,28,232,109,2024-06-16
4551,9,19,289,175,2023-10-29
4552,37,50,237,91,2023-09-22
4553,5,48,445,135,2024-08-03
4554,22,32,262,94,2024-05-18
4555,39,22,199,120,2024-09-21
4556,29,43,189,92,2024-10-23
4557,29,32,29,87,2023-03-25
4558,20,16,300,101,2024-09-19
4559,15,19,55,72,2023-10-14
4560,7,30,327,146,2024-02-04
4561,7,31,207,149,2024-06-30
4562,34,30,34,27,2023-01-18
4563,26,12,466,176,2023-04-08
4564,2,21,242,90,2023-05-16
4565,33,31,313,58,2024-02-14
4566,15,44,375,110,2024-02-26
4567,8,3,48,188,2023-12-04
4568,8,25,288,187,2024-02-01
4569,4,46,44,137,2024-10-31
4570,40,45,200,104,2024-01-15
4571,22,22,462,43,2023-10-14
4572,38,48,398,146,2023-06-03
4573,13,33,413,187,2024-09-18
4574,13,2,53,184,2024-05-15
4575,20,10,380,94,2024-09-25
4576,36,34,276,67,2024-10-15
4577,37,46,277,83,2024-04-17
4578,26,9,386,78,2024-04-21
4579,22,25,182,65,2023-03-15
4580,3,49,483,141,2023-08-19
4581,16,45,216,196,2023-02-23
4582,10,38,90,122,2024-01-07
4583,18,46,418,52,2024-10-15
4584,14,17,494,121,2024-12-26
4585,14,26,494,169,2024-05-02
4586,19,41,139,114,2024-01-18
4587,6,31,366,116,2024-07-04
4588,4,15,364,60,2023-12-27
4589,21,23,421,65,2024-05-31
4590,13,49,173,50,2023-01-30
4591,37,27,277,79,2023-11-11
4592,14,32,214,198,2024-05-26
4593,22,40,62,192,2023-03-06
4594,25,4,185,58,2023-10-10
4595,23,9,343,87,2024-08-30
4596,16,33,376,39,2023-06-14
4597,9,16,9,82,2023-11-22
4598,27,8,27,75,2024-09-22
4599,13,30,453,41,2024-01-21
4600,4,25,164,125,2023-12-19
4601,36,9,156,72,2024-05-29
4602,40,31,160,192,2024-06-08
4603,34,36,394,91,2023-01-18
4604,25,44,145,121,2024-01-25
4605,9,46,409,166,2023-12-31
4606,30,34,350,192,2023-10-15
4607,9,36,49,97,2023-03-08
4608,16,49,56,34,2024-10-19
4609,16,34,416,63,2024-09-04
4610,30,1,30,130,2023-09-04
4611,8,23,408,157,2024-08-14
4612,31,4,31,106,2024-11-01
4613,13,18,213,123,2024-08-11
4614,39,40,199,70,2024-05-03
4615,29,41,429,145,2023-03-10
4616,27,11,67,29,2024-09-15
4617,18,30,218,49,2023-04-15
4618,2,17,162,41,2024-04-27
4619,36,17,36,67,2023-10-27
4620,8,2,128,167,2024-07-15
4621,15,46,295,55,2024-09-26
4622,1,48,401,170,2023-11-28
4623,34,13,114,179,2023-03-27
4624,28,2,188,46,2024-03-24
4625,17,21,57,89,2024-03-18
4626,13,5,13,167,2024-09-07
4627,35,30,235,158,2023-02-26
4628,8,30,48,157,2023-09-25
4629,19,13,139,177,2024-02-24
4630,34,27,154,45,2024-11-27
4631,27,11,307,174,2023-03-28
4632,17,14,337,141,2023-03-15
4633,10,14,210,169,2024-10-04
4634,9,21,169,101,2024-01-22
4635,38,38,78,193,2023-07-19
4636,35,15,155,168,2024-10-14
4637,15,12,295,82,2024-07-22
4638,27,27,387,117,2024-08-27
4639,21,4,301,150,2023-05-23
4640,21,17,221,168,2024-08-25
4641,8,25,88,28,2023-05-09
4642,28,12,148,95,2024-11-10
4643,11,43,211,28,2023-06-11
4644,19,7,419,136,2023-07-14
4645,21,27,381,109,2024-08-15
4646,22,30,182,47,2024-02-28
4647,26,4,226,84,2024-01-14
4648,31,3,111,133,2023-07-31
4649,16,21,336,90,2024-12-13
4650,36,49,116,153,2023-10-05
4651,14,40,494,23,2023-11-05
4652,34,44,154,150,2024-12-09
4653,28,12,348,31,2023-10-03
4654,5,30,165,100,2024-12-16
4655,36,32,316,162,2023-07-09
4656,9,28,369,70,2023-01-04
4657,28,40,28,67,2023-07-23
4658,34,41,114,193,2024-02-13
4659,35,38,195,44,2024-04-17
4660,20,34,60,150,2023-01-04
4661,18,23,378,122,2024-02-14
4662,17,6,417,54,2023-10-16
4663,20,37,140,71,2024-01-10
4664,35,39,315,125,2023-10-19
4665,36,47,196,166,2024-07-30
4666,33,46,393,77,2023-01-26
4667,16,49,336,154,2023-01-06
4668,40,31,240,30,2024-03-07
4669,28,13,308,177,2023-09-20
4670,27,35,427,157,2024-09-08
4671,1,28,81,25,2024-01-15
4672,18,23,298,26,2024-09-21
4673,23,50,223,63,2023-10-03
4674,38,27,198,112,2023-12-22
4675,20,40,500,197,2024-10-28
4676,11,33,51,70,2023-09-23
4677,32,41,232,128,2023-08-02
4678,3,14,203,122,2024-03-24
4679,30,18,190,51,2023-01-21
4680,35,18,315,195,2024-05-15
4681,15,38,15,153,2024-01-16
4682,31,29,231,193,2023-06-10
4683,18,43,498,50,2023-03-26
4684,39,42,119,148,2024-01-21
4685,25,4,425,143,2023-06-21
4686,1,18,81,34,2024-06-29
4687,28,43,108,157,2023-12-25
4688,12,4,252,155,2023-07-01
4689,38,26,358,49,2023-05-26
4690,33,39,153,169,2024-07-08
4691,3,25,403,192,2024-07-19
4692,14,26,134,47,2024-01-29
4693,12,13,52,101,2023-12-09
4694,33,47,313,29,2024-03-12
4695,9,18,449,73,2024-01-29
4696,10,11,10,93,2024-07-30
4697,23,17,223,148,2024-10-07
4698,16,29,176,150,2024-01-09
4699,16,11,496,96,2024-03-13
4700,18,16,298,138,2023-03-20
4701,6,17,326,191,2023-09-17
4702,16,3,456,197,2023-10-07
4703,31,37,151,134,2024-04-07
4704,16,45,136,62,2024-02-16
4705,37,20,397,123,2024-01-26
4706,3,1,323,41,2023-12-28
4707,29,23,189,149,2024-07-30
4708,3,39,43,164,2023-04-12
4709,29,4,269,31,2024-05-08
4710,6,11,366,154,2024-07-28
4711,23,11,223,161,2023-06-10
4712,29,26,149,106,2024-02-24
4713,29,38,389,20,2023-01-21
4714,3,15,323,111,2023-05-04
4715,28,20,228,129,2024-08-18
4716,23,50,423,56,2024-07-14
4717,40,42,40,133,2024-04-19
4718,7,9,247,197,2024-02-06
4719,21,49,261,30,2024-06-10
4720,29,26,229,105,2024-03-01
4721,11,9,411,188,2024-12-11
4722,20,32,420,121,2023-12-21
4723,39,16,439,189,2023-08-30
4724,10,47,10,192,2024-11-09
4725,7,19,407,65,2024-06-18
4726,18,33,258,87,2024-04-07
4727,29,6,349,82,2023-04-22
4728,29,9,269,120,2023-05-04
4729,39,27,439,171,2023-12-29
4730,10,42,50,195,2024-01-11
4731,5,32,85,74,2023-05-08
4732,33,13,313,63,2024-08-22
4733,24,48,64,122,2023-03-12
4734,25,14,305,159,2024-07-23
4735,23,1,383,183,2024-04-29
4736,8,5,328,63,2023-07-07
4737,38,50,238,108,2024-07-06
4738,22,1,142,59,2024-01-02
4739,26,13,386,83,2024-04-27
4740,23,23,63,180,2023-08-25
4741,12,20,452,155,2024-03-30
4742,18,7,338,106,2024-10-22
4743,18,25,258,116,2024-11-23
4744,31,9,391,117,2023-10-23
4745,5,49,45,179,2024-05-29
4746,2,6,242,136,2023-06-04
4747,4,12,84,97,2023-05-20
4748,6,1,326,103,2024-03-09
4749,25,2,465,122,2024-03-13
4750,15,28,95,122,2024-08-19
4751,20,32,140,22,2023-06-10
4752,32,18,352,73,2024-07-04
4753,15,45,175,56,2023-07-06
4754,23,28,463,153,2023-11-18
4755,30,3,310,110,2024-05-13
4756,39,8,479,62,2024-04-03
4757,30,49,270,134,2024-12-29
4758,30,49,110,186,2023-12-26
4759,27,41,307,175,2023-06-09
4760,20,35,500,67,2023-10-07
4761,22,50,262,76,2024-12-17
4762,19,22,499,23,2023-06-24
4763,35,12,195,194,2023-01-13
4764,13,12,453,37,2024-08-31
4765,3,6,443,186,2024-08-16
4766,11,37,451,153,2024-11-07
4767,36,30,156,120,2023-07-15
4768,36,30,316,139,2024-06-17
4769,40,12,160,35,2024-09-20
4770,5,20,245,80,2024-01-14
4771,19,31,19,172,2024-12-23
4772,13,5,53,106,2024-12-28
4773,8,21,448,54,2024-05-22
4774,4,18,164,55,2024-07-08
4775,5,18,445,186,2023-02-22
4776,20,35,460,167,2024-08-10
4777,38,26,198,80,2023-11-13
4778,8,49,368,74,2023-03-31
4779,37,35,157,73,2024-11-12
4780,23,38,103,42,2023-06-14
4781,35,20,195,30,2024-08-23
4782,5,3,445,148,2023-06-29
4783,34,27,434,25,2023-06-18
4784,22,45,262,59,2024-04-09
4785,13,28,53,128,2023-03-28
4786,23,7,23,92,2023-10-05
4787,17,41,137,51,2024-06-02
4788,4,14,324,197,2023-10-02
4789,29,29,189,139,2023-04-01
4790,4,49,44,183,2023-10-26
4791,30,30,470,95,2023-10-16
4792,25,24,465,182,2024-07-30
4793,16,32,496,110,2024-07-30
4794,37,27,197,196,2023-09-20
4795,35,33,235,35,2024-05-30
4796,3,26,3,29,2024-12-11
4797,33,40,73,59,2024-07-17
4798,25,23,145,36,2024-03-17
4799,8,43,448,21,2024-06-27
4800,26,12,226,184,2024-04-14
4801,1,46,441,185,2024-08-07
4802,5,25,485,176,2023-03-15
4803,6,41,206,124,2023-08-16
4804,2,17,322,30,2023-04-29
4805,21,10,21,80,2023-09-03
4806,26,35,186,60,2023-09-08
4807,26,7,426,23,2023-09-12
4808,4,10,164,76,2024-07-05
4809,32,48,192,35,2023-01-27
4810,25,34,385,80,2023-05-31
4811,14,25,134,119,2024-07-17
4812,27,18,107,159,2023-04-20
4813,2,43,122,71,2023-01-30
4814,12,10,372,81,2023-03-26
4815,3,50,483,28,2023-07-16
4816,14,24,454,50,2024-10-28
4817,11,36,211,171,2023-04-05
4818,22,19,182,168,2024-03-13
4819,20,2,460,75,2024-03-06
4820,20,35,60,176,2024-01-15
4821,40,49,200,78,2023-07-25
4822,37,37,157,33,2023-03-26
4823,8,34,208,107,2024-11-26
4824,31,19,391,151,2024-01-04
4825,34,22,354,133,2023-07-24
4826,9,35,449,35,2023-07-31
4827,30,6,70,46,2024-03-24
4828,2,39,242,173,2023-02-28
4829,39,25,359,175,2024-09-20
4830,17,48,217,63,2024-02-27
4831,34,45,434,158,2024-02-02
4832,10,1,450,96,2023-07-16
4833,16,18,176,97,2024-09-22
4834,5,43,205,28,2024-07-05
4835,34,37,154,49,2023-04-05
4836,13,16,333,178,2023-11-22
4837,6,31,446,38,2024-10-10
4838,35,35,195,179,2024-02-14
4839,30,12,390,132,2024-07-30
4840,12,47,452,57,2023-11-18
4841,12,25,92,99,2024-05-14
4842,26,5,66,144,2024-04-16
4843,26,18,66,21,2024-01-27
4844,20,16,500,80,2023-10-22
4845,20,47,60,93,2024-11-28
4846,6,28,446,135,2023-04-17
4847,6,30,366,50,2023-07-04
4848,13,12,333,67,2024-12-17
4849,30,19,430,49,2023-01-30
4850,3,10,483,88,2023-01-01
4851,20,5,380,63,2023-06-14
4852,28,7,228,152,2023-11-01
4853,10,44,450,58,2024-12-14
4854,24,41,304,115,2024-02-29
4855,16,17,296,35,2024-04-07
4856,9,33,409,43,2023-10-14
4857,39,29,399,61,2023-03-24
4858,23,41,223,41,2023-08-10
4859,20,27,180,96,2024-10-02
4860,29,34,389,152,2023-07-24
4861,24,1,104,146,2024-07-09
4862,40,34,440,194,2023-05-22
4863,33,20,313,171,2024-02-09
4864,16,42,176,41,2024-01-09
4865,39,41,119,158,2023-04-02
4866,35,10,275,45,2023-08-11
4867,30,21,150,152,2024-08-24
4868,8,7,288,145,2024-06-05
4869,1,47,201,88,2024-02-10
4870,25,42,225,188,2024-05-04
4871,5,45,5,161,2023-08-03
4872,34,50,394,105,2024-08-22
4873,17,27,457,98,2023-04-22
4874,28,5,188,61,2024-09-15
4875,5,33,125,165,2023-09-22
4876,19,48,99,26,2023-09-02
4877,36,13,316,56,2023-10-29
4878,16,49,296,21,2023-07-18
4879,13,7,413,163,2023-10-21
4880,29,48,469,90,2023-06-05
4881,20,2,180,86,2024-02-25
4882,23,40,463,36,2024-10-10
4883,24,47,224,197,2023-05-31
4884,26,30,146,35,2024-05-22
4885,3,6,243,156,2023-06-08
4886,34,9,154,179,2023-07-02
4887,32,50,72,189,2024-08-26
4888,21,4,141,87,2023-09-22
4889,35,22,395,168,2024-07-14
4890,20,7,220,171,2024-05-10
4891,35,48,275,141,2024-04-14
4892,36,27,276,73,2024-05-19
4893,31,25,71,104,2023-01-26
4894,31,48,351,82,2024-04-10
4895,29,19,429,198,2023-11-18
4896,33,43,153,126,2024-02-09
4897,1,29,161,188,2023-01-19
4898,5,46,125,167,2024-04-02
4899,30,20,110,36,2024-05-23
4900,12,18,52,43,2024-12-11
4901,6,44,406,163,2023-06-29
4902,29,39,429,31,2023-02-10
4903,2,6,482,23,2023-10-23
4904,8,39,168,37,2023-02-02
4905,34,46,194,60,2023-05-19
4906,39,14,199,156,2023-09-19
4907,20,34,140,23,2024-05-23
4908,40,11,200,189,2024-07-07
4909,14,33,374,161,2024-12-14
4910,15,22,415,45,2024-11-01
4911,29,1,69,30,2023-08-23
4912,27,38,187,83,2024-12-09
4913,15,2,255,122,2024-09-19
4914,19,15,219,56,2024-11-25
4915,20,10,300,166,2023-05-28
4916,18,33,18,28,2023-08-09
4917,37,11,437,191,2024-01-17
4918,18,22,378,41,2023-04-30
4919,8,44,128,56,2023-05-30
4920,25,19,25,146,2024-06-01
4921,40,41,320,93,2024-09-22
4922,10,27,210,34,2023-12-07
4923,3,12,283,139,2024-09-29
4924,25,7,105,150,2024-04-02
4925,23,7,63,189,2023-07-05
4926,40,31,440,76,2023-06-03
4927,23,38,223,72,2023-02-24
4928,5,11,365,108,2023-12-12
4929,34,1,274,190,2023-06-19
4930,16,9,496,141,2024-02-07
4931,8,6,328,24,2023-05-10
4932,31,40,351,75,2024-12-06
4933,28,17,428,139,2023-02-07
4934,5,21,365,153,2023-10-20
4935,20,11,380,134,2023-05-24
4936,3,37,3,85,2024-11-20
4937,39,19,199,150,2023-03-11
4938,32,11,32,65,2023-09-10
4939,30,27,430,28,2024-09-14
4940,18,4,458,106,2023-05-30
4941,26,19,186,139,2024-05-24
4942,37,1,437,22,2024-03-04
4943,6,33,86,113,2023-09-01
4944,2,2,482,178,2024-09-06
4945,32,1,32,66,2023-07-09
4946,4,10,324,44,2024-07-03
4947,26,5,26,65,2024-06-24
4948,25,7,265,36,2024-02-10
4949,2,7,202,61,2024-02-08
4950,29,24,309,73,2023-12-27
4951,8,16,88,120,2023-11-12
4952,5,37,365,68,2023-06-17
4953,17,41,497,79,2024-12-02
4954,39,32,159,150,2023-11-23
4955,35,41,115,65,2023-02-22
4956,13,47,493,169,2024-04-27
4957,8,8,8,178,2023-08-18
4958,27,48,67,51,2024-08-18
4959,29,22,69,55,2024-04-01
4960,19,31,19,136,2023-12-16
4961,5,8,445,49,2023-05-03
4962,2,13,202,167,2023-12-19
4963,25,14,305,194,2023-01-22
4964,19,28,59,47,2024-04-01
4965,26,27,146,83,2024-12-13
4966,34,42,114,122,2024-12-19
4967,18,31,138,142,2024-09-30
4968,34,46,234,199,2023-02-23
4969,36,43,436,38,2024-07-11
4970,17,9,217,51,2023-02-06
4971,35,37,115,170,2023-05-26
4972,18,45,338,189,2023-10-08
4973,11,39,211,133,2023-03-23
4974,8,11,208,142,2023-10-17
4975,27,25,267,124,2023-07-03
4976,16,10,496,97,2023-08-25
4977,15,17,455,36,2024-01-08
4978,12,4,372,188,2023-12-29
4979,30,27,30,184,2024-08-21
4980,10,11,210,130,2023-08-02
4981,37,24,77,80,2024-09-30
4982,23,29,223,198,2023-02-02
4983,5,10,325,66,2023-10-03
4984,25,1,225,27,2024-08-31
4985,18,40,338,196,2024-07-16
4986,14,6,254,41,2024-04-24
4987,25,26,425,126,2023-04-06
4988,22,22,302,28,2024-04-05
4989,36,31,276,33,2023-01-08
4990,37,35,397,104,2023-06-19
4991,7,24,367,60,2023-08-02
4992,34,28,434,152,2023-11-21
4993,36,20,396,159,2024-05-31
4994,35,20,435,25,2023-04-13
4995,4,14,204,78,2024-08-20
4996,2,13,282,179,2023-03-30
4997,9,2,449,137,2023-11-03
4998,18,23,18,123,2023-03-03
4999,5,17,245,66,2024-07-05
5000,4,25,324,71,2023-11-24
5001,11,11,171,199,2024-07-14
5002,35,12,235,190,2023-07-27
5003,39,15,79,111,2023-04-15
5004,1,3,1,192,2023-06-30
5005,27,49,67,197,2023-05-01
5006,16,39,456,83,2024-08-14
5007,24,40,224,136,2024-05-05
5008,22,29,342,197,2023-01-08
5009,34,17,314,112,2023-11-05
5010,1,2,201,30,2024-07-21
5011,32,3,312,197,2023-12-25
5012,40,44,280,165,2024-01-28
5013,3,40,243,141,2024-06-01
5014,19,18,59,174,2024-12-12
5015,11,9,291,172,2023-04-05
5016,3,28,3,136,2023-07-25
5017,24,2,304,41,2024-09-18
5018,21,4,101,96,2023-01-13
5019,21,35,261,46,2024-03-13
5020,33,29,393,174,2024-01-20
5021,5,32,245,196,2023-02-09
5022,17,31,97,65,2023-01-30
5023,32,12,232,82,2024-01-15
5024,23,4,183,42,2024-08-05
5025,1,33,441,174,2024-03-14
5026,18,42,258,88,2024-11-12
5027,4,14,244,107,2023-02-10
5028,3,13,243,51,2023-01-13
5029,26,9,26,69,2024-04-27
5030,17,12,457,52,2023-01-07
5031,37,20,157,62,2023-04-16
5032,38,29,198,113,2023-12-10
5033,25,13,385,194,2024-10-17
5034,24,4,24,138,2023-08-06
5035,8,48,488,71,2023-08-25
5036,20,8,300,40,2024-12-05
5037,3,36,483,34,2023-04-24
5038,28,12,388,169,2023-08-30
5039,10,42,170,29,2024-09-08
5040,13,10,253,103,2024-03-27
5041,13,7,13,146,2023-08-25
5042,23,44,463,153,2024-12-27
5043,34,19,274,170,2024-09-17
5044,9,8,209,56,2024-06-22
5045,24,35,344,123,2024-03-13
5046,35,34,475,105,2024-07-15
5047,7,49,207,22,2023-06-16
5048,38,3,478,149,2023-11-25
5049,16,6,56,69,2024-07-03
5050,33,21,273,30,2024-10-31
5051,5,26,365,65,2023-07-10
5052,39,35,279,95,2023-06-11
5053,4,45,44,29,2024-09-25
5054,29,12,109,119,2023-01-13
5055,18,33,138,101,2023-12-28
5056,22,44,62,51,2023-03-22
5057,14,2,174,178,2024-10-25
5058,23,20,423,69,2024-10-11
5059,24,16,144,72,2023-01-18
5060,37,2,237,172,2024-07-28
5061,23,1,23,29,2024-11-28
5062,25,17,345,78,2024-02-11
5063,12,11,92,177,2023-03-15
5064,23,27,263,42,2024-05-26
5065,35,33,235,25,2024-07-23
5066,4,24,244,65,2024-06-23
5067,25,36,465,130,2023-09-05
5068,2,40,362,127,2024-05-08
5069,15,7,255,152,2024-03-12
5070,26,38,146,122,2023-02-27
5071,25,2,425,112,2024-10-14
5072,36,30,436,193,2023-02-23
5073,25,19,25,189,2024-07-16
5074,38,15,238,100,2023-07-19
5075,35,40,475,114,2023-03-31
5076,21,16,21,66,2024-07-18
5077,8,40,48,159,2023-11-09
5078,16,5,16,86,2024-05-22
5079,36,24,116,84,2024-12-22
5080,4,44,4,160,2024-06-18
5081,11,8,211,152,2024-01-19
5082,36,7,196,195,2024-07-06
5083,34,46,354,59,2023-10-11
5084,21,45,301,62,2024-03-09
5085,4,48,204,135,2024-02-05
5086,36,11,156,149,2023-04-26
5087,23,34,183,30,2023-09-23
5088,3,5,323,93,2023-02-18
5089,22,38,102,183,2024-12-12
5090,35,31,35,159,2024-08-27
5091,40,4,160,78,2023-07-31
5092,39,25,39,40,2023-04-17
5093,11,44,411,139,2023-09-06
5094,16,40,256,144,2024-12-31
5095,24,28,264,76,2023-10-03
5096,18,38,298,33,2023-08-09
5097,15,16,95,30,2024-05-12
5098,12,37,492,65,2024-03-28
5099,31,8,71,100,2024-08-19
5100,17,28,377,178,2024-04-13
5101,26,47,306,55,2023-09-24
5102,40,39,480,27,2023-07-09
5103,8,20,168,50,2024-11-16
5104,29,50,349,79,2023-05-17
5105,37,43,157,156,2024-10-02
5106,11,45,251,55,2024-09-07
5107,18,45,458,48,2023-07-17
5108,7,38,127,139,2023-06-30
5109,33,40,473,135,2024-05-16
5110,16,41,296,105,2024-03-10
5111,40,33,120,190,2023-06-24
5112,5,14,405,166,2023-03-26
5113,19,28,379,59,2024-09-30
5114,35,47,275,186,2023-01-21
5115,11,34,171,186,2023-02-18
5116,26,10,466,181,2023-07-12
5117,21,5,101,71,2023-08-13
5118,25,24,305,59,2023-07-19
5119,2,4,162,144,2024-08-08
5120,10,15,50,145,2023-04-20
5121,38,47,318,28,2024-04-02
5122,39,33,399,38,2023-08-27
5123,10,8,370,101,2023-07-13
5124,34,8,74,44,2023-05-11
5125,32,42,232,114,2023-12-07
5126,16,10,296,95,2024-08-25
5127,21,15,341,150,2023-09-16
5128,32,1,32,108,2023-06-30
5129,6,17,246,29,2023-01-31
5130,35,49,35,179,2023-02-11
5131,11,15,51,100,2023-06-19
5132,16,13,336,80,2023-05-02
5133,39,1,119,167,2024-06-23
5134,12,1,492,168,2023-11-13
5135,30,33,430,192,2023-06-26
5136,12,30,252,112,2024-05-20
5137,16,16,376,94,2024-04-18
5138,8,19,248,87,2024-08-06
5139,38,4,278,71,2024-09-26
5140,14,39,414,163,2024-02-28
5141,35,20,475,111,2024-08-17
5142,1,39,201,166,2023-10-16
5143,18,44,378,71,2023-12-13
5144,30,5,310,68,2023-03-21
5145,6,8,46,182,2023-11-19
5146,21,11,421,195,2023-02-18
5147,22,40,142,188,2023-04-07
5148,7,38,47,169,2024-07-09
5149,23,38,383,181,2024-06-25
5150,24,30,424,159,2023-03-21
5151,37,12,37,107,2024-07-30
5152,14,16,334,148,2023-04-05
5153,33,42,113,57,2024-05-09
5154,35,42,435,118,2024-06-27
5155,30,8,230,133,2024-08-27
5156,8,41,128,157,2023-09-28
5157,22,42,62,20,2023-02-17
5158,37,10,37,64,2024-08-15
5159,23,24,423,191,2024-01-25
5160,21,3,461,200,2024-04-15
5161,25,6,185,129,2024-10-19
5162,20,49,140,128,2024-03-10
5163,15,20,375,161,2023-03-16
5164,33,11,273,135,2024-08-14
5165,40,2,200,80,2023-06-21
5166,4,17,444,139,2023-02-13
5167,10,40,250,134,2024-03-24
5168,32,41,32,189,2023-03-05
5169,12,13,52,149,2024-06-05
5170,34,50,274,29,2024-10-05
5171,25,16,225,134,2023-11-06
5172,17,49,137,90,2023-09-11
5173,29,17,309,42,2024-06-15
5174,36,20,76,55,2023-01-30
5175,34,20,274,96,2024-06-12
5176,11,21,171,53,2023-07-30
5177,31,25,391,37,2023-12-16
5178,38,10,318,137,2024-12-10
5179,22,19,262,29,2024-09-07
5180,2,40,442,187,2024-12-22
5181,10,17,50,191,2024-01-02
5182,4,33,364,63,2024-07-16
5183,14,35,334,117,2024-09-06
5184,26,15,386,40,2023-12-21
5185,12,7,412,54,2024-07-05
5186,32,20,472,77,2023-11-16
5187,9,34,129,92,2024-07-24
5188,30,43,270,166,2024-11-18
5189,36,39,236,50,2023-08-31
5190,9,6,409,151,2024-06-22
5191,16,7,176,136,2024-04-15
5192,27,8,227,55,2023-05-15
5193,26,26,26,185,2024-08-28
5194,11,6,331,193,2023-04-03
5195,25,44,465,171,2023-04-14
5196,38,6,438,34,2023-08-17
5197,12,18,12,32,2023-07-21
5198,37,9,437,72,2024-11-22
5199,32,12,472,194,2023-03-02
5200,10,12,410,117,2024-09-12
5201,20,20,420,165,2023-11-18
5202,9,48,129,102,2023-03-03
5203,37,11,37,142,2023-04-01
5204,35,25,355,176,2023-09-08
5205,14,41,94,42,2024-11-30
5206,17,47,57,196,2023-05-10
5207,4,39,284,109,2023-04-24
5208,34,46,394,36,2024-09-04
5209,17,27,257,32,2024-01-16
5210,24,22,144,77,2024-04-05
5211,19,18,19,179,2023-11-10
5212,12,32,372,86,2023-11-25
5213,34,27,314,172,2023-06-22
5214,16,43,216,170,2024-01-09
5215,40,8,440,197,2024-08-28
5216,23,30,423,79,2024-05-25
5217,16,31,176,77,2023-04-11
5218,10,2,130,76,2023-05-07
5219,7,44,127,164,2023-08-03
5220,18,37,338,73,2024-09-17
5221,26,6,426,32,2024-12-08
5222,21,16,101,116,2024-09-29
5223,39,50,479,109,2023-07-28
5224,5,16,5,107,2024-01-29
5225,14,9,134,47,2024-06-08
5226,27,22,347,166,2024-02-21
5227,28,17,428,149,2024-03-29
5228,24,18,264,96,2023-12-11
5229,9,1,129,193,2023-11-13
5230,8,44,48,96,2024-01-25
5231,35,33,355,190,2023-01-16
5232,24,46,464,141,2024-03-22
5233,10,48,10,177,2023-03-23
5234,23,23,23,97,2024-01-12
5235,7,29,447,196,2024-06-29
5236,9,9,129,91,2023-08-25
5237,25,30,385,166,2023-04-02
5238,30,7,190,22,2023-04-09
5239,25,34,345,149,2023-09-17
5240,25,18,305,79,2023-05-18
5241,6,8,406,179,2023-08-26
5242,13,37,133,101,2024-11-03
5243,26,3,266,107,2023-06-08
5244,6,47,206,118,2024-10-12
5245,22,5,422,87,2023-07-27
5246,21,21,21,190,2024-04-22
5247,24,32,424,100,2023-07-27
5248,21,19,421,195,2024-07-19
5249,31,1,31,86,2023-09-17
5250,28,47,228,189,2023-10-02
5251,24,16,384,34,2024-05-08
5252,17,22,137,95,2023-01-23
5253,3,25,483,61,2024-10-14
5254,13,41,133,49,2023-11-28
5255,16,16,456,24,2023-07-08
5256,1,36,401,90,2024-04-25
5257,25,7,385,99,2024-04-22
5258,4,10,404,64,2024-02-03
5259,40,30,240,141,2023-02-04
5260,38,43,318,48,2024-04-12
5261,20,45,460,165,2024-03-07
5262,21,34,421,75,2024-12-07
5263,20,2,380,48,2024-10-31
5264,10,33,490,177,2024-09-29
5265,34,47,114,60,2023-11-04
5266,12,15,212,77,2024-08-11
5267,28,10,148,82,2023-03-27
5268,2,31,362,123,2023-09-18
5269,8,34,448,78,2024-03-02
5270,12,29,12,151,2023-08-19
5271,14,1,214,49,2023-01-18
5272,30,5,30,116,2024-02-10
5273,13,39,53,176,2024-07-29
5274,20,36,260,186,2024-03-31
5275,32,3,32,166,2023-07-16
5276,11,40,11,111,2023-05-19
5277,6,42,126,76,2023-02-23
5278,28,45,188,194,2024-04-06
5279,32,35,392,158,2024-02-28
5280,35,28,195,165,2024-04-25
5281,23,37,303,195,2024-09-09
5282,39,49,199,142,2023-10-22
5283,5,25,285,182,2023-09-24
5284,39,35,119,113,2023-09-27
5285,11,25,491,58,2024-05-04
5286,24,3,464,192,2024-02-26
5287,30,6,150,55,2023-12-26
5288,5,29,445,159,2024-11-28
5289,21,39,181,145,2023-06-17
5290,18,48,18,83,2023-08-01
5291,20,11,140,21,2023-05-25
5292,11,2,331,177,2023-11-27
5293,21,16,21,141,2023-12-12
5294,38,45,78,187,2023-09-07
5295,30,22,430,167,2024-11-09
5296,24,3,144,79,2024-08-28
5297,27,50,307,106,2023-12-13
5298,26,26,186,104,2023-08-03
5299,27,14,147,98,2023-11-29
5300,17,35,337,162,2023-08-24
5301,20,21,20,173,2024-09-15
5302,4,1,364,65,2024-03-02
5303,26,45,226,152,2024-02-16
5304,17,21,57,104,2023-09-20
5305,14,41,14,38,2023-05-09
5306,24,41,144,121,2023-10-24
5307,22,27,262,85,2024-02-10
5308,15,4,335,50,2024-05-22
5309,4,33,364,196,2023-03-23
5310,29,24,229,132,2023-02-25
5311,12,26,132,171,2023-04-17
5312,20,7,300,56,2024-12-03
5313,25,48,265,81,2023-07-06
5314,16,42,16,56,2024-04-19
5315,18,35,58,156,2023-04-14
5316,35,44,115,190,2024-10-16
5317,40,4,480,162,2024-10-12
5318,5,21,365,123,2024-01-29
5319,32,28,432,122,2024-04-10
5320,30,6,150,120,2023-08-11
5321,17,35,57,118,2024-11-30
5322,25,9,425,193,2023-01-05
5323,16,47,136,198,2023-03-29
5324,10,33,170,124,2024-09-12
5325,35,35,435,51,2024-01-11
5326,24,11,424,164,2023-11-17
5327,5,38,285,177,2024-05-06
5328,30,23,430,110,2024-03-11
5329,15,49,415,27,2024-11-16
5330,17,40,57,140,2024-08-19
5331,37,19,437,84,2024-06-07
5332,22,32,422,200,2024-08-20
5333,25,24,305,180,2023-08-25
5334,22,12,422,94,2024-02-25
5335,28,19,268,55,2023-03-03
5336,22,16,342,80,2023-01-14
5337,17,12,137,183,2023-01-30
5338,24,3,184,199,2023-11-20
5339,6,16,6,32,2024-12-20
5340,11,7,211,101,2023-10-03
5341,5,42,325,172,2023-01-22
5342,4,13,164,115,2024-12-25
5343,4,45,124,85,2024-02-05
5344,23,7,303,124,2024-03-18
5345,36,23,476,122,2024-08-03
5346,35,46,315,133,2024-09-19
5347,12,41,92,179,2024-05-29
5348,36,8,156,100,2024-04-28
5349,4,4,444,52,2024-02-16
5350,9,9,449,62,2024-05-28
5351,28,45,268,163,2024-06-28
5352,6,33,326,185,2023-03-24
5353,14,2,54,186,2024-10-21
5354,23,8,63,115,2024-01-07
5355,21,33,141,179,2023-04-15
5356,38,5,398,117,2024-10-11
5357,15,40,495,72,2023-03-24
5358,20,32,60,191,2024-10-21
5359,13,12,213,146,2023-01-09
5360,39,13,399,153,2023-02-01
5361,17,33,337,62,2023-08-21
5362,28,28,268,37,2023-02-01
5363,22,49,62,190,2023-06-20
5364,39,16,479,79,2024-08-22
5365,38,5,358,109,2024-07-14
5366,1,16,41,145,2024-03-05
5367,37,35,37,31,2023-06-25
5368,14,21,214,52,2024-11-28
5369,29,11,189,185,2023-04-20
5370,25,38,185,58,2023-09-10
5371,13,49,333,165,2024-06-28
5372,29,11,69,74,2023-11-28
5373,32,11,72,71,2023-06-13
5374,2,42,122,38,2023-06-04
5375,32,18,112,115,2024-05-02
5376,4,9,204,106,2023-05-13
5377,2,14,442,129,2024-06-15
5378,11,7,331,109,2024-09-23
5379,40,22,200,173,2023-04-13
5380,21,28,301,21,2023-06-17
5381,23,8,103,138,2023-09-29
5382,32,33,232,195,2023-11-02
5383,6,6,326,69,2024-12-21
5384,25,34,105,114,2024-08-26
5385,26,8,26,147,2024-08-24
5386,33,15,353,29,2023-12-20
5387,35,39,35,111,2024-03-26
5388,5,36,245,194,2024-01-15
5389,9,20,49,120,2024-05-29
5390,5,45,445,129,2023-04-16
5391,12,26,372,79,2024-02-16
5392,23,7,103,141,2024-05-27
5393,14,42,14,145,2023-02-03
5394,15,29,495,180,2023-12-28
5395,10,8,130,147,2023-06-14
5396,21,26,421,95,2023-03-31
5397,25,31,305,199,2024-12-02
5398,33,7,393,57,2023-07-01
5399,5,18,285,26,2023-12-10
5400,2,12,162,181,2024-10-26
5401,39,20,399,50,2024-06-12
5402,17,38,457,64,2024-09-27
5403,11,4,211,115,2024-02-10
5404,27,20,467,119,2024-04-02
5405,35,39,355,140,2024-08-15
5406,6,21,126,20,2023-03-14
5407,21,25,301,83,2024-09-19
5408,4,10,84,160,2024-01-19
5409,6,25,6,86,2023-06-28
5410,34,13,114,193,2023-10-30
5411,26,5,386,104,2023-02-14
5412,22,18,222,66,2023-10-27
5413,22,14,422,25,2024-12-23
5414,16,8,296,153,2023-08-20
5415,24,6,424,131,2023-12-31
5416,15,34,215,189,2023-08-12
5417,20,16,420,136,2023-12-23
5418,6,47,206,100,2023-04-02
5419,15,39,95,141,2023-03-13
5420,8,46,208,67,2023-03-09
5421,38,6,238,199,2024-03-15
5422,25,42,25,34,2023-02-15
5423,25,43,145,143,2024-06-15
5424,6,2,126,176,2024-05-29
5425,1,49,401,83,2024-11-11
5426,38,3,78,27,2024-11-07
5427,40,48,280,133,2024-04-24
5428,14,6,134,119,2023-08-27
5429,13,35,413,66,2024-10-13
5430,13,13,413,83,2024-11-02
5431,19,39,379,42,2023-05-31
5432,19,3,459,70,2024-05-18
5433,2,7,42,82,2023-03-05
5434,20,36,180,74,2024-07-21
5435,5,49,285,179,2023-02-01
5436,12,11,412,196,2023-10-02
5437,14,9,134,92,2023-03-31
5438,35,12,35,173,2024-12-20
5439,31,15,351,148,2024-06-12
5440,30,23,30,32,2024-04-17
5441,30,46,470,73,2023-03-29
5442,2,3,282,24,2023-09-02
5443,15,31,95,198,2023-07-19
5444,38,49,78,115,2023-08-17
5445,22,36,102,170,2024-02-01
5446,17,11,17,133,2024-09-27
5447,7,31,447,117,2023-07-08
5448,4,44,204,42,2024-02-06
5449,8,19,48,35,2023-04-21
5450,35,7,435,97,2023-11-14
5451,39,5,159,26,2023-08-21
5452,24,43,184,55,2023-11-05
5453,6,6,446,21,2024-06-09
5454,33,5,113,142,2023-12-27
5455,26,21,186,62,2024-04-13
5456,4,24,44,56,2023-08-03
5457,1,6,281,153,2024-10-12
5458,24,28,344,112,2024-10-27
5459,39,37,399,197,2023-10-27
5460,15,12,415,162,2024-08-03
5461,6,10,206,125,2023-04-19
5462,7,41,87,84,2024-02-17
5463,25,38,345,133,2024-10-02
5464,35,49,435,196,2023-03-20
5465,14,14,374,165,2024-03-24
5466,17,33,457,162,2024-08-12
5467,31,41,311,86,2024-11-15
5468,11,1,451,21,2024-10-29
5469,40,36,320,71,2023-08-26
5470,6,16,286,39,2024-07-09
5471,30,50,230,157,2024-09-14
5472,2,44,282,28,2023-03-14
5473,29,36,309,178,2024-09-10
5474,25,13,305,180,2023-07-30
5475,17,29,337,49,2023-08-06
5476,3,31,283,69,2023-01-25
5477,4,47,84,178,2023-08-15
5478,34,21,314,146,2024-07-19
5479,16,11,136,64,2024-03-18
5480,17,15,177,93,2023-04-01
5481,15,33,335,78,2024-09-17
5482,1,21,321,136,2023-10-25
5483,22,34,462,37,2024-02-20
5484,31,23,471,100,2023-11-08
5485,40,46,280,124,2023-03-18
5486,7,6,407,87,2024-03-14
5487,2,3,242,187,2023-07-14
5488,3,35,483,194,2023-06-22
5489,3,2,283,43,2023-03-24
5490,33,9,193,182,2024-06-04
5491,39,50,439,21,2023-04-04
5492,22,43,182,114,2023-09-02
5493,38,2,398,44,2024-07-02
5494,11,24,211,47,2024-05-26
5495,11,12,211,96,2024-05-15
5496,26,9,26,61,2024-09-29
5497,31,46,191,194,2024-12-08
5498,36,46,76,123,2023-08-13
5499,10,5,10,157,2024-05-02
5500,2,8,42,134,2023-10-03
5501,10,16,410,82,2024-03-14
5502,6,17,286,79,2024-07-07
5503,34,28,394,25,2024-10-02
5504,28,40,68,109,2024-12-22
5505,30,47,230,122,2023-03-10
5506,5,48,45,100,2023-09-12
5507,7,43,47,173,2024-12-04
5508,26,46,426,117,2024-12-16
5509,7,46,247,166,2023-05-18
5510,6,12,246,113,2024-02-08
5511,3,4,83,63,2023-08-17
5512,4,40,164,185,2024-03-20
5513,2,16,202,197,2024-07-13
5514,15,26,495,91,2023-02-26
5515,16,24,16,108,2024-05-22
5516,31,3,271,99,2024-07-23
5517,26,33,226,98,2023-11-25
5518,9,5,169,160,2023-04-30
5519,29,26,469,175,2024-01-29
5520,10,30,90,28,2024-03-27
5521,26,44,226,34,2023-04-03
5522,3,35,443,185,2023-07-24
5523,36,11,436,50,2023-08-11
5524,1,18,401,181,2023-08-07
5525,18,23,98,129,2024-07-03
5526,2,16,402,39,2024-05-01
5527,30,7,70,140,2024-07-12
5528,38,14,118,36,2024-04-24
5529,16,13,496,141,2023-03-12
5530,14,49,254,170,2024-07-24
5531,24,50,384,23,2024-03-23
5532,13,26,293,99,2023-04-03
5533,4,33,204,65,2023-01-15
5534,39,33,79,186,2024-03-27
5535,27,13,307,116,2023-11-10
5536,14,30,414,48,2023-03-17
5537,19,20,499,69,2023-04-22
5538,14,34,54,173,2023-09-15
5539,27,15,27,42,2024-07-10
5540,6,35,286,180,2024-04-11
5541,2,31,322,70,2024-05-06
5542,22,35,222,90,2024-11-06
5543,24,8,184,130,2023-12-24
5544,34,31,314,137,2024-09-18
5545,2,29,162,157,2024-10-28
5546,37,41,157,40,2024-01-07
5547,10,37,250,55,2023-05-05
5548,9,8,129,64,2023-11-06
5549,38,21,38,69,2023-06-07
5550,6,37,206,151,2024-06-20
5551,11,12,251,160,2024-12-25
5552,23,1,63,69,2023-02-14
5553,3,17,323,165,2023-02-23
5554,28,38,68,22,2024-09-01
5555,37,5,277,90,2024-06-23
5556,29,47,149,110,2023-06-14
5557,14,48,414,84,2023-09-14
5558,1,19,361,31,2023-12-17
5559,26,23,346,183,2024-08-13
5560,26,15,386,78,2024-06-26
5561,6,48,6,35,2023-08-31
5562,3,1,3,192,2024-05-09
5563,17,15,57,88,2024-07-22
5564,40,27,280,102,2023-06-30
5565,40,33,160,152,2023-08-06
5566,3,9,243,91,2023-08-26
5567,13,14,53,158,2023-09-20
5568,4,39,324,50,2024-12-05
5569,2,7,202,120,2023-12-31
5570,10,23,90,39,2023-11-25
5571,39,46,359,107,2024-04-08
5572,19,32,499,102,2023-01-02
5573,26,8,306,87,2024-09-28
5574,32,41,32,134,2023-07-03
5575,17,9,417,78,2024-02-10
5576,34,35,154,192,2023-05-23
5577,22,1,262,160,2023-04-25
5578,23,18,63,168,2024-09-01
5579,11,28,371,106,2024-09-25
5580,29,16,69,51,2023-01-25
5581,39,43,199,84,2023-12-10
5582,13,11,293,48,2024-05-10
5583,9,30,409,181,2024-06-10
5584,12,47,12,22,2024-05-31
5585,29,7,469,58,2023-07-18
5586,30,30,70,55,2023-03-02
5587,1,41,1,148,2023-04-08
5588,14,38,134,92,2024-07-24
5589,29,30,349,106,2023-01-28
5590,17,15,17,163,2023-10-22
5591,27,12,187,94,2023-07-03
5592,25,20,385,97,2023-03-12
5593,35,50,155,64,2024-06-22
5594,21,24,421,92,2023-12-22
5595,22,18,382,153,2023-05-20
5596,35,3,475,154,2023-04-25
5597,9,37,449,118,2024-07-01
5598,22,47,382,129,2023-10-30
5599,1,49,81,157,2023-04-09
5600,25,16,105,96,2024-11-24
5601,25,22,465,122,2023-07-11
5602,19,3,59,180,2024-01-14
5603,6,25,246,167,2024-02-16
5604,33,47,353,179,2024-11-02
5605,12,45,372,149,2023-11-22
5606,19,47,179,49,2024-02-06
5607,20,48,180,88,2024-12-09
5608,3,28,443,143,2024-03-20
5609,38,37,238,159,2024-06-24
5610,16,4,456,56,2024-09-06
5611,7,6,287,172,2023-01-25
5612,4,3,4,113,2023-10-11
5613,26,28,106,134,2024-08-04
5614,27,38,147,61,2023-10-02
5615,36,20,36,195,2023-09-09
5616,29,18,189,34,2024-01-20
5617,9,25,369,43,2023-06-27
5618,17,24,297,158,2024-04-27
5619,2,50,162,39,2023-09-01
5620,7,33,47,52,2024-04-01
5621,27,14,27,183,2023-03-06
5622,34,49,434,189,2024-05-10
5623,11,47,51,99,2023-06-06
5624,10,48,130,182,2024-05-24
5625,5,19,285,163,2023-02-26
5626,1,1,121,53,2024-05-17
5627,1,27,241,40,2024-10-10
5628,15,48,335,58,2024-02-05
5629,15,47,15,133,2024-11-11
5630,15,24,215,188,2023-12-09
5631,20,12,220,64,2024-11-27
5632,18,2,298,78,2023-06-02
5633,28,45,108,197,2024-04-22
5634,13,31,133,170,2023-08-27
5635,22,6,22,147,2024-05-31
5636,25,10,105,30,2023-11-01
5637,29,8,109,114,2024-05-09
5638,24,5,64,155,2023-06-12
5639,9,18,169,27,2024-06-15
5640,6,48,246,54,2024-08-03
5641,31,25,111,50,2024-04-11
5642,12,18,52,46,2024-04-04
5643,36,19,356,135,2024-02-23
5644,24,6,344,98,2024-11-11
5645,26,12,306,174,2023-08-19
5646,35,28,235,133,2024-06-29
5647,38,23,198,85,2023-08-29
5648,33,34,193,41,2023-05-17
5649,30,41,430,148,2023-04-29
5650,23,39,23,171,2023-09-12
5651,3,32,443,120,2024-10-11
5652,16,40,256,148,2024-05-25
5653,15,23,215,115,2023-08-31
5654,27,49,347,111,2023-09-10
5655,3,39,123,93,2024-05-04
5656,2,23,242,147,2024-05-29
5657,5,2,45,168,2023-06-02
5658,34,35,274,103,2024-10-03
5659,33,4,353,114,2023-10-10
5660,18,48,138,93,2023-07-31
5661,38,44,398,135,2023-10-02
5662,11,18,171,131,2023-04-10
5663,30,47,230,192,2024-05-28
5664,3,26,443,98,2023-04-22
5665,1,20,281,115,2024-10-27
5666,10,2,50,126,2024-11-14
5667,20,35,140,62,2024-09-03
5668,34,20,234,106,2023-06-03
5669,40,23,320,188,2024-08-01
5670,20,17,300,118,2024-10-19
5671,3,26,483,58,2023-07-13
5672,10,50,210,167,2024-01-17
5673,18,50,98,54,2023-10-07
5674,4,2,84,65,2024-04-27
5675,17,33,417,154,2024-09-18
5676,10,28,370,186,2023-07-10
5677,35,2,35,151,2024-09-05
5678,23,9,143,23,2023-05-16
5679,13,9,253,102,2023-08-18
5680,6,39,206,114,2023-09-16
5681,2,16,482,199,2024-10-28
5682,1,9,241,123,2024-10-14
5683,32,6,272,119,2024-03-02
5684,32,42,312,50,2023-08-31
5685,7,30,287,26,2024-01-28
5686,31,31,151,179,2023-01-17
5687,34,46,74,42,2023-12-23
5688,4,47,444,93,2024-02-29
5689,19,50,259,117,2024-06-18
5690,39,25,119,58,2023-05-24
5691,34,9,474,70,2023-01-28
5692,25,20,345,170,2023-11-19
5693,16,37,136,153,2024-09-14
5694,40,35,360,30,2023-02-26
5695,10,14,50,124,2023-03-15
5696,7,48,127,149,2024-05-25
5697,40,28,200,91,2023-12-03
5698,21,39,261,33,2024-03-13
5699,35,7,395,153,2024-08-05
5700,24,12,64,24,2023-01-03
5701,34,39,74,191,2024-07-02
5702,21,26,261,157,2024-01-13
5703,32,46,432,62,2024-02-09
5704,4,47,4,29,2024-01-03
5705,19,46,459,56,2024-07-29
5706,4,50,484,200,2023-10-22
5707,7,5,7,157,2024-10-14
5708,11,11,251,49,2023-05-22
5709,34,40,194,75,2023-04-14
5710,36,42,316,113,2023-12-31
5711,28,23,268,51,2024-12-01
5712,23,11,303,185,2023-08-05
5713,6,28,166,95,2024-09-18
5714,31,32,431,165,2024-03-18
5715,7,20,407,151,2023-05-06
5716,6,9,246,47,2024-02-11
5717,20,33,500,152,2024-07-01
5718,17,29,457,165,2024-05-03
5719,36,43,316,136,2024-06-19
5720,25,28,225,130,2024-12-05
5721,8,14,408,175,2024-05-16
5722,33,9,393,120,2023-11-27
5723,36,33,76,185,2023-10-01
5724,16,28,136,200,2023-11-03
5725,37,5,437,80,2024-10-15
5726,39,21,239,115,2023-11-12
5727,21,48,461,41,2023-08-08
5728,25,11,385,177,2023-10-14
5729,7,38,87,46,2023-01-06
5730,13,28,333,116,2024-04-17
5731,4,19,4,52,2023-08-14
5732,8,49,368,158,2023-04-26
5733,11,18,211,183,2024-01-22
5734,28,19,268,181,2024-02-10
5735,36,21,356,28,2024-03-28
5736,17,4,137,52,2024-07-24
5737,37,3,317,40,2024-09-25
5738,3,12,83,20,2024-05-31
5739,31,37,431,32,2024-07-07
5740,32,15,192,89,2023-02-03
5741,31,33,431,90,2024-05-31
5742,38,22,358,100,2024-07-16
5743,27,24,147,109,2024-04-06
5744,13,3,293,142,2023-08-20
5745,32,45,72,194,2023-08-01
5746,10,31,170,182,2024-10-01
5747,32,17,472,133,2024-12-16
5748,11,41,131,79,2023-04-27
5749,33,22,73,29,2024-06-15
5750,27,23,227,198,2023-12-22
5751,31,32,31,194,2023-03-21
5752,8,50,488,61,2023-10-12
5753,19,7,19,54,2023-03-12
5754,23,2,303,85,2023-08-15
5755,40,1,360,162,2024-11-18
5756,5,17,85,42,2024-03-30
5757,6,31,326,133,2023-10-10
5758,10,38,50,56,2023-11-29
5759,27,26,307,89,2024-12-27
5760,11,18,451,193,2024-08-10
5761,2,47,362,48,2023-01-09
5762,39,12,439,102,2023-09-11
5763,17,23,217,71,2024-05-27
5764,18,23,58,62,2023-05-31
5765,13,27,373,100,2023-01-09
5766,17,40,177,118,2023-12-24
5767,33,50,193,134,2023-10-21
5768,19,16,179,134,2023-08-19
5769,15,50,415,170,2024-08-12
5770,30,19,350,136,2024-01-15
5771,16,15,216,60,2023-12-17
5772,9,10,169,29,2023-07-22
5773,24,13,464,22,2024-12-19
5774,4,27,204,35,2024-01-25
5775,3,44,283,128,2024-08-20
5776,25,30,25,128,2024-06-13
5777,33,23,433,95,2024-05-25
5778,29,30,109,158,2023-10-04
5779,36,4,196,120,2023-02-21
5780,14,8,134,71,2024-03-17
5781,31,32,191,40,2023-05-19
5782,1,50,161,109,2023-08-08
5783,14,19,174,127,2024-01-15
5784,2,36,322,129,2023-12-27
5785,32,13,432,178,2023-06-30
5786,15,38,375,67,2024-10-09
5787,20,32,20,170,2024-08-15
5788,4,26,244,152,2023-03-23
5789,8,25,248,110,2023-01-22
5790,13,5,293,140,2023-03-13
5791,28,16,108,97,2024-11-16
5792,36,12,396,117,2023-08-07
5793,23,15,463,184,2024-12-11
5794,36,46,116,157,2023-05-11
5795,11,43,171,157,2023-10-09
5796,18,23,458,185,2024-10-23
5797,19,46,99,109,2023-06-25
5798,20,40,180,128,2024-04-30
5799,19,47,99,197,2023-07-12
5800,26,12,266,82,2024-03-04
5801,14,19,494,152,2024-10-24
5802,31,1,311,55,2024-08-28
5803,38,14,278,157,2024-02-26
5804,16,6,376,63,2024-09-11
5805,36,33,116,169,2024-08-10
5806,19,18,419,117,2024-12-12
5807,32,12,472,44,2023-04-24
5808,10,31,170,166,2024-05-28
5809,30,28,30,172,2023-09-21
5810,11,4,331,23,2024-07-31
5811,35,12,235,38,2024-02-02
5812,30,47,270,156,2023-10-26
5813,26,13,146,167,2024-09-09
5814,36,45,116,40,2024-10-04
5815,2,43,42,96,2023-12-20
5816,39,36,39,135,2024-04-03
5817,10,29,370,114,2024-06-05
5818,18,19,258,149,2024-03-31
5819,17,23,137,81,2023-08-31
5820,20,7,500,21,2023-05-10
5821,21,45,61,155,2024-07-29
5822,21,49,101,140,2023-04-22
5823,20,9,260,110,2024-06-29
5824,38,31,318,38,2024-11-02
5825,15,18,455,118,2024-01-11
5826,2,29,122,28,2023-12-16
5827,14,32,494,35,2023-12-30
5828,35,35,355,117,2023-01-13
5829,31,35,191,134,2023-07-18
5830,11,16,291,57,2024-07-22
5831,9,46,489,152,2024-07-06
5832,19,34,339,161,2024-01-19
5833,10,15,330,158,2024-08-10
5834,31,22,351,111,2023-10-25
5835,25,45,345,185,2023-03-02
5836,7,8,47,89,2024-01-16
5837,7,3,167,130,2024-02-24
5838,16,14,376,28,2024-10-28
5839,7,36,447,190,2023-04-06
5840,7,41,167,73,2024-12-24
5841,39,14,399,194,2023-05-12
5842,29,38,189,193,2023-07-09
5843,27,8,307,48,2024-03-21
5844,7,17,487,66,2024-07-01
5845,15,43,15,107,2023-03-27
5846,25,35,465,60,2023-04-11
5847,40,14,320,124,2023-01-16
5848,1,20,361,142,2023-03-14
5849,36,16,436,141,2024-08-24
5850,21,41,61,48,2024-11-20
5851,18,12,178,187,2024-01-11
5852,4,40,444,118,2024-05-11
5853,18,32,58,145,2024-10-24
5854,4,46,244,20,2024-04-07
5855,21,39,221,83,2024-10-13
5856,35,5,155,118,2024-12-23
5857,7,1,87,29,2024-06-21
5858,8,31,448,106,2023-04-19
5859,27,3,27,22,2023-04-13
5860,23,22,263,149,2024-09-19
5861,39,46,119,31,2023-09-02
5862,2,14,2,92,2023-01-09
5863,35,35,395,38,2023-07-25
5864,23,11,423,172,2023-04-22
5865,16,28,296,175,2023-04-15
5866,29,23,189,105,2024-04-19
5867,28,34,68,37,2024-09-19
5868,1,24,1,83,2023-01-19
5869,29,20,29,199,2024-08-19
5870,28,11,268,103,2023-02-28
5871,36,1,196,35,2024-04-07
5872,13,22,413,156,2024-02-10
5873,3,4,203,74,2023-01-30
5874,5,48,125,174,2024-11-12
5875,16,47,376,158,2023-12-16
5876,9,46,89,150,2023-06-19
5877,25,23,145,85,2023-05-12
5878,3,22,243,129,2023-04-24
5879,26,12,426,34,2024-03-12
5880,28,38,388,138,2024-06-13
5881,37,1,157,51,2023-10-20
5882,18,19,18,110,2023-05-13
5883,27,14,467,96,2024-08-22
5884,14,19,294,50,2024-02-05
5885,28,11,188,133,2024-08-27
5886,26,4,226,182,2023-11-18
5887,11,17,171,149,2023-07-13
5888,18,4,418,104,2023-05-30
5889,1,23,1,157,2024-06-02
5890,6,48,6,171,2023-01-07
5891,19,42,499,124,2024-06-26
5892,11,32,11,105,2024-05-11
5893,23,34,343,185,2023-05-22
5894,39,8,199,175,2024-05-06
5895,29,25,469,76,2023-06-29
5896,38,15,118,129,2024-03-03
5897,10,24,290,154,2023-03-08
5898,27,45,227,127,2024-03-16
5899,3,29,3,85,2023-04-10
5900,29,22,109,102,2024-04-16
5901,28,48,468,165,2023-10-21
5902,25,24,385,56,2024-01-03
5903,36,28,396,135,2023-06-04
5904,40,12,160,67,2024-04-21
5905,22,19,462,187,2024-06-02
5906,17,48,257,112,2024-11-29
5907,19,10,99,190,2023-07-11
5908,12,12,52,165,2024-02-08
5909,23,9,383,197,2024-10-03
5910,12,28,292,109,2023-12-05
5911,29,6,349,125,2024-01-09
5912,16,12,336,89,2023-01-17
5913,5,35,365,41,2023-11-07
5914,32,27,272,66,2023-10-24
5915,18,48,58,64,2024-03-14
5916,18,20,98,107,2023-07-18
5917,4,8,404,177,2024-10-11
5918,32,34,232,166,2023-05-26
5919,6,21,446,53,2023-12-20
5920,30,18,230,59,2024-10-16
5921,3,27,443,119,2023-08-09
5922,36,9,236,133,2024-11-22
5923,19,10,179,36,2024-03-02
5924,20,9,20,75,2024-10-13
5925,24,45,304,75,2023-06-03
5926,24,49,104,31,2023-01-08
5927,14,43,254,24,2024-06-11
5928,7,6,367,71,2024-08-18
5929,39,24,439,193,2024-04-30
5930,15,20,255,131,2023-05-18
5931,34,22,394,190,2023-07-23
5932,37,37,37,162,2024-12-25
5933,9,40,249,200,2024-12-15
5934,19,32,59,171,2024-04-28
5935,7,43,327,116,2024-08-05
5936,5,19,165,139,2023-01-02
5937,38,5,358,105,2023-12-30
5938,2,25,82,73,2024-01-21
5939,21,23,141,75,2024-07-12
5940,31,45,471,43,2024-03-02
5941,29,32,229,85,2023-01-13
5942,22,1,302,74,2023-05-26
5943,16,7,16,144,2023-09-22
5944,23,38,143,113,2024-08-21
5945,1,3,241,77,2023-04-20
5946,10,18,490,179,2024-10-14
5947,15,42,375,24,2024-05-16
5948,3,15,123,30,2023-06-18
5949,14,32,134,48,2024-02-28
5950,21,50,61,167,2023-02-03
5951,40,34,440,149,2024-05-19
5952,26,24,66,67,2023-10-27
5953,33,3,313,151,2024-09-18
5954,6,30,366,65,2024-10-13
5955,19,40,259,108,2024-12-16
5956,12,15,212,193,2023-02-08
5957,23,10,383,55,2023-03-30
5958,4,39,484,169,2024-10-18
5959,37,32,437,142,2024-01-14
5960,37,21,157,85,2024-07-09
5961,9,40,329,145,2024-10-15
5962,31,34,311,144,2024-01-14
5963,33,17,233,131,2023-04-20
5964,31,48,391,89,2023-12-28
5965,1,33,361,82,2024-05-22
5966,1,32,121,71,2024-01-20
5967,33,36,153,106,2023-08-18
5968,32,40,312,56,2024-08-17
5969,5,8,45,170,2023-06-06
5970,20,2,180,181,2024-07-31
5971,27,37,467,187,2024-08-24
5972,12,20,52,82,2023-12-26
5973,12,2,52,172,2023-11-05
5974,38,21,38,34,2024-06-03
5975,20,43,100,104,2023-08-22
5976,37,19,477,158,2024-07-22
5977,11,49,91,175,2024-10-13
5978,40,1,400,176,2023-04-27
5979,23,50,143,30,2023-07-08
5980,7,24,287,34,2023-03-11
5981,9,10,9,39,2024-01-19
5982,25,2,145,197,2023-02-14
5983,22,18,462,21,2023-12-06
5984,39,37,199,24,2024-03-17
5985,31,25,391,45,2023-05-21
5986,12,35,492,42,2024-06-08
5987,5,43,485,26,2023-01-18
5988,6,27,326,20,2024-11-02
5989,7,50,247,106,2023-11-21
5990,6,20,406,74,2024-02-08
5991,26,10,386,142,2024-09-13
5992,38,8,118,33,2024-12-02
5993,36,47,396,59,2023-04-07
5994,4,12,164,64,2024-04-07
5995,14,15,54,48,2023-11-27
5996,24,44,64,182,2024-05-30
5997,38,17,198,138,2024-04-30
5998,13,35,133,144,2023-12-21
5999,20,1,420,53,2023-06-07
6000,28,43,228,44,2023-11-08
6001,37,10,117,84,2024-08-21
6002,31,14,111,85,2024-03-07
6003,31,14,191,114,2023-03-07
6004,20,19,500,191,2024-03-02
6005,34,21,234,101,2024-04-07
6006,26,24,106,199,2024-09-13
6007,5,36,5,96,2023-07-24
6008,11,40,411,38,2024-07-09
6009,3,1,443,105,2024-02-27
6010,31,43,151,189,2024-10-27
6011,30,47,430,108,2023-12-25
6012,17,21,497,109,2024-09-19
6013,11,23,451,52,2023-10-17
6014,15,11,175,31,2023-01-04
6015,16,37,96,92,2024-04-26
6016,14,19,214,177,2023-05-03
6017,14,50,174,24,2023-06-04
6018,26,23,106,86,2023-03-18
6019,16,44,416,70,2024-11-14
6020,20,32,340,153,2023-04-29
6021,22,10,142,103,2024-10-26
6022,25,26,345,194,2023-11-07
6023,25,27,385,107,2023-03-14
6024,18,4,58,200,2023-12-28
6025,21,5,381,65,2023-05-19
6026,7,39,447,104,2024-07-29
6027,24,16,64,90,2024-05-31
6028,19,7,339,180,2024-06-02
6029,2,2,2,26,2024-06-08
6030,27,45,427,132,2024-12-17
6031,5,25,325,194,2023-03-01
6032,19,3,419,78,2024-04-10
6033,3,43,123,22,2023-01-03
6034,17,50,57,126,2023-11-17
6035,23,29,143,131,2023-12-26
6036,24,13,384,69,2023-02-15
6037,2,15,362,148,2023-08-27
6038,2,35,162,84,2023-11-20
6039,15,36,415,178,2023-06-04
6040,21,3,181,99,2024-11-27
6041,40,33,440,64,2024-04-15
6042,25,10,65,136,2024-01-24
6043,19,21,219,102,2024-11-21
6044,32,5,112,169,2024-02-29
6045,24,42,424,22,2024-05-10
6046,24,8,224,83,2024-12-20
6047,31,31,111,181,2024-09-22
6048,36,20,276,199,2023-06-14
6049,11,43,131,113,2023-09-28
6050,29,26,189,136,2023-12-09
6051,3,8,283,140,2024-07-30
6052,2,27,82,37,2023-08-25
6053,14,46,214,179,2023-06-27
6054,38,50,318,55,2023-09-14
6055,11,13,451,35,2023-10-21
6056,4,41,44,52,2023-09-23
6057,31,12,71,196,2023-03-04
6058,16,21,16,127,2023-06-16
6059,27,13,107,112,2023-05-01
6060,32,30,152,23,2024-04-20
6061,35,25,235,185,2023-03-16
6062,5,46,405,91,2023-04-11
6063,20,5,20,70,2023-08-16
6064,8,32,128,111,2024-02-12
6065,7,25,487,28,2024-09-01
6066,12,47,332,118,2024-11-25
6067,11,48,171,152,2023-01-13
6068,14,44,294,113,2024-09-15
6069,40,1,280,119,2023-09-27
6070,38,45,158,177,2023-05-15
6071,16,39,136,20,2024-05-28
6072,21,18,301,64,2024-03-14
6073,7,43,247,86,2023-03-30
6074,25,43,65,75,2023-10-28
6075,21,45,461,133,2023-12-17
6076,25,18,385,187,2024-10-11
6077,34,25,394,188,2023-08-18
6078,5,16,45,129,2023-04-17
6079,36,29,276,78,2024-05-26
6080,23,7,183,198,2023-02-06
6081,11,42,251,71,2023-10-13
6082,6,5,366,171,2023-03-14
6083,34,11,194,40,2024-10-08
6084,1,25,121,20,2024-08-06
6085,17,14,337,57,2024-06-07
6086,19,11,339,54,2023-09-26
6087,30,9,310,97,2023-09-13
6088,21,12,421,190,2024-09-28
6089,4,37,244,72,2024-04-04
6090,6,36,406,194,2023-12-06
6091,38,25,78,60,2023-02-19
6092,34,11,154,169,2023-10-14
6093,24,50,464,133,2024-10-12
6094,37,37,357,133,2023-08-14
6095,29,38,29,37,2024-06-12
6096,21,3,101,128,2023-08-29
6097,35,29,75,55,2024-06-25
6098,7,10,127,131,2023-07-25
6099,33,2,433,28,2023-03-21
6100,24,21,104,34,2024-06-14
6101,34,20,34,94,2023-04-13
6102,9,19,89,44,2024-01-22
6103,2,45,322,141,2023-03-07
6104,35,39,435,34,2023-09-11
6105,31,26,311,69,2024-05-12
6106,13,15,293,78,2023-04-06
6107,11,9,91,171,2024-02-24
6108,33,37,273,123,2023-03-28
6109,34,26,354,152,2023-03-04
6110,5,41,125,62,2023-11-08
6111,31,34,231,89,2023-09-28
6112,15,16,495,110,2023-02-23
6113,19,38,459,42,2024-05-10
6114,24,19,384,145,2023-11-19
6115,20,18,140,197,2024-04-02
6116,23,47,23,53,2024-03-09
6117,10,22,370,190,2023-09-10
6118,34,39,474,166,2023-06-10
6119,4,36,444,22,2023-01-19
6120,33,19,33,175,2024-09-05
6121,13,14,293,185,2024-08-30
6122,11,25,331,67,2024-01-01
6123,19,28,299,147,2023-02-10
6124,37,24,277,94,2023-07-13
6125,15,22,175,53,2024-07-06
6126,32,24,192,111,2023-03-29
6127,30,23,30,155,2024-04-12
6128,23,7,223,152,2023-11-08
6129,10,33,490,36,2023-12-20
6130,21,17,61,153,2024-09-27
6131,9,49,489,74,2023-11-23
6132,8,40,88,105,2024-01-29
6133,25,14,465,57,2023-10-03
6134,4,25,484,164,2024-07-28
6135,37,3,397,109,2024-04-23
6136,10,19,330,85,2023-02-08
6137,11,17,251,78,2023-12-02
6138,26,41,266,151,2024-03-29
6139,11,1,91,191,2024-10-29
6140,38,50,398,164,2024-02-10
6141,25,18,145,132,2024-09-07
6142,3,24,163,191,2023-05-16
6143,9,46,129,134,2023-07-15
6144,36,38,76,28,2024-09-21
6145,2,24,42,195,2024-10-02
6146,27,45,107,172,2024-10-02
6147,37,4,117,78,2023-06-23
6148,21,9,461,159,2023-03-07
6149,22,7,262,113,2024-02-11
6150,12,12,252,154,2024-12-27
6151,9,9,169,125,2024-09-14
6152,11,10,11,186,2024-09-20
6153,26,11,186,28,2024-10-06
6154,1,22,361,37,2024-02-06
6155,2,11,402,112,2024-07-20
6156,14,40,54,56,2023-03-05
6157,24,5,424,146,2023-06-04
6158,25,40,345,153,2024-02-02
6159,3,50,323,97,2023-08-19
6160,5,37,245,64,2024-12-01
6161,19,50,59,139,2024-04-09
6162,32,17,352,93,2023-09-06
6163,8,20,448,150,2024-11-15
6164,3,39,403,91,2024-06-05
6165,14,3,54,142,2024-05-31
6166,33,15,273,185,2024-01-12
6167,1,15,81,31,2023-11-29
6168,8,4,48,22,2024-01-09
6169,31,41,31,127,2024-01-13
6170,36,15,396,70,2024-07-04
6171,36,45,476,171,2023-06-02
6172,10,35,50,146,2023-05-12
6173,18,5,218,190,2023-10-07
6174,17,15,57,142,2023-12-22
6175,34,7,354,120,2024-03-24
6176,3,42,483,136,2024-09-19
6177,15,43,495,157,2024-01-16
6178,20,1,20,82,2023-03-16
6179,25,19,185,34,2024-06-19
6180,36,46,116,72,2023-09-24
6181,21,40,61,29,2023-11-27
6182,7,47,367,151,2024-11-05
6183,40,45,200,176,2023-09-24
6184,36,44,76,101,2024-09-29
6185,8,15,208,107,2024-06-25
6186,29,34,69,30,2024-02-26
6187,35,4,155,116,2024-10-22
6188,7,38,207,78,2023-01-27
6189,15,31,255,107,2024-08-07
6190,20,38,220,157,2024-07-08
6191,9,37,9,143,2024-05-02
6192,19,8,459,174,2024-02-14
6193,34,22,314,101,2023-04-22
6194,27,38,387,44,2024-02-20
6195,31,32,231,36,2024-09-07
6196,5,8,325,166,2024-02-28
6197,4,1,44,192,2023-04-09
6198,11,43,451,107,2023-05-05
6199,7,11,47,150,2023-05-15
6200,21,41,421,37,2023-08-22
6201,11,13,411,104,2024-07-12
6202,4,15,484,57,2024-09-24
6203,23,34,103,35,2024-04-09
6204,40,41,360,107,2023-12-19
6205,25,32,25,25,2024-01-26
6206,25,31,105,182,2024-09-19
6207,25,12,225,41,2024-09-23
6208,15,36,135,114,2024-10-05
6209,27,19,467,103,2023-02-12
6210,36,19,436,104,2023-12-21
6211,31,48,71,20,2024-03-24
6212,3,16,3,144,2024-03-11
6213,33,31,233,145,2023-12-21
6214,2,36,242,109,2023-10-06
6215,33,21,313,150,2023-03-24
6216,4,15,124,106,2023-04-27
6217,37,3,237,163,2024-03-22
6218,27,23,427,196,2023-01-24
6219,1,38,281,22,2024-12-20
6220,35,32,235,134,2023-08-12
6221,10,28,90,147,2023-05-31
6222,23,37,63,116,2024-10-23
6223,22,35,102,162,2024-09-01
6224,18,47,178,48,2023-08-17
6225,39,5,159,143,2023-03-15
6226,6,21,366,87,2024-07-16
6227,14,10,254,42,2024-03-21
6228,23,18,63,96,2023-06-21
6229,32,45,472,62,2023-11-10
6230,32,27,312,59,2024-02-20
6231,14,9,294,192,2023-01-06
6232,10,29,410,193,2023-12-11
6233,16,12,136,123,2024-04-27
6234,19,37,59,114,2024-07-08
6235,11,27,291,137,2023-04-16
6236,15,31,455,63,2023-05-06
6237,23,16,223,195,2024-07-10
6238,29,34,69,142,2023-12-07
6239,21,48,181,30,2023-05-21
6240,33,44,73,40,2023-09-14
6241,21,38,181,39,2023-02-27
6242,10,13,450,116,2023-09-11
6243,14,23,14,174,2024-08-08
6244,4,42,364,68,2024-05-07
6245,12,21,412,191,2024-10-14
6246,31,18,191,140,2023-06-01
6247,34,22,74,101,2024-02-13
6248,18,7,218,55,2024-03-08
6249,8,1,408,131,2024-06-26
6250,2,28,442,158,2024-02-11
6251,29,22,469,86,2023-10-31
6252,14,38,334,44,2023-04-05
6253,15,25,135,92,2024-04-26
6254,2,29,442,139,2023-11-24
6255,3,32,43,66,2023-01-02
6256,29,30,389,43,2023-10-04
6257,23,28,423,189,2024-10-27
6258,20,48,260,136,2024-11-29
6259,5,24,365,76,2023-05-26
6260,35,48,235,51,2023-10-29
6261,4,38,364,22,2023-03-10
6262,32,6,352,137,2023-03-11
6263,2,3,482,87,2023-01-26
6264,35,38,395,77,2024-02-27
6265,13,46,173,124,2023-02-20
6266,11,9,11,49,2023-09-12
6267,9,22,489,79,2024-03-12
6268,7,7,447,155,2024-05-09
6269,6,1,246,140,2023-12-25
6270,19,44,219,82,2024-08-14
6271,36,49,116,45,2024-01-30
6272,11,38,411,154,2024-08-17
6273,12,7,92,100,2023-11-11
6274,14,7,374,142,2024-11-24
6275,9,43,209,105,2023-08-30
6276,33,33,433,187,2024-05-19
6277,30,45,110,144,2024-07-13
6278,16,17,296,34,2024-06-25
6279,32,19,392,170,2024-10-26
6280,15,37,415,191,2024-12-01
6281,38,45,118,149,2024-06-09
6282,1,22,321,130,2023-03-03
6283,6,3,166,122,2024-04-23
6284,31,10,271,185,2024-03-30
6285,9,19,409,120,2024-04-01
6286,24,30,104,144,2023-01-31
6287,14,10,454,40,2023-08-02
6288,21,37,181,40,2024-04-18
6289,25,31,185,83,2024-02-09
6290,18,43,458,173,2024-03-16
6291,35,49,435,140,2024-07-22
6292,20,49,100,162,2024-02-07
6293,7,12,247,109,2023-05-23
6294,20,48,100,78,2023-01-13
6295,24,24,64,179,2023-06-19
6296,14,41,94,123,2023-05-12
6297,34,3,274,103,2024-06-03
6298,35,19,155,61,2023-04-01
6299,36,3,36,178,2024-01-23
6300,26,50,26,102,2023-04-15
6301,1,15,121,190,2023-06-05
6302,16,24,336,71,2024-11-29
6303,11,7,131,102,2023-02-20
6304,32,34,72,99,2024-11-06
6305,10,7,170,88,2024-02-17
6306,35,29,275,142,2024-11-14
6307,36,1,476,85,2024-07-23
6308,33,16,353,26,2024-01-21
6309,20,5,60,99,2023-01-22
6310,21,39,101,51,2023-04-18
6311,28,43,268,192,2023-03-27
6312,2,49,2,93,2023-05-18
6313,36,3,356,132,2023-02-22
6314,8,37,168,46,2024-01-09
6315,13,26,173,75,2024-09-24
6316,3,43,483,24,2023-07-05
6317,8,34,488,188,2024-02-18
6318,18,31,418,92,2023-08-24
6319,20,9,500,74,2024-12-14
6320,6,3,406,194,2024-06-21
6321,3,46,243,38,2023-12-15
6322,5,41,205,98,2024-01-05
6323,2,35,482,102,2024-04-03
6324,30,47,470,20,2024-06-01
6325,11,16,91,64,2023-07-05
6326,37,5,357,39,2024-09-27
6327,19,20,499,63,2024-01-14
6328,2,36,322,56,2024-08-01
6329,25,45,425,79,2023-10-02
6330,9,2,49,148,2024-09-27
6331,3,11,483,48,2024-11-22
6332,16,13,56,84,2023-08-23
6333,17,30,217,47,2024-11-16
6334,18,39,258,40,2023-11-08
6335,19,31,139,194,2024-10-10
6336,6,22,206,37,2024-01-05
6337,23,10,343,50,2023-02-13
6338,3,31,283,70,2023-05-26
6339,15,45,375,145,2024-03-10
6340,34,46,434,23,2024-06-18
6341,37,22,397,135,2024-11-05
6342,30,50,350,79,2024-04-12
6343,30,19,430,33,2024-04-27
6344,18,44,218,96,2024-08-12
6345,38,15,278,26,2024-03-09
6346,16,14,296,67,2024-10-25
6347,35,37,195,125,2024-01-21
6348,15,7,375,99,2024-10-16
6349,4,43,84,140,2024-12-20
6350,14,8,254,75,2024-11-29
6351,10,8,330,73,2024-03-20
6352,5,21,5,68,2023-09-04
6353,13,19,453,66,2023-03-19
6354,14,35,374,36,2023-07-01
6355,10,45,490,125,2023-08-28
6356,37,36,357,88,2023-03-20
6357,31,10,31,192,2024-04-07
6358,15,31,95,26,2023-10-31
6359,20,22,380,178,2023-06-09
6360,9,48,249,134,2023-10-06
6361,21,39,421,88,2024-06-26
6362,14,43,14,23,2023-09-30
6363,17,47,297,119,2023-07-10
6364,18,18,218,89,2024-07-16
6365,2,24,42,120,2024-04-15
6366,28,30,348,61,2024-09-08
6367,1,7,41,101,2023-06-22
6368,30,32,110,167,2024-10-07
6369,12,10,52,187,2023-09-16
6370,14,9,334,123,2024-12-01
6371,21,41,461,70,2023-02-03
6372,36,1,156,126,2023-06-05
6373,30,47,270,117,2024-08-15
6374,15,36,15,96,2024-09-11
6375,16,31,136,89,2023-02-17
6376,21,7,101,86,2023-08-02
6377,25,21,25,73,2024-07-20
6378,17,37,497,130,2023-09-15
6379,10,41,170,154,2023-01-11
6380,24,31,424,22,2023-12-23
6381,30,8,70,170,2023-03-22
6382,26,24,266,168,2023-10-08
6383,30,12,70,160,2024-01-09
6384,4,34,124,47,2024-06-24
6385,39,47,159,118,2023-07-21
6386,36,17,156,131,2023-06-22
6387,25,13,105,173,2023-05-08
6388,9,50,449,101,2024-07-14
6389,39,21,359,179,2023-11-28
6390,12,27,492,90,2023-05-26
6391,7,22,87,153,2023-06-26
6392,4,40,284,114,2023-11-04
6393,26,39,346,103,2024-03-07
6394,15,45,375,50,2024-06-19
6395,1,42,281,84,2023-12-26
6396,39,7,399,125,2024-04-18
6397,27,46,67,184,2023-04-12
6398,19,8,259,133,2024-11-14
6399,20,19,500,200,2023-10-31
6400,14,28,14,21,2023-03-10
6401,37,8,237,59,2024-01-19
6402,40,28,280,158,2024-02-14
6403,26,24,186,171,2024-02-19
6404,6,38,126,121,2024-11-24
6405,28,46,388,31,2023-06-27
6406,36,13,76,134,2023-07-26
6407,26,16,226,53,2023-12-25
6408,14,34,494,96,2024-02-03
6409,14,6,14,146,2023-06-15
6410,5,30,405,174,2023-11-15
6411,24,31,464,129,2023-09-29
6412,11,46,371,128,2024-08-21
6413,38,6,478,199,2023-10-18
6414,37,31,277,93,2024-01-11
6415,30,35,150,129,2024-03-09
6416,28,13,468,39,2023-01-02
6417,3,3,363,129,2024-03-15
6418,28,24,108,126,2024-10-19
6419,10,50,410,158,2023-12-07
6420,2,46,442,48,2024-04-18
6421,10,22,250,42,2024-07-23
6422,7,27,407,31,2023-05-31
6423,5,12,165,39,2023-06-09
6424,4,44,4,80,2024-12-13
6425,24,42,424,165,2024-07-10
6426,37,31,317,40,2023-02-28
6427,17,16,257,183,2024-12-05
6428,31,20,231,124,2023-01-20
6429,40,32,280,56,2024-03-16
6430,39,13,279,60,2024-04-25
6431,9,1,409,65,2023-10-22
6432,18,35,138,106,2023-05-20
6433,20,35,100,167,2024-12-30
6434,13,20,213,113,2023-11-23
6435,17,27,137,103,2024-12-24
6436,33,28,233,141,2024-11-03
6437,28,20,268,168,2023-10-13
6438,39,21,239,31,2023-11-03
6439,12,36,412,116,2023-07-19
6440,8,7,488,57,2024-12-21
6441,8,36,208,110,2024-11-05
6442,6,2,366,124,2024-10-01
6443,3,9,403,105,2023-03-21
6444,10,17,370,168,2024-01-10
6445,35,26,395,157,2023-12-04
6446,36,27,436,156,2023-07-20
6447,16,50,256,109,2024-09-08
6448,10,33,490,149,2023-12-24
6449,38,19,318,141,2023-05-29
6450,11,17,451,79,2023-10-06
6451,30,23,190,100,2024-07-28
6452,35,25,195,128,2024-08-12
6453,11,13,291,179,2023-12-10
6454,30,18,230,196,2023-11-22
6455,15,14,455,170,2023-12-07
6456,3,44,323,115,2024-07-31
6457,6,12,446,120,2023-04-05
6458,18,27,258,168,2023-05-05
6459,3,34,363,40,2023-12-20
6460,16,12,296,155,2024-12-14
6461,19,20,259,108,2023-12-18
6462,12,28,12,72,2024-10-26
6463,33,18,233,59,2024-03-26
6464,1,16,81,22,2024-04-02
6465,33,7,393,62,2023-04-20
6466,20,5,100,111,2024-03-06
6467,17,48,17,76,2023-01-15
6468,30,2,470,53,2023-10-22
6469,11,10,491,190,2024-03-04
6470,3,27,123,57,2024-10-10
6471,30,35,230,20,2023-01-13
6472,2,23,42,117,2023-01-15
6473,15,21,415,139,2023-05-22
6474,35,4,475,57,2023-11-16
6475,20,34,500,74,2023-06-04
6476,8,46,48,88,2024-07-14
6477,22,29,422,155,2023-02-22
6478,30,23,70,53,2024-01-03
6479,13,6,373,93,2023-06-05
6480,14,47,254,146,2023-06-04
6481,31,22,391,125,2024-11-29
6482,29,43,29,178,2024-03-27
6483,8,32,488,134,2024-07-20
6484,16,35,256,60,2024-06-11
6485,31,14,151,108,2023-12-15
6486,8,7,488,31,2024-03-12
6487,16,3,496,166,2024-12-30
6488,20,31,380,44,2023-10-01
6489,25,35,345,153,2023-10-03
6490,39,49,119,122,2023-12-01
6491,39,4,239,78,2023-02-18
6492,15,28,295,120,2024-04-09
6493,18,49,58,63,2024-02-12
6494,16,39,456,59,2023-11-21
6495,32,6,392,136,2023-02-15
6496,19,47,259,52,2023-03-15
6497,19,37,299,170,2024-09-20
6498,11,11,51,34,2024-01-21
6499,18,13,418,154,2023-10-25
6500,35,27,475,69,2023-02-01
6501,20,38,20,87,2024-06-06
6502,29,37,469,62,2023-11-18
6503,36,5,436,133,2024-08-24
6504,18,25,98,142,2023-07-27
6505,12,2,12,30,2024-12-17
6506,1,27,41,20,2023-10-05
6507,12,25,332,41,2024-09-03
6508,37,44,477,186,2024-04-15
6509,15,27,15,62,2023-09-10
6510,10,11,210,164,2024-04-30
6511,39,27,479,129,2024-11-27
6512,26,23,306,185,2023-07-30
6513,34,4,194,175,2024-05-07
6514,39,8,199,95,2023-05-21
6515,27,10,67,45,2024-11-20
6516,29,17,309,140,2024-11-13
6517,4,3,364,33,2024-07-09
6518,1,23,361,143,2023-06-23
6519,10,7,490,142,2024-04-15
6520,18,37,138,76,2024-02-03
6521,2,36,442,145,2024-06-06
6522,40,2,200,134,2024-06-13
6523,6,13,406,151,2023-05-15
6524,9,26,89,163,2023-03-24
6525,39,48,199,38,2024-05-07
6526,24,26,344,56,2024-03-13
6527,14,22,334,154,2023-04-03
6528,4,3,484,58,2024-11-05
6529,4,18,124,155,2024-07-26
6530,4,41,164,128,2023-06-05
6531,28,47,28,93,2023-02-08
6532,16,23,176,199,2024-07-13
6533,1,31,401,70,2023-05-07
6534,34,45,234,119,2023-07-13
6535,36,45,36,55,2024-09-24
6536,5,43,205,198,2023-07-14
6537,20,33,140,95,2024-05-22
6538,24,36,464,86,2024-11-16
6539,30,14,310,121,2024-09-19
6540,2,21,42,193,2024-03-06
6541,25,14,145,90,2023-02-12
6542,25,47,465,84,2024-04-23
6543,38,49,198,24,2024-12-28
6544,26,26,306,138,2023-06-21
6545,13,11,133,61,2023-03-11
6546,6,28,166,81,2024-03-07
6547,38,39,78,103,2024-04-05
6548,14,6,54,48,2023-01-19
6549,3,31,83,99,2024-08-07
6550,18,33,298,191,2024-06-04
6551,4,4,244,34,2024-05-23
6552,13,8,293,158,2023-12-14
6553,28,49,428,97,2024-07-28
6554,24,31,64,123,2024-02-24
6555,39,11,319,146,2024-01-25
6556,7,28,127,196,2023-01-06
6557,30,25,230,117,2024-08-20
6558,38,39,238,61,2023-02-10
6559,29,35,69,160,2023-06-17
6560,13,39,53,140,2023-11-10
6561,1,19,281,174,2023-10-15
6562,8,35,48,33,2024-06-12
6563,21,33,61,97,2024-08-10
6564,8,32,88,84,2023-08-27
6565,19,39,379,136,2024-10-08
6566,27,36,67,130,2024-02-17
6567,40,15,80,200,2024-05-25
6568,12,5,12,150,2024-11-15
6569,9,44,369,45,2023-05-02
6570,26,34,306,123,2023-01-24
6571,26,16,66,57,2024-03-20
6572,23,14,383,37,2024-01-09
6573,36,2,356,87,2023-01-13
6574,9,21,489,114,2024-11-19
6575,21,48,101,79,2023-08-29
6576,12,28,132,146,2024-05-11
6577,15,48,495,166,2023-09-14
6578,20,50,20,44,2024-12-29
6579,13,3,13,158,2023-07-29
6580,26,23,266,190,2024-01-21
6581,24,9,424,142,2024-08-22
6582,18,49,98,104,2023-05-13
6583,29,26,109,194,2023-12-05
6584,34,32,154,191,2023-09-16
6585,5,30,165,196,2023-11-15
6586,30,29,430,166,2023-11-04
6587,20,31,60,50,2024-05-18
6588,8,23,408,85,2023-12-27
6589,1,42,481,133,2023-12-20
6590,2,5,202,176,2024-08-20
6591,9,36,89,91,2024-07-28
6592,16,38,256,143,2024-09-04
6593,25,3,265,52,2024-07-18
6594,37,48,117,180,2023-07-07
6595,31,18,31,185,2023-09-16
6596,10,21,170,24,2023-10-25
6597,18,20,418,63,2024-11-02
6598,7,11,7,157,2023-12-28
6599,8,15,128,43,2024-06-26
6600,21,18,141,61,2024-08-12
6601,19,50,499,66,2024-07-16
6602,10,33,210,83,2024-07-08
6603,32,22,352,176,2023-08-15
6604,24,17,464,20,2024-05-27
6605,30,33,430,177,2024-09-21
6606,34,48,154,144,2023-12-20
6607,39,23,319,52,2023-01-15
6608,7,14,287,175,2023-02-10
6609,27,44,467,55,2024-05-22
6610,1,10,241,129,2023-03-16
6611,15,17,495,40,2023-03-31
6612,18,8,18,143,2024-06-30
6613,18,25,138,127,2024-11-26
6614,38,25,438,160,2024-05-27
6615,21,14,61,168,2023-07-15
6616,25,17,425,75,2024-04-10
6617,14,19,334,103,2023-01-24
6618,15,12,295,198,2024-10-17
6619,9,48,129,155,2024-05-13
6620,31,48,191,48,2024-05-04
6621,24,24,384,55,2023-01-27
6622,13,24,293,100,2024-10-13
6623,1,32,41,106,2023-04-17
6624,1,2,441,195,2024-12-21
6625,37,18,237,93,2024-01-17
6626,4,25,84,82,2024-08-04
6627,29,6,389,142,2024-03-08
6628,27,22,227,46,2024-10-06
6629,39,25,159,131,2023-11-06
6630,16,49,136,37,2023-08-22
6631,18,28,458,97,2023-08-23
6632,28,31,148,69,2024-01-04
6633,33,24,233,59,2023-08-05
6634,18,33,338,114,2024-05-12
6635,2,18,442,141,2024-12-20
6636,29,28,69,137,2023-01-25
6637,39,8,79,198,2023-02-15
6638,25,5,385,51,2023-01-03
6639,3,36,43,88,2023-02-25
6640,26,11,66,90,2023-04-05
6641,39,34,239,113,2024-02-13
6642,7,30,247,97,2023-06-10
6643,38,50,478,86,2024-09-17
6644,25,2,265,24,2024-07-01
6645,17,7,497,120,2024-02-29
6646,31,8,271,143,2023-01-11
6647,5,19,325,129,2023-05-01
6648,7,19,87,38,2023-02-10
6649,19,7,259,152,2023-12-30
6650,27,33,147,72,2024-08-22
6651,27,29,467,131,2024-07-16
6652,17,16,257,197,2023-09-09
6653,7,26,167,70,2024-06-18
6654,13,30,293,43,2023-03-27
6655,33,2,313,109,2023-03-28
6656,40,1,480,160,2023-04-15
6657,28,16,268,90,2024-08-04
6658,30,50,110,158,2024-12-19
6659,2,1,42,77,2023-01-05
6660,26,50,266,161,2023-02-16
6661,21,48,221,152,2023-10-23
6662,17,8,137,137,2023-04-13
6663,8,2,168,131,2024-06-17
6664,23,33,303,118,2023-12-19
6665,1,2,281,151,2023-03-31
6666,26,17,386,131,2023-05-23
6667,32,15,472,177,2024-11-17
6668,40,44,240,71,2024-11-03
6669,7,26,367,82,2024-10-02
6670,4,9,484,151,2023-01-12
6671,16,35,136,67,2023-08-20
6672,40,26,200,151,2024-05-13
6673,10,46,330,107,2024-04-05
6674,36,20,36,87,2024-08-06
6675,31,31,191,70,2024-06-18
6676,8,30,328,134,2024-08-01
6677,7,34,287,127,2023-11-14
6678,20,27,340,194,2023-02-09
6679,11,20,211,121,2023-02-10
6680,28,38,308,32,2023-10-05
6681,2,31,42,157,2024-12-24
6682,13,7,373,101,2023-01-23
6683,8,9,128,198,2024-09-07
6684,9,8,249,115,2023-07-30
6685,11,14,291,101,2024-04-17
6686,31,15,191,40,2024-05-19
6687,22,41,462,107,2024-09-13
6688,32,32,32,64,2023-02-11
6689,19,48,339,173,2023-08-21
6690,10,6,10,192,2023-04-11
6691,24,7,264,139,2023-08-13
6692,35,31,395,182,2024-10-01
6693,6,9,326,184,2024-07-25
6694,3,47,283,181,2023-07-03
6695,14,25,454,173,2024-02-13
6696,23,1,183,26,2023-03-15
6697,6,3,6,128,2024-06-02
6698,25,5,265,60,2023-05-21
6699,35,20,35,42,2024-02-25
6700,9,37,289,166,2023-06-14
6701,17,27,257,140,2023-01-26
6702,9,46,329,63,2023-03-20
6703,10,15,290,174,2023-01-04
6704,32,17,352,160,2023-02-15
6705,30,46,30,182,2023-08-12
6706,17,14,97,193,2023-01-04
6707,39,32,79,83,2024-05-21
6708,31,32,231,44,2024-12-03
6709,12,41,172,41,2024-04-17
6710,19,8,339,22,2023-11-17
6711,36,34,396,126,2023-11-01
6712,2,18,362,74,2024-08-07
6713,16,21,136,138,2023-11-18
6714,2,39,2,94,2023-03-22
6715,10,45,330,30,2024-06-22
6716,31,22,351,89,2024-10-08
6717,10,8,290,30,2024-08-31
6718,1,38,121,44,2024-04-29
6719,18,23,338,117,2023-04-21
6720,22,44,22,130,2024-04-22
6721,11,21,131,35,2023-11-16
6722,22,6,222,86,2024-10-14
6723,16,21,376,158,2024-05-25
6724,28,13,428,89,2024-01-02
6725,34,31,74,117,2024-02-04
6726,8,45,488,185,2023-05-21
6727,20,28,140,45,2024-01-05
6728,14,23,174,128,2024-08-23
6729,11,31,411,116,2024-01-15
6730,3,34,163,133,2024-07-31
6731,11,36,371,98,2024-09-24
6732,2,43,202,62,2023-05-30
6733,37,3,477,29,2023-03-07
6734,39,18,159,72,2023-04-24
6735,38,42,158,115,2024-06-30
6736,25,34,225,163,2023-02-21
6737,8,34,288,185,2023-07-29
6738,37,46,157,79,2024-07-27
6739,39,36,79,84,2023-10-26
6740,5,2,485,21,2024-09-03
6741,10,7,90,33,2024-10-02
6742,29,26,469,144,2023-02-04
6743,31,21,391,125,2023-05-01
6744,17,9,257,133,2023-10-26
6745,19,1,99,44,2024-05-07
6746,10,31,290,51,2024-01-20
6747,31,10,151,60,2024-10-03
6748,2,24,322,107,2023-04-29
6749,11,3,331,183,2023-05-27
6750,10,13,330,97,2024-11-08
6751,20,8,140,137,2023-06-04
6752,20,27,60,137,2023-06-20
6753,34,41,74,63,2024-01-30
6754,27,27,107,98,2024-09-17
6755,39,25,199,35,2024-05-04
6756,27,32,147,61,2024-04-01
6757,11,9,211,92,2023-03-13
6758,34,5,114,27,2024-03-04
6759,8,19,408,113,2023-10-14
6760,17,7,337,144,2023-02-24
6761,27,15,67,169,2023-08-11
6762,40,29,40,60,2024-02-06
6763,32,23,272,32,2023-11-06
6764,38,7,438,48,2024-02-24
6765,34,15,74,156,2024-06-19
6766,5,14,365,32,2024-10-04
6767,13,23,213,183,2024-06-28
6768,29,41,349,155,2023-09-23
6769,1,43,441,156,2023-03-22
6770,31,6,231,152,2023-08-11
6771,36,39,356,99,2024-07-02
6772,12,6,492,79,2023-04-25
6773,27,23,147,200,2023-09-04
6774,8,47,8,78,2023-10-21
6775,19,9,59,164,2023-02-25
6776,26,18,146,188,2024-03-18
6777,12,26,492,36,2023-09-26
6778,36,18,76,47,2023-12-12
6779,6,17,446,166,2023-03-09
6780,6,10,366,172,2023-09-01
6781,2,17,322,33,2024-11-06
6782,22,9,142,25,2024-04-23
6783,22,42,342,134,2023-01-05
6784,10,39,90,140,2024-12-19
6785,38,44,478,163,2023-09-11
6786,6,8,446,24,2023-12-12
6787,36,20,196,155,2024-09-26
6788,1,7,281,120,2024-12-06
6789,12,26,212,155,2023-09-25
6790,11,32,331,87,2024-12-14
6791,20,17,180,96,2023-01-28
6792,27,48,467,153,2023-04-10
6793,4,24,84,82,2024-04-13
6794,31,16,271,118,2023-01-06
6795,10,31,490,101,2023-05-21
6796,29,35,469,30,2023-04-12
6797,18,38,258,41,2024-01-19
6798,30,1,190,67,2023-09-30
6799,37,18,157,39,2024-11-05
6800,7,5,287,22,2024-10-22
6801,20,32,380,49,2024-02-09
6802,5,39,85,140,2023-10-17
6803,16,8,176,147,2023-12-27
6804,14,1,334,153,2024-10-06
6805,26,47,266,174,2023-10-07
6806,38,27,318,47,2023-07-18
6807,34,41,354,187,2024-06-13
6808,9,8,129,179,2023-07-08
6809,24,15,64,173,2023-07-24
6810,8,27,88,83,2024-01-15
6811,35,1,155,150,2024-02-27
6812,9,39,209,156,2024-01-28
6813,26,37,466,132,2023-06-18
6814,29,40,189,29,2024-07-16
6815,21,45,261,179,2024-12-12
6816,1,9,161,157,2024-10-03
6817,2,29,122,62,2024-09-18
6818,39,39,319,99,2023-07-24
6819,26,7,386,117,2023-02-21
6820,35,9,195,56,2024-07-29
6821,10,8,490,20,2023-08-29
6822,32,24,312,128,2023-10-22
6823,12,27,12,59,2023-02-14
6824,37,32,317,157,2024-07-05
6825,25,24,265,90,2023-10-24
6826,38,39,118,151,2023-10-12
6827,27,24,27,87,2024-05-27
6828,37,50,197,25,2024-12-13
6829,33,9,313,73,2024-07-04
6830,9,2,409,184,2023-10-22
6831,15,41,55,102,2023-12-21
6832,14,27,174,115,2023-01-29
6833,33,21,73,121,2024-09-20
6834,11,32,491,83,2023-07-25
6835,13,42,333,124,2024-08-11
6836,38,42,318,32,2023-06-30
6837,10,33,330,36,2024-10-20
6838,9,37,49,89,2023-11-17
6839,22,7,182,108,2024-05-13
6840,40,37,80,130,2023-12-14
6841,39,20,359,177,2024-12-25
6842,24,15,144,50,2023-09-16
6843,17,42,217,92,2023-12-01
6844,4,38,324,137,2024-10-18
6845,19,28,19,196,2023-06-01
6846,33,28,313,63,2023-11-26
6847,23,32,383,67,2023-06-05
6848,29,13,109,146,2024-01-01
6849,7,43,247,119,2023-07-11
6850,17,3,337,187,2024-05-11
6851,29,29,389,118,2023-10-27
6852,2,8,282,135,2023-08-07
6853,34,29,34,109,2024-03-13
6854,9,28,169,131,2024-03-17
6855,3,8,43,73,2024-05-18
6856,6,24,206,42,2023-02-08
6857,19,28,139,105,2023-04-10
6858,30,43,390,150,2023-02-18
6859,22,27,342,97,2023-06-25
6860,25,36,465,61,2024-08-07
6861,1,7,441,25,2023-07-29
6862,1,18,441,25,2023-07-05
6863,26,17,106,152,2024-12-21
6864,18,37,258,198,2024-04-18
6865,22,29,302,90,2024-02-23
6866,37,34,317,140,2023-07-17
6867,5,46,45,133,2024-07-29
6868,16,21,16,174,2023-01-14
6869,11,24,251,43,2023-10-14
6870,9,23,9,145,2023-02-11
6871,5,49,85,41,2023-01-02
6872,5,14,325,25,2024-07-16
6873,7,49,127,118,2024-06-16
6874,29,29,469,104,2023-06-14
6875,12,3,172,165,2024-10-13
6876,18,28,458,121,2024-06-17
6877,19,34,299,62,2024-02-04
6878,31,19,471,46,2024-10-20
6879,35,47,275,188,2023-02-28
6880,13,9,413,109,2024-04-17
6881,16,1,96,51,2023-03-21
6882,2,38,122,193,2024-02-23
6883,28,13,268,57,2024-05-09
6884,31,23,351,118,2023-05-03
6885,11,27,371,167,2023-01-13
6886,20,22,500,40,2024-03-02
6887,9,38,289,41,2023-06-14
6888,18,41,218,96,2023-03-22
6889,2,19,282,26,2024-01-18
6890,33,39,73,171,2024-07-03
6891,30,29,110,60,2023-03-22
6892,29,2,189,155,2024-12-27
6893,31,4,391,199,2023-02-25
6894,35,37,35,163,2024-08-02
6895,37,35,397,67,2024-11-09
6896,7,12,327,76,2023-01-08
6897,9,24,9,119,2024-08-25
6898,28,28,108,117,2023-01-08
6899,6,19,286,102,2024-05-31
6900,9,31,169,194,2024-02-19
6901,36,4,476,27,2023-06-06
6902,26,41,66,64,2023-01-12
6903,7,1,167,84,2024-10-07
6904,37,20,237,137,2024-03-01
6905,27,26,467,133,2023-12-28
6906,14,48,374,122,2023-04-30
6907,31,15,391,34,2024-11-10
6908,1,6,1,78,2023-11-01
6909,37,49,77,194,2023-12-06
6910,35,34,315,169,2023-07-15
6911,35,20,75,31,2024-05-31
6912,4,39,364,177,2024-01-19
6913,31,49,191,138,2024-08-27
6914,36,49,316,151,2024-05-16
6915,10,30,170,165,2024-01-19
6916,32,25,32,126,2024-09-03
6917,34,13,34,170,2023-06-20
6918,17,45,177,133,2023-07-11
6919,11,31,451,100,2023-10-20
6920,22,30,262,57,2024-10-05
6921,28,12,388,26,2023-11-05
6922,24,32,104,183,2024-05-31
6923,11,35,291,132,2024-10-20
6924,16,44,96,110,2023-12-16
6925,3,34,403,151,2023-01-19
6926,5,47,5,167,2024-02-05
6927,29,28,469,137,2024-06-07
6928,20,28,380,30,2024-03-09
6929,2,41,322,136,2024-07-03
6930,36,11,156,25,2023-03-08
6931,40,19,160,71,2023-08-19
6932,36,30,76,188,2023-01-22
6933,3,21,83,126,2024-05-01
6934,13,41,333,193,2023-03-21
6935,10,5,170,41,2024-05-31
6936,26,43,146,89,2024-02-17
6937,9,4,9,147,2023-01-03
6938,32,8,72,105,2024-09-05
6939,40,40,280,24,2023-02-02
6940,4,40,44,56,2024-03-01
6941,2,22,2,22,2024-01-05
6942,8,18,128,149,2023-02-02
6943,33,17,233,93,2023-05-25
6944,6,5,246,126,2023-07-12
6945,26,22,346,30,2023-03-09
6946,24,28,304,98,2024-10-01
6947,37,12,117,38,2023-10-30
6948,20,42,60,119,2024-02-24
6949,2,27,162,122,2024-04-28
6950,34,24,434,24,2023-06-24
6951,32,5,192,137,2024-09-26
6952,7,29,47,135,2023-07-01
6953,32,4,72,86,2024-02-06
6954,4,9,84,39,2024-01-25
6955,37,32,277,56,2023-06-16
6956,35,42,115,153,2023-11-29
6957,31,15,351,44,2024-08-29
6958,18,9,138,65,2024-12-11
6959,6,19,486,91,2023-05-23
6960,36,23,196,161,2024-01-09
6961,22,29,462,58,2023-06-17
6962,4,2,84,188,2024-12-21
6963,14,32,254,156,2023-10-11
6964,37,2,37,154,2024-10-20
6965,11,43,51,135,2024-01-17
6966,29,9,69,121,2024-03-26
6967,5,16,285,23,2024-07-30
6968,30,26,310,124,2023-07-11
6969,24,26,464,187,2024-02-07
6970,25,12,345,114,2023-01-11
6971,37,34,277,94,2024-10-31
6972,16,41,256,63,2023-06-01
6973,10,3,490,97,2024-10-06
6974,34,48,474,38,2024-05-05
6975,13,17,53,131,2024-11-09
6976,2,3,42,144,2024-03-28
6977,37,45,197,40,2024-10-01
6978,32,15,472,58,2024-06-27
6979,33,25,233,178,2024-07-12
6980,27,28,427,71,2024-11-27
6981,7,36,7,59,2023-03-17
6982,6,23,286,25,2023-04-19
6983,35,18,235,115,2024-12-06
6984,12,45,452,158,2024-02-28
6985,25,48,425,39,2023-06-03
6986,12,22,372,48,2024-06-02
6987,38,32,78,91,2023-07-25
6988,39,26,399,53,2023-08-05
6989,16,24,456,70,2023-11-25
6990,14,16,134,94,2023-01-11
6991,4,11,124,187,2024-01-15
6992,15,22,375,92,2024-02-01
6993,6,12,166,50,2023-12-20
6994,8,32,288,84,2023-05-09
6995,12,9,292,34,2023-09-02
6996,38,8,438,121,2023-05-17
6997,3,7,483,62,2024-10-13
6998,10,42,450,20,2024-11-20
6999,32,32,192,85,2023-03-09
7000,26,9,226,125,2024-10-21
7001,27,7,387,76,2023-07-19
7002,4,2,204,152,2023-08-20
7003,39,21,279,22,2023-02-04
7004,5,15,445,115,2023-05-06
7005,8,19,328,30,2023-02-19
7006,20,34,100,78,2024-03-21
7007,19,40,99,193,2023-09-02
7008,21,1,381,148,2024-03-11
7009,5,44,85,156,2024-10-01
7010,23,40,263,137,2024-06-23
7011,28,15,468,42,2024-07-01
7012,38,17,78,140,2024-04-28
7013,18,18,218,38,2023-06-15
7014,38,48,398,176,2024-11-04
7015,35,19,115,143,2023-02-12
7016,25,37,185,157,2023-04-27
7017,8,5,168,61,2024-04-22
7018,4,42,364,117,2024-09-05
7019,18,7,258,157,2023-07-24
7020,33,17,433,31,2023-06-30
7021,1,26,121,184,2023-04-11
7022,35,14,115,103,2023-12-29
7023,31,33,151,190,2023-01-26
7024,37,10,437,173,2023-03-04
7025,5,41,165,81,2024-09-16
7026,7,18,287,40,2024-12-13
7027,16,41,136,125,2023-10-31
7028,8,12,8,200,2024-02-19
7029,32,12,432,52,2024-02-09
7030,7,22,287,147,2023-08-08
7031,2,9,402,91,2023-10-21
7032,6,6,366,108,2023-02-04
7033,16,31,216,165,2024-06-06
7034,9,3,49,105,2024-12-22
7035,26,32,186,78,2023-02-19
7036,26,18,186,28,2024-11-02
7037,30,16,30,193,2023-02-18
7038,35,43,475,28,2023-03-20
7039,36,11,436,170,2023-10-24
7040,37,42,77,110,2023-12-13
7041,29,29,69,36,2023-06-07
7042,8,10,208,158,2024-07-24
7043,29,36,109,173,2024-09-16
7044,24,30,424,127,2023-06-24
7045,16,48,136,107,2023-05-26
7046,1,39,321,153,2023-07-19
7047,10,47,330,116,2023-03-13
7048,13,38,413,79,2023-06-11
7049,40,11,120,33,2024-09-24
7050,29,34,229,133,2023-01-30
7051,7,48,127,177,2023-01-29
7052,5,33,245,102,2024-09-23
7053,16,26,456,180,2024-12-12
7054,6,28,326,153,2023-04-24
7055,29,28,69,44,2023-12-26
7056,5,49,365,62,2024-10-11
7057,36,33,316,170,2024-11-13
7058,6,19,46,93,2023-06-22
7059,8,34,488,140,2024-10-23
7060,31,36,471,194,2024-04-27
7061,29,22,149,22,2024-08-27
7062,10,20,10,112,2023-10-21
7063,3,10,443,154,2024-04-19
7064,11,9,331,160,2023-02-15
7065,36,15,196,110,2024-04-14
7066,17,47,97,136,2024-12-28
7067,14,36,14,178,2023-11-18
7068,10,8,170,90,2023-04-22
7069,36,7,236,199,2024-07-25
7070,5,28,165,129,2023-02-26
7071,1,32,441,124,2024-02-04
7072,16,27,456,153,2024-04-08
7073,30,23,150,50,2023-01-07
7074,7,13,7,166,2023-05-30
7075,31,11,231,152,2024-10-19
7076,28,46,28,188,2024-02-02
7077,27,43,147,123,2023-03-14
7078,28,50,308,138,2024-05-03
7079,40,41,320,103,2024-10-11
7080,5,29,5,155,2024-04-02
7081,20,38,180,120,2024-06-04
7082,20,49,260,73,2024-07-06
7083,38,13,478,54,2023-06-08
7084,30,33,470,195,2023-09-24
7085,10,34,410,24,2024-04-09
7086,6,16,446,99,2024-09-30
7087,15,6,375,126,2024-10-25
7088,17,9,17,80,2024-02-05
7089,40,4,120,49,2024-11-12
7090,38,40,78,193,2024-05-19
7091,38,2,38,185,2024-03-25
7092,10,26,290,68,2024-03-15
7093,21,10,101,37,2024-02-01
7094,20,8,180,151,2024-03-16
7095,18,11,378,133,2023-01-24
7096,9,1,409,166,2023-04-22
7097,2,25,322,145,2023-11-26
7098,7,11,327,185,2024-12-17
7099,11,39,291,132,2024-07-06
7100,8,48,168,161,2024-01-03
7101,31,42,111,117,2024-04-12
7102,37,15,157,155,2024-09-30
7103,19,29,419,153,2023-04-19
7104,5,19,205,128,2023-07-01
7105,21,4,341,105,2024-05-14
7106,28,32,188,170,2023-03-06
7107,36,40,476,179,2024-07-02
7108,13,11,133,117,2023-04-01
7109,26,12,26,61,2024-01-04
7110,36,43,476,34,2024-07-25
7111,14,3,254,139,2023-11-03
7112,25,45,25,87,2023-06-03
7113,34,12,154,69,2024-01-21
7114,5,47,45,140,2024-05-09
7115,5,26,285,28,2024-08-29
7116,30,36,70,34,2024-12-18
7117,20,50,340,33,2023-06-19
7118,24,39,64,152,2024-08-26
7119,21,45,141,86,2023-07-31
7120,38,17,398,131,2023-09-02
7121,39,40,119,74,2023-02-03
7122,16,3,176,197,2024-11-18
7123,13,39,53,200,2023-01-10
7124,12,43,52,98,2023-11-17
7125,39,27,479,24,2023-09-07
7126,14,18,494,159,2023-03-25
7127,23,23,183,38,2024-01-20
7128,17,38,97,97,2023-01-04
7129,27,43,387,79,2023-08-20
7130,5,14,405,200,2023-10-14
7131,40,34,120,151,2023-06-26
7132,9,40,89,139,2024-01-08
7133,25,29,65,117,2024-10-16
7134,19,28,419,160,2024-03-07
7135,20,13,380,74,2023-04-22
7136,16,48,56,48,2023-05-06
7137,8,31,408,25,2023-11-23
7138,37,1,37,33,2024-09-27
7139,30,43,70,116,2023-11-21
7140,16,47,56,75,2023-09-03
7141,20,10,60,125,2024-06-08
7142,13,18,373,44,2024-01-30
7143,32,41,192,132,2024-10-06
7144,19,46,379,137,2023-07-21
7145,24,27,104,95,2024-01-28
7146,36,3,396,28,2024-07-04
7147,34,17,234,137,2024-05-01
7148,26,13,26,127,2024-12-14
7149,36,19,396,120,2024-10-28
7150,6,30,246,179,2024-05-11
7151,28,22,148,143,2024-01-29
7152,10,31,330,63,2023-06-20
7153,37,8,357,159,2023-06-01
7154,26,17,466,176,2023-11-05
7155,24,29,344,44,2023-04-10
7156,40,35,40,54,2023-10-06
7157,21,45,461,70,2023-02-19
7158,36,42,476,95,2023-04-24
7159,22,44,62,91,2023-10-27
7160,16,16,176,95,2024-01-28
7161,12,11,332,164,2024-05-31
7162,10,4,210,153,2023-02-16
7163,1,16,241,149,2024-05-12
7164,31,6,471,188,2023-08-18
7165,31,39,471,32,2023-04-18
7166,37,41,397,44,2024-07-31
7167,25,35,145,150,2024-12-22
7168,2,24,122,127,2024-08-17
7169,12,1,172,28,2023-09-25
7170,18,43,498,179,2023-08-14
7171,14,11,134,61,2024-08-22
7172,31,32,71,136,2024-05-22
7173,24,24,304,186,2024-08-20
7174,5,1,205,23,2023-05-09
7175,22,28,62,93,2023-11-20
7176,7,21,127,97,2023-10-18
7177,6,20,206,40,2024-10-28
7178,32,27,192,91,2024-09-25
7179,23,21,23,72,2024-10-13
7180,17,12,297,144,2023-12-12
7181,20,39,180,30,2023-07-20
7182,16,29,56,152,2023-07-24
7183,26,29,106,160,2024-09-25
7184,12,35,452,65,2023-03-16
7185,31,26,431,187,2024-01-13
7186,8,39,248,102,2024-10-15
7187,40,38,120,31,2023-01-07
7188,29,32,189,29,2024-08-05
7189,10,46,10,155,2023-07-25
7190,15,36,495,197,2024-07-03
7191,24,1,344,156,2023-08-02
7192,15,39,455,22,2023-06-10
7193,35,40,435,83,2023-08-12
7194,6,7,326,130,2024-07-26
7195,15,19,175,180,2024-01-02
7196,7,23,407,40,2023-01-19
7197,17,39,257,32,2023-04-21
7198,7,8,487,107,2024-05-17
7199,8,35,328,181,2023-10-04
7200,11,47,51,185,2023-06-04
7201,23,21,223,40,2024-09-20
7202,14,39,214,26,2024-04-03
7203,40,6,240,159,2024-01-05
7204,9,9,209,94,2023-11-19
7205,34,48,434,108,2024-10-24
7206,27,22,387,76,2024-02-23
7207,20,9,260,191,2024-03-21
7208,37,18,37,60,2023-03-20
7209,1,6,321,79,2024-12-11
7210,25,6,25,188,2024-07-24
7211,9,23,209,146,2024-07-30
7212,15,48,95,153,2023-10-21
7213,8,38,408,74,2024-08-08
7214,15,37,335,70,2023-01-29
7215,35,37,475,101,2023-06-15
7216,25,50,265,52,2023-10-23
7217,19,37,379,86,2023-10-15
7218,21,34,221,141,2023-03-13
7219,38,24,118,70,2024-12-19
7220,7,22,167,143,2023-06-12
7221,40,13,200,139,2023-01-19
7222,2,24,82,31,2024-01-22
7223,31,15,471,27,2023-06-11
7224,1,38,241,130,2024-02-19
7225,25,14,65,148,2023-06-15
7226,39,40,279,27,2024-12-19
7227,9,40,289,114,2023-01-02
7228,9,3,329,183,2023-05-22
7229,20,49,20,130,2024-07-28
7230,31,10,271,175,2023-11-23
7231,35,48,155,153,2024-09-11
7232,26,14,386,165,2024-07-17
7233,7,16,367,145,2023-05-12
7234,8,16,48,45,2024-06-20
7235,39,11,279,171,2024-08-10
7236,39,7,439,156,2023-07-23
7237,1,17,201,134,2023-07-29
7238,4,5,4,99,2023-03-06
7239,12,24,452,147,2023-06-21
7240,27,45,387,32,2023-04-29
7241,16,17,336,114,2024-11-30
7242,35,43,75,75,2024-08-27
7243,13,10,93,113,2024-05-11
7244,4,39,84,31,2024-03-25
7245,33,43,473,170,2023-08-07
7246,10,39,130,132,2023-10-11
7247,4,8,4,67,2024-08-04
7248,39,8,439,149,2023-07-11
7249,8,10,128,199,2023-03-31
7250,12,9,372,24,2024-12-23
7251,26,33,306,102,2023-02-09
7252,20,8,300,77,2023-10-01
7253,23,34,303,72,2023-04-30
7254,12,41,372,117,2023-11-20
7255,15,21,135,63,2024-07-07
7256,34,50,34,176,2023-03-11
7257,12,30,452,111,2024-06-10
7258,38,45,118,51,2023-01-29
7259,20,19,500,122,2023-10-24
7260,12,38,452,88,2024-01-15
7261,19,15,19,195,2023-09-09
7262,2,27,122,84,2024-04-28
7263,26,43,226,176,2023-11-23
7264,25,38,345,168,2023-05-24
7265,12,32,252,171,2023-10-29
7266,17,17,257,85,2024-01-18
7267,16,27,176,95,2023-01-14
7268,14,24,454,106,2024-12-16
7269,38,26,118,133,2023-10-08
7270,4,34,484,77,2023-07-01
7271,15,21,335,57,2024-07-21
7272,8,6,8,44,2024-08-04
7273,3,26,323,132,2024-12-17
7274,12,26,212,150,2023-09-21
7275,21,3,221,68,2024-10-23
7276,1,1,481,123,2023-02-27
7277,22,18,102,121,2023-02-06
7278,3,29,203,174,2023-04-27
7279,2,13,42,148,2024-02-04
7280,37,10,77,138,2023-05-29
7281,39,39,399,183,2023-03-30
7282,35,44,75,116,2024-12-12
7283,11,7,371,103,2024-07-14
7284,10,44,250,139,2024-10-04
7285,14,43,134,158,2023-09-05
7286,12,26,492,102,2024-04-09
7287,13,48,173,50,2023-08-11
7288,6,8,206,53,2024-01-22
7289,37,24,397,60,2024-04-21
7290,17,31,417,33,2024-01-02
7291,12,47,92,168,2023-12-30
7292,30,47,350,143,2024-07-07
7293,34,35,394,143,2024-04-05
7294,21,47,381,107,2023-05-29
7295,35,15,315,89,2023-08-14
7296,9,6,489,91,2023-11-09
7297,20,34,220,195,2024-07-27
7298,11,13,91,174,2024-03-22
7299,28,24,268,162,2023-08-30
7300,14,50,14,72,2024-11-06
7301,12,21,412,136,2023-06-15
7302,40,48,280,51,2023-01-29
7303,35,35,195,72,2024-07-23
7304,16,38,216,175,2023-02-07
7305,40,22,400,34,2024-01-04
7306,4,30,404,20,2023-09-08
7307,1,37,81,115,2024-04-07
7308,20,19,500,136,2024-03-20
7309,32,20,192,49,2024-09-02
7310,39,49,79,76,2023-03-24
7311,10,7,50,119,2024-01-06
7312,23,11,223,182,2024-11-20
7313,25,8,305,108,2024-07-08
7314,21,45,341,106,2024-12-29
7315,8,44,88,35,2024-03-10
7316,18,11,18,62,2024-12-08
7317,2,21,242,124,2023-09-07
7318,1,44,481,82,2024-08-20
7319,9,12,329,189,2024-01-11
7320,32,50,192,87,2023-01-08
7321,22,8,382,174,2024-08-02
7322,7,15,47,41,2024-06-08
7323,17,1,97,159,2024-10-29
7324,6,48,446,104,2024-11-12
7325,26,11,186,22,2024-08-16
7326,2,16,282,188,2024-12-13
7327,2,50,202,75,2024-05-24
7328,28,1,388,40,2024-04-15
7329,29,43,389,151,2024-11-03
7330,2,48,482,20,2024-10-16
7331,13,14,413,105,2023-10-11
7332,18,23,298,144,2023-09-16
7333,2,25,482,34,2024-05-11
7334,7,3,167,178,2023-11-11
7335,8,6,168,75,2024-02-13
7336,21,13,421,123,2024-11-25
7337,23,18,143,49,2024-08-11
7338,28,16,468,96,2023-12-01
7339,1,6,321,95,2023-08-16
7340,35,8,395,189,2024-02-04
7341,24,29,24,52,2023-04-28
7342,25,49,25,108,2023-10-07
7343,7,41,7,173,2024-01-23
7344,14,48,174,34,2024-08-04
7345,13,33,373,53,2023-02-24
7346,13,14,133,21,2024-01-21
7347,40,4,280,99,2024-06-18
7348,19,49,339,163,2024-01-08
7349,5,6,5,46,2023-07-14
7350,21,39,261,30,2024-02-20
7351,22,10,462,122,2024-08-24
7352,14,11,254,60,2024-07-14
7353,1,42,41,71,2023-09-05
7354,31,17,431,131,2024-06-21
7355,20,39,300,42,2023-10-03
7356,32,4,152,197,2023-06-24
7357,9,35,169,96,2024-03-13
7358,12,9,452,20,2023-01-19
7359,39,36,359,94,2023-09-13
7360,12,21,92,78,2024-12-12
7361,21,11,421,110,2023-02-24
7362,36,37,116,102,2023-12-17
7363,14,28,374,50,2023-12-30
7364,11,38,411,188,2023-06-22
7365,25,22,25,172,2023-08-09
7366,38,12,238,100,2024-05-23
7367,22,24,142,147,2023-08-09
7368,2,12,322,109,2024-10-24
7369,5,27,45,26,2023-02-01
7370,22,33,262,116,2024-04-19
7371,4,16,164,102,2023-04-29
7372,5,28,485,114,2023-03-13
7373,37,19,157,116,2023-11-14
7374,17,15,17,125,2024-01-12
7375,35,10,315,185,2024-10-26
7376,21,28,461,117,2024-05-09
7377,7,34,247,140,2024-09-18
7378,14,49,494,163,2024-08-05
7379,7,46,87,60,2024-08-28
7380,10,41,10,135,2024-12-17
7381,24,19,224,175,2024-04-19
7382,4,46,204,151,2023-04-15
7383,8,22,168,107,2024-11-28
7384,31,42,431,171,2023-01-30
7385,27,49,467,124,2023-11-16
7386,22,43,342,60,2024-06-10
7387,24,3,344,159,2024-01-29
7388,25,11,185,123,2023-02-06
7389,12,28,172,54,2024-11-22
7390,28,45,268,31,2023-01-16
7391,19,36,299,152,2024-08-28
7392,23,20,183,136,2024-04-26
7393,40,7,280,79,2024-04-16
7394,10,4,90,100,2023-10-11
7395,36,38,436,107,2023-01-26
7396,15,19,255,102,2023-10-01
7397,12,16,412,88,2024-04-16
7398,20,7,100,96,2023-08-06
7399,3,16,83,49,2023-08-11
7400,19,37,139,75,2024-01-09
7401,31,40,231,117,2023-05-26
7402,27,6,67,134,2024-06-03
7403,40,25,360,83,2024-10-28
7404,25,28,185,163,2024-06-19
7405,1,16,121,175,2023-12-15
7406,7,12,127,104,2024-09-26
7407,36,9,356,78,2023-06-30
7408,14,29,94,155,2023-09-12
7409,9,2,89,119,2023-05-08
7410,3,20,483,20,2023-02-18
7411,4,27,204,127,2024-10-31
7412,40,34,400,23,2024-08-11
7413,23,50,63,183,2023-02-24
7414,23,39,223,156,2023-12-12
7415,33,44,433,72,2023-11-01
7416,10,46,290,99,2024-07-29
7417,15,47,415,98,2023-09-11
7418,25,15,185,164,2024-08-04
7419,29,11,389,138,2024-12-11
7420,20,20,100,51,2024-04-08
7421,14,2,294,170,2023-09-24
7422,36,11,76,26,2024-02-08
7423,36,20,476,158,2024-08-10
7424,28,33,68,113,2024-08-17
7425,23,32,463,111,2023-12-02
7426,2,25,482,197,2024-10-24
7427,13,29,293,46,2023-10-15
7428,7,11,87,123,2024-09-03
7429,12,15,452,26,2024-07-23
7430,2,21,82,34,2023-04-23
7431,26,19,386,196,2024-09-27
7432,31,46,351,106,2023-07-08
7433,5,21,445,198,2023-07-24
7434,31,16,271,196,2024-07-16
7435,22,1,342,163,2023-10-01
7436,20,49,100,147,2024-08-27
7437,37,9,357,194,2023-08-18
7438,9,14,49,55,2023-05-06
7439,15,8,135,34,2023-11-06
7440,21,49,61,153,2023-06-25
7441,17,30,297,28,2024-03-05
7442,9,31,49,125,2023-03-26
7443,5,35,445,93,2024-01-10
7444,38,46,478,140,2024-05-15
7445,20,4,260,30,2024-09-09
7446,40,44,400,162,2023-09-24
7447,1,29,1,127,2024-11-21
7448,31,20,271,151,2024-10-24
7449,38,38,278,97,2024-01-04
7450,35,10,475,178,2023-11-10
7451,32,5,392,53,2024-12-09
7452,40,50,280,178,2023-08-01
7453,8,26,328,85,2023-12-13
7454,31,43,391,129,2024-09-19
7455,9,32,369,107,2023-08-23
7456,24,4,224,131,2023-10-21
7457,12,47,212,155,2024-12-28
7458,11,12,291,110,2024-05-19
7459,12,6,92,163,2023-03-25
7460,15,26,175,76,2024-05-28
7461,31,24,71,105,2024-06-09
7462,27,43,427,135,2024-05-25
7463,6,13,366,155,2024-01-26
7464,24,4,344,23,2024-09-18
7465,15,50,495,169,2023-06-17
7466,26,18,306,31,2023-01-24
7467,5,47,445,156,2024-10-01
7468,36,10,156,78,2023-01-24
7469,37,5,237,88,2024-12-16
7470,12,23,292,168,2023-02-25
7471,3,23,203,148,2024-03-11
7472,1,43,41,27,2024-11-28
7473,3,49,83,91,2023-11-24
7474,7,32,207,61,2023-05-12
7475,34,27,474,186,2024-02-17
7476,15,20,215,57,2023-11-10
7477,12,27,52,113,2023-01-30
7478,9,18,49,115,2023-01-15
7479,37,32,277,46,2023-04-22
7480,31,49,311,61,2024-09-02
7481,37,44,77,73,2024-01-31
7482,22,3,142,65,2024-08-13
7483,13,6,293,143,2024-02-17
7484,10,35,410,151,2023-04-22
7485,38,5,38,103,2024-06-15
7486,36,12,236,69,2024-07-10
7487,40,36,160,78,2024-03-13
7488,17,8,297,35,2024-01-21
7489,2,28,82,83,2024-08-24
7490,21,33,61,37,2023-08-15
7491,15,1,175,21,2023-08-12
7492,9,15,49,153,2024-07-14
7493,3,47,403,50,2024-08-10
7494,30,1,470,41,2023-04-26
7495,11,8,451,109,2023-07-10
7496,34,44,354,31,2024-08-31
7497,36,42,396,120,2024-11-03
7498,37,41,197,79,2024-07-29
7499,9,19,169,101,2023-09-22
7500,21,3,61,107,2024-09-27
7501,23,1,343,87,2024-12-18
7502,8,39,168,171,2024-06-09
7503,13,30,373,166,2023-11-08
7504,13,49,133,27,2024-09-20
7505,15,10,175,192,2023-05-04
7506,16,1,496,82,2024-06-22
7507,26,2,26,96,2023-02-25
7508,31,5,311,49,2023-02-09
7509,8,3,448,193,2024-03-29
7510,19,7,339,197,2024-05-09
7511,35,4,75,154,2023-11-22
7512,26,16,466,110,2024-09-01
7513,7,43,7,30,2024-12-11
7514,6,30,6,21,2023-03-09
7515,6,7,46,93,2023-07-30
7516,24,29,104,106,2023-03-19
7517,25,1,425,59,2023-12-08
7518,17,41,457,38,2023-05-04
7519,30,30,150,68,2023-10-21
7520,31,29,311,25,2023-10-10
7521,38,7,358,148,2023-09-26
7522,22,1,422,104,2023-01-05
7523,18,36,218,155,2023-03-25
7524,40,3,120,165,2023-09-09
7525,11,9,371,200,2024-04-27
7526,8,41,408,183,2024-12-01
7527,14,30,254,127,2023-06-20
7528,23,29,263,123,2024-07-19
7529,16,21,416,41,2024-09-30
7530,12,24,132,135,2024-06-08
7531,33,45,153,64,2023-02-06
7532,7,24,7,59,2024-03-25
7533,25,13,185,133,2023-04-13
7534,12,2,172,188,2023-08-25
7535,15,44,175,198,2024-10-25
7536,11,22,11,66,2024-03-26
7537,4,2,324,46,2023-05-24
7538,28,2,68,191,2024-06-20
7539,15,48,495,140,2023-06-09
7540,12,2,332,78,2023-03-23
7541,17,13,417,85,2023-11-21
7542,24,1,64,44,2023-11-11
7543,27,18,67,116,2024-08-30
7544,14,46,294,200,2024-05-25
7545,25,6,345,124,2024-08-20
7546,18,18,378,150,2024-04-05
7547,5,40,45,194,2024-05-25
7548,5,17,325,109,2024-05-21
7549,25,41,345,194,2023-07-06
7550,39,25,439,124,2023-09-29
7551,34,41,394,152,2023-04-25
7552,6,45,166,129,2023-12-05
7553,13,36,133,86,2024-06-11
7554,35,48,435,83,2024-08-22
7555,10,39,50,143,2023-05-31
7556,2,45,482,82,2023-12-24
7557,25,15,225,83,2024-03-17
7558,5,2,5,60,2023-05-22
7559,3,33,443,130,2024-07-07
7560,33,50,273,54,2024-02-09
7561,2,9,322,30,2023-06-17
7562,1,22,161,111,2024-07-25
7563,19,29,259,24,2023-06-25
7564,40,21,360,144,2023-03-31
7565,24,28,424,114,2023-10-23
7566,1,33,361,108,2024-11-30
7567,23,46,343,142,2023-10-30
7568,8,1,248,157,2023-10-07
7569,10,39,90,122,2023-04-14
7570,4,24,404,122,2023-12-03
7571,26,35,186,134,2024-06-06
7572,16,41,496,195,2023-01-22
7573,14,13,174,41,2023-10-30
7574,34,45,434,172,2023-07-24
7575,5,33,125,57,2023-06-23
7576,40,44,360,100,2023-04-21
7577,39,49,279,162,2023-05-19
7578,2,50,322,102,2024-10-27
7579,12,41,212,150,2023-01-15
7580,10,8,290,192,2023-02-10
7581,36,10,276,117,2024-08-05
7582,40,23,120,125,2024-03-19
7583,6,50,286,147,2024-04-02
7584,14,18,374,85,2023-07-30
7585,22,38,382,78,2023-05-06
7586,10,41,210,160,2024-04-23
7587,23,47,103,55,2024-08-10
7588,2,13,202,131,2024-10-28
7589,4,39,284,125,2024-12-03
7590,15,36,415,32,2024-05-03
7591,33,48,313,69,2023-10-04
7592,14,32,414,193,2024-05-01
7593,10,39,210,170,2023-08-10
7594,7,15,207,117,2024-07-28
7595,37,4,157,93,2024-09-03
7596,37,3,397,113,2023-08-18
7597,13,45,13,139,2023-03-09
7598,40,23,360,155,2023-10-25
7599,11,50,251,54,2024-04-15
7600,18,8,218,159,2023-09-24
7601,26,23,66,115,2024-05-11
7602,25,3,425,89,2024-09-08
7603,18,11,338,124,2024-01-18
7604,20,3,460,135,2024-10-06
7605,20,19,100,108,2023-11-12
7606,12,47,492,123,2024-09-07
7607,19,30,139,81,2023-03-22
7608,40,31,240,183,2023-07-17
7609,21,35,341,112,2024-11-17
7610,2,20,442,141,2023-10-04
7611,20,12,500,137,2023-06-11
7612,23,47,383,192,2023-07-14
7613,6,22,246,158,2023-03-26
7614,6,42,286,26,2024-06-14
7615,11,46,131,102,2024-11-20
7616,13,13,493,54,2023-10-24
7617,10,41,490,29,2024-05-17
7618,28,27,108,28,2024-04-03
7619,35,26,195,133,2023-04-29
7620,4,40,404,55,2024-02-01
7621,23,41,23,20,2023-02-23
7622,26,48,26,194,2023-08-18
7623,3,38,83,168,2024-09-26
7624,3,2,403,53,2024-01-19
7625,14,14,54,122,2024-09-07
7626,34,29,314,60,2024-03-16
7627,2,6,482,89,2023-09-01
7628,5,1,45,86,2023-12-02
7629,9,8,49,136,2023-01-24
7630,1,25,401,112,2023-10-27
7631,25,46,105,195,2023-11-30
7632,37,39,317,35,2024-10-04
7633,13,8,173,26,2024-08-16
7634,14,25,94,108,2023-04-05
7635,37,31,397,113,2023-03-10
7636,34,18,234,109,2023-08-15
7637,15,7,495,47,2024-07-29
7638,21,12,21,68,2024-05-01
7639,14,3,374,33,2024-08-28
7640,21,50,21,199,2024-06-21
7641,12,43,252,109,2024-04-16
7642,13,12,373,85,2024-08-06
7643,3,41,283,141,2024-09-08
7644,16,16,176,43,2024-12-08
7645,38,1,318,28,2023-01-02
7646,29,33,189,31,2024-05-23
7647,31,43,231,167,2023-01-04
7648,13,48,173,67,2023-08-24
7649,24,8,304,39,2024-10-08
7650,12,38,412,102,2023-02-01
7651,18,49,58,133,2024-02-19
7652,18,2,18,169,2023-10-15
7653,7,7,447,196,2023-11-06
7654,33,26,153,27,2024-09-23
7655,7,8,207,92,2024-12-06
7656,8,4,8,186,2024-07-25
7657,36,6,356,112,2023-10-07
7658,2,6,82,69,2024-09-16
7659,25,42,265,107,2023-12-10
7660,6,11,326,52,2024-08-21
7661,18,50,458,121,2023-11-15
7662,25,39,265,152,2024-11-06
7663,1,1,201,177,2024-01-11
7664,3,1,363,135,2024-07-02
7665,8,28,328,86,2023-09-18
7666,31,37,191,148,2024-02-13
7667,34,25,434,161,2023-09-30
7668,24,7,304,84,2023-01-09
7669,5,11,485,114,2024-12-05
7670,1,20,361,67,2023-10-02
7671,2,33,242,20,2024-03-16
7672,23,32,383,53,2024-03-31
7673,33,27,73,145,2023-06-08
7674,5,38,445,67,2024-04-26
7675,13,14,53,112,2023-12-09
7676,32,14,32,80,2023-08-27
7677,21,30,221,29,2023-07-23
7678,37,34,77,60,2023-10-12
7679,13,45,373,66,2024-11-08
7680,39,14,199,71,2023-05-01
7681,36,23,476,124,2024-10-09
7682,21,2,221,122,2024-06-25
7683,15,46,15,65,2024-02-27
7684,37,39,37,192,2024-11-15
7685,27,18,27,166,2023-06-09
7686,18,49,258,104,2024-01-02
7687,22,38,182,43,2023-10-17
7688,22,14,22,69,2024-12-10
7689,12,50,412,190,2023-07-13
7690,35,28,155,190,2023-10-21
7691,15,38,95,106,2024-08-16
7692,33,20,433,194,2023-08-11
7693,5,14,45,181,2024-05-14
7694,33,11,33,115,2024-04-06
7695,33,29,193,155,2024-07-20
7696,32,36,432,162,2024-10-22
7697,21,30,181,57,2023-06-25
7698,21,5,261,169,2023-09-15
7699,26,16,306,179,2023-10-19
7700,34,3,314,132,2023-03-14
7701,18,6,178,70,2024-03-04
7702,17,44,57,174,2023-02-20
7703,24,1,64,195,2023-06-07
7704,19,33,339,81,2024-11-25
7705,8,43,248,73,2024-01-06
7706,12,20,452,83,2024-12-18
7707,39,32,319,58,2023-12-12
7708,6,45,446,79,2024-07-03
7709,23,29,343,37,2023-01-28
7710,15,1,15,110,2024-06-11
7711,4,7,4,129,2023-06-30
7712,24,34,24,138,2023-07-30
7713,17,30,377,26,2024-08-23
7714,20,20,220,72,2023-07-16
7715,1,19,81,57,2023-07-10
7716,15,40,295,110,2023-04-22
7717,34,3,434,90,2024-06-25
7718,8,42,448,169,2024-08-14
7719,7,23,407,123,2023-08-15
7720,35,32,195,136,2023-01-21
7721,25,22,65,123,2024-06-04
7722,5,9,245,142,2023-10-13
7723,23,37,63,152,2023-07-22
7724,1,35,161,133,2023-07-28
7725,29,49,109,112,2023-02-09
7726,18,44,298,160,2023-07-26
7727,35,26,195,118,2024-03-30
7728,31,17,151,199,2024-03-04
7729,14,31,294,115,2023-11-16
7730,3,9,43,87,2024-02-05
7731,5,2,405,88,2023-08-19
7732,39,30,119,55,2024-02-01
7733,10,8,10,87,2024-03-14
7734,13,5,373,87,2024-03-08
7735,17,33,457,22,2023-02-10
7736,5,25,405,131,2024-10-16
7737,5,2,205,125,2023-04-21
7738,15,37,175,21,2023-07-13
7739,35,16,35,103,2024-03-19
7740,10,37,490,90,2023-06-24
7741,18,22,58,142,2024-11-05
7742,36,47,396,189,2024-11-23
7743,20,29,60,132,2023-10-22
7744,31,48,351,152,2023-04-16
7745,29,31,189,187,2024-12-15
7746,16,13,336,119,2023-11-01
7747,2,12,482,190,2023-12-12
7748,12,9,12,194,2024-04-15
7749,7,18,87,123,2024-05-25
7750,2,20,322,166,2023-03-18
7751,39,36,119,165,2024-03-23
7752,36,15,76,46,2024-06-06
7753,36,5,476,57,2023-02-09
7754,8,22,128,149,2024-12-26
7755,23,31,63,52,2023-05-04
7756,4,33,444,22,2023-07-08
7757,18,14,338,67,2024-07-09
7758,11,29,91,89,2023-02-17
7759,24,7,144,30,2023-02-27
7760,13,24,13,135,2023-02-25
7761,14,49,454,118,2023-09-29
7762,2,9,322,58,2024-04-28
7763,22,6,142,32,2023-01-04
7764,4,16,404,96,2023-06-21
7765,14,8,374,130,2023-05-05
7766,36,16,76,110,2024-11-07
7767,13,44,53,75,2024-02-07
7768,39,2,279,67,2023-10-14
7769,38,29,238,29,2024-07-24
7770,13,22,333,54,2024-12-23
7771,7,39,167,158,2023-07-08
7772,14,16,174,152,2024-05-20
7773,11,11,91,115,2024-05-15
7774,17,32,377,50,2024-08-16
7775,10,14,410,92,2023-09-16
7776,2,23,442,109,2023-10-08
7777,24,16,224,80,2024-08-30
7778,40,10,200,78,2023-01-29
7779,6,18,406,192,2024-07-05
7780,19,10,299,60,2024-06-15
7781,25,8,425,83,2024-08-17
7782,17,42,137,164,2023-12-21
7783,37,43,477,102,2024-05-31
7784,33,49,273,91,2024-05-29
7785,7,16,87,138,2024-05-11
7786,28,45,28,197,2023-02-24
7787,10,25,450,186,2024-05-01
7788,33,9,33,173,2024-07-07
7789,26,39,306,155,2023-08-20
7790,1,22,161,154,2024-09-05
7791,1,47,1,184,2024-10-09
7792,25,29,265,82,2024-11-18
7793,11,14,171,168,2023-07-26
7794,14,23,374,108,2023-06-08
7795,4,20,124,46,2023-05-24
7796,34,32,354,96,2023-01-28
7797,20,42,500,25,2024-01-29
7798,25,20,185,188,2024-11-12
7799,14,50,214,164,2023-01-01
7800,19,50,419,65,2024-03-17
7801,36,33,476,88,2023-03-21
7802,33,5,433,151,2023-10-11
7803,9,45,369,67,2023-04-19
7804,9,24,209,65,2024-09-26
7805,24,26,104,152,2024-12-20
7806,13,20,53,172,2024-01-09
7807,2,47,402,92,2024-01-02
7808,1,46,441,70,2023-02-18
7809,4,23,44,195,2024-05-27
7810,23,13,463,75,2023-10-15
7811,40,45,440,25,2023-06-29
7812,2,27,322,72,2024-01-26
7813,11,15,91,129,2023-08-02
7814,35,3,275,104,2024-01-20
7815,26,26,146,104,2024-11-08
7816,29,42,29,189,2023-06-11
7817,14,20,94,32,2024-06-14
7818,16,20,96,56,2023-08-29
7819,29,31,69,46,2024-01-19
7820,7,8,7,56,2024-02-05
7821,9,45,249,174,2024-03-21
7822,17,49,57,181,2023-10-09
7823,3,36,443,120,2024-09-04
7824,4,24,124,80,2023-07-01
7825,5,14,85,92,2023-11-25
7826,25,30,465,55,2023-10-27
7827,20,24,20,184,2023-09-02
7828,31,46,71,164,2023-03-13
7829,28,13,428,200,2024-04-02
7830,3,20,3,175,2023-04-20
7831,34,10,154,89,2024-08-10
7832,17,34,177,122,2023-06-14
7833,1,3,441,143,2024-07-30
7834,39,12,359,182,2024-10-01
7835,19,50,299,125,2024-08-05
7836,13,30,493,181,2023-08-29
7837,11,39,131,180,2023-07-05
7838,34,35,434,102,2023-11-17
7839,21,43,21,115,2023-04-15
7840,12,28,212,30,2023-01-20
7841,4,3,4,50,2024-07-24
7842,3,47,243,127,2024-07-24
7843,8,6,88,121,2023-10-22
7844,21,5,181,82,2024-08-02
7845,10,49,130,135,2023-04-07
7846,3,2,43,160,2023-08-24
7847,31,38,471,125,2024-11-02
7848,27,38,307,177,2024-08-03
7849,31,28,431,70,2024-06-04
7850,14,47,14,96,2024-12-30
7851,12,37,372,144,2024-10-21
7852,22,9,222,196,2023-02-26
7853,24,20,104,34,2024-11-19
7854,12,3,412,175,2024-05-08
7855,40,42,440,64,2023-10-29
7856,35,15,435,109,2023-04-10
7857,3,42,243,79,2024-06-14
7858,25,3,265,191,2023-12-26
7859,22,27,422,137,2024-03-27
7860,28,28,228,35,2024-10-01
7861,5,14,85,186,2023-11-26
7862,9,13,289,97,2024-01-20
7863,14,30,294,79,2023-02-17
7864,10,26,10,61,2024-12-06
7865,29,42,389,165,2023-01-08
7866,19,39,459,130,2024-03-04
7867,39,34,119,133,2023-04-02
7868,9,17,49,55,2023-11-20
7869,26,18,306,32,2024-05-31
7870,21,46,101,186,2024-05-01
7871,8,8,88,50,2023-04-19
7872,20,42,300,176,2024-12-10
7873,34,27,114,137,2024-11-22
7874,12,24,372,118,2024-11-29
7875,20,39,460,126,2024-07-04
7876,5,19,85,26,2024-06-17
7877,34,44,394,131,2023-05-27
7878,36,28,356,170,2023-02-18
7879,33,49,193,131,2023-08-25
7880,16,47,496,157,2023-04-24
7881,29,9,189,25,2023-10-02
7882,5,11,485,90,2024-04-16
7883,25,41,425,150,2023-06-27
7884,31,28,431,33,2024-09-08
7885,36,29,396,111,2023-04-20
7886,2,4,2,77,2023-01-22
7887,5,47,5,75,2023-11-03
7888,10,18,290,167,2023-11-07
7889,25,43,425,192,2024-10-13
7890,23,18,463,58,2023-02-27
7891,33,20,313,62,2024-11-25
7892,19,8,299,71,2023-05-09
7893,5,22,165,37,2024-04-09
7894,38,4,118,182,2023-01-19
7895,1,6,361,134,2024-05-30
7896,9,22,89,41,2023-05-10
7897,34,44,154,64,2024-09-05
7898,22,37,142,100,2024-02-10
7899,17,27,57,176,2024-12-30
7900,27,4,387,125,2024-12-17
7901,20,38,260,68,2023-11-25
7902,16,16,216,58,2024-03-24
7903,16,46,376,80,2024-09-14
7904,4,4,4,163,2024-12-21
7905,11,32,371,57,2023-08-10
7906,27,7,227,166,2023-06-16
7907,11,5,451,196,2023-08-28
7908,9,18,329,166,2024-02-01
7909,25,13,265,191,2023-05-11
7910,20,13,100,137,2023-09-13
7911,28,9,188,199,2024-02-18
7912,30,39,390,60,2023-02-09
7913,15,7,495,36,2023-12-29
7914,27,13,467,44,2024-10-04
7915,30,25,70,50,2023-06-22
7916,35,35,115,38,2024-09-21
7917,15,39,415,52,2024-04-08
7918,37,47,157,185,2023-01-30
7919,24,37,184,56,2024-02-15
7920,31,33,111,28,2024-05-24
7921,40,11,120,24,2024-09-03
7922,33,20,393,101,2023-06-26
7923,29,45,229,171,2024-09-17
7924,27,10,107,153,2024-03-03
7925,13,40,213,174,2023-04-23
7926,40,46,480,43,2023-08-12
7927,9,32,409,33,2024-07-29
7928,14,42,454,107,2024-04-24
7929,29,15,229,34,2024-02-26
7930,39,34,159,120,2023-08-04
7931,6,22,46,103,2023-03-25
7932,23,5,183,166,2023-08-05
7933,19,36,59,141,2023-02-23
7934,36,47,36,64,2023-11-01
7935,33,49,193,150,2024-05-06
7936,28,46,148,125,2024-06-14
7937,17,40,417,117,2023-01-21
7938,27,11,27,61,2023-09-18
7939,5,7,205,150,2023-04-01
7940,15,12,295,145,2023-06-23
7941,35,29,235,103,2023-04-03
7942,29,21,389,93,2023-12-28
7943,6,44,166,92,2023-10-16
7944,20,41,140,79,2024-07-10
7945,16,9,136,169,2023-06-16
7946,40,8,240,185,2023-02-02
7947,10,13,130,147,2024-05-14
7948,35,7,355,183,2023-01-22
7949,16,12,176,50,2023-05-25
7950,26,11,106,26,2024-11-29
7951,18,34,458,55,2023-11-29
7952,36,16,316,77,2023-11-01
7953,34,36,474,75,2024-05-29
7954,34,8,314,136,2024-05-06
7955,30,7,310,30,2023-08-31
7956,5,22,45,174,2024-07-06
7957,11,42,331,46,2024-09-25
7958,15,31,455,143,2024-08-29
7959,39,48,279,124,2024-06-16
7960,16,47,496,108,2023-05-07
7961,20,48,100,194,2023-10-09
7962,32,6,352,152,2024-07-03
7963,24,43,424,59,2023-09-16
7964,15,47,335,176,2024-09-09
7965,40,12,440,76,2023-04-17
7966,33,30,233,114,2023-11-08
7967,11,31,51,115,2023-09-11
7968,36,12,436,27,2024-02-14
7969,20,50,180,26,2024-12-15
7970,39,20,79,94,2023-04-30
7971,5,24,205,196,2024-11-25
7972,1,27,161,159,2024-10-25
7973,28,36,428,189,2024-09-01
7974,23,30,423,122,2023-05-22
7975,5,6,205,179,2023-10-01
7976,26,20,146,79,2024-06-25
7977,6,30,86,55,2023-06-30
7978,17,47,377,159,2023-09-04
7979,2,27,2,192,2023-07-01
7980,10,36,490,26,2023-07-18
7981,20,5,340,200,2024-12-10
7982,29,46,349,20,2023-01-16
7983,4,17,164,159,2023-05-21
7984,32,28,152,111,2024-11-28
7985,37,7,237,116,2024-11-08
7986,18,36,458,102,2023-10-06
7987,14,33,334,33,2023-03-12
7988,27,49,467,87,2023-10-26
7989,36,10,356,24,2024-07-05
7990,7,9,207,73,2024-06-08
7991,21,13,421,30,2023-01-23
7992,33,38,33,78,2024-12-21
7993,27,29,147,61,2024-06-12
7994,12,37,412,119,2024-12-06
7995,33,4,113,179,2024-01-19
7996,9,20,169,183,2023-03-28
7997,10,41,250,140,2024-06-07
7998,32,10,232,193,2023-01-25
7999,22,11,382,58,2023-06-15
8000,4,39,204,102,2024-06-04
8001,27,28,220,75,2026-06-30
8002,17,36,166,56,2026-06-30
8003,32,25,362,74,2026-06-18
8004,3,35,133,61,2026-06-22
8005,19,6,184,50,2026-06-16
8006,12,39,459,40,2026-07-10
8007,12,16,305,77,2026-07-01
8008,20,40,345,77,2026-06-24
8009,27,40,65,91,2026-06-22
8010,24,18,66,92,2026-06-26
8011,29,25,3,15,2026-06-25
8012,23,23,108,86,2026-06-20
8013,9,2,62,86,2026-07-06
8014,37,26,330,71,2026-07-10
8015,37,20,300,74,2026-07-09
8016,11,36,385,92,2026-07-12
8017,25,43,443,72,2026-07-05
8018,32,16,343,51,2026-07-04
8019,21,31,173,52,2026-07-05
8020,9,40,307,61,2026-07-02
