payment_id,order_id,payment_date,payment_method,amount,status
1,1,2024-10-30,Cash,18.96,Paid
2,2,2024-01-26,Mobile Pay,22.34,Refunded
3,3,2024-07-10,Mobile Pay,26.72,Paid
4,4,2024-07-29,Cash,26.37,Paid
5,5,2024-10-25,Mobile Pay,13.20,Paid
6,6,2024-01-16,Mobile Pay,18.95,Paid
7,7,2024-09-19,Mobile Pay,21.38,Refunded
8,8,2024-11-16,Card,13.27,Paid
9,9,2024-04-05,Card,17.49,Paid
10,10,2024-08-18,Card,8.73,Paid
11,11,2024-07-10,Mobile Pay,13.59,Paid
12,12,2024-12-12,Card,10.49,Refunded
13,13,2024-10-23,Cash,38.72,Paid
14,14,2024-01-09,Card,24.16,Paid
15,15,2024-07-09,Mobile Pay,48.59,Paid
16,16,2024-07-18,Cash,25.78,Paid
17,17,2024-06-06,Mobile Pay,20.80,Paid
18,18,2024-01-04,Card,33.98,Paid
19,19,2024-06-11,Cash,15.96,Paid
20,20,2024-09-08,Card,16.41,Paid
21,21,2024-03-11,Cash,22.29,Refunded
22,22,2024-06-27,Mobile Pay,11.95,Paid
23,23,2024-09-12,Card,25.59,Paid
24,24,2024-11-21,Cash,43.74,Refunded
25,25,2024-04-08,Cash,9.77,Paid
26,26,2024-10-23,Card,31.75,Paid
27,27,2024-07-17,Cash,8.88,Paid
28,28,2024-08-29,Mobile Pay,8.30,Paid
29,29,2024-09-22,Cash,33.83,Refunded
30,30,2024-07-13,Card,30.60,Paid
31,31,2024-09-13,Cash,27.82,Refunded
32,32,2024-12-07,Card,15.44,Refunded
33,33,2024-05-23,Card,10.32,Paid
34,34,2024-12-23,Cash,24.25,Refunded
35,35,2024-04-29,Mobile Pay,20.53,Paid
36,36,2024-01-07,Mobile Pay,18.16,Refunded
37,37,2024-08-17,Mobile Pay,38.99,Paid
38,38,2024-11-05,Mobile Pay,42.12,Paid
39,39,2024-04-18,Mobile Pay,14.31,Paid
40,40,2024-03-13,Mobile Pay,25.45,Paid
41,41,2024-08-20,Card,15.57,Paid
42,42,2024-06-13,Mobile Pay,35.96,Paid
43,43,2024-03-12,Card,20.75,Refunded
44,44,2024-12-11,Mobile Pay,22.34,Paid
45,45,2024-09-29,Cash,24.51,Refunded
46,46,2024-10-05,Cash,12.52,Paid
47,47,2024-01-14,Card,9.58,Refunded
48,48,2024-01-05,Card,38.41,Paid
49,49,2024-07-10,Card,23.03,Paid
50,50,2024-05-09,Cash,44.31,Paid
51,51,2024-12-18,Mobile Pay,21.69,Paid
52,52,2024-01-04,Cash,5.88,Paid
53,53,2024-07-30,Cash,25.48,Paid
54,54,2024-06-14,Card,26.11,Paid
55,55,2024-02-11,Card,8.36,Paid
56,56,2024-07-10,Card,22.20,Paid
57,57,2024-06-24,Mobile Pay,9.02,Paid
58,58,2024-04-07,Card,24.84,Paid
59,59,2024-08-15,Card,19.59,Paid
60,60,2024-10-25,Mobile Pay,50.76,Paid
61,61,2024-08-10,Card,21.14,Refunded
62,62,2024-02-15,Card,12.49,Paid
63,63,2024-04-17,Card,15.86,Paid
64,64,2024-07-31,Mobile Pay,14.41,Paid
65,65,2024-02-04,Card,23.51,Paid
66,66,2024-10-12,Cash,33.00,Refunded
67,67,2024-12-20,Cash,17.56,Refunded
68,68,2024-03-06,Cash,10.72,Paid
69,69,2024-08-14,Mobile Pay,23.22,Paid
70,70,2024-01-04,Cash,10.69,Paid
71,71,2024-06-05,Card,19.00,Paid
72,72,2024-08-10,Card,20.59,Refunded
73,73,2024-01-13,Card,58.15,Paid
74,74,2024-09-28,Card,18.24,Paid
75,75,2024-02-28,Cash,35.37,Paid
76,76,2024-12-29,Cash,9.47,Refunded
77,77,2024-07-07,Mobile Pay,7.61,Paid
78,78,2024-04-28,Mobile Pay,22.55,Paid
79,79,2024-08-01,Card,40.32,Refunded
80,80,2024-11-12,Card,19.52,Paid
81,81,2024-01-04,Cash,29.07,Paid
82,82,2024-02-26,Cash,20.37,Paid
83,83,2024-02-07,Card,22.46,Paid
84,84,2024-05-31,Card,14.04,Paid
85,85,2024-05-15,Card,61.10,Paid
86,86,2024-08-24,Card,18.65,Paid
87,87,2024-01-23,Mobile Pay,59.70,Paid
88,88,2024-08-10,Card,92.63,Paid
89,89,2024-10-17,Mobile Pay,9.76,Refunded
90,90,2024-08-14,Cash,29.06,Paid
91,91,2024-01-20,Mobile Pay,48.40,Paid
92,92,2024-12-05,Mobile Pay,37.71,Paid
93,93,2024-02-07,Card,17.09,Paid
94,94,2024-04-03,Cash,25.28,Refunded
95,95,2024-01-24,Mobile Pay,24.86,Paid
96,96,2024-10-21,Cash,9.18,Paid
97,97,2024-08-28,Card,58.62,Paid
98,98,2024-01-12,Card,16.37,Paid
99,99,2024-12-23,Mobile Pay,17.44,Paid
100,100,2024-03-09,Mobile Pay,11.00,Paid
101,101,2024-05-24,Card,36.04,Paid
102,102,2024-10-26,Mobile Pay,20.23,Paid
103,103,2024-04-25,Mobile Pay,90.33,Refunded
104,104,2024-11-18,Cash,20.94,Paid
105,105,2024-05-25,Card,11.84,Paid
106,106,2024-04-08,Cash,59.54,Paid
107,107,2024-01-14,Mobile Pay,29.34,Paid
108,108,2024-05-19,Card,39.73,Paid
109,109,2024-05-28,Cash,10.44,Paid
110,110,2024-08-12,Cash,23.50,Paid
111,111,2024-03-13,Card,33.81,Refunded
112,112,2024-07-11,Card,26.86,Paid
113,113,2024-05-23,Cash,51.40,Paid
114,114,2024-10-04,Card,12.32,Paid
115,115,2024-01-30,Cash,28.54,Paid
116,116,2024-07-23,Cash,14.75,Paid
117,117,2024-11-07,Cash,16.36,Paid
118,118,2024-05-06,Cash,23.36,Paid
119,119,2024-08-28,Card,29.07,Refunded
120,120,2024-07-08,Card,10.45,Paid
121,121,2024-08-12,Mobile Pay,14.07,Refunded
122,122,2024-08-01,Cash,39.06,Paid
123,123,2024-02-16,Cash,20.58,Paid
124,124,2024-05-05,Mobile Pay,23.17,Paid
125,125,2024-04-23,Cash,42.84,Refunded
126,126,2024-02-13,Card,24.39,Paid
127,127,2024-05-22,Card,19.71,Paid
128,128,2024-03-31,Cash,18.54,Paid
129,129,2024-04-24,Card,29.97,Paid
130,130,2024-01-27,Cash,31.82,Paid
131,131,2024-10-17,Mobile Pay,20.72,Paid
132,132,2024-07-29,Card,14.35,Paid
133,133,2024-09-24,Cash,21.21,Paid
134,134,2024-07-16,Card,13.46,Paid
135,135,2024-11-06,Mobile Pay,12.51,Paid
136,136,2024-09-13,Card,23.06,Paid
137,137,2024-11-09,Card,10.65,Paid
138,138,2024-04-30,Mobile Pay,16.88,Paid
139,139,2024-07-14,Mobile Pay,78.99,Paid
140,140,2024-06-30,Cash,22.86,Paid
141,141,2024-06-01,Cash,57.20,Paid
142,142,2024-01-27,Card,15.95,Paid
143,143,2024-11-11,Mobile Pay,70.82,Paid
144,144,2024-06-16,Card,28.52,Paid
145,145,2024-06-07,Card,14.34,Paid
146,146,2024-12-11,Card,11.83,Paid
147,147,2024-02-15,Mobile Pay,22.32,Paid
148,148,2024-03-13,Mobile Pay,19.38,Paid
149,149,2024-02-15,Card,25.99,Paid
150,150,2024-11-08,Cash,8.41,Paid
151,151,2024-04-26,Mobile Pay,23.11,Paid
152,152,2024-09-23,Cash,14.96,Paid
153,153,2024-02-04,Mobile Pay,28.18,Paid
154,154,2024-06-26,Mobile Pay,35.78,Paid
155,155,2025-01-01,Mobile Pay,23.77,Refunded
156,156,2024-04-23,Cash,21.40,Refunded
157,157,2024-02-21,Card,17.35,Paid
158,158,2024-07-22,Cash,37.60,Paid
159,159,2024-11-28,Cash,27.29,Paid
160,160,2024-04-27,Card,15.80,Paid
161,161,2024-07-18,Card,13.69,Refunded
162,162,2024-11-29,Cash,70.89,Paid
163,163,2024-05-07,Card,24.66,Paid
164,164,2024-04-10,Card,19.60,Paid
165,165,2024-11-04,Mobile Pay,14.76,Paid
166,166,2024-07-28,Card,17.82,Paid
167,167,2024-08-15,Mobile Pay,18.92,Paid
168,168,2024-03-09,Mobile Pay,28.55,Refunded
169,169,2024-08-11,Mobile Pay,23.56,Paid
170,170,2024-05-10,Cash,21.63,Paid
171,171,2024-07-24,Mobile Pay,26.55,Paid
172,172,2024-06-06,Card,25.56,Refunded
173,173,2024-02-27,Mobile Pay,29.71,Paid
174,174,2024-05-25,Mobile Pay,62.86,Refunded
175,175,2024-09-21,Mobile Pay,32.42,Refunded
176,176,2024-03-16,Mobile Pay,16.52,Paid
177,177,2024-01-25,Cash,32.82,Paid
178,178,2024-04-06,Cash,23.44,Paid
179,179,2024-05-27,Mobile Pay,24.96,Paid
180,180,2024-05-24,Card,13.69,Refunded
181,181,2024-04-26,Cash,22.92,Paid
182,182,2024-01-24,Mobile Pay,34.11,Paid
183,183,2024-07-04,Card,34.83,Paid
184,184,2024-06-23,Mobile Pay,29.46,Paid
185,185,2024-09-20,Cash,24.86,Paid
186,186,2024-01-11,Mobile Pay,27.97,Paid
187,187,2024-09-10,Card,16.89,Paid
188,188,2024-07-01,Cash,23.94,Paid
189,189,2024-06-14,Card,22.92,Paid
190,190,2024-03-01,Mobile Pay,12.03,Paid
191,191,2024-06-15,Card,77.13,Paid
192,192,2024-04-24,Mobile Pay,25.35,Paid
193,193,2024-03-30,Mobile Pay,5.61,Paid
194,194,2024-09-09,Card,42.66,Paid
195,195,2024-11-18,Mobile Pay,76.72,Paid
196,196,2024-12-11,Cash,17.14,Paid
197,197,2024-09-11,Card,17.01,Paid
198,198,2024-09-19,Mobile Pay,12.90,Paid
199,199,2024-01-28,Card,12.54,Paid
200,200,2024-01-09,Cash,54.82,Paid
201,201,2024-02-02,Card,14.94,Refunded
202,202,2024-12-27,Mobile Pay,55.69,Paid
203,203,2024-01-20,Cash,11.77,Paid
204,204,2024-08-23,Card,13.66,Paid
205,205,2024-11-18,Mobile Pay,92.19,Refunded
206,206,2024-10-31,Cash,23.87,Paid
207,207,2024-08-30,Card,15.39,Paid
208,208,2024-10-23,Card,47.72,Paid
209,209,2024-02-20,Mobile Pay,22.40,Paid
210,210,2024-12-26,Mobile Pay,20.38,Paid
211,211,2024-05-26,Cash,25.25,Paid
212,212,2024-06-26,Card,35.51,Paid
213,213,2024-06-18,Mobile Pay,48.26,Paid
214,214,2024-02-13,Cash,34.73,Paid
215,215,2024-10-22,Cash,19.54,Refunded
216,216,2024-06-12,Mobile Pay,32.00,Paid
217,217,2024-11-10,Mobile Pay,30.57,Refunded
218,218,2024-11-14,Cash,31.04,Paid
219,219,2024-10-24,Mobile Pay,33.27,Paid
220,220,2024-12-02,Cash,6.12,Paid
221,221,2024-05-01,Card,21.18,Paid
222,222,2024-09-13,Mobile Pay,23.67,Paid
223,223,2024-11-28,Card,35.40,Paid
224,224,2024-08-08,Mobile Pay,10.34,Refunded
225,225,2024-01-31,Mobile Pay,14.06,Paid
226,226,2024-10-27,Cash,33.20,Refunded
227,227,2024-06-28,Mobile Pay,31.33,Paid
228,228,2024-01-07,Card,74.47,Paid
229,229,2024-02-18,Card,53.04,Paid
230,230,2024-02-11,Card,24.18,Paid
231,231,2024-12-16,Mobile Pay,52.64,Refunded
232,232,2024-05-08,Cash,15.42,Paid
233,233,2024-01-12,Card,47.28,Paid
234,234,2024-10-12,Mobile Pay,28.68,Refunded
235,235,2024-03-30,Mobile Pay,26.84,Paid
236,236,2024-05-17,Card,13.44,Refunded
237,237,2024-11-28,Mobile Pay,26.57,Paid
238,238,2024-06-12,Cash,25.08,Paid
239,239,2024-10-09,Mobile Pay,10.46,Paid
240,240,2024-05-13,Card,16.79,Paid
241,241,2024-11-19,Cash,24.71,Paid
242,242,2024-07-04,Cash,28.61,Paid
243,243,2024-11-01,Cash,29.20,Paid
244,244,2024-06-24,Mobile Pay,27.33,Paid
245,245,2024-02-11,Mobile Pay,8.37,Paid
246,246,2024-10-12,Card,23.51,Paid
247,247,2024-07-29,Card,18.21,Paid
248,248,2024-05-18,Card,29.87,Paid
249,249,2024-05-14,Cash,19.70,Paid
250,250,2024-08-12,Mobile Pay,31.47,Paid
251,251,2024-10-06,Cash,19.23,Paid
252,252,2024-12-04,Card,23.78,Paid
253,253,2024-07-22,Cash,27.41,Paid
254,254,2024-05-16,Card,8.04,Paid
255,255,2024-08-03,Card,19.92,Paid
256,256,2024-09-29,Mobile Pay,47.30,Refunded
257,257,2024-06-14,Cash,9.87,Paid
258,258,2024-02-09,Card,17.69,Paid
259,259,2024-01-24,Card,9.18,Refunded
260,260,2024-08-28,Mobile Pay,32.74,Paid
261,261,2024-12-28,Cash,43.61,Refunded
262,262,2024-02-05,Mobile Pay,31.27,Paid
263,263,2024-04-16,Card,66.94,Paid
264,264,2024-04-05,Card,25.50,Paid
265,265,2024-08-21,Card,61.62,Paid
266,266,2024-12-03,Mobile Pay,32.16,Paid
267,267,2024-04-26,Mobile Pay,23.87,Paid
268,268,2024-01-07,Card,71.43,Paid
269,269,2024-12-06,Card,12.39,Refunded
270,270,2024-09-14,Cash,23.46,Paid
271,271,2024-07-20,Card,16.97,Paid
272,272,2024-05-21,Mobile Pay,13.97,Paid
273,273,2024-05-01,Cash,30.56,Paid
274,274,2024-08-24,Cash,34.37,Paid
275,275,2024-04-11,Mobile Pay,31.20,Paid
276,276,2024-06-24,Mobile Pay,31.07,Paid
277,277,2024-01-25,Mobile Pay,24.67,Paid
278,278,2024-02-07,Mobile Pay,21.34,Paid
279,279,2024-03-23,Card,12.98,Paid
280,280,2024-01-01,Card,20.78,Paid
281,281,2024-12-02,Card,20.67,Refunded
282,282,2024-06-07,Mobile Pay,29.25,Refunded
283,283,2024-10-15,Mobile Pay,25.82,Refunded
284,284,2024-04-03,Mobile Pay,13.15,Paid
285,285,2024-01-05,Card,21.54,Paid
286,286,2024-08-16,Card,34.25,Refunded
287,287,2024-01-01,Cash,9.83,Paid
288,288,2024-05-21,Card,13.92,Paid
289,289,2024-06-28,Cash,29.92,Paid
290,290,2024-08-09,Card,22.84,Paid
291,291,2024-08-22,Mobile Pay,31.38,Paid
292,292,2024-09-15,Cash,29.98,Refunded
293,293,2024-06-10,Card,26.17,Paid
294,294,2024-11-22,Cash,16.42,Paid
295,295,2024-07-21,Card,12.48,Paid
296,296,2024-02-07,Mobile Pay,12.90,Paid
297,297,2024-06-21,Card,24.42,Paid
298,298,2024-07-13,Card,39.12,Refunded
299,299,2024-12-11,Card,38.12,Paid
300,300,2024-01-03,Mobile Pay,75.28,Paid
301,301,2024-08-17,Cash,73.51,Paid
302,302,2024-09-17,Card,8.22,Paid
303,303,2024-10-18,Mobile Pay,16.83,Paid
304,304,2024-02-09,Card,10.30,Paid
305,305,2024-01-30,Mobile Pay,24.52,Paid
306,306,2024-04-08,Card,23.72,Refunded
307,307,2024-08-24,Cash,18.88,Paid
308,308,2024-03-06,Mobile Pay,10.75,Paid
309,309,2024-07-19,Card,53.83,Paid
310,310,2024-08-04,Card,18.31,Paid
311,311,2024-06-21,Cash,29.37,Paid
312,312,2024-08-16,Cash,29.47,Paid
313,313,2024-02-19,Card,41.38,Paid
314,314,2024-01-08,Mobile Pay,68.42,Paid
315,315,2024-02-29,Card,39.46,Paid
316,316,2024-12-09,Cash,65.82,Refunded
317,317,2024-06-26,Card,13.94,Paid
318,318,2024-03-17,Card,15.80,Paid
319,319,2024-09-07,Cash,25.11,Paid
320,320,2024-08-08,Mobile Pay,30.37,Paid
321,321,2024-02-23,Mobile Pay,30.06,Paid
322,322,2024-11-10,Cash,40.14,Refunded
323,323,2024-10-05,Cash,26.28,Paid
324,324,2024-12-25,Cash,35.91,Refunded
325,325,2024-07-21,Mobile Pay,71.34,Paid
326,326,2024-04-16,Cash,33.63,Paid
327,327,2024-10-09,Cash,78.42,Paid
328,328,2024-08-01,Cash,19.57,Refunded
329,329,2024-03-25,Cash,10.12,Paid
330,330,2024-12-09,Cash,12.47,Paid
331,331,2024-01-02,Card,11.22,Paid
332,332,2024-02-21,Cash,59.10,Paid
333,333,2024-08-08,Cash,37.58,Paid
334,334,2024-07-06,Card,67.96,Paid
335,335,2024-12-01,Mobile Pay,28.48,Paid
336,336,2024-09-27,Card,23.15,Paid
337,337,2024-03-29,Mobile Pay,44.54,Paid
338,338,2024-05-28,Mobile Pay,20.13,Paid
339,339,2024-12-19,Cash,55.92,Paid
340,340,2024-03-09,Mobile Pay,12.92,Paid
341,341,2024-05-06,Card,13.47,Refunded
342,342,2024-02-03,Cash,14.94,Paid
343,343,2024-10-16,Cash,22.88,Paid
344,344,2024-01-09,Card,28.07,Paid
345,345,2024-08-20,Mobile Pay,19.24,Refunded
346,346,2024-09-15,Mobile Pay,25.87,Refunded
347,347,2024-01-25,Cash,20.32,Paid
348,348,2024-06-03,Card,19.58,Refunded
349,349,2024-01-23,Cash,9.31,Paid
350,350,2024-12-19,Card,22.47,Paid
351,351,2024-02-20,Card,15.85,Paid
352,352,2024-08-06,Card,34.00,Refunded
353,353,2024-07-23,Cash,73.68,Paid
354,354,2024-10-24,Mobile Pay,18.68,Paid
355,355,2024-11-13,Mobile Pay,14.11,Paid
356,356,2024-03-08,Mobile Pay,15.38,Paid
357,357,2024-07-04,Card,9.32,Paid
358,358,2024-01-14,Card,60.96,Paid
359,359,2024-10-29,Card,20.67,Paid
360,360,2024-11-26,Mobile Pay,24.75,Paid
361,361,2024-11-20,Cash,64.39,Paid
362,362,2024-07-12,Mobile Pay,36.47,Refunded
363,363,2024-04-19,Cash,6.53,Paid
364,364,2024-05-18,Mobile Pay,46.41,Refunded
365,365,2024-12-13,Cash,44.27,Paid
366,366,2024-07-08,Mobile Pay,5.01,Paid
367,367,2024-08-26,Card,16.43,Paid
368,368,2024-09-28,Card,55.83,Paid
369,369,2024-11-21,Cash,33.88,Paid
370,370,2024-07-25,Card,6.45,Paid
371,371,2024-01-15,Mobile Pay,23.09,Paid
372,372,2024-04-10,Card,18.57,Refunded
373,373,2024-02-10,Mobile Pay,27.40,Paid
374,374,2024-10-22,Card,43.85,Paid
375,375,2024-04-16,Mobile Pay,21.24,Paid
376,376,2024-12-23,Cash,9.43,Paid
377,377,2024-09-15,Cash,52.17,Paid
378,378,2024-09-14,Cash,68.24,Paid
379,379,2024-11-25,Card,45.85,Paid
380,380,2024-10-16,Card,11.59,Paid
381,381,2024-11-04,Cash,12.49,Paid
382,382,2024-01-12,Cash,23.24,Paid
383,383,2024-08-17,Mobile Pay,43.19,Refunded
384,384,2024-03-01,Cash,9.47,Paid
385,385,2024-05-22,Card,10.12,Paid
386,386,2024-06-13,Cash,18.39,Paid
387,387,2024-11-05,Mobile Pay,13.83,Paid
388,388,2024-04-27,Card,21.11,Paid
389,389,2024-06-28,Cash,16.46,Paid
390,390,2024-12-10,Card,14.56,Paid
391,391,2024-05-08,Cash,25.49,Paid
392,392,2024-01-07,Cash,36.39,Refunded
393,393,2024-10-25,Cash,36.08,Paid
394,394,2024-06-25,Cash,28.96,Paid
395,395,2024-09-30,Cash,34.46,Paid
396,396,2024-07-14,Card,68.72,Refunded
397,397,2024-01-27,Card,34.98,Paid
398,398,2024-01-06,Card,18.52,Paid
399,399,2024-12-17,Mobile Pay,43.81,Paid
400,400,2024-01-27,Card,14.59,Paid
401,401,2024-12-21,Mobile Pay,25.77,Paid
402,402,2024-03-02,Cash,54.24,Paid
403,403,2024-12-14,Card,56.22,Paid
404,404,2024-07-13,Cash,13.11,Paid
405,405,2024-12-27,Card,45.06,Paid
406,406,2024-05-09,Cash,54.09,Paid
407,407,2024-10-29,Card,20.43,Paid
408,408,2024-08-11,Cash,18.06,Paid
409,409,2024-01-29,Mobile Pay,20.02,Paid
410,410,2024-02-27,Card,27.91,Refunded
411,411,2024-01-17,Cash,17.50,Paid
412,412,2024-07-30,Card,18.74,Refunded
413,413,2024-10-09,Card,9.37,Paid
414,414,2024-06-22,Card,36.24,Paid
415,415,2024-09-04,Cash,10.28,Paid
416,416,2024-01-21,Cash,35.04,Paid
417,417,2024-06-29,Cash,17.52,Paid
418,418,2024-11-03,Card,8.17,Refunded
419,419,2024-04-11,Cash,13.94,Paid
420,420,2024-04-08,Mobile Pay,16.04,Paid
421,421,2024-10-20,Mobile Pay,10.42,Paid
422,422,2024-05-02,Mobile Pay,26.13,Refunded
423,423,2024-09-29,Mobile Pay,17.02,Refunded
424,424,2024-06-29,Card,28.98,Refunded
425,425,2024-10-19,Card,39.56,Paid
426,426,2024-05-28,Cash,27.33,Paid
427,427,2024-07-19,Mobile Pay,8.93,Paid
428,428,2024-02-06,Cash,38.06,Paid
429,429,2024-02-24,Mobile Pay,124.18,Paid
430,430,2024-01-20,Mobile Pay,19.94,Paid
431,431,2024-10-20,Cash,71.71,Paid
432,432,2024-11-16,Card,38.35,Paid
433,433,2024-04-21,Cash,25.10,Paid
434,434,2024-02-07,Cash,35.01,Paid
435,435,2024-07-05,Mobile Pay,29.49,Paid
436,436,2024-06-07,Card,14.65,Paid
437,437,2024-01-26,Mobile Pay,12.66,Paid
438,438,2024-03-08,Cash,24.97,Paid
439,439,2024-08-27,Card,30.73,Refunded
440,440,2024-04-27,Card,13.78,Refunded
441,441,2024-12-27,Cash,16.31,Paid
442,442,2024-02-09,Card,46.76,Paid
443,443,2024-07-20,Cash,24.82,Paid
444,444,2024-04-29,Cash,23.96,Paid
445,445,2024-12-04,Card,43.26,Paid
446,446,2024-07-27,Card,20.08,Paid
447,447,2024-11-27,Mobile Pay,17.02,Refunded
448,448,2024-12-18,Card,10.80,Paid
449,449,2024-01-08,Cash,68.52,Paid
450,450,2024-05-03,Cash,16.37,Paid
451,451,2024-08-19,Cash,24.80,Paid
452,452,2024-06-30,Mobile Pay,30.09,Refunded
453,453,2024-08-18,Cash,16.87,Paid
454,454,2024-10-24,Mobile Pay,45.89,Paid
455,455,2024-12-05,Cash,17.87,Paid
456,456,2024-09-15,Card,18.24,Paid
457,457,2024-10-08,Mobile Pay,15.03,Paid
458,458,2024-10-29,Cash,64.70,Paid
459,459,2024-12-25,Mobile Pay,20.21,Paid
460,460,2024-04-23,Mobile Pay,29.28,Paid
461,461,2024-06-07,Card,26.33,Refunded
462,462,2024-03-12,Cash,28.34,Paid
463,463,2024-03-22,Card,15.16,Refunded
464,464,2024-02-12,Card,10.47,Refunded
465,465,2024-08-20,Cash,32.03,Paid
466,466,2024-06-12,Mobile Pay,11.21,Paid
467,467,2024-07-31,Card,11.69,Paid
468,468,2024-07-10,Cash,6.28,Paid
469,469,2024-12-23,Card,85.53,Paid
470,470,2024-09-25,Card,44.11,Paid
471,471,2024-01-29,Cash,15.97,Paid
472,472,2024-03-07,Card,17.94,Refunded
473,473,2024-09-19,Mobile Pay,72.96,Paid
474,474,2024-08-03,Cash,18.63,Paid
475,475,2024-05-13,Card,80.56,Paid
476,476,2024-09-16,Cash,34.25,Paid
477,477,2024-03-01,Cash,21.45,Paid
478,478,2024-11-13,Mobile Pay,10.76,Paid
479,479,2024-11-26,Mobile Pay,19.16,Refunded
480,480,2024-03-19,Mobile Pay,17.30,Paid
481,481,2024-05-01,Cash,32.63,Paid
482,482,2024-06-25,Cash,9.79,Paid
483,483,2024-03-01,Card,23.29,Paid
484,484,2024-10-12,Card,41.64,Refunded
485,485,2024-12-15,Mobile Pay,20.77,Paid
486,486,2024-06-25,Card,5.76,Paid
487,487,2024-11-23,Mobile Pay,23.53,Paid
488,488,2024-09-22,Card,29.30,Paid
489,489,2024-11-21,Cash,41.96,Paid
490,490,2024-11-01,Cash,22.53,Paid
491,491,2024-04-20,Cash,67.25,Paid
492,492,2024-11-20,Card,15.57,Paid
493,493,2024-08-04,Card,22.12,Paid
494,494,2024-05-09,Cash,13.89,Paid
495,495,2024-07-06,Card,32.59,Paid
496,496,2024-05-26,Card,19.54,Paid
497,497,2024-06-07,Cash,26.12,Paid
498,498,2024-08-12,Cash,8.73,Paid
499,499,2024-02-22,Cash,30.32,Paid
500,500,2024-05-17,Cash,52.24,Paid
501,501,2024-06-15,Cash,61.54,Refunded
502,502,2024-09-11,Cash,69.86,Paid
503,503,2024-03-14,Card,36.92,Refunded
504,504,2024-04-03,Mobile Pay,39.82,Refunded
505,505,2024-11-29,Mobile Pay,36.71,Paid
506,506,2024-04-28,Cash,23.05,Refunded
507,507,2024-01-12,Card,7.89,Refunded
508,508,2024-06-05,Cash,57.61,Paid
509,509,2024-12-04,Cash,67.21,Refunded
510,510,2024-07-21,Mobile Pay,7.96,Refunded
511,511,2024-03-01,Cash,8.17,Paid
512,512,2024-03-18,Cash,12.77,Refunded
513,513,2024-08-04,Cash,26.56,Paid
514,514,2024-03-26,Mobile Pay,37.58,Paid
515,515,2024-10-04,Card,40.20,Paid
516,516,2024-12-02,Card,37.86,Paid
517,517,2024-07-17,Mobile Pay,30.39,Paid
518,518,2024-09-26,Mobile Pay,26.08,Paid
519,519,2024-10-27,Cash,39.61,Paid
520,520,2024-01-31,Mobile Pay,28.82,Paid
521,521,2024-11-21,Mobile Pay,44.51,Paid
522,522,2024-11-22,Cash,13.76,Paid
523,523,2024-08-26,Mobile Pay,18.18,Paid
524,524,2024-12-11,Card,18.44,Refunded
525,525,2024-04-02,Mobile Pay,24.82,Paid
526,526,2024-11-07,Mobile Pay,37.68,Paid
527,527,2024-05-12,Cash,18.60,Paid
528,528,2024-09-05,Mobile Pay,25.29,Refunded
529,529,2024-02-04,Card,58.30,Paid
530,530,2024-07-02,Cash,22.47,Paid
531,531,2024-07-18,Card,17.58,Paid
532,532,2024-05-23,Card,15.02,Paid
533,533,2024-01-29,Mobile Pay,17.26,Refunded
534,534,2024-06-12,Cash,23.48,Refunded
535,535,2024-11-03,Card,27.76,Paid
536,536,2024-11-04,Card,11.33,Paid
537,537,2024-02-02,Cash,24.39,Refunded
538,538,2024-04-16,Mobile Pay,26.97,Paid
539,539,2024-06-05,Mobile Pay,45.37,Paid
540,540,2024-12-07,Card,31.51,Paid
541,541,2024-06-14,Mobile Pay,21.26,Paid
542,542,2024-02-28,Mobile Pay,31.85,Paid
543,543,2024-03-27,Mobile Pay,20.82,Refunded
544,544,2024-05-04,Cash,27.53,Paid
545,545,2024-07-17,Mobile Pay,25.14,Refunded
546,546,2024-02-04,Mobile Pay,10.42,Paid
547,547,2024-02-29,Mobile Pay,34.12,Paid
548,548,2024-02-24,Mobile Pay,18.79,Paid
549,549,2024-05-29,Card,28.94,Refunded
550,550,2024-08-02,Cash,24.49,Paid
551,551,2024-10-31,Cash,8.93,Paid
552,552,2024-08-27,Cash,16.29,Paid
553,553,2024-06-04,Cash,24.26,Paid
554,554,2024-05-02,Mobile Pay,19.16,Refunded
555,555,2024-12-05,Card,55.22,Paid
556,556,2024-06-21,Mobile Pay,8.62,Paid
557,557,2024-04-15,Mobile Pay,18.40,Paid
558,558,2024-08-19,Card,16.12,Paid
559,559,2024-05-10,Card,25.56,Paid
560,560,2024-02-13,Mobile Pay,42.72,Paid
561,561,2024-12-22,Card,20.06,Paid
562,562,2024-01-11,Mobile Pay,70.95,Paid
563,563,2024-07-10,Cash,12.23,Paid
564,564,2024-09-06,Card,12.01,Paid
565,565,2024-11-16,Mobile Pay,25.61,Paid
566,566,2024-03-16,Card,21.58,Paid
567,567,2024-01-20,Card,19.67,Paid
568,568,2024-08-14,Cash,19.23,Paid
569,569,2024-05-31,Mobile Pay,15.68,Paid
570,570,2024-10-05,Cash,24.73,Refunded
571,571,2024-07-06,Card,12.83,Paid
572,572,2024-11-10,Cash,29.71,Paid
573,573,2024-07-01,Mobile Pay,17.08,Refunded
574,574,2024-02-27,Mobile Pay,26.02,Paid
575,575,2024-01-01,Cash,5.00,Paid
576,576,2024-09-14,Card,22.56,Refunded
577,577,2024-11-03,Cash,25.52,Paid
578,578,2024-11-09,Cash,23.70,Paid
579,579,2024-11-20,Card,26.36,Paid
580,580,2024-04-04,Cash,32.79,Paid
581,581,2024-10-21,Cash,32.07,Paid
582,582,2024-09-14,Cash,25.90,Paid
583,583,2024-09-27,Cash,27.14,Paid
584,584,2024-11-06,Cash,15.36,Paid
585,585,2024-11-26,Mobile Pay,42.87,Paid
586,586,2024-11-15,Mobile Pay,19.70,Paid
587,587,2024-03-02,Cash,60.39,Paid
588,588,2024-07-11,Cash,13.90,Paid
589,589,2024-01-12,Card,54.39,Paid
590,590,2024-05-21,Mobile Pay,20.50,Paid
591,591,2024-11-05,Cash,29.71,Paid
592,592,2024-10-26,Mobile Pay,16.54,Paid
593,593,2024-07-17,Mobile Pay,60.15,Paid
594,594,2024-10-13,Card,38.62,Paid
595,595,2024-01-24,Mobile Pay,59.04,Refunded
596,596,2024-02-22,Mobile Pay,19.21,Refunded
597,597,2024-12-24,Cash,12.42,Paid
598,598,2024-03-27,Mobile Pay,31.23,Paid
599,599,2024-10-28,Card,16.00,Refunded
600,600,2024-07-09,Card,20.87,Paid
601,601,2024-01-23,Mobile Pay,22.79,Paid
602,602,2024-06-11,Mobile Pay,57.01,Paid
603,603,2024-05-28,Mobile Pay,12.42,Refunded
604,604,2024-03-12,Cash,30.18,Paid
605,605,2024-03-25,Cash,57.81,Paid
606,606,2024-06-11,Mobile Pay,24.35,Paid
607,607,2024-11-24,Mobile Pay,22.27,Paid
608,608,2024-04-02,Mobile Pay,13.65,Paid
609,609,2024-09-26,Mobile Pay,44.02,Paid
610,610,2024-07-17,Cash,14.25,Paid
611,611,2024-08-20,Card,23.11,Paid
612,612,2024-03-21,Mobile Pay,30.06,Paid
613,613,2024-05-15,Card,29.77,Refunded
614,614,2024-03-19,Card,19.20,Paid
615,615,2024-05-09,Card,17.88,Paid
616,616,2024-02-17,Card,41.42,Paid
617,617,2024-09-09,Card,28.50,Paid
618,618,2024-11-26,Card,10.75,Paid
619,619,2024-02-11,Card,21.91,Paid
620,620,2024-12-24,Cash,23.94,Paid
621,621,2024-10-06,Cash,43.95,Paid
622,622,2024-01-25,Card,41.20,Paid
623,623,2024-07-02,Cash,18.01,Paid
624,624,2024-08-24,Mobile Pay,62.24,Refunded
625,625,2024-07-29,Cash,40.40,Paid
626,626,2024-06-23,Card,60.32,Paid
627,627,2024-12-08,Cash,51.82,Paid
628,628,2024-10-18,Mobile Pay,18.28,Paid
629,629,2024-03-02,Card,12.23,Paid
630,630,2024-05-10,Cash,25.44,Paid
631,631,2024-01-15,Cash,55.35,Paid
632,632,2024-10-17,Cash,20.42,Refunded
633,633,2024-04-28,Card,32.43,Paid
634,634,2024-08-20,Mobile Pay,21.50,Paid
635,635,2024-01-20,Card,23.44,Refunded
636,636,2024-09-13,Cash,25.10,Paid
637,637,2024-11-19,Cash,13.82,Paid
638,638,2024-05-13,Cash,39.23,Paid
639,639,2024-01-30,Card,15.49,Paid
640,640,2024-04-20,Card,27.24,Refunded
641,641,2024-06-12,Card,66.22,Paid
642,642,2024-12-22,Mobile Pay,8.87,Paid
643,643,2024-03-11,Card,23.56,Refunded
644,644,2024-05-02,Card,34.90,Paid
645,645,2024-03-16,Cash,5.67,Paid
646,646,2024-09-02,Card,31.20,Paid
647,647,2024-04-14,Cash,9.72,Paid
648,648,2024-01-08,Card,17.02,Refunded
649,649,2024-08-05,Card,33.30,Paid
650,650,2024-05-04,Card,55.27,Paid
651,651,2024-07-31,Mobile Pay,30.54,Paid
652,652,2024-03-11,Mobile Pay,10.04,Paid
653,653,2024-09-21,Mobile Pay,25.88,Paid
654,654,2024-10-21,Card,22.06,Paid
655,655,2024-04-07,Cash,28.04,Paid
656,656,2024-12-02,Card,18.31,Paid
657,657,2024-06-30,Cash,17.53,Paid
658,658,2024-05-16,Card,15.32,Paid
659,659,2024-10-14,Cash,20.81,Paid
660,660,2024-07-18,Cash,38.41,Paid
661,661,2024-02-21,Card,20.72,Paid
662,662,2024-09-02,Cash,37.60,Paid
663,663,2024-03-05,Mobile Pay,12.93,Refunded
664,664,2024-05-26,Cash,68.16,Paid
665,665,2024-04-01,Cash,18.52,Paid
666,666,2024-05-23,Mobile Pay,26.72,Paid
667,667,2024-12-08,Cash,27.00,Paid
668,668,2024-09-03,Card,27.99,Paid
669,669,2024-06-23,Mobile Pay,38.28,Paid
670,670,2024-06-21,Cash,19.04,Paid
671,671,2024-09-22,Cash,46.28,Paid
672,672,2024-10-01,Card,26.72,Paid
673,673,2024-07-15,Cash,65.24,Paid
674,674,2024-08-27,Card,31.75,Paid
675,675,2024-02-25,Mobile Pay,18.30,Refunded
676,676,2024-11-09,Card,27.26,Paid
677,677,2024-09-15,Card,44.14,Paid
678,678,2024-12-23,Card,24.22,Refunded
679,679,2024-08-21,Card,18.27,Refunded
680,680,2024-12-13,Mobile Pay,17.07,Paid
681,681,2024-01-31,Card,31.81,Paid
682,682,2024-05-08,Mobile Pay,18.93,Paid
683,683,2024-01-18,Cash,19.45,Refunded
684,684,2024-06-13,Mobile Pay,19.28,Paid
685,685,2024-07-14,Cash,25.66,Paid
686,686,2024-08-19,Mobile Pay,32.05,Refunded
687,687,2024-01-16,Cash,21.57,Paid
688,688,2024-09-27,Mobile Pay,11.57,Refunded
689,689,2024-10-17,Cash,12.13,Refunded
690,690,2024-12-04,Card,65.91,Paid
691,691,2024-12-01,Cash,39.56,Paid
692,692,2024-01-31,Card,44.30,Refunded
693,693,2024-03-21,Card,34.15,Paid
694,694,2024-06-02,Cash,29.56,Paid
695,695,2024-09-11,Mobile Pay,25.97,Paid
696,696,2024-06-15,Mobile Pay,30.46,Paid
697,697,2024-05-27,Mobile Pay,21.50,Refunded
698,698,2024-11-05,Cash,62.45,Refunded
699,699,2024-03-12,Card,51.53,Paid
700,700,2024-06-19,Mobile Pay,34.00,Refunded
701,701,2024-04-04,Mobile Pay,31.87,Paid
702,702,2024-07-15,Mobile Pay,25.06,Refunded
703,703,2024-09-04,Cash,10.31,Paid
704,704,2024-04-25,Cash,34.35,Paid
705,705,2024-08-28,Cash,66.86,Paid
706,706,2024-04-07,Mobile Pay,12.64,Paid
707,707,2024-11-07,Mobile Pay,72.34,Paid
708,708,2024-06-23,Card,19.65,Paid
709,709,2024-04-02,Card,31.54,Refunded
710,710,2024-09-10,Card,13.61,Paid
711,711,2024-06-26,Card,20.35,Paid
712,712,2024-01-29,Mobile Pay,21.32,Refunded
713,713,2024-02-22,Mobile Pay,46.60,Paid
714,714,2024-01-11,Cash,25.10,Paid
715,715,2024-11-19,Mobile Pay,34.29,Paid
716,716,2024-07-29,Cash,20.62,Paid
717,717,2024-12-15,Cash,29.88,Refunded
718,718,2024-06-17,Mobile Pay,13.43,Paid
719,719,2024-03-30,Mobile Pay,24.77,Paid
720,720,2024-06-11,Mobile Pay,24.82,Paid
721,721,2024-07-08,Card,17.05,Refunded
722,722,2024-07-14,Mobile Pay,22.57,Paid
723,723,2024-10-05,Mobile Pay,56.54,Paid
724,724,2024-07-26,Mobile Pay,28.64,Paid
725,725,2024-08-04,Cash,21.73,Paid
726,726,2024-12-14,Card,17.18,Paid
727,727,2024-11-12,Card,46.56,Paid
728,728,2024-05-09,Mobile Pay,64.32,Paid
729,729,2024-11-16,Mobile Pay,18.27,Paid
730,730,2024-07-18,Mobile Pay,17.28,Paid
731,731,2024-02-19,Mobile Pay,29.29,Refunded
732,732,2024-12-21,Mobile Pay,29.30,Paid
733,733,2024-12-21,Card,11.06,Paid
734,734,2024-04-22,Card,11.61,Refunded
735,735,2024-10-18,Cash,26.34,Paid
736,736,2024-10-23,Mobile Pay,12.83,Paid
737,737,2024-07-21,Mobile Pay,8.97,Paid
738,738,2024-03-27,Cash,50.90,Refunded
739,739,2024-11-18,Mobile Pay,11.80,Paid
740,740,2024-05-20,Cash,34.39,Paid
741,741,2024-10-20,Card,29.87,Paid
742,742,2024-05-18,Card,20.50,Paid
743,743,2024-06-02,Mobile Pay,24.76,Paid
744,744,2024-10-09,Cash,28.61,Paid
745,745,2024-05-26,Card,32.46,Paid
746,746,2024-12-29,Cash,48.59,Paid
747,747,2024-12-15,Mobile Pay,11.51,Refunded
748,748,2024-08-02,Mobile Pay,17.15,Refunded
749,749,2024-06-23,Card,32.09,Paid
750,750,2024-07-02,Card,13.71,Refunded
751,751,2024-11-10,Mobile Pay,23.00,Paid
752,752,2024-12-16,Card,15.13,Refunded
753,753,2024-12-26,Mobile Pay,19.03,Paid
754,754,2024-01-09,Mobile Pay,20.16,Paid
755,755,2024-04-30,Cash,51.93,Paid
756,756,2024-05-17,Mobile Pay,39.47,Refunded
757,757,2024-08-14,Mobile Pay,27.24,Paid
758,758,2024-01-14,Mobile Pay,15.87,Paid
759,759,2024-06-11,Card,16.17,Paid
760,760,2024-06-27,Mobile Pay,36.36,Paid
761,761,2024-08-12,Mobile Pay,19.79,Paid
762,762,2024-12-03,Cash,87.31,Paid
763,763,2024-01-08,Card,14.76,Paid
764,764,2024-03-01,Card,57.72,Paid
765,765,2024-07-29,Card,24.52,Paid
766,766,2024-04-24,Card,14.24,Paid
767,767,2024-04-25,Cash,16.82,Paid
768,768,2024-05-10,Mobile Pay,20.79,Paid
769,769,2024-07-16,Card,16.44,Paid
770,770,2024-11-02,Card,30.36,Paid
771,771,2024-08-14,Mobile Pay,37.08,Paid
772,772,2024-01-11,Cash,27.96,Refunded
773,773,2024-06-26,Cash,21.72,Paid
774,774,2024-05-11,Mobile Pay,62.42,Paid
775,775,2024-01-28,Mobile Pay,39.41,Paid
776,776,2024-09-09,Card,9.97,Paid
777,777,2024-01-04,Mobile Pay,21.98,Paid
778,778,2024-01-06,Mobile Pay,95.14,Paid
779,779,2024-11-01,Mobile Pay,18.19,Refunded
780,780,2024-12-19,Cash,20.40,Paid
781,781,2024-08-04,Card,16.15,Paid
782,782,2024-11-20,Cash,33.34,Refunded
783,783,2024-01-11,Mobile Pay,29.32,Refunded
784,784,2024-01-07,Card,38.20,Paid
785,785,2024-10-19,Card,19.66,Paid
786,786,2024-10-28,Mobile Pay,68.31,Refunded
787,787,2024-08-06,Cash,21.55,Paid
788,788,2024-12-26,Mobile Pay,28.15,Paid
789,789,2024-07-07,Cash,35.43,Paid
790,790,2024-06-15,Cash,19.29,Paid
791,791,2024-10-22,Mobile Pay,23.00,Refunded
792,792,2024-06-30,Mobile Pay,23.12,Paid
793,793,2024-01-31,Card,45.66,Paid
794,794,2024-09-20,Cash,17.59,Paid
795,795,2024-12-01,Cash,20.38,Paid
796,796,2024-10-02,Mobile Pay,13.93,Paid
797,797,2024-05-07,Card,63.21,Paid
798,798,2024-03-18,Mobile Pay,27.52,Paid
799,799,2024-10-17,Mobile Pay,17.22,Paid
800,800,2024-05-28,Cash,59.44,Refunded
801,801,2024-01-30,Mobile Pay,12.87,Paid
802,802,2024-04-17,Mobile Pay,25.32,Paid
803,803,2024-08-05,Mobile Pay,36.31,Paid
804,804,2024-07-13,Cash,57.21,Paid
805,805,2024-06-25,Cash,9.61,Paid
806,806,2024-10-03,Card,22.13,Paid
807,807,2024-02-22,Card,51.50,Paid
808,808,2024-12-03,Cash,28.64,Paid
809,809,2024-10-15,Mobile Pay,58.05,Paid
810,810,2024-04-16,Mobile Pay,14.32,Refunded
811,811,2024-06-11,Mobile Pay,9.15,Paid
812,812,2024-09-28,Mobile Pay,29.03,Paid
813,813,2024-03-19,Cash,35.85,Refunded
814,814,2024-04-30,Mobile Pay,48.08,Paid
815,815,2024-01-27,Cash,33.39,Paid
816,816,2024-07-10,Mobile Pay,52.22,Paid
817,817,2024-08-02,Card,17.24,Refunded
818,818,2024-02-26,Mobile Pay,12.01,Paid
819,819,2024-02-04,Mobile Pay,61.02,Paid
820,820,2024-03-26,Card,69.99,Paid
821,821,2024-05-04,Cash,11.27,Paid
822,822,2024-11-06,Mobile Pay,28.39,Paid
823,823,2024-11-01,Cash,7.17,Paid
824,824,2024-08-20,Card,11.53,Paid
825,825,2024-12-22,Mobile Pay,37.91,Paid
826,826,2024-02-04,Mobile Pay,66.97,Paid
827,827,2024-11-09,Card,33.14,Paid
828,828,2024-07-14,Mobile Pay,25.27,Paid
829,829,2024-10-22,Cash,9.75,Paid
830,830,2024-10-27,Card,21.98,Paid
831,831,2024-03-06,Mobile Pay,64.68,Refunded
832,832,2024-08-05,Card,9.66,Paid
833,833,2024-01-28,Card,16.34,Paid
834,834,2024-02-16,Mobile Pay,31.66,Refunded
835,835,2024-01-08,Card,25.42,Paid
836,836,2024-03-16,Cash,22.16,Paid
837,837,2024-03-04,Cash,18.82,Paid
838,838,2024-03-09,Mobile Pay,28.66,Refunded
839,839,2024-04-13,Mobile Pay,17.40,Paid
840,840,2024-07-20,Card,30.89,Paid
841,841,2024-05-18,Mobile Pay,38.36,Paid
842,842,2024-01-21,Cash,14.53,Paid
843,843,2024-01-07,Card,20.27,Paid
844,844,2024-10-06,Cash,30.96,Paid
845,845,2024-02-15,Mobile Pay,18.01,Paid
846,846,2024-07-04,Cash,21.20,Paid
847,847,2024-03-28,Card,21.52,Refunded
848,848,2024-10-24,Cash,31.95,Paid
849,849,2024-07-12,Mobile Pay,23.11,Paid
850,850,2024-03-16,Cash,8.04,Refunded
851,851,2024-03-27,Card,68.87,Paid
852,852,2024-03-07,Mobile Pay,32.60,Paid
853,853,2024-10-04,Mobile Pay,30.92,Refunded
854,854,2024-11-19,Mobile Pay,25.62,Refunded
855,855,2024-12-14,Cash,22.73,Paid
856,856,2024-07-04,Card,50.08,Refunded
857,857,2024-04-01,Mobile Pay,22.08,Refunded
858,858,2024-07-16,Mobile Pay,20.22,Paid
859,859,2024-11-21,Card,18.87,Paid
860,860,2024-08-18,Cash,21.73,Paid
861,861,2024-08-24,Cash,25.26,Paid
862,862,2024-02-07,Card,28.19,Paid
863,863,2024-06-09,Card,9.69,Paid
864,864,2024-07-12,Cash,25.41,Paid
865,865,2024-11-17,Mobile Pay,11.66,Paid
866,866,2024-04-20,Mobile Pay,46.25,Paid
867,867,2024-10-14,Card,50.74,Paid
868,868,2024-04-20,Card,30.38,Paid
869,869,2024-08-04,Cash,19.14,Paid
870,870,2024-11-06,Mobile Pay,12.66,Paid
871,871,2024-08-28,Card,41.77,Paid
872,872,2024-11-01,Cash,8.09,Paid
873,873,2024-05-16,Cash,21.53,Refunded
874,874,2024-02-10,Mobile Pay,11.24,Paid
875,875,2024-11-12,Card,38.18,Paid
876,876,2024-12-25,Card,21.54,Paid
877,877,2024-02-01,Mobile Pay,23.53,Paid
878,878,2024-11-17,Cash,29.10,Paid
879,879,2024-02-25,Cash,35.38,Refunded
880,880,2024-09-26,Cash,35.83,Paid
881,881,2024-08-31,Card,15.06,Paid
882,882,2024-12-06,Card,19.90,Paid
883,883,2024-01-13,Mobile Pay,16.60,Paid
884,884,2024-08-19,Card,24.51,Paid
885,885,2024-09-03,Mobile Pay,30.24,Refunded
886,886,2024-07-31,Mobile Pay,17.53,Refunded
887,887,2024-11-16,Mobile Pay,16.28,Paid
888,888,2024-01-26,Mobile Pay,75.43,Paid
889,889,2024-12-31,Cash,34.48,Paid
890,890,2024-03-20,Mobile Pay,62.26,Paid
891,891,2024-09-09,Mobile Pay,21.06,Refunded
892,892,2024-01-28,Cash,18.98,Paid
893,893,2024-01-22,Card,25.20,Paid
894,894,2024-11-14,Cash,10.87,Paid
895,895,2024-03-28,Card,26.74,Paid
896,896,2024-04-10,Cash,41.15,Paid
897,897,2024-11-24,Cash,36.17,Paid
898,898,2024-05-10,Card,47.23,Paid
899,899,2024-06-20,Mobile Pay,9.08,Refunded
900,900,2024-10-17,Mobile Pay,13.76,Refunded
901,901,2024-09-22,Mobile Pay,16.33,Paid
902,902,2024-09-17,Mobile Pay,38.77,Paid
903,903,2024-04-07,Mobile Pay,28.24,Paid
904,904,2024-04-04,Mobile Pay,13.67,Paid
905,905,2024-10-04,Card,40.87,Paid
906,906,2024-09-14,Mobile Pay,34.50,Paid
907,907,2024-08-30,Mobile Pay,19.38,Paid
908,908,2024-08-29,Mobile Pay,24.07,Paid
909,909,2024-07-10,Mobile Pay,22.49,Paid
910,910,2024-03-06,Mobile Pay,21.32,Paid
911,911,2024-12-20,Cash,30.66,Paid
912,912,2024-02-28,Mobile Pay,20.97,Paid
913,913,2024-02-02,Cash,45.54,Paid
914,914,2024-12-27,Mobile Pay,45.72,Paid
915,915,2024-11-24,Card,13.37,Paid
916,916,2024-05-06,Cash,12.13,Paid
917,917,2024-07-04,Card,59.75,Paid
918,918,2024-10-16,Mobile Pay,27.16,Paid
919,919,2024-03-31,Card,19.14,Refunded
920,920,2024-06-18,Cash,42.30,Paid
921,921,2024-04-02,Cash,18.44,Paid
922,922,2024-09-30,Cash,24.17,Paid
923,923,2024-03-02,Mobile Pay,31.95,Paid
924,924,2024-04-29,Cash,31.54,Paid
925,925,2024-05-25,Cash,37.06,Paid
926,926,2024-12-13,Mobile Pay,25.88,Refunded
927,927,2024-02-28,Mobile Pay,7.25,Paid
928,928,2024-07-26,Cash,54.86,Paid
929,929,2024-02-02,Mobile Pay,18.15,Paid
930,930,2024-12-27,Mobile Pay,23.24,Refunded
931,931,2024-11-07,Mobile Pay,21.70,Paid
932,932,2024-01-04,Card,15.70,Paid
933,933,2024-05-20,Cash,14.09,Paid
934,934,2024-11-25,Card,12.63,Refunded
935,935,2024-01-17,Card,52.90,Paid
936,936,2024-09-10,Mobile Pay,20.14,Refunded
937,937,2024-10-13,Mobile Pay,19.20,Paid
938,938,2024-05-28,Mobile Pay,16.28,Paid
939,939,2024-03-30,Mobile Pay,20.87,Refunded
940,940,2024-03-16,Cash,35.76,Paid
941,941,2024-04-29,Cash,18.06,Paid
942,942,2024-04-23,Card,31.95,Paid
943,943,2024-04-07,Card,18.58,Refunded
944,944,2024-12-22,Card,26.90,Paid
945,945,2024-03-21,Mobile Pay,29.62,Paid
946,946,2024-12-02,Card,28.15,Refunded
947,947,2024-10-08,Cash,39.09,Paid
948,948,2024-01-29,Mobile Pay,13.58,Paid
949,949,2024-11-15,Cash,18.89,Paid
950,950,2024-08-24,Mobile Pay,36.49,Paid
951,951,2024-05-15,Cash,73.25,Paid
952,952,2024-10-12,Card,21.03,Paid
953,953,2024-11-03,Cash,69.65,Paid
954,954,2024-10-18,Mobile Pay,34.36,Paid
955,955,2024-01-08,Card,24.38,Paid
956,956,2024-01-11,Cash,12.20,Paid
957,957,2024-05-20,Cash,29.32,Paid
958,958,2024-10-09,Mobile Pay,21.46,Paid
959,959,2024-02-18,Cash,26.92,Paid
960,960,2024-03-05,Mobile Pay,39.15,Paid
961,961,2024-07-21,Mobile Pay,26.33,Paid
962,962,2024-04-05,Cash,13.36,Paid
963,963,2024-04-10,Cash,17.68,Paid
964,964,2024-08-04,Cash,28.59,Paid
965,965,2024-09-11,Mobile Pay,9.30,Paid
966,966,2024-02-12,Card,25.32,Refunded
967,967,2024-06-17,Cash,60.74,Paid
968,968,2024-07-21,Cash,13.68,Paid
969,969,2024-09-05,Cash,25.32,Refunded
970,970,2024-01-16,Card,7.90,Paid
971,971,2024-01-01,Card,64.16,Paid
972,972,2024-01-01,Mobile Pay,25.52,Paid
973,973,2024-01-18,Cash,16.76,Paid
974,974,2024-03-18,Cash,26.69,Paid
975,975,2024-09-17,Mobile Pay,9.81,Paid
976,976,2024-01-23,Cash,36.52,Paid
977,977,2024-04-09,Card,12.03,Refunded
978,978,2024-07-19,Card,15.95,Paid
979,979,2024-06-21,Card,38.46,Refunded
980,980,2024-06-14,Mobile Pay,36.48,Refunded
981,981,2024-01-23,Card,6.81,Paid
982,982,2024-12-11,Cash,14.21,Paid
983,983,2024-11-18,Cash,21.94,Paid
984,984,2024-01-22,Card,33.65,Paid
985,985,2024-10-27,Cash,16.53,Paid
986,986,2024-06-12,Card,11.17,Refunded
987,987,2024-04-22,Mobile Pay,28.64,Paid
988,988,2024-07-19,Mobile Pay,9.36,Paid
989,989,2024-07-21,Card,9.40,Refunded
990,990,2024-04-16,Cash,29.03,Paid
991,991,2024-06-23,Cash,22.78,Refunded
992,992,2024-01-06,Cash,22.06,Refunded
993,993,2024-05-19,Mobile Pay,35.61,Paid
994,994,2024-10-22,Cash,40.04,Paid
995,995,2024-01-25,Card,15.11,Paid
996,996,2024-01-31,Mobile Pay,16.37,Paid
997,997,2024-12-30,Card,17.70,Refunded
998,998,2024-11-05,Cash,16.94,Paid
999,999,2024-02-10,Mobile Pay,7.17,Paid
1000,1000,2024-07-27,Card,19.93,Paid
1001,1001,2024-06-26,Cash,27.27,Paid
1002,1002,2024-04-07,Mobile Pay,26.42,Paid
1003,1003,2024-01-12,Card,38.49,Paid
1004,1004,2024-04-26,Cash,24.49,Paid
1005,1005,2024-07-30,Card,16.54,Refunded
1006,1006,2024-01-22,Cash,20.08,Paid
1007,1007,2024-05-13,Cash,20.92,Refunded
1008,1008,2024-06-13,Mobile Pay,24.71,Paid
1009,1009,2024-12-06,Card,55.68,Paid
1010,1010,2024-10-14,Cash,15.77,Refunded
1011,1011,2024-12-03,Cash,36.25,Paid
1012,1012,2024-07-09,Mobile Pay,13.36,Paid
1013,1013,2024-06-05,Mobile Pay,14.47,Refunded
1014,1014,2024-07-25,Card,30.55,Paid
1015,1015,2024-06-16,Mobile Pay,13.47,Paid
1016,1016,2024-02-16,Card,11.35,Refunded
1017,1017,2024-01-21,Mobile Pay,30.26,Paid
1018,1018,2024-08-02,Mobile Pay,23.05,Paid
1019,1019,2024-12-03,Cash,15.18,Paid
1020,1020,2024-10-02,Mobile Pay,37.05,Paid
1021,1021,2024-12-26,Cash,14.62,Paid
1022,1022,2024-07-28,Mobile Pay,25.25,Paid
1023,1023,2024-11-02,Mobile Pay,66.18,Paid
1024,1024,2024-04-29,Mobile Pay,19.69,Refunded
1025,1025,2024-03-21,Mobile Pay,22.43,Paid
1026,1026,2024-01-28,Mobile Pay,19.87,Paid
1027,1027,2024-11-23,Card,21.14,Paid
1028,1028,2024-01-23,Card,22.69,Paid
1029,1029,2024-11-17,Mobile Pay,16.10,Paid
1030,1030,2024-04-28,Mobile Pay,93.81,Paid
1031,1031,2024-03-01,Cash,18.14,Paid
1032,1032,2024-10-02,Mobile Pay,31.17,Paid
1033,1033,2024-07-04,Card,72.17,Paid
1034,1034,2024-11-18,Cash,20.83,Paid
1035,1035,2024-02-14,Mobile Pay,19.00,Refunded
1036,1036,2024-12-09,Cash,16.76,Paid
1037,1037,2024-01-13,Cash,18.18,Refunded
1038,1038,2024-12-22,Mobile Pay,18.00,Paid
1039,1039,2024-02-20,Cash,26.98,Paid
1040,1040,2024-03-01,Cash,16.54,Paid
1041,1041,2024-11-12,Cash,59.15,Paid
1042,1042,2024-02-12,Cash,15.49,Refunded
1043,1043,2024-03-19,Mobile Pay,28.49,Refunded
1044,1044,2024-10-17,Card,36.74,Paid
1045,1045,2024-10-12,Mobile Pay,7.91,Paid
1046,1046,2024-09-24,Cash,16.33,Paid
1047,1047,2024-11-23,Cash,12.79,Refunded
1048,1048,2024-06-02,Card,15.43,Paid
1049,1049,2024-10-21,Cash,14.91,Paid
1050,1050,2024-11-11,Cash,11.88,Paid
1051,1051,2024-11-19,Cash,27.41,Paid
1052,1052,2024-01-08,Cash,15.98,Paid
1053,1053,2024-06-14,Cash,37.05,Paid
1054,1054,2024-02-14,Mobile Pay,10.09,Paid
1055,1055,2024-09-19,Card,26.13,Paid
1056,1056,2024-08-22,Card,9.68,Paid
1057,1057,2024-04-26,Mobile Pay,25.74,Paid
1058,1058,2024-05-01,Cash,11.78,Refunded
1059,1059,2024-09-13,Mobile Pay,21.58,Paid
1060,1060,2024-06-08,Card,97.88,Paid
1061,1061,2024-07-05,Mobile Pay,15.62,Paid
1062,1062,2024-02-10,Cash,33.79,Paid
1063,1063,2024-03-14,Cash,20.65,Paid
1064,1064,2024-12-07,Card,31.15,Paid
1065,1065,2024-12-28,Cash,24.80,Paid
1066,1066,2024-03-12,Mobile Pay,66.66,Paid
1067,1067,2024-06-05,Cash,12.28,Paid
1068,1068,2024-06-27,Mobile Pay,9.54,Paid
1069,1069,2024-04-25,Mobile Pay,52.36,Paid
1070,1070,2024-03-14,Mobile Pay,13.06,Paid
1071,1071,2024-08-28,Card,23.56,Paid
1072,1072,2024-02-20,Mobile Pay,66.08,Paid
1073,1073,2024-01-14,Cash,13.06,Paid
1074,1074,2024-06-21,Card,27.50,Paid
1075,1075,2024-10-22,Mobile Pay,14.47,Paid
1076,1076,2024-08-27,Card,15.92,Paid
1077,1077,2024-05-13,Cash,19.24,Paid
1078,1078,2024-12-29,Card,15.86,Paid
1079,1079,2024-02-19,Card,73.60,Paid
1080,1080,2024-06-06,Cash,32.08,Paid
1081,1081,2024-02-24,Mobile Pay,19.20,Paid
1082,1082,2024-06-18,Mobile Pay,15.40,Paid
1083,1083,2024-07-07,Card,17.48,Refunded
1084,1084,2024-02-22,Cash,36.40,Paid
1085,1085,2024-07-14,Card,20.42,Paid
1086,1086,2024-07-14,Card,14.60,Paid
1087,1087,2024-04-27,Card,15.55,Refunded
1088,1088,2024-07-04,Card,33.46,Refunded
1089,1089,2024-01-07,Mobile Pay,21.29,Paid
1090,1090,2024-10-11,Card,34.15,Paid
1091,1091,2024-11-07,Cash,24.10,Refunded
1092,1092,2024-08-29,Cash,26.28,Paid
1093,1093,2024-01-31,Card,16.84,Paid
1094,1094,2024-07-09,Card,13.17,Paid
1095,1095,2024-02-20,Card,10.76,Paid
1096,1096,2024-02-25,Mobile Pay,68.10,Paid
1097,1097,2024-12-03,Mobile Pay,33.44,Paid
1098,1098,2024-09-20,Card,6.91,Paid
1099,1099,2024-07-31,Cash,9.30,Paid
1100,1100,2024-07-08,Cash,37.82,Paid
1101,1101,2024-11-17,Cash,56.03,Paid
1102,1102,2024-10-14,Card,24.95,Paid
1103,1103,2024-09-25,Card,60.76,Paid
1104,1104,2024-10-24,Cash,17.13,Paid
1105,1105,2024-07-14,Cash,35.60,Paid
1106,1106,2024-11-20,Cash,27.81,Paid
1107,1107,2024-07-13,Mobile Pay,37.17,Paid
1108,1108,2024-06-15,Mobile Pay,25.85,Paid
1109,1109,2024-10-15,Card,14.82,Paid
1110,1110,2024-01-29,Card,31.33,Paid
1111,1111,2024-11-23,Cash,23.62,Paid
1112,1112,2024-10-24,Cash,16.28,Paid
1113,1113,2024-12-22,Mobile Pay,7.04,Refunded
1114,1114,2024-02-17,Cash,16.93,Paid
1115,1115,2024-08-06,Cash,51.65,Paid
1116,1116,2024-07-27,Cash,46.91,Paid
1117,1117,2024-04-03,Cash,84.84,Paid
1118,1118,2024-01-06,Card,9.85,Paid
1119,1119,2024-05-18,Mobile Pay,16.22,Paid
1120,1120,2024-12-12,Card,12.37,Paid
1121,1121,2024-01-12,Mobile Pay,33.28,Paid
1122,1122,2024-10-18,Card,22.62,Paid
1123,1123,2024-09-15,Cash,39.29,Paid
1124,1124,2024-08-19,Mobile Pay,14.01,Paid
1125,1125,2024-01-23,Mobile Pay,78.06,Paid
1126,1126,2024-05-04,Cash,72.74,Paid
1127,1127,2024-03-14,Mobile Pay,32.25,Paid
1128,1128,2024-04-24,Mobile Pay,17.45,Refunded
1129,1129,2024-11-27,Card,44.27,Paid
1130,1130,2024-03-06,Card,11.00,Paid
1131,1131,2024-03-12,Card,31.20,Paid
1132,1132,2024-12-26,Card,97.16,Paid
1133,1133,2024-10-21,Mobile Pay,16.46,Paid
1134,1134,2024-05-07,Card,57.06,Refunded
1135,1135,2024-12-16,Cash,38.11,Refunded
1136,1136,2024-11-30,Cash,23.00,Paid
1137,1137,2024-07-05,Mobile Pay,12.82,Paid
1138,1138,2024-09-03,Cash,31.72,Paid
1139,1139,2024-03-07,Mobile Pay,24.86,Paid
1140,1140,2024-03-13,Card,65.64,Refunded
1141,1141,2024-09-13,Mobile Pay,14.60,Paid
1142,1142,2024-05-19,Card,33.73,Paid
1143,1143,2024-07-28,Card,26.14,Paid
1144,1144,2024-05-29,Mobile Pay,13.66,Refunded
1145,1145,2024-05-22,Card,15.43,Paid
1146,1146,2024-01-09,Mobile Pay,6.93,Refunded
1147,1147,2024-04-15,Mobile Pay,30.53,Paid
1148,1148,2024-06-30,Mobile Pay,19.85,Paid
1149,1149,2024-01-09,Card,23.02,Paid
1150,1150,2024-04-01,Mobile Pay,12.17,Paid
1151,1151,2024-01-07,Cash,34.05,Paid
1152,1152,2024-12-08,Cash,20.79,Paid
1153,1153,2024-12-04,Cash,45.01,Refunded
1154,1154,2024-03-05,Cash,19.08,Paid
1155,1155,2024-12-12,Cash,35.16,Paid
1156,1156,2024-10-01,Cash,12.22,Paid
1157,1157,2024-07-29,Mobile Pay,21.71,Paid
1158,1158,2024-12-05,Card,14.99,Paid
1159,1159,2024-09-27,Cash,19.98,Paid
1160,1160,2024-05-25,Cash,9.42,Paid
1161,1161,2024-11-15,Card,29.46,Paid
1162,1162,2024-04-13,Mobile Pay,51.04,Paid
1163,1163,2024-11-26,Mobile Pay,26.13,Paid
1164,1164,2024-04-26,Cash,49.38,Paid
1165,1165,2024-12-07,Mobile Pay,13.86,Paid
1166,1166,2024-10-27,Card,22.79,Paid
1167,1167,2024-07-29,Mobile Pay,18.26,Paid
1168,1168,2024-03-18,Cash,21.24,Refunded
1169,1169,2024-05-22,Cash,11.60,Paid
1170,1170,2024-09-18,Card,20.39,Refunded
1171,1171,2024-10-26,Mobile Pay,7.63,Paid
1172,1172,2024-09-18,Card,45.83,Refunded
1173,1173,2024-09-22,Card,38.96,Paid
1174,1174,2024-06-23,Mobile Pay,19.28,Paid
1175,1175,2024-10-11,Mobile Pay,17.49,Paid
1176,1176,2024-07-03,Card,33.78,Paid
1177,1177,2024-11-13,Cash,10.38,Refunded
1178,1178,2024-05-26,Cash,12.82,Paid
1179,1179,2024-08-09,Mobile Pay,24.97,Refunded
1180,1180,2024-06-29,Cash,9.03,Refunded
1181,1181,2024-10-20,Mobile Pay,35.74,Paid
1182,1182,2024-08-18,Card,24.97,Paid
1183,1183,2024-04-07,Card,19.85,Paid
1184,1184,2024-09-13,Mobile Pay,20.84,Refunded
1185,1185,2024-11-06,Cash,13.83,Refunded
1186,1186,2024-08-01,Cash,16.88,Paid
1187,1187,2024-04-04,Cash,31.42,Paid
1188,1188,2024-08-21,Mobile Pay,20.92,Paid
1189,1189,2024-11-12,Card,29.16,Paid
1190,1190,2024-11-30,Card,32.67,Paid
1191,1191,2024-01-09,Mobile Pay,21.05,Refunded
1192,1192,2024-09-06,Card,27.89,Paid
1193,1193,2024-04-21,Mobile Pay,39.96,Refunded
1194,1194,2024-11-06,Mobile Pay,18.58,Paid
1195,1195,2024-03-22,Cash,56.84,Paid
1196,1196,2024-06-29,Mobile Pay,23.60,Paid
1197,1197,2024-08-02,Card,35.16,Paid
1198,1198,2024-02-09,Mobile Pay,27.52,Paid
1199,1199,2024-02-20,Card,33.57,Paid
1200,1200,2024-10-21,Cash,50.05,Paid
1201,1201,2024-04-24,Mobile Pay,56.50,Refunded
1202,1202,2024-03-12,Cash,22.04,Refunded
1203,1203,2024-03-06,Card,33.71,Refunded
1204,1204,2024-10-09,Cash,20.22,Paid
1205,1205,2024-01-07,Mobile Pay,8.55,Paid
1206,1206,2024-01-03,Mobile Pay,23.29,Paid
1207,1207,2024-10-11,Mobile Pay,28.95,Paid
1208,1208,2024-03-25,Cash,16.72,Refunded
1209,1209,2024-04-16,Cash,26.64,Paid
1210,1210,2024-11-26,Card,20.30,Paid
1211,1211,2024-11-06,Cash,35.88,Paid
1212,1212,2024-02-05,Card,35.66,Refunded
1213,1213,2024-09-14,Cash,7.86,Paid
1214,1214,2024-08-10,Cash,21.16,Paid
1215,1215,2024-01-12,Mobile Pay,24.98,Paid
1216,1216,2024-06-09,Mobile Pay,15.32,Paid
1217,1217,2024-01-26,Mobile Pay,7.62,Paid
1218,1218,2024-06-20,Mobile Pay,15.24,Refunded
1219,1219,2024-06-30,Card,17.66,Paid
1220,1220,2024-03-26,Card,36.36,Paid
1221,1221,2024-04-17,Card,36.13,Paid
1222,1222,2024-04-25,Card,25.21,Paid
1223,1223,2024-05-18,Mobile Pay,25.22,Paid
1224,1224,2024-01-20,Cash,19.06,Refunded
1225,1225,2024-08-19,Mobile Pay,83.44,Paid
1226,1226,2024-10-02,Mobile Pay,10.88,Refunded
1227,1227,2024-04-09,Cash,24.39,Refunded
1228,1228,2024-08-21,Mobile Pay,56.66,Paid
1229,1229,2024-06-09,Cash,15.80,Refunded
1230,1230,2024-07-19,Mobile Pay,19.60,Paid
1231,1231,2024-11-18,Card,31.95,Paid
1232,1232,2024-04-01,Mobile Pay,52.38,Refunded
1233,1233,2024-08-06,Mobile Pay,17.40,Refunded
1234,1234,2024-03-07,Mobile Pay,24.69,Paid
1235,1235,2024-08-18,Card,31.86,Refunded
1236,1236,2024-08-13,Mobile Pay,14.13,Paid
1237,1237,2024-12-25,Card,38.31,Paid
1238,1238,2024-05-06,Mobile Pay,15.73,Paid
1239,1239,2024-10-20,Mobile Pay,36.26,Refunded
1240,1240,2024-10-08,Card,36.92,Paid
1241,1241,2024-03-02,Card,25.73,Paid
1242,1242,2024-08-31,Card,32.06,Paid
1243,1243,2024-06-24,Cash,14.62,Paid
1244,1244,2024-05-28,Cash,23.13,Paid
1245,1245,2024-06-18,Cash,27.04,Paid
1246,1246,2024-04-20,Card,41.86,Refunded
1247,1247,2024-09-08,Mobile Pay,54.50,Paid
1248,1248,2024-03-08,Card,35.68,Paid
1249,1249,2024-01-31,Mobile Pay,48.41,Paid
1250,1250,2024-05-09,Cash,11.54,Paid
1251,1251,2024-04-08,Cash,22.00,Paid
1252,1252,2024-07-10,Mobile Pay,49.45,Refunded
1253,1253,2024-05-14,Mobile Pay,16.45,Paid
1254,1254,2024-11-03,Cash,28.68,Paid
1255,1255,2024-09-17,Mobile Pay,16.51,Refunded
1256,1256,2024-03-13,Cash,16.51,Paid
1257,1257,2024-05-18,Mobile Pay,24.39,Paid
1258,1258,2024-12-11,Card,12.35,Paid
1259,1259,2024-01-06,Mobile Pay,22.42,Paid
1260,1260,2024-02-24,Mobile Pay,32.99,Paid
1261,1261,2024-12-10,Mobile Pay,18.31,Refunded
1262,1262,2024-06-13,Mobile Pay,31.96,Refunded
1263,1263,2024-05-14,Card,26.30,Paid
1264,1264,2024-01-31,Cash,23.11,Refunded
1265,1265,2024-01-02,Cash,17.82,Paid
1266,1266,2024-02-27,Card,25.87,Paid
1267,1267,2024-11-09,Mobile Pay,69.24,Paid
1268,1268,2024-01-27,Cash,35.05,Refunded
1269,1269,2024-12-12,Mobile Pay,30.94,Paid
1270,1270,2024-07-06,Cash,12.55,Paid
1271,1271,2024-10-06,Cash,9.74,Paid
1272,1272,2024-01-26,Card,41.41,Paid
1273,1273,2024-11-21,Cash,20.52,Paid
1274,1274,2024-11-15,Cash,26.43,Paid
1275,1275,2024-07-29,Card,40.01,Paid
1276,1276,2024-07-19,Card,22.54,Paid
1277,1277,2024-09-30,Cash,35.19,Paid
1278,1278,2024-09-19,Card,45.76,Paid
1279,1279,2024-12-24,Card,30.22,Paid
1280,1280,2024-03-02,Mobile Pay,10.18,Paid
1281,1281,2024-09-02,Mobile Pay,31.29,Paid
1282,1282,2024-11-07,Cash,13.68,Paid
1283,1283,2024-11-03,Cash,24.07,Paid
1284,1284,2024-11-17,Mobile Pay,29.99,Paid
1285,1285,2024-01-16,Cash,9.23,Paid
1286,1286,2024-06-05,Card,28.32,Refunded
1287,1287,2024-05-19,Cash,16.83,Refunded
1288,1288,2024-06-25,Cash,8.97,Refunded
1289,1289,2024-06-18,Mobile Pay,28.31,Paid
1290,1290,2024-02-22,Card,31.13,Paid
1291,1291,2024-02-24,Mobile Pay,22.04,Paid
1292,1292,2024-12-04,Card,24.86,Paid
1293,1293,2024-07-02,Mobile Pay,13.79,Refunded
1294,1294,2024-02-17,Mobile Pay,21.81,Paid
1295,1295,2024-09-16,Card,29.98,Paid
1296,1296,2024-06-24,Mobile Pay,13.23,Paid
1297,1297,2024-08-29,Card,24.16,Paid
1298,1298,2024-07-24,Mobile Pay,19.61,Refunded
1299,1299,2024-07-10,Mobile Pay,22.18,Refunded
1300,1300,2024-07-02,Mobile Pay,7.03,Paid
1301,1301,2024-11-09,Mobile Pay,16.83,Paid
1302,1302,2024-06-22,Cash,29.08,Paid
1303,1303,2024-09-08,Cash,30.03,Paid
1304,1304,2024-06-01,Cash,12.75,Paid
1305,1305,2024-09-20,Card,24.10,Paid
1306,1306,2024-12-15,Card,44.24,Paid
1307,1307,2024-01-11,Card,36.62,Paid
1308,1308,2024-03-24,Card,42.85,Paid
1309,1309,2024-08-08,Card,14.64,Refunded
1310,1310,2024-09-09,Card,32.54,Paid
1311,1311,2024-10-31,Cash,27.94,Paid
1312,1312,2024-03-30,Card,12.20,Paid
1313,1313,2024-11-26,Cash,20.04,Paid
1314,1314,2024-02-10,Mobile Pay,20.08,Paid
1315,1315,2024-07-16,Card,18.00,Paid
1316,1316,2024-08-16,Mobile Pay,32.74,Paid
1317,1317,2024-02-12,Mobile Pay,20.01,Paid
1318,1318,2024-05-04,Card,29.65,Paid
1319,1319,2024-12-29,Card,24.60,Paid
1320,1320,2024-09-16,Card,11.94,Paid
1321,1321,2024-09-02,Mobile Pay,10.14,Paid
1322,1322,2024-08-05,Card,59.25,Paid
1323,1323,2024-02-13,Card,21.74,Paid
1324,1324,2024-03-02,Mobile Pay,88.33,Refunded
1325,1325,2024-05-02,Card,8.61,Paid
1326,1326,2024-01-13,Card,24.11,Paid
1327,1327,2024-04-04,Cash,31.54,Paid
1328,1328,2024-04-22,Mobile Pay,51.31,Refunded
1329,1329,2024-05-15,Cash,38.67,Refunded
1330,1330,2024-05-25,Card,8.55,Refunded
1331,1331,2024-05-08,Card,46.54,Refunded
1332,1332,2024-07-14,Mobile Pay,89.94,Paid
1333,1333,2024-11-17,Card,53.73,Paid
1334,1334,2024-01-04,Mobile Pay,14.38,Paid
1335,1335,2024-06-06,Mobile Pay,12.56,Paid
1336,1336,2024-03-11,Mobile Pay,33.34,Refunded
1337,1337,2024-03-02,Card,15.21,Paid
1338,1338,2024-05-05,Card,28.15,Paid
1339,1339,2024-07-07,Mobile Pay,101.40,Paid
1340,1340,2024-03-17,Card,35.86,Paid
1341,1341,2024-10-21,Mobile Pay,49.25,Paid
1342,1342,2024-03-12,Cash,19.20,Paid
1343,1343,2024-08-27,Cash,13.10,Refunded
1344,1344,2024-07-13,Card,10.26,Paid
1345,1345,2024-05-29,Mobile Pay,14.95,Paid
1346,1346,2024-06-06,Card,17.11,Paid
1347,1347,2024-12-30,Mobile Pay,38.67,Paid
1348,1348,2024-03-24,Mobile Pay,42.13,Refunded
1349,1349,2024-09-20,Mobile Pay,40.35,Paid
1350,1350,2024-02-26,Card,19.85,Paid
1351,1351,2024-04-07,Cash,29.96,Paid
1352,1352,2024-04-07,Mobile Pay,41.00,Paid
1353,1353,2024-11-15,Cash,39.17,Refunded
1354,1354,2024-02-10,Card,13.58,Paid
1355,1355,2024-04-24,Cash,8.24,Paid
1356,1356,2024-02-07,Mobile Pay,40.45,Paid
1357,1357,2024-11-16,Card,22.41,Refunded
1358,1358,2024-12-11,Cash,18.67,Paid
1359,1359,2024-04-27,Card,27.54,Refunded
1360,1360,2024-06-19,Card,16.79,Paid
1361,1361,2024-04-07,Card,38.61,Paid
1362,1362,2024-07-27,Cash,23.49,Paid
1363,1363,2024-07-19,Cash,21.25,Paid
1364,1364,2024-03-02,Mobile Pay,31.42,Paid
1365,1365,2024-01-24,Card,26.78,Paid
1366,1366,2024-03-24,Card,22.65,Refunded
1367,1367,2024-10-09,Cash,35.30,Paid
1368,1368,2024-05-09,Mobile Pay,27.33,Paid
1369,1369,2024-08-05,Mobile Pay,23.28,Refunded
1370,1370,2024-12-12,Card,22.46,Paid
1371,1371,2024-05-12,Cash,61.60,Paid
1372,1372,2024-10-29,Mobile Pay,35.34,Paid
1373,1373,2024-02-18,Mobile Pay,35.08,Paid
1374,1374,2024-12-24,Cash,43.28,Refunded
1375,1375,2024-10-25,Mobile Pay,28.76,Paid
1376,1376,2024-01-30,Card,10.15,Paid
1377,1377,2024-01-05,Cash,9.12,Paid
1378,1378,2024-02-17,Card,13.52,Refunded
1379,1379,2024-08-05,Cash,21.10,Paid
1380,1380,2024-01-24,Cash,39.09,Paid
1381,1381,2024-04-05,Cash,10.83,Paid
1382,1382,2024-06-26,Mobile Pay,17.11,Paid
1383,1383,2024-07-14,Cash,43.88,Paid
1384,1384,2024-12-15,Mobile Pay,29.85,Paid
1385,1385,2024-12-28,Mobile Pay,24.18,Paid
1386,1386,2024-07-18,Card,71.44,Paid
1387,1387,2024-08-15,Cash,18.32,Paid
1388,1388,2024-12-02,Card,30.34,Refunded
1389,1389,2024-05-01,Cash,16.23,Paid
1390,1390,2024-09-09,Card,29.08,Paid
1391,1391,2024-02-28,Card,21.17,Refunded
1392,1392,2024-02-03,Cash,16.08,Paid
1393,1393,2024-06-05,Mobile Pay,25.90,Paid
1394,1394,2024-08-18,Cash,28.04,Paid
1395,1395,2024-12-07,Mobile Pay,23.18,Paid
1396,1396,2024-08-14,Cash,32.65,Paid
1397,1397,2024-12-25,Mobile Pay,32.63,Paid
1398,1398,2024-07-30,Card,12.71,Paid
1399,1399,2024-03-08,Mobile Pay,25.14,Paid
1400,1400,2024-07-27,Mobile Pay,23.62,Paid
1401,1401,2024-10-12,Mobile Pay,30.79,Paid
1402,1402,2024-06-13,Card,8.88,Paid
1403,1403,2024-12-12,Cash,22.02,Paid
1404,1404,2024-09-23,Mobile Pay,28.15,Paid
1405,1405,2024-02-20,Cash,32.56,Refunded
1406,1406,2024-06-14,Card,21.42,Paid
1407,1407,2024-10-19,Mobile Pay,52.64,Paid
1408,1408,2024-09-18,Card,13.22,Refunded
1409,1409,2024-09-06,Mobile Pay,26.25,Refunded
1410,1410,2024-11-17,Card,21.55,Refunded
1411,1411,2024-01-19,Card,28.94,Paid
1412,1412,2024-05-07,Mobile Pay,21.32,Refunded
1413,1413,2024-03-26,Mobile Pay,14.75,Paid
1414,1414,2024-11-19,Card,17.82,Paid
1415,1415,2024-07-14,Cash,13.83,Paid
1416,1416,2024-09-14,Cash,24.58,Paid
1417,1417,2024-11-30,Cash,16.63,Paid
1418,1418,2024-11-28,Card,44.59,Paid
1419,1419,2024-05-04,Mobile Pay,13.27,Paid
1420,1420,2024-06-14,Mobile Pay,14.74,Paid
1421,1421,2024-05-03,Cash,11.04,Paid
1422,1422,2024-01-29,Card,32.93,Paid
1423,1423,2024-12-31,Card,19.96,Paid
1424,1424,2024-12-15,Card,55.32,Paid
1425,1425,2024-02-18,Mobile Pay,46.21,Paid
1426,1426,2024-03-31,Cash,17.70,Paid
1427,1427,2024-06-12,Cash,26.72,Refunded
1428,1428,2024-06-03,Cash,31.07,Paid
1429,1429,2024-04-09,Mobile Pay,23.80,Paid
1430,1430,2024-09-01,Cash,7.32,Paid
1431,1431,2024-05-28,Cash,10.15,Paid
1432,1432,2024-04-21,Mobile Pay,12.96,Paid
1433,1433,2024-01-15,Card,48.03,Paid
1434,1434,2024-12-06,Mobile Pay,36.64,Paid
1435,1435,2024-03-14,Card,35.64,Paid
1436,1436,2024-01-31,Cash,28.29,Paid
1437,1437,2024-01-07,Card,42.54,Paid
1438,1438,2024-06-29,Card,11.99,Paid
1439,1439,2024-02-05,Cash,24.25,Paid
1440,1440,2024-07-27,Card,32.30,Paid
1441,1441,2024-11-10,Cash,16.69,Paid
1442,1442,2024-11-29,Cash,23.20,Refunded
1443,1443,2024-10-12,Card,41.93,Paid
1444,1444,2024-04-01,Mobile Pay,10.82,Paid
1445,1445,2024-12-01,Cash,22.25,Paid
1446,1446,2024-09-08,Mobile Pay,48.19,Refunded
1447,1447,2024-03-14,Card,24.42,Paid
1448,1448,2024-03-23,Cash,74.10,Paid
1449,1449,2024-01-13,Cash,34.14,Refunded
1450,1450,2024-03-01,Mobile Pay,8.63,Paid
1451,1451,2024-05-12,Mobile Pay,16.13,Paid
1452,1452,2024-01-28,Cash,33.20,Paid
1453,1453,2024-04-25,Mobile Pay,54.20,Refunded
1454,1454,2024-10-07,Card,14.27,Paid
1455,1455,2024-07-10,Cash,8.57,Refunded
1456,1456,2024-06-06,Cash,33.14,Paid
1457,1457,2024-12-16,Mobile Pay,18.73,Paid
1458,1458,2024-08-05,Mobile Pay,43.74,Paid
1459,1459,2024-10-09,Mobile Pay,12.73,Paid
1460,1460,2024-01-20,Mobile Pay,31.08,Paid
1461,1461,2024-04-05,Card,23.62,Paid
1462,1462,2024-02-25,Card,16.32,Paid
1463,1463,2024-05-14,Mobile Pay,26.67,Paid
1464,1464,2024-01-23,Cash,12.78,Refunded
1465,1465,2024-04-09,Mobile Pay,19.81,Paid
1466,1466,2024-10-17,Cash,20.68,Paid
1467,1467,2024-12-12,Card,54.88,Refunded
1468,1468,2024-05-10,Mobile Pay,27.94,Paid
1469,1469,2024-05-28,Card,19.35,Refunded
1470,1470,2024-12-03,Mobile Pay,19.85,Paid
1471,1471,2024-12-03,Mobile Pay,27.43,Paid
1472,1472,2024-05-24,Card,34.13,Refunded
1473,1473,2024-02-07,Card,38.50,Refunded
1474,1474,2024-09-25,Cash,24.99,Refunded
1475,1475,2024-10-06,Card,8.75,Paid
1476,1476,2024-09-03,Mobile Pay,19.88,Paid
1477,1477,2024-11-19,Card,22.57,Paid
1478,1478,2024-06-17,Cash,23.61,Paid
1479,1479,2024-06-30,Card,19.35,Paid
1480,1480,2024-12-07,Card,27.21,Paid
1481,1481,2024-07-14,Cash,10.56,Paid
1482,1482,2024-05-12,Cash,26.85,Refunded
1483,1483,2024-03-14,Cash,13.85,Paid
1484,1484,2024-04-20,Cash,23.01,Paid
1485,1485,2024-03-18,Cash,27.94,Paid
1486,1486,2024-01-22,Card,35.51,Refunded
1487,1487,2024-11-26,Cash,16.04,Refunded
1488,1488,2024-11-02,Mobile Pay,25.18,Paid
1489,1489,2024-11-27,Card,23.70,Refunded
1490,1490,2024-02-07,Mobile Pay,33.67,Paid
1491,1491,2024-07-18,Cash,72.84,Paid
1492,1492,2024-04-11,Card,120.83,Paid
1493,1493,2024-09-30,Cash,40.71,Paid
1494,1494,2024-11-01,Mobile Pay,55.76,Refunded
1495,1495,2024-12-14,Cash,29.72,Paid
1496,1496,2024-05-07,Cash,33.62,Paid
1497,1497,2024-03-30,Cash,20.94,Paid
1498,1498,2024-03-09,Cash,39.47,Paid
1499,1499,2024-10-29,Mobile Pay,15.58,Paid
1500,1500,2024-08-04,Mobile Pay,16.11,Paid
1501,1501,2024-01-24,Cash,56.19,Paid
1502,1502,2024-02-13,Card,11.02,Paid
1503,1503,2024-11-11,Cash,15.83,Paid
1504,1504,2024-04-17,Mobile Pay,41.54,Paid
1505,1505,2024-12-03,Card,23.83,Refunded
1506,1506,2024-01-12,Card,15.62,Paid
1507,1507,2024-01-04,Card,22.56,Paid
1508,1508,2024-03-24,Cash,27.29,Paid
1509,1509,2024-01-12,Cash,8.64,Paid
1510,1510,2024-07-23,Cash,27.52,Refunded
1511,1511,2024-11-01,Mobile Pay,23.36,Refunded
1512,1512,2024-04-24,Cash,28.01,Refunded
1513,1513,2024-09-27,Mobile Pay,56.04,Paid
1514,1514,2024-02-27,Cash,54.82,Paid
1515,1515,2024-06-20,Card,7.00,Paid
1516,1516,2024-09-06,Card,55.40,Paid
1517,1517,2024-02-18,Card,25.33,Refunded
1518,1518,2024-06-20,Cash,9.61,Paid
1519,1519,2024-02-14,Card,17.86,Paid
1520,1520,2024-06-06,Cash,24.73,Paid
1521,1521,2024-06-03,Card,87.63,Refunded
1522,1522,2024-11-20,Cash,21.29,Refunded
1523,1523,2024-04-17,Card,23.68,Refunded
1524,1524,2024-07-02,Mobile Pay,31.84,Paid
1525,1525,2024-10-29,Mobile Pay,18.11,Paid
1526,1526,2024-05-20,Card,76.82,Paid
1527,1527,2024-10-08,Mobile Pay,6.20,Paid
1528,1528,2024-11-27,Card,29.33,Paid
1529,1529,2024-12-24,Card,18.19,Paid
1530,1530,2024-01-23,Cash,34.38,Refunded
1531,1531,2024-07-16,Cash,29.68,Paid
1532,1532,2024-05-07,Cash,30.19,Paid
1533,1533,2024-06-06,Card,49.51,Paid
1534,1534,2024-12-01,Cash,54.92,Paid
1535,1535,2024-08-04,Cash,13.79,Paid
1536,1536,2024-02-12,Cash,19.06,Paid
1537,1537,2024-05-29,Mobile Pay,10.47,Paid
1538,1538,2024-10-28,Mobile Pay,17.11,Paid
1539,1539,2024-02-29,Mobile Pay,32.90,Paid
1540,1540,2024-03-20,Card,41.90,Paid
1541,1541,2024-05-13,Card,16.69,Paid
1542,1542,2024-10-09,Cash,26.32,Paid
1543,1543,2024-11-08,Mobile Pay,34.16,Paid
1544,1544,2024-04-20,Card,8.03,Refunded
1545,1545,2024-11-24,Cash,42.84,Paid
1546,1546,2024-08-12,Card,75.62,Refunded
1547,1547,2024-02-03,Card,24.10,Paid
1548,1548,2024-06-29,Mobile Pay,20.60,Paid
1549,1549,2024-07-04,Mobile Pay,19.52,Paid
1550,1550,2024-11-30,Cash,8.62,Paid
1551,1551,2024-04-24,Cash,50.34,Paid
1552,1552,2024-09-30,Card,25.49,Paid
1553,1553,2024-05-24,Cash,13.86,Paid
1554,1554,2024-06-12,Mobile Pay,13.98,Paid
1555,1555,2024-09-09,Cash,18.00,Refunded
1556,1556,2024-10-16,Mobile Pay,39.09,Paid
1557,1557,2024-01-02,Cash,22.51,Paid
1558,1558,2024-10-21,Mobile Pay,16.08,Paid
1559,1559,2024-07-22,Card,43.16,Refunded
1560,1560,2024-08-01,Cash,31.29,Paid
1561,1561,2024-12-08,Cash,18.08,Paid
1562,1562,2024-12-03,Cash,66.72,Refunded
1563,1563,2024-02-22,Cash,41.50,Paid
1564,1564,2024-09-28,Cash,53.95,Paid
1565,1565,2024-09-02,Card,8.27,Paid
1566,1566,2024-11-06,Mobile Pay,45.60,Paid
1567,1567,2024-12-23,Cash,10.42,Refunded
1568,1568,2024-04-10,Mobile Pay,30.59,Paid
1569,1569,2024-02-02,Mobile Pay,13.94,Paid
1570,1570,2024-08-28,Card,24.54,Paid
1571,1571,2024-06-18,Card,38.24,Paid
1572,1572,2024-01-22,Cash,16.59,Paid
1573,1573,2024-10-16,Mobile Pay,28.42,Paid
1574,1574,2024-02-27,Mobile Pay,30.35,Refunded
1575,1575,2024-11-29,Mobile Pay,20.00,Paid
1576,1576,2024-02-20,Card,61.70,Paid
1577,1577,2024-07-02,Card,31.50,Paid
1578,1578,2024-12-11,Card,24.81,Paid
1579,1579,2024-07-12,Mobile Pay,10.12,Paid
1580,1580,2024-09-14,Cash,17.94,Paid
1581,1581,2024-07-12,Mobile Pay,14.42,Paid
1582,1582,2024-06-25,Cash,29.21,Refunded
1583,1583,2024-10-17,Card,13.89,Paid
1584,1584,2024-06-15,Mobile Pay,26.52,Refunded
1585,1585,2024-09-10,Cash,28.90,Paid
1586,1586,2024-04-01,Card,37.11,Paid
1587,1587,2024-01-24,Mobile Pay,25.47,Paid
1588,1588,2024-10-14,Mobile Pay,9.20,Paid
1589,1589,2024-09-04,Mobile Pay,15.95,Paid
1590,1590,2024-12-08,Mobile Pay,66.92,Paid
1591,1591,2024-09-26,Cash,17.99,Paid
1592,1592,2024-05-24,Mobile Pay,54.45,Paid
1593,1593,2024-04-02,Mobile Pay,22.35,Refunded
1594,1594,2024-07-30,Cash,11.64,Paid
1595,1595,2024-08-29,Mobile Pay,18.20,Paid
1596,1596,2024-01-15,Card,67.59,Paid
1597,1597,2024-09-18,Cash,12.29,Paid
1598,1598,2024-10-13,Card,20.15,Paid
1599,1599,2024-02-27,Card,30.73,Paid
1600,1600,2024-03-24,Cash,9.00,Paid
1601,1601,2024-04-24,Card,22.56,Refunded
1602,1602,2024-06-09,Mobile Pay,17.24,Paid
1603,1603,2024-07-23,Mobile Pay,15.43,Paid
1604,1604,2024-06-06,Card,11.51,Paid
1605,1605,2024-08-23,Mobile Pay,21.88,Refunded
1606,1606,2024-09-09,Cash,36.16,Paid
1607,1607,2024-05-10,Mobile Pay,23.28,Refunded
1608,1608,2024-06-20,Mobile Pay,36.46,Paid
1609,1609,2024-07-25,Mobile Pay,21.83,Paid
1610,1610,2024-06-07,Cash,30.28,Paid
1611,1611,2024-02-24,Card,37.78,Paid
1612,1612,2024-12-11,Card,27.10,Refunded
1613,1613,2024-03-07,Card,17.56,Paid
1614,1614,2024-09-17,Card,24.46,Paid
1615,1615,2024-07-31,Mobile Pay,28.65,Paid
1616,1616,2024-02-29,Card,15.35,Refunded
1617,1617,2024-05-24,Mobile Pay,16.54,Paid
1618,1618,2024-05-18,Cash,32.14,Paid
1619,1619,2024-05-13,Mobile Pay,36.94,Paid
1620,1620,2024-03-19,Mobile Pay,7.64,Refunded
1621,1621,2024-05-31,Cash,36.10,Refunded
1622,1622,2024-10-16,Card,36.93,Refunded
1623,1623,2024-08-23,Card,10.81,Paid
1624,1624,2024-07-10,Mobile Pay,18.36,Paid
1625,1625,2024-08-18,Mobile Pay,23.85,Paid
1626,1626,2024-04-25,Card,25.78,Paid
1627,1627,2024-10-21,Card,32.43,Paid
1628,1628,2024-08-09,Cash,11.70,Refunded
1629,1629,2024-02-03,Card,34.07,Paid
1630,1630,2024-07-17,Mobile Pay,22.57,Refunded
1631,1631,2024-05-10,Card,24.18,Refunded
1632,1632,2024-05-07,Card,17.54,Paid
1633,1633,2024-08-03,Mobile Pay,29.69,Paid
1634,1634,2024-05-03,Cash,37.67,Paid
1635,1635,2024-08-06,Cash,23.39,Refunded
1636,1636,2024-04-12,Card,19.96,Paid
1637,1637,2024-08-12,Cash,53.69,Paid
1638,1638,2024-10-25,Cash,99.10,Paid
1639,1639,2024-07-06,Card,32.06,Paid
1640,1640,2024-08-29,Cash,24.43,Paid
1641,1641,2024-08-10,Cash,32.85,Paid
1642,1642,2024-07-04,Cash,28.58,Paid
1643,1643,2024-05-02,Card,10.72,Paid
1644,1644,2024-09-15,Card,18.52,Paid
1645,1645,2024-03-29,Mobile Pay,39.47,Paid
1646,1646,2024-07-26,Mobile Pay,29.05,Paid
1647,1647,2024-02-14,Cash,46.63,Paid
1648,1648,2024-07-11,Card,35.28,Paid
1649,1649,2024-02-21,Cash,45.28,Paid
1650,1650,2024-06-26,Mobile Pay,38.77,Refunded
1651,1651,2024-02-24,Card,10.54,Refunded
1652,1652,2024-02-22,Mobile Pay,40.16,Refunded
1653,1653,2024-12-14,Card,57.95,Refunded
1654,1654,2024-10-22,Cash,11.67,Paid
1655,1655,2024-03-23,Cash,28.14,Paid
1656,1656,2024-08-30,Mobile Pay,16.43,Paid
1657,1657,2024-07-27,Cash,22.95,Paid
1658,1658,2024-11-27,Card,46.17,Paid
1659,1659,2024-06-20,Mobile Pay,13.95,Paid
1660,1660,2024-02-09,Card,24.78,Paid
1661,1661,2024-04-08,Cash,63.25,Paid
1662,1662,2024-01-15,Cash,17.64,Paid
1663,1663,2024-11-12,Card,25.68,Paid
1664,1664,2024-09-06,Card,34.44,Paid
1665,1665,2024-01-07,Mobile Pay,20.38,Paid
1666,1666,2024-09-11,Card,24.08,Refunded
1667,1667,2024-03-25,Card,24.04,Paid
1668,1668,2024-07-27,Mobile Pay,28.05,Paid
1669,1669,2024-11-15,Mobile Pay,34.71,Paid
1670,1670,2024-03-23,Cash,19.80,Paid
1671,1671,2024-12-18,Card,30.08,Paid
1672,1672,2024-05-07,Cash,24.08,Paid
1673,1673,2024-06-09,Mobile Pay,27.76,Paid
1674,1674,2024-10-25,Mobile Pay,16.93,Paid
1675,1675,2024-08-02,Cash,43.30,Paid
1676,1676,2025-01-01,Mobile Pay,18.63,Paid
1677,1677,2024-06-24,Cash,12.13,Paid
1678,1678,2024-08-30,Card,23.10,Paid
1679,1679,2024-08-21,Card,9.69,Paid
1680,1680,2024-05-07,Mobile Pay,16.49,Paid
1681,1681,2024-03-23,Card,20.57,Paid
1682,1682,2024-05-20,Mobile Pay,35.06,Paid
1683,1683,2024-05-19,Cash,51.89,Paid
1684,1684,2024-12-11,Card,60.39,Paid
1685,1685,2024-01-30,Card,66.45,Paid
1686,1686,2024-11-09,Cash,22.70,Refunded
1687,1687,2024-12-10,Cash,46.78,Paid
1688,1688,2024-04-03,Cash,25.07,Paid
1689,1689,2024-01-06,Mobile Pay,11.21,Refunded
1690,1690,2024-12-14,Card,21.17,Paid
1691,1691,2024-12-18,Mobile Pay,18.51,Paid
1692,1692,2024-11-17,Cash,21.58,Paid
1693,1693,2024-02-20,Card,40.10,Paid
1694,1694,2024-09-19,Mobile Pay,25.44,Paid
1695,1695,2024-04-30,Card,16.80,Paid
1696,1696,2024-09-23,Mobile Pay,14.14,Paid
1697,1697,2024-09-22,Mobile Pay,15.70,Refunded
1698,1698,2024-02-14,Cash,9.02,Refunded
1699,1699,2024-05-29,Card,19.46,Paid
1700,1700,2024-05-18,Card,18.03,Paid
1701,1701,2024-09-06,Mobile Pay,29.40,Paid
1702,1702,2024-12-19,Cash,55.33,Paid
1703,1703,2024-02-05,Card,22.34,Refunded
1704,1704,2024-05-11,Mobile Pay,49.03,Paid
1705,1705,2024-01-29,Mobile Pay,6.57,Refunded
1706,1706,2024-09-04,Cash,11.57,Paid
1707,1707,2024-05-14,Cash,23.29,Paid
1708,1708,2024-04-21,Cash,30.16,Paid
1709,1709,2024-10-26,Mobile Pay,25.87,Paid
1710,1710,2024-06-18,Card,11.27,Paid
1711,1711,2024-08-17,Card,12.83,Paid
1712,1712,2024-06-09,Card,19.18,Paid
1713,1713,2024-04-14,Mobile Pay,17.07,Refunded
1714,1714,2024-03-21,Cash,17.96,Paid
1715,1715,2024-07-06,Mobile Pay,27.19,Paid
1716,1716,2024-11-24,Card,48.71,Paid
1717,1717,2024-11-01,Mobile Pay,35.63,Refunded
1718,1718,2024-07-14,Cash,37.72,Refunded
1719,1719,2024-09-01,Card,13.64,Paid
1720,1720,2025-01-01,Mobile Pay,10.82,Paid
1721,1721,2024-02-24,Cash,30.26,Paid
1722,1722,2024-08-25,Card,28.31,Refunded
1723,1723,2024-02-10,Card,28.78,Paid
1724,1724,2024-11-05,Card,11.84,Paid
1725,1725,2024-07-24,Mobile Pay,23.68,Paid
1726,1726,2024-04-04,Mobile Pay,13.47,Paid
1727,1727,2024-05-19,Mobile Pay,30.11,Paid
1728,1728,2024-08-23,Cash,21.32,Paid
1729,1729,2024-12-09,Mobile Pay,26.93,Paid
1730,1730,2024-10-26,Cash,23.97,Refunded
1731,1731,2024-07-24,Mobile Pay,25.60,Paid
1732,1732,2024-09-25,Mobile Pay,28.22,Refunded
1733,1733,2024-09-30,Card,25.95,Paid
1734,1734,2024-08-16,Cash,20.10,Paid
1735,1735,2024-05-05,Mobile Pay,32.78,Paid
1736,1736,2024-12-17,Cash,26.40,Paid
1737,1737,2024-11-30,Cash,19.10,Paid
1738,1738,2024-05-15,Cash,29.12,Paid
1739,1739,2024-05-25,Card,22.09,Paid
1740,1740,2024-10-15,Mobile Pay,70.01,Paid
1741,1741,2024-05-24,Mobile Pay,16.48,Paid
1742,1742,2024-12-04,Mobile Pay,27.85,Paid
1743,1743,2024-02-23,Card,11.29,Paid
1744,1744,2024-04-01,Mobile Pay,11.83,Paid
1745,1745,2024-02-19,Cash,10.29,Paid
1746,1746,2024-06-27,Card,36.55,Paid
1747,1747,2024-10-18,Mobile Pay,13.53,Paid
1748,1748,2024-05-10,Card,27.51,Refunded
1749,1749,2024-03-20,Card,29.92,Paid
1750,1750,2024-02-05,Mobile Pay,41.24,Refunded
1751,1751,2024-01-02,Mobile Pay,21.99,Refunded
1752,1752,2024-10-24,Cash,31.93,Paid
1753,1753,2024-05-03,Cash,28.32,Refunded
1754,1754,2024-03-10,Cash,14.98,Paid
1755,1755,2024-07-01,Card,19.93,Paid
1756,1756,2024-09-23,Mobile Pay,61.69,Paid
1757,1757,2024-08-08,Card,111.90,Paid
1758,1758,2024-07-25,Card,28.33,Paid
1759,1759,2024-07-20,Mobile Pay,30.00,Paid
1760,1760,2024-05-14,Mobile Pay,17.87,Paid
1761,1761,2024-02-02,Mobile Pay,14.89,Paid
1762,1762,2024-11-23,Card,40.02,Paid
1763,1763,2024-09-18,Card,19.51,Paid
1764,1764,2024-02-23,Card,51.14,Paid
1765,1765,2024-04-03,Card,22.94,Paid
1766,1766,2024-01-18,Mobile Pay,33.92,Refunded
1767,1767,2024-07-12,Card,37.89,Refunded
1768,1768,2024-01-05,Mobile Pay,59.04,Paid
1769,1769,2024-12-16,Mobile Pay,19.36,Refunded
1770,1770,2024-12-06,Cash,20.96,Paid
1771,1771,2024-04-01,Cash,9.00,Paid
1772,1772,2024-06-20,Cash,37.59,Paid
1773,1773,2024-12-02,Card,16.30,Paid
1774,1774,2024-09-26,Mobile Pay,13.35,Paid
1775,1775,2024-12-07,Cash,27.55,Refunded
1776,1776,2024-01-25,Mobile Pay,35.76,Paid
1777,1777,2024-08-28,Cash,25.39,Paid
1778,1778,2024-11-01,Mobile Pay,7.38,Refunded
1779,1779,2024-08-14,Mobile Pay,35.10,Paid
1780,1780,2024-02-18,Card,40.65,Paid
1781,1781,2024-10-30,Card,26.68,Paid
1782,1782,2024-02-25,Cash,21.68,Paid
1783,1783,2024-03-01,Card,36.76,Paid
1784,1784,2024-09-12,Mobile Pay,19.15,Paid
1785,1785,2024-06-29,Card,16.56,Paid
1786,1786,2024-09-22,Card,5.21,Paid
1787,1787,2024-09-03,Card,26.28,Paid
1788,1788,2024-12-24,Cash,22.06,Paid
1789,1789,2024-06-21,Mobile Pay,11.26,Paid
1790,1790,2024-09-16,Card,23.84,Paid
1791,1791,2024-02-09,Card,39.11,Paid
1792,1792,2024-08-13,Cash,24.00,Paid
1793,1793,2024-12-24,Cash,23.39,Paid
1794,1794,2024-06-03,Mobile Pay,12.48,Refunded
1795,1795,2024-03-08,Mobile Pay,9.79,Refunded
1796,1796,2024-12-29,Card,20.40,Paid
1797,1797,2024-06-16,Card,8.86,Paid
1798,1798,2024-04-16,Cash,23.75,Paid
1799,1799,2024-07-06,Cash,22.41,Paid
1800,1800,2024-01-26,Mobile Pay,15.31,Refunded
1801,1801,2024-11-16,Cash,32.98,Paid
1802,1802,2024-07-02,Card,15.50,Refunded
1803,1803,2024-08-15,Cash,21.47,Paid
1804,1804,2024-08-20,Cash,28.11,Paid
1805,1805,2024-06-05,Card,21.94,Refunded
1806,1806,2024-09-09,Cash,23.79,Paid
1807,1807,2024-11-12,Card,21.21,Paid
1808,1808,2024-06-10,Mobile Pay,17.00,Paid
1809,1809,2024-04-03,Cash,37.48,Paid
1810,1810,2024-09-02,Mobile Pay,31.06,Paid
1811,1811,2024-04-23,Mobile Pay,38.79,Paid
1812,1812,2024-10-12,Card,24.40,Paid
1813,1813,2024-03-22,Card,10.60,Paid
1814,1814,2024-12-11,Mobile Pay,27.27,Paid
1815,1815,2024-10-17,Card,43.37,Paid
1816,1816,2024-11-22,Card,16.78,Paid
1817,1817,2024-07-31,Card,11.82,Refunded
1818,1818,2024-01-20,Cash,12.51,Paid
1819,1819,2024-05-17,Mobile Pay,26.30,Paid
1820,1820,2024-06-10,Mobile Pay,21.84,Paid
1821,1821,2024-08-07,Mobile Pay,24.60,Paid
1822,1822,2024-12-09,Cash,28.90,Refunded
1823,1823,2024-07-31,Cash,27.70,Paid
1824,1824,2024-02-20,Card,8.57,Paid
1825,1825,2024-11-26,Mobile Pay,26.12,Refunded
1826,1826,2024-12-01,Card,23.43,Paid
1827,1827,2024-01-08,Card,20.80,Paid
1828,1828,2024-03-26,Card,13.11,Refunded
1829,1829,2024-03-01,Card,9.41,Refunded
1830,1830,2024-02-22,Cash,22.57,Paid
1831,1831,2024-04-03,Mobile Pay,18.34,Paid
1832,1832,2024-03-31,Mobile Pay,13.30,Paid
1833,1833,2024-12-29,Cash,16.61,Refunded
1834,1834,2024-06-07,Card,39.30,Paid
1835,1835,2024-11-13,Cash,9.22,Paid
1836,1836,2024-06-11,Cash,20.98,Paid
1837,1837,2024-01-19,Card,34.01,Paid
1838,1838,2024-06-27,Card,30.31,Refunded
1839,1839,2024-09-06,Card,20.34,Paid
1840,1840,2024-11-02,Card,13.09,Paid
1841,1841,2024-10-12,Cash,38.98,Paid
1842,1842,2024-08-10,Mobile Pay,19.11,Paid
1843,1843,2024-11-09,Cash,10.89,Paid
1844,1844,2024-06-22,Cash,55.47,Paid
1845,1845,2024-03-17,Cash,19.26,Refunded
1846,1846,2024-03-06,Mobile Pay,21.74,Refunded
1847,1847,2024-08-22,Cash,36.03,Refunded
1848,1848,2024-01-07,Card,9.09,Refunded
1849,1849,2024-02-20,Mobile Pay,15.14,Refunded
1850,1850,2024-12-23,Card,22.26,Refunded
1851,1851,2024-08-18,Mobile Pay,13.19,Refunded
1852,1852,2024-05-09,Card,40.32,Refunded
1853,1853,2024-03-10,Mobile Pay,24.68,Paid
1854,1854,2024-02-15,Cash,39.93,Paid
1855,1855,2024-12-25,Mobile Pay,24.38,Paid
1856,1856,2024-09-27,Card,37.27,Paid
1857,1857,2024-11-24,Mobile Pay,23.85,Paid
1858,1858,2024-04-19,Cash,38.88,Paid
1859,1859,2024-05-04,Mobile Pay,28.08,Paid
1860,1860,2024-11-03,Mobile Pay,14.10,Refunded
1861,1861,2024-11-17,Mobile Pay,40.63,Paid
1862,1862,2024-08-03,Cash,28.94,Paid
1863,1863,2024-07-26,Card,26.32,Paid
1864,1864,2024-06-29,Card,50.87,Paid
1865,1865,2024-11-13,Card,24.75,Paid
1866,1866,2024-11-02,Mobile Pay,18.43,Paid
1867,1867,2024-04-21,Card,20.20,Paid
1868,1868,2024-08-04,Card,26.93,Paid
1869,1869,2024-11-09,Mobile Pay,30.76,Paid
1870,1870,2024-10-12,Cash,20.66,Paid
1871,1871,2024-02-17,Cash,29.18,Refunded
1872,1872,2024-05-31,Mobile Pay,9.41,Paid
1873,1873,2024-02-26,Mobile Pay,22.86,Paid
1874,1874,2024-03-07,Mobile Pay,27.76,Paid
1875,1875,2024-08-30,Mobile Pay,22.67,Refunded
1876,1876,2024-08-13,Card,56.47,Paid
1877,1877,2024-07-24,Cash,61.36,Paid
1878,1878,2024-01-17,Mobile Pay,9.98,Refunded
1879,1879,2024-06-17,Card,21.10,Paid
1880,1880,2024-02-18,Cash,17.02,Paid
1881,1881,2024-07-21,Cash,31.04,Refunded
1882,1882,2024-08-29,Cash,49.92,Paid
1883,1883,2024-06-30,Cash,9.69,Paid
1884,1884,2024-04-25,Mobile Pay,9.47,Paid
1885,1885,2024-07-27,Cash,38.99,Paid
1886,1886,2024-10-19,Mobile Pay,7.80,Paid
1887,1887,2024-01-06,Mobile Pay,59.25,Paid
1888,1888,2024-03-11,Card,20.26,Paid
1889,1889,2024-11-30,Card,12.57,Refunded
1890,1890,2024-04-03,Mobile Pay,38.46,Paid
1891,1891,2024-09-07,Mobile Pay,18.57,Paid
1892,1892,2024-06-13,Card,69.90,Paid
1893,1893,2024-03-24,Cash,32.33,Paid
1894,1894,2024-05-04,Mobile Pay,29.56,Paid
1895,1895,2024-08-19,Mobile Pay,19.77,Paid
1896,1896,2024-03-20,Mobile Pay,26.10,Paid
1897,1897,2024-04-14,Card,54.52,Paid
1898,1898,2024-03-22,Mobile Pay,20.65,Refunded
1899,1899,2024-12-24,Cash,39.66,Paid
1900,1900,2024-04-23,Card,62.61,Paid
1901,1901,2024-06-23,Mobile Pay,22.74,Paid
1902,1902,2024-10-15,Cash,19.95,Refunded
1903,1903,2024-03-19,Card,15.01,Paid
1904,1904,2024-02-21,Cash,11.35,Paid
1905,1905,2024-01-16,Card,28.71,Refunded
1906,1906,2024-10-11,Mobile Pay,36.44,Paid
1907,1907,2024-08-15,Mobile Pay,19.96,Paid
1908,1908,2024-06-24,Mobile Pay,11.84,Paid
1909,1909,2024-02-27,Mobile Pay,32.73,Paid
1910,1910,2024-05-13,Cash,52.44,Paid
1911,1911,2024-02-21,Cash,8.43,Paid
1912,1912,2024-06-08,Mobile Pay,20.20,Paid
1913,1913,2024-04-15,Mobile Pay,21.36,Refunded
1914,1914,2024-05-02,Cash,12.73,Paid
1915,1915,2024-09-09,Card,30.20,Paid
1916,1916,2024-01-02,Mobile Pay,21.98,Paid
1917,1917,2024-07-07,Card,19.74,Refunded
1918,1918,2024-06-26,Cash,34.04,Paid
1919,1919,2024-03-09,Cash,37.79,Paid
1920,1920,2024-09-07,Cash,29.03,Paid
1921,1921,2024-04-28,Cash,44.68,Paid
1922,1922,2024-03-20,Mobile Pay,26.20,Paid
1923,1923,2024-03-08,Cash,73.76,Paid
1924,1924,2024-05-20,Card,62.03,Paid
1925,1925,2024-05-05,Mobile Pay,12.39,Paid
1926,1926,2024-10-06,Mobile Pay,55.32,Paid
1927,1927,2024-10-08,Cash,26.38,Paid
1928,1928,2024-09-02,Card,22.32,Paid
1929,1929,2024-10-28,Mobile Pay,26.14,Refunded
1930,1930,2024-05-01,Cash,36.92,Paid
1931,1931,2024-12-25,Mobile Pay,20.54,Paid
1932,1932,2024-04-08,Mobile Pay,21.92,Paid
1933,1933,2024-01-10,Cash,12.33,Paid
1934,1934,2024-01-29,Cash,25.84,Refunded
1935,1935,2024-03-10,Cash,40.11,Paid
1936,1936,2024-04-25,Card,15.86,Refunded
1937,1937,2024-10-23,Mobile Pay,22.36,Refunded
1938,1938,2024-11-17,Card,36.77,Paid
1939,1939,2024-03-02,Cash,51.45,Refunded
1940,1940,2024-10-20,Cash,23.28,Paid
1941,1941,2024-06-21,Card,10.04,Refunded
1942,1942,2024-09-04,Cash,33.13,Paid
1943,1943,2024-05-16,Card,19.75,Paid
1944,1944,2024-02-18,Cash,11.09,Paid
1945,1945,2024-06-25,Mobile Pay,12.25,Paid
1946,1946,2024-04-25,Cash,14.39,Paid
1947,1947,2024-04-27,Mobile Pay,19.96,Paid
1948,1948,2024-06-01,Card,26.21,Paid
1949,1949,2024-11-12,Cash,30.46,Paid
1950,1950,2024-01-07,Card,14.44,Paid
1951,1951,2024-09-27,Cash,11.62,Paid
1952,1952,2024-04-08,Cash,24.39,Paid
1953,1953,2024-10-18,Card,68.97,Paid
1954,1954,2024-03-17,Card,21.19,Paid
1955,1955,2024-06-03,Card,13.84,Paid
1956,1956,2024-06-03,Card,49.43,Refunded
1957,1957,2024-06-10,Card,17.35,Paid
1958,1958,2024-03-03,Mobile Pay,22.02,Refunded
1959,1959,2024-08-17,Mobile Pay,46.40,Paid
1960,1960,2024-09-19,Cash,22.04,Paid
1961,1961,2024-07-11,Mobile Pay,49.87,Paid
1962,1962,2024-06-21,Cash,21.60,Paid
1963,1963,2024-04-06,Mobile Pay,13.61,Refunded
1964,1964,2024-11-01,Mobile Pay,7.91,Paid
1965,1965,2024-10-30,Mobile Pay,15.37,Refunded
1966,1966,2024-03-16,Mobile Pay,13.72,Paid
1967,1967,2024-04-22,Card,32.16,Paid
1968,1968,2024-08-06,Mobile Pay,38.63,Paid
1969,1969,2024-09-07,Card,16.12,Paid
1970,1970,2024-10-20,Mobile Pay,8.20,Paid
1971,1971,2024-05-15,Cash,35.40,Paid
1972,1972,2024-06-24,Card,61.71,Paid
1973,1973,2024-11-04,Cash,56.04,Paid
1974,1974,2024-03-12,Cash,69.62,Paid
1975,1975,2024-06-10,Cash,39.96,Paid
1976,1976,2024-11-16,Mobile Pay,45.36,Paid
1977,1977,2024-01-16,Cash,13.36,Paid
1978,1978,2025-01-01,Mobile Pay,85.91,Paid
1979,1979,2024-01-09,Cash,16.54,Paid
1980,1980,2024-10-20,Card,39.20,Paid
1981,1981,2024-02-06,Cash,33.43,Paid
1982,1982,2024-01-17,Cash,31.74,Paid
1983,1983,2024-06-24,Cash,18.49,Paid
1984,1984,2024-01-10,Mobile Pay,26.21,Paid
1985,1985,2024-05-07,Mobile Pay,27.62,Paid
1986,1986,2024-07-09,Cash,21.80,Paid
1987,1987,2024-06-30,Card,15.81,Refunded
1988,1988,2024-09-29,Cash,14.19,Paid
1989,1989,2024-08-01,Card,23.91,Paid
1990,1990,2024-10-26,Mobile Pay,30.27,Paid
1991,1991,2024-05-22,Mobile Pay,17.34,Refunded
1992,1992,2024-08-30,Cash,19.11,Paid
1993,1993,2024-08-11,Mobile Pay,15.18,Refunded
1994,1994,2024-10-10,Card,56.64,Paid
1995,1995,2024-07-17,Mobile Pay,20.24,Paid
1996,1996,2024-04-06,Mobile Pay,22.16,Paid
1997,1997,2024-09-11,Card,76.39,Paid
1998,1998,2024-04-04,Cash,33.18,Refunded
1999,1999,2024-04-14,Cash,19.92,Paid
2000,2000,2024-08-09,Mobile Pay,28.64,Paid
2001,2001,2024-01-23,Card,24.29,Refunded
2002,2002,2024-06-12,Card,27.41,Paid
2003,2003,2024-01-12,Cash,23.38,Paid
2004,2004,2024-08-21,Mobile Pay,15.79,Refunded
2005,2005,2024-01-31,Cash,16.41,Paid
2006,2006,2024-05-28,Card,29.18,Paid
2007,2007,2024-02-21,Mobile Pay,12.31,Refunded
2008,2008,2024-05-27,Cash,20.48,Refunded
2009,2009,2024-04-19,Mobile Pay,12.85,Paid
2010,2010,2024-05-12,Mobile Pay,19.04,Paid
2011,2011,2024-04-05,Card,18.05,Refunded
2012,2012,2024-05-22,Mobile Pay,10.89,Paid
2013,2013,2024-01-25,Card,10.35,Paid
2014,2014,2024-10-07,Card,33.69,Paid
2015,2015,2024-04-22,Card,13.45,Paid
2016,2016,2024-07-11,Card,29.08,Paid
2017,2017,2024-06-05,Mobile Pay,11.34,Paid
2018,2018,2024-05-27,Card,56.30,Paid
2019,2019,2024-03-20,Card,23.23,Paid
2020,2020,2024-03-03,Card,17.00,Paid
2021,2021,2024-12-01,Cash,19.76,Refunded
2022,2022,2024-01-02,Mobile Pay,8.00,Paid
2023,2023,2024-12-20,Mobile Pay,14.38,Paid
2024,2024,2024-01-05,Cash,47.22,Refunded
2025,2025,2024-12-17,Cash,19.33,Paid
2026,2026,2024-09-10,Cash,42.13,Paid
2027,2027,2024-06-25,Card,25.83,Paid
2028,2028,2024-08-30,Cash,93.38,Paid
2029,2029,2024-05-14,Cash,28.08,Paid
2030,2030,2024-06-26,Cash,30.23,Paid
2031,2031,2024-11-19,Mobile Pay,19.70,Paid
2032,2032,2024-03-18,Card,17.59,Paid
2033,2033,2024-08-30,Card,28.18,Paid
2034,2034,2024-07-08,Card,28.67,Paid
2035,2035,2024-08-25,Mobile Pay,74.02,Paid
2036,2036,2024-08-16,Cash,25.34,Paid
2037,2037,2024-01-23,Mobile Pay,48.52,Refunded
2038,2038,2024-05-06,Mobile Pay,20.27,Paid
2039,2039,2024-12-22,Mobile Pay,26.69,Paid
2040,2040,2024-11-23,Mobile Pay,40.92,Paid
2041,2041,2024-12-01,Mobile Pay,15.18,Paid
2042,2042,2024-08-07,Mobile Pay,26.80,Paid
2043,2043,2024-03-16,Mobile Pay,20.33,Paid
2044,2044,2024-02-22,Card,14.43,Paid
2045,2045,2024-11-09,Mobile Pay,34.28,Paid
2046,2046,2024-09-23,Card,8.01,Paid
2047,2047,2024-10-30,Mobile Pay,46.21,Paid
2048,2048,2024-06-25,Cash,26.48,Paid
2049,2049,2024-09-24,Cash,19.83,Paid
2050,2050,2024-06-17,Card,28.24,Paid
2051,2051,2024-09-26,Card,11.01,Paid
2052,2052,2024-05-06,Mobile Pay,33.00,Paid
2053,2053,2024-10-25,Cash,57.35,Paid
2054,2054,2024-07-18,Card,28.76,Paid
2055,2055,2024-05-26,Cash,23.84,Paid
2056,2056,2024-03-26,Mobile Pay,29.44,Paid
2057,2057,2024-04-16,Card,19.07,Paid
2058,2058,2024-05-21,Mobile Pay,15.62,Paid
2059,2059,2024-05-10,Card,54.27,Paid
2060,2060,2024-03-16,Card,34.67,Paid
2061,2061,2024-08-09,Cash,21.48,Refunded
2062,2062,2024-10-20,Mobile Pay,35.26,Paid
2063,2063,2024-05-03,Mobile Pay,11.05,Paid
2064,2064,2024-12-16,Card,20.44,Paid
2065,2065,2024-05-01,Cash,10.72,Refunded
2066,2066,2024-07-12,Card,27.41,Refunded
2067,2067,2024-05-02,Cash,23.38,Paid
2068,2068,2024-05-14,Cash,31.28,Paid
2069,2069,2024-05-12,Mobile Pay,41.77,Paid
2070,2070,2024-11-14,Mobile Pay,23.82,Paid
2071,2071,2024-08-03,Card,7.20,Paid
2072,2072,2024-11-30,Mobile Pay,12.16,Paid
2073,2073,2024-05-16,Mobile Pay,67.38,Paid
2074,2074,2024-12-02,Cash,14.82,Paid
2075,2075,2024-06-19,Card,45.19,Paid
2076,2076,2024-02-12,Mobile Pay,42.52,Paid
2077,2077,2024-04-28,Card,17.79,Paid
2078,2078,2024-02-04,Card,27.97,Paid
2079,2079,2024-06-14,Cash,24.24,Paid
2080,2080,2024-09-27,Cash,9.67,Refunded
2081,2081,2024-08-13,Cash,30.16,Paid
2082,2082,2024-10-01,Mobile Pay,38.08,Paid
2083,2083,2024-01-07,Mobile Pay,12.06,Paid
2084,2084,2024-05-22,Mobile Pay,44.77,Refunded
2085,2085,2024-01-31,Card,25.68,Paid
2086,2086,2024-06-08,Mobile Pay,28.87,Paid
2087,2087,2024-04-16,Card,16.46,Paid
2088,2088,2024-02-27,Mobile Pay,36.79,Paid
2089,2089,2024-02-22,Mobile Pay,32.08,Paid
2090,2090,2024-03-13,Cash,14.96,Refunded
2091,2091,2024-11-10,Card,10.98,Paid
2092,2092,2024-03-22,Mobile Pay,68.36,Paid
2093,2093,2024-01-05,Mobile Pay,30.05,Refunded
2094,2094,2024-12-06,Card,31.67,Paid
2095,2095,2024-05-08,Mobile Pay,20.49,Refunded
2096,2096,2024-05-23,Cash,25.31,Refunded
2097,2097,2024-08-06,Card,59.77,Paid
2098,2098,2024-05-30,Mobile Pay,25.70,Paid
2099,2099,2024-07-02,Card,21.97,Refunded
2100,2100,2024-12-07,Card,28.71,Refunded
2101,2101,2024-05-09,Card,58.74,Paid
2102,2102,2024-11-23,Mobile Pay,14.76,Paid
2103,2103,2024-05-27,Card,24.45,Refunded
2104,2104,2024-08-17,Cash,16.12,Paid
2105,2105,2024-05-10,Card,35.76,Refunded
2106,2106,2024-02-12,Card,27.72,Paid
2107,2107,2024-02-19,Card,12.37,Paid
2108,2108,2024-02-12,Card,31.05,Paid
2109,2109,2024-09-09,Cash,30.55,Paid
2110,2110,2024-12-19,Mobile Pay,14.37,Paid
2111,2111,2024-07-25,Card,14.32,Paid
2112,2112,2024-03-27,Cash,20.30,Paid
2113,2113,2024-02-07,Card,36.57,Paid
2114,2114,2024-04-23,Card,14.04,Paid
2115,2115,2024-09-02,Card,33.21,Paid
2116,2116,2024-06-26,Card,33.04,Refunded
2117,2117,2024-10-23,Cash,13.60,Paid
2118,2118,2024-12-14,Cash,25.94,Paid
2119,2119,2024-04-23,Cash,50.63,Paid
2120,2120,2024-11-12,Cash,16.83,Paid
2121,2121,2024-10-03,Cash,34.76,Paid
2122,2122,2024-12-09,Mobile Pay,43.20,Paid
2123,2123,2024-01-05,Card,42.91,Paid
2124,2124,2024-09-15,Cash,12.04,Refunded
2125,2125,2024-01-28,Mobile Pay,38.72,Paid
2126,2126,2024-07-04,Card,71.90,Paid
2127,2127,2024-06-09,Card,87.70,Paid
2128,2128,2024-09-16,Cash,20.84,Paid
2129,2129,2024-09-08,Cash,33.23,Paid
2130,2130,2024-02-21,Card,14.93,Paid
2131,2131,2024-06-14,Mobile Pay,117.09,Paid
2132,2132,2024-03-25,Card,20.10,Paid
2133,2133,2024-03-01,Card,12.54,Paid
2134,2134,2024-10-22,Cash,15.26,Paid
2135,2135,2024-12-13,Card,14.02,Paid
2136,2136,2024-02-24,Cash,20.98,Refunded
2137,2137,2024-05-03,Card,64.05,Paid
2138,2138,2024-04-14,Cash,19.95,Refunded
2139,2139,2024-09-09,Card,55.98,Paid
2140,2140,2024-02-02,Card,30.43,Paid
2141,2141,2024-04-13,Card,25.60,Refunded
2142,2142,2024-12-28,Mobile Pay,36.79,Paid
2143,2143,2024-04-04,Card,28.10,Refunded
2144,2144,2024-12-20,Cash,14.58,Paid
2145,2145,2024-04-29,Card,10.78,Paid
2146,2146,2024-05-19,Cash,6.68,Paid
2147,2147,2024-08-01,Mobile Pay,70.82,Paid
2148,2148,2024-01-23,Mobile Pay,25.63,Paid
2149,2149,2024-08-09,Mobile Pay,16.47,Paid
2150,2150,2024-09-27,Mobile Pay,22.74,Paid
2151,2151,2024-01-20,Card,19.97,Paid
2152,2152,2024-05-29,Mobile Pay,23.80,Paid
2153,2153,2024-06-09,Mobile Pay,11.94,Paid
2154,2154,2024-06-25,Cash,43.07,Paid
2155,2155,2024-07-23,Cash,18.36,Paid
2156,2156,2024-02-02,Card,26.50,Refunded
2157,2157,2024-09-19,Mobile Pay,31.36,Paid
2158,2158,2024-08-15,Mobile Pay,21.03,Refunded
2159,2159,2024-05-12,Card,29.88,Paid
2160,2160,2024-05-02,Cash,31.56,Paid
2161,2161,2024-06-16,Card,17.16,Paid
2162,2162,2024-11-05,Card,36.52,Paid
2163,2163,2024-08-01,Mobile Pay,21.93,Paid
2164,2164,2024-02-04,Cash,10.44,Paid
2165,2165,2024-04-26,Card,16.90,Paid
2166,2166,2024-03-16,Card,20.32,Refunded
2167,2167,2024-12-06,Mobile Pay,13.69,Refunded
2168,2168,2024-02-15,Cash,14.27,Paid
2169,2169,2024-09-27,Cash,35.28,Paid
2170,2170,2024-06-17,Cash,13.15,Paid
2171,2171,2024-08-30,Cash,21.83,Paid
2172,2172,2024-11-04,Cash,44.94,Paid
2173,2173,2024-02-20,Card,46.63,Paid
2174,2174,2024-11-09,Mobile Pay,64.82,Paid
2175,2175,2024-01-22,Mobile Pay,27.81,Paid
2176,2176,2024-12-20,Cash,36.89,Paid
2177,2177,2024-12-12,Mobile Pay,19.78,Paid
2178,2178,2024-03-15,Cash,16.73,Paid
2179,2179,2024-03-22,Mobile Pay,70.32,Paid
2180,2180,2024-11-13,Cash,21.12,Paid
2181,2181,2024-01-19,Mobile Pay,11.48,Paid
2182,2182,2024-03-27,Card,68.44,Paid
2183,2183,2024-12-22,Mobile Pay,22.49,Paid
2184,2184,2024-01-14,Card,29.73,Paid
2185,2185,2024-07-27,Card,31.13,Paid
2186,2186,2024-10-22,Cash,25.58,Paid
2187,2187,2024-06-09,Mobile Pay,37.97,Refunded
2188,2188,2024-09-02,Cash,20.70,Paid
2189,2189,2024-09-09,Cash,16.54,Paid
2190,2190,2024-03-27,Mobile Pay,29.75,Refunded
2191,2191,2024-09-10,Cash,24.75,Refunded
2192,2192,2024-10-12,Mobile Pay,33.48,Paid
2193,2193,2024-01-10,Mobile Pay,17.62,Paid
2194,2194,2024-08-29,Card,41.57,Paid
2195,2195,2024-08-07,Mobile Pay,40.35,Paid
2196,2196,2024-05-20,Cash,38.15,Paid
2197,2197,2024-05-05,Cash,15.65,Paid
2198,2198,2024-08-26,Mobile Pay,23.42,Paid
2199,2199,2024-06-27,Cash,69.53,Paid
2200,2200,2024-06-11,Mobile Pay,16.50,Paid
2201,2201,2024-11-10,Mobile Pay,16.50,Paid
2202,2202,2024-08-07,Mobile Pay,31.75,Refunded
2203,2203,2024-03-24,Card,19.04,Paid
2204,2204,2024-03-18,Cash,37.50,Paid
2205,2205,2024-02-10,Mobile Pay,17.16,Refunded
2206,2206,2024-01-18,Mobile Pay,17.00,Paid
2207,2207,2024-01-21,Cash,37.83,Paid
2208,2208,2024-10-05,Mobile Pay,29.14,Paid
2209,2209,2024-08-07,Mobile Pay,28.09,Paid
2210,2210,2024-01-12,Mobile Pay,16.36,Paid
2211,2211,2024-08-01,Mobile Pay,23.67,Paid
2212,2212,2024-07-27,Cash,22.02,Paid
2213,2213,2024-08-26,Cash,19.46,Refunded
2214,2214,2024-12-13,Cash,41.90,Paid
2215,2215,2024-05-21,Cash,18.94,Paid
2216,2216,2024-04-21,Mobile Pay,16.76,Paid
2217,2217,2024-12-15,Cash,16.31,Paid
2218,2218,2024-08-13,Cash,9.95,Paid
2219,2219,2024-11-08,Mobile Pay,36.98,Paid
2220,2220,2024-10-27,Cash,55.99,Paid
2221,2221,2024-02-23,Card,38.54,Paid
2222,2222,2024-01-18,Mobile Pay,31.07,Paid
2223,2223,2024-03-02,Cash,61.91,Paid
2224,2224,2024-08-22,Mobile Pay,11.13,Refunded
2225,2225,2024-06-15,Card,79.23,Paid
2226,2226,2024-07-27,Cash,12.86,Paid
2227,2227,2024-04-24,Cash,10.53,Paid
2228,2228,2024-11-09,Card,16.44,Paid
2229,2229,2024-02-20,Mobile Pay,8.07,Paid
2230,2230,2024-06-01,Mobile Pay,11.44,Paid
2231,2231,2024-02-10,Cash,7.89,Refunded
2232,2232,2024-10-18,Card,28.69,Paid
2233,2233,2024-04-29,Card,8.86,Paid
2234,2234,2024-01-15,Cash,37.94,Paid
2235,2235,2024-05-08,Mobile Pay,46.74,Paid
2236,2236,2024-06-11,Mobile Pay,55.85,Paid
2237,2237,2024-12-12,Cash,42.60,Paid
2238,2238,2024-11-11,Cash,17.77,Refunded
2239,2239,2024-02-23,Mobile Pay,12.79,Paid
2240,2240,2024-04-09,Mobile Pay,14.58,Paid
2241,2241,2024-09-08,Mobile Pay,36.81,Paid
2242,2242,2024-04-05,Card,42.75,Paid
2243,2243,2024-12-15,Cash,10.33,Refunded
2244,2244,2024-01-29,Mobile Pay,9.98,Paid
2245,2245,2024-10-04,Card,40.95,Paid
2246,2246,2024-05-02,Cash,15.46,Paid
2247,2247,2024-07-16,Cash,9.71,Paid
2248,2248,2024-05-19,Mobile Pay,80.71,Paid
2249,2249,2024-02-17,Card,23.03,Paid
2250,2250,2024-11-17,Cash,17.17,Refunded
2251,2251,2024-12-01,Card,13.30,Paid
2252,2252,2024-11-20,Card,69.31,Paid
2253,2253,2024-09-28,Cash,16.99,Refunded
2254,2254,2024-10-07,Cash,60.71,Paid
2255,2255,2024-08-05,Card,36.30,Paid
2256,2256,2024-04-01,Card,32.19,Refunded
2257,2257,2024-10-24,Card,41.49,Refunded
2258,2258,2024-01-14,Cash,27.67,Paid
2259,2259,2024-11-18,Cash,44.86,Paid
2260,2260,2024-02-18,Mobile Pay,33.35,Paid
2261,2261,2024-08-16,Mobile Pay,20.85,Paid
2262,2262,2024-08-13,Card,24.93,Paid
2263,2263,2024-10-26,Cash,19.32,Paid
2264,2264,2024-03-14,Cash,14.42,Paid
2265,2265,2024-08-08,Mobile Pay,52.12,Refunded
2266,2266,2024-07-20,Cash,23.42,Paid
2267,2267,2024-07-26,Mobile Pay,30.94,Paid
2268,2268,2024-10-05,Card,13.11,Paid
2269,2269,2024-02-18,Cash,12.09,Paid
2270,2270,2024-02-01,Card,18.96,Paid
2271,2271,2024-07-06,Cash,17.67,Paid
2272,2272,2024-12-20,Cash,8.67,Paid
2273,2273,2024-04-15,Mobile Pay,11.49,Paid
2274,2274,2024-12-03,Card,24.13,Refunded
2275,2275,2024-02-14,Mobile Pay,33.20,Paid
2276,2276,2024-09-22,Mobile Pay,30.39,Paid
2277,2277,2024-05-27,Cash,28.42,Refunded
2278,2278,2024-06-09,Mobile Pay,22.74,Paid
2279,2279,2024-09-22,Card,17.86,Paid
2280,2280,2024-05-24,Card,27.13,Paid
2281,2281,2024-02-03,Mobile Pay,12.09,Paid
2282,2282,2024-12-12,Cash,38.79,Paid
2283,2283,2024-09-28,Mobile Pay,30.68,Paid
2284,2284,2024-08-22,Card,72.82,Paid
2285,2285,2024-10-30,Card,72.46,Paid
2286,2286,2024-12-05,Card,27.74,Refunded
2287,2287,2024-09-25,Cash,14.05,Paid
2288,2288,2024-01-03,Mobile Pay,20.22,Paid
2289,2289,2024-02-20,Mobile Pay,23.58,Paid
2290,2290,2024-01-23,Card,60.97,Paid
2291,2291,2024-04-30,Mobile Pay,59.86,Paid
2292,2292,2024-03-08,Card,11.74,Refunded
2293,2293,2024-07-07,Card,27.19,Paid
2294,2294,2024-05-27,Mobile Pay,28.14,Paid
2295,2295,2024-10-01,Mobile Pay,8.70,Refunded
2296,2296,2024-04-13,Mobile Pay,15.21,Paid
2297,2297,2024-06-21,Card,18.93,Paid
2298,2298,2024-06-26,Card,23.60,Paid
2299,2299,2024-07-04,Card,51.56,Refunded
2300,2300,2024-06-01,Card,27.24,Refunded
2301,2301,2024-08-18,Cash,11.53,Paid
2302,2302,2024-06-19,Cash,76.84,Paid
2303,2303,2024-09-15,Card,68.21,Refunded
2304,2304,2024-06-16,Mobile Pay,30.53,Paid
2305,2305,2024-09-16,Cash,36.73,Paid
2306,2306,2024-04-12,Card,55.62,Refunded
2307,2307,2024-08-12,Cash,59.52,Paid
2308,2308,2024-07-14,Card,16.58,Paid
2309,2309,2024-04-05,Cash,32.04,Refunded
2310,2310,2024-11-22,Mobile Pay,22.07,Refunded
2311,2311,2024-09-09,Cash,30.78,Refunded
2312,2312,2024-10-18,Mobile Pay,16.67,Paid
2313,2313,2024-11-29,Mobile Pay,66.18,Paid
2314,2314,2024-08-17,Mobile Pay,10.72,Paid
2315,2315,2024-02-14,Mobile Pay,18.37,Paid
2316,2316,2024-04-20,Cash,45.07,Paid
2317,2317,2024-01-18,Cash,27.91,Paid
2318,2318,2024-02-01,Card,22.70,Refunded
2319,2319,2024-04-21,Mobile Pay,24.81,Paid
2320,2320,2024-04-15,Card,17.59,Paid
2321,2321,2024-06-20,Mobile Pay,21.94,Paid
2322,2322,2024-02-16,Card,22.76,Paid
2323,2323,2024-02-23,Mobile Pay,15.05,Paid
2324,2324,2024-08-04,Mobile Pay,21.72,Paid
2325,2325,2024-07-15,Cash,13.28,Paid
2326,2326,2025-01-02,Mobile Pay,34.03,Paid
2327,2327,2024-01-25,Card,20.77,Refunded
2328,2328,2024-10-15,Cash,20.18,Paid
2329,2329,2024-05-19,Cash,48.20,Paid
2330,2330,2024-11-29,Cash,31.70,Paid
2331,2331,2024-05-20,Mobile Pay,29.08,Paid
2332,2332,2024-05-27,Card,30.84,Paid
2333,2333,2024-04-30,Mobile Pay,21.53,Refunded
2334,2334,2024-01-01,Mobile Pay,37.94,Paid
2335,2335,2024-12-21,Cash,44.61,Paid
2336,2336,2024-11-27,Card,11.55,Paid
2337,2337,2024-08-17,Card,10.77,Refunded
2338,2338,2024-04-07,Card,22.26,Paid
2339,2339,2024-04-07,Cash,31.88,Paid
2340,2340,2024-02-03,Card,14.14,Refunded
2341,2341,2024-08-27,Card,31.29,Paid
2342,2342,2024-03-02,Cash,23.18,Refunded
2343,2343,2024-08-20,Cash,15.76,Refunded
2344,2344,2024-04-17,Card,55.18,Refunded
2345,2345,2024-06-12,Cash,17.52,Paid
2346,2346,2024-04-17,Card,16.63,Paid
2347,2347,2024-12-30,Card,29.24,Paid
2348,2348,2024-07-07,Card,16.14,Paid
2349,2349,2024-08-27,Card,46.77,Paid
2350,2350,2024-09-04,Mobile Pay,20.35,Paid
2351,2351,2024-01-12,Cash,72.34,Paid
2352,2352,2024-08-23,Cash,58.94,Refunded
2353,2353,2024-12-11,Mobile Pay,26.20,Paid
2354,2354,2024-09-11,Cash,27.08,Paid
2355,2355,2024-02-27,Mobile Pay,24.94,Paid
2356,2356,2024-05-12,Card,15.77,Paid
2357,2357,2024-05-08,Mobile Pay,27.72,Paid
2358,2358,2024-02-18,Cash,15.26,Paid
2359,2359,2024-07-27,Card,30.98,Paid
2360,2360,2024-10-12,Card,19.29,Refunded
2361,2361,2024-04-29,Mobile Pay,22.22,Refunded
2362,2362,2024-10-31,Mobile Pay,63.68,Paid
2363,2363,2024-04-15,Mobile Pay,56.60,Refunded
2364,2364,2024-01-21,Card,28.70,Paid
2365,2365,2024-03-02,Mobile Pay,17.67,Paid
2366,2366,2024-06-13,Cash,50.28,Paid
2367,2367,2024-03-11,Mobile Pay,33.07,Paid
2368,2368,2024-06-20,Mobile Pay,21.94,Paid
2369,2369,2024-01-19,Card,46.39,Paid
2370,2370,2024-12-12,Card,24.74,Paid
2371,2371,2024-01-10,Mobile Pay,8.74,Paid
2372,2372,2024-12-23,Card,46.97,Paid
2373,2373,2024-03-05,Card,11.43,Paid
2374,2374,2024-03-31,Cash,29.05,Paid
2375,2375,2024-01-31,Card,13.07,Paid
2376,2376,2024-06-14,Cash,26.12,Refunded
2377,2377,2024-04-29,Cash,25.21,Paid
2378,2378,2024-06-14,Card,23.65,Paid
2379,2379,2024-10-10,Card,30.32,Paid
2380,2380,2024-06-02,Mobile Pay,20.92,Refunded
2381,2381,2024-12-25,Card,17.79,Paid
2382,2382,2024-03-05,Card,41.95,Paid
2383,2383,2024-11-05,Mobile Pay,14.94,Paid
2384,2384,2024-11-08,Cash,27.07,Paid
2385,2385,2024-12-28,Mobile Pay,24.24,Paid
2386,2386,2024-06-21,Cash,18.88,Paid
2387,2387,2024-04-13,Cash,9.44,Paid
2388,2388,2024-02-02,Cash,31.32,Paid
2389,2389,2024-12-13,Card,35.53,Paid
2390,2390,2024-07-09,Card,22.34,Refunded
2391,2391,2024-12-07,Card,20.56,Paid
2392,2392,2024-07-13,Mobile Pay,18.38,Paid
2393,2393,2024-11-14,Cash,47.32,Paid
2394,2394,2024-06-18,Mobile Pay,7.83,Paid
2395,2395,2024-07-02,Mobile Pay,17.29,Refunded
2396,2396,2024-09-09,Cash,20.65,Paid
2397,2397,2024-04-13,Card,23.28,Paid
2398,2398,2024-02-07,Cash,25.85,Paid
2399,2399,2024-11-21,Card,21.20,Refunded
2400,2400,2024-01-30,Mobile Pay,16.99,Refunded
2401,2401,2024-11-19,Cash,9.67,Refunded
2402,2402,2024-09-26,Mobile Pay,15.75,Paid
2403,2403,2024-05-10,Cash,25.19,Paid
2404,2404,2024-12-27,Mobile Pay,22.72,Paid
2405,2405,2024-12-03,Card,38.84,Paid
2406,2406,2024-04-17,Mobile Pay,19.93,Refunded
2407,2407,2024-03-23,Cash,16.48,Refunded
2408,2408,2024-01-25,Mobile Pay,16.21,Paid
2409,2409,2024-07-23,Mobile Pay,7.66,Refunded
2410,2410,2024-11-19,Cash,23.22,Paid
2411,2411,2024-04-08,Cash,13.85,Paid
2412,2412,2024-05-14,Cash,19.51,Paid
2413,2413,2024-07-31,Cash,23.25,Paid
2414,2414,2024-03-16,Cash,65.67,Refunded
2415,2415,2024-10-25,Card,11.34,Refunded
2416,2416,2024-08-25,Cash,23.42,Paid
2417,2417,2024-10-24,Card,27.08,Paid
2418,2418,2024-09-28,Cash,10.38,Paid
2419,2419,2024-08-15,Cash,19.65,Refunded
2420,2420,2024-03-05,Mobile Pay,35.58,Refunded
2421,2421,2024-07-11,Cash,25.15,Paid
2422,2422,2024-06-07,Mobile Pay,29.47,Refunded
2423,2423,2024-06-10,Card,31.17,Paid
2424,2424,2024-11-11,Cash,15.74,Paid
2425,2425,2024-06-07,Mobile Pay,25.83,Paid
2426,2426,2024-12-08,Mobile Pay,32.55,Paid
2427,2427,2024-11-10,Mobile Pay,24.97,Paid
2428,2428,2024-07-02,Card,63.52,Refunded
2429,2429,2024-01-03,Card,28.44,Paid
2430,2430,2024-07-04,Cash,29.82,Refunded
2431,2431,2024-07-10,Mobile Pay,7.69,Paid
2432,2432,2024-05-11,Card,10.72,Refunded
2433,2433,2024-02-06,Cash,17.59,Paid
2434,2434,2024-10-14,Card,22.47,Refunded
2435,2435,2024-02-24,Mobile Pay,24.52,Paid
2436,2436,2024-11-02,Mobile Pay,73.22,Paid
2437,2437,2024-08-29,Card,19.16,Paid
2438,2438,2024-09-28,Mobile Pay,25.97,Paid
2439,2439,2024-12-01,Card,19.84,Refunded
2440,2440,2024-09-16,Mobile Pay,24.27,Paid
2441,2441,2024-06-28,Mobile Pay,17.12,Paid
2442,2442,2024-10-22,Cash,16.16,Paid
2443,2443,2024-12-28,Card,8.59,Paid
2444,2444,2024-08-26,Card,19.99,Paid
2445,2445,2024-03-18,Mobile Pay,44.15,Paid
2446,2446,2024-03-30,Mobile Pay,26.00,Paid
2447,2447,2024-04-11,Mobile Pay,23.54,Paid
2448,2448,2024-01-26,Mobile Pay,15.24,Paid
2449,2449,2024-04-09,Mobile Pay,26.29,Refunded
2450,2450,2024-06-16,Card,21.18,Paid
2451,2451,2024-03-22,Card,15.26,Paid
2452,2452,2024-01-03,Mobile Pay,12.54,Paid
2453,2453,2024-07-15,Card,48.97,Paid
2454,2454,2024-06-19,Cash,33.94,Paid
2455,2455,2024-03-04,Mobile Pay,26.48,Paid
2456,2456,2024-12-13,Mobile Pay,13.57,Paid
2457,2457,2024-01-26,Cash,60.64,Paid
2458,2458,2024-12-21,Cash,17.90,Refunded
2459,2459,2024-01-02,Cash,26.86,Paid
2460,2460,2024-04-12,Card,84.72,Paid
2461,2461,2024-07-14,Mobile Pay,9.38,Paid
2462,2462,2024-03-10,Cash,22.28,Paid
2463,2463,2024-09-02,Cash,21.49,Paid
2464,2464,2024-09-13,Mobile Pay,7.63,Refunded
2465,2465,2024-05-05,Mobile Pay,25.67,Refunded
2466,2466,2024-11-04,Cash,36.07,Paid
2467,2467,2024-04-27,Cash,22.33,Refunded
2468,2468,2024-01-08,Card,57.56,Paid
2469,2469,2024-01-13,Cash,8.38,Paid
2470,2470,2024-07-11,Mobile Pay,14.49,Paid
2471,2471,2024-06-25,Cash,31.16,Refunded
2472,2472,2024-03-17,Card,11.83,Refunded
2473,2473,2024-06-14,Card,17.40,Paid
2474,2474,2024-08-02,Mobile Pay,23.63,Paid
2475,2475,2024-06-17,Cash,16.02,Paid
2476,2476,2024-11-04,Card,16.79,Paid
2477,2477,2024-02-23,Card,17.46,Paid
2478,2478,2024-04-26,Mobile Pay,46.55,Refunded
2479,2479,2024-10-18,Mobile Pay,59.54,Paid
2480,2480,2024-06-21,Mobile Pay,11.63,Paid
2481,2481,2024-07-08,Card,27.36,Paid
2482,2482,2024-08-14,Cash,18.90,Paid
2483,2483,2024-12-22,Cash,31.84,Paid
2484,2484,2024-04-22,Cash,13.26,Paid
2485,2485,2024-12-21,Cash,30.20,Paid
2486,2486,2024-06-21,Card,21.75,Paid
2487,2487,2024-06-02,Card,7.11,Paid
2488,2488,2024-01-28,Cash,37.59,Paid
2489,2489,2024-05-28,Card,13.60,Paid
2490,2490,2024-11-01,Cash,14.26,Paid
2491,2491,2024-01-11,Mobile Pay,34.31,Paid
2492,2492,2024-07-15,Mobile Pay,18.23,Paid
2493,2493,2024-01-15,Cash,63.44,Paid
2494,2494,2024-06-25,Cash,38.88,Paid
2495,2495,2024-01-22,Mobile Pay,16.76,Paid
2496,2496,2024-02-25,Mobile Pay,28.92,Refunded
2497,2497,2024-11-16,Cash,24.83,Paid
2498,2498,2024-09-03,Cash,15.76,Paid
2499,2499,2024-02-27,Mobile Pay,26.67,Paid
2500,2500,2024-01-20,Mobile Pay,64.26,Paid
2501,2501,2024-10-10,Mobile Pay,40.50,Paid
2502,2502,2024-05-23,Card,19.01,Paid
2503,2503,2024-05-13,Mobile Pay,23.24,Paid
2504,2504,2024-11-12,Mobile Pay,6.06,Paid
2505,2505,2024-09-13,Cash,27.96,Refunded
2506,2506,2024-11-21,Card,20.01,Paid
2507,2507,2024-03-14,Mobile Pay,100.63,Refunded
2508,2508,2024-06-27,Mobile Pay,54.68,Paid
2509,2509,2024-12-20,Card,17.30,Paid
2510,2510,2024-06-26,Mobile Pay,35.09,Paid
2511,2511,2024-05-12,Card,12.06,Paid
2512,2512,2024-08-21,Card,39.54,Paid
2513,2513,2024-05-17,Cash,26.24,Paid
2514,2514,2024-10-21,Card,10.89,Paid
2515,2515,2024-09-06,Cash,15.59,Paid
2516,2516,2024-03-12,Card,21.86,Paid
2517,2517,2024-10-20,Mobile Pay,32.36,Paid
2518,2518,2024-10-06,Card,30.87,Paid
2519,2519,2024-07-28,Card,32.30,Paid
2520,2520,2024-09-20,Mobile Pay,80.00,Paid
2521,2521,2024-05-02,Mobile Pay,13.17,Refunded
2522,2522,2024-11-29,Mobile Pay,52.54,Paid
2523,2523,2024-08-04,Mobile Pay,13.09,Paid
2524,2524,2024-06-15,Cash,15.21,Refunded
2525,2525,2024-06-30,Card,17.02,Paid
2526,2526,2024-03-03,Cash,41.33,Paid
2527,2527,2024-12-14,Cash,23.91,Paid
2528,2528,2024-07-31,Cash,37.91,Paid
2529,2529,2024-02-18,Card,26.58,Paid
2530,2530,2024-10-07,Mobile Pay,30.06,Paid
2531,2531,2024-01-12,Card,10.18,Paid
2532,2532,2024-02-29,Mobile Pay,17.18,Paid
2533,2533,2024-05-30,Cash,25.56,Paid
2534,2534,2024-11-14,Cash,25.36,Refunded
2535,2535,2024-04-30,Card,14.41,Refunded
2536,2536,2024-08-18,Mobile Pay,29.11,Paid
2537,2537,2024-08-03,Cash,15.58,Paid
2538,2538,2024-06-26,Cash,35.50,Paid
2539,2539,2024-05-26,Card,9.65,Refunded
2540,2540,2024-09-03,Cash,17.49,Paid
2541,2541,2024-12-23,Mobile Pay,13.87,Paid
2542,2542,2024-11-05,Cash,18.79,Paid
2543,2543,2024-11-03,Card,17.72,Paid
2544,2544,2024-12-13,Mobile Pay,21.95,Paid
2545,2545,2024-03-06,Card,26.64,Refunded
2546,2546,2024-01-26,Cash,36.42,Refunded
2547,2547,2024-11-08,Card,26.09,Paid
2548,2548,2024-08-14,Mobile Pay,32.00,Paid
2549,2549,2024-06-08,Cash,56.40,Paid
2550,2550,2024-09-15,Mobile Pay,15.36,Paid
2551,2551,2024-06-22,Card,11.10,Paid
2552,2552,2024-02-05,Mobile Pay,17.38,Paid
2553,2553,2024-04-11,Mobile Pay,73.71,Paid
2554,2554,2024-02-08,Cash,15.86,Refunded
2555,2555,2024-11-28,Cash,35.13,Paid
2556,2556,2024-03-21,Card,19.30,Refunded
2557,2557,2024-06-05,Card,47.92,Paid
2558,2558,2024-05-24,Cash,23.62,Paid
2559,2559,2024-09-11,Mobile Pay,17.78,Paid
2560,2560,2024-07-30,Card,20.22,Paid
2561,2561,2024-05-15,Mobile Pay,8.75,Paid
2562,2562,2024-08-31,Cash,31.12,Paid
2563,2563,2024-06-28,Mobile Pay,35.68,Paid
2564,2564,2024-12-06,Card,20.32,Refunded
2565,2565,2024-04-23,Mobile Pay,19.90,Refunded
2566,2566,2024-05-25,Card,22.11,Paid
2567,2567,2024-10-16,Card,26.73,Paid
2568,2568,2024-07-28,Cash,14.49,Paid
2569,2569,2024-10-13,Card,16.50,Refunded
2570,2570,2024-10-21,Card,22.40,Paid
2571,2571,2024-04-30,Card,85.53,Paid
2572,2572,2024-05-29,Mobile Pay,22.07,Refunded
2573,2573,2024-11-01,Card,36.23,Paid
2574,2574,2024-09-17,Card,40.73,Paid
2575,2575,2024-09-09,Card,23.28,Paid
2576,2576,2024-03-13,Mobile Pay,28.49,Paid
2577,2577,2024-01-07,Mobile Pay,9.08,Paid
2578,2578,2024-05-19,Mobile Pay,19.43,Paid
2579,2579,2024-10-13,Cash,20.07,Paid
2580,2580,2024-09-04,Mobile Pay,14.21,Paid
2581,2581,2024-02-10,Mobile Pay,29.15,Paid
2582,2582,2024-08-12,Mobile Pay,15.54,Paid
2583,2583,2024-07-26,Cash,33.40,Paid
2584,2584,2024-09-24,Card,41.23,Paid
2585,2585,2024-10-29,Cash,29.83,Paid
2586,2586,2024-05-23,Mobile Pay,9.06,Paid
2587,2587,2024-08-28,Card,18.22,Paid
2588,2588,2024-12-02,Cash,12.59,Paid
2589,2589,2024-05-09,Mobile Pay,30.18,Refunded
2590,2590,2024-04-01,Cash,34.74,Refunded
2591,2591,2024-09-15,Mobile Pay,13.05,Paid
2592,2592,2024-02-09,Cash,38.90,Paid
2593,2593,2024-05-21,Card,14.71,Paid
2594,2594,2024-05-06,Cash,26.55,Paid
2595,2595,2024-09-12,Cash,36.93,Paid
2596,2596,2024-09-08,Cash,43.56,Paid
2597,2597,2024-04-05,Mobile Pay,73.02,Refunded
2598,2598,2024-07-17,Card,72.12,Paid
2599,2599,2024-05-18,Mobile Pay,29.37,Refunded
2600,2600,2024-02-01,Cash,11.08,Paid
2601,2601,2024-03-03,Cash,26.10,Paid
2602,2602,2024-09-26,Mobile Pay,62.22,Paid
2603,2603,2024-05-15,Mobile Pay,10.60,Paid
2604,2604,2024-12-08,Card,34.94,Paid
2605,2605,2024-03-19,Mobile Pay,42.51,Paid
2606,2606,2024-08-20,Card,6.76,Paid
2607,2607,2024-12-12,Card,22.39,Paid
2608,2608,2024-05-04,Card,46.43,Paid
2609,2609,2024-06-05,Mobile Pay,27.09,Paid
2610,2610,2024-11-10,Card,15.28,Paid
2611,2611,2024-04-01,Card,11.29,Paid
2612,2612,2024-08-14,Card,13.46,Refunded
2613,2613,2024-07-01,Mobile Pay,25.41,Refunded
2614,2614,2024-09-15,Card,33.73,Paid
2615,2615,2024-05-19,Cash,15.75,Paid
2616,2616,2024-04-06,Mobile Pay,82.56,Paid
2617,2617,2024-10-06,Mobile Pay,12.81,Paid
2618,2618,2024-04-15,Card,30.43,Paid
2619,2619,2024-08-27,Mobile Pay,28.50,Paid
2620,2620,2024-02-12,Mobile Pay,17.70,Paid
2621,2621,2024-01-27,Cash,27.76,Paid
2622,2622,2024-09-22,Card,34.13,Paid
2623,2623,2024-10-04,Mobile Pay,11.26,Paid
2624,2624,2024-11-28,Cash,17.36,Paid
2625,2625,2024-08-28,Mobile Pay,41.67,Paid
2626,2626,2024-04-08,Card,23.64,Refunded
2627,2627,2024-03-31,Cash,29.16,Paid
2628,2628,2024-10-10,Card,19.62,Paid
2629,2629,2024-05-27,Card,43.15,Paid
2630,2630,2024-12-03,Cash,60.23,Paid
2631,2631,2024-04-25,Card,67.94,Refunded
2632,2632,2024-03-19,Cash,43.37,Refunded
2633,2633,2024-12-13,Mobile Pay,59.36,Paid
2634,2634,2024-01-22,Cash,40.80,Refunded
2635,2635,2024-06-07,Cash,24.17,Refunded
2636,2636,2024-05-07,Cash,18.11,Paid
2637,2637,2024-03-14,Mobile Pay,12.73,Paid
2638,2638,2024-03-02,Mobile Pay,33.02,Paid
2639,2639,2024-04-23,Card,21.59,Refunded
2640,2640,2024-11-08,Card,19.84,Paid
2641,2641,2024-07-11,Mobile Pay,61.66,Refunded
2642,2642,2024-09-12,Card,27.72,Paid
2643,2643,2024-12-12,Card,89.98,Paid
2644,2644,2024-12-15,Cash,56.62,Refunded
2645,2645,2024-03-27,Mobile Pay,24.63,Refunded
2646,2646,2024-02-17,Card,33.69,Paid
2647,2647,2024-02-29,Cash,25.48,Paid
2648,2648,2024-02-16,Cash,15.53,Paid
2649,2649,2024-05-27,Mobile Pay,14.25,Paid
2650,2650,2024-05-21,Mobile Pay,37.29,Paid
2651,2651,2024-06-06,Mobile Pay,10.83,Paid
2652,2652,2024-09-01,Mobile Pay,17.20,Paid
2653,2653,2024-02-06,Cash,62.68,Paid
2654,2654,2024-03-01,Cash,29.34,Paid
2655,2655,2024-06-28,Card,25.57,Paid
2656,2656,2024-07-12,Card,31.97,Paid
2657,2657,2024-02-16,Mobile Pay,87.46,Paid
2658,2658,2024-06-15,Cash,24.46,Paid
2659,2659,2024-01-16,Cash,120.62,Paid
2660,2660,2024-07-19,Mobile Pay,18.44,Paid
2661,2661,2024-09-24,Card,20.39,Paid
2662,2662,2024-09-18,Cash,36.86,Paid
2663,2663,2024-04-17,Cash,9.87,Paid
2664,2664,2024-10-14,Card,28.52,Paid
2665,2665,2024-02-24,Mobile Pay,13.36,Refunded
2666,2666,2024-09-12,Card,26.01,Paid
2667,2667,2024-05-28,Card,14.11,Refunded
2668,2668,2024-01-15,Cash,27.26,Paid
2669,2669,2024-03-18,Mobile Pay,33.41,Paid
2670,2670,2024-11-23,Card,33.81,Paid
2671,2671,2024-03-10,Cash,24.18,Refunded
2672,2672,2024-09-17,Mobile Pay,22.50,Refunded
2673,2673,2024-11-09,Mobile Pay,20.35,Paid
2674,2674,2024-05-03,Mobile Pay,15.87,Paid
2675,2675,2024-11-27,Card,31.24,Paid
2676,2676,2024-07-01,Card,24.29,Refunded
2677,2677,2024-11-29,Mobile Pay,17.52,Paid
2678,2678,2024-08-11,Cash,27.87,Paid
2679,2679,2024-02-27,Cash,20.90,Paid
2680,2680,2024-03-17,Card,34.44,Refunded
2681,2681,2024-02-04,Cash,13.84,Refunded
2682,2682,2024-07-28,Mobile Pay,13.95,Paid
2683,2683,2024-11-17,Mobile Pay,74.11,Paid
2684,2684,2024-08-16,Mobile Pay,10.44,Refunded
2685,2685,2024-06-19,Card,18.18,Refunded
2686,2686,2024-04-04,Cash,17.84,Paid
2687,2687,2024-12-21,Mobile Pay,5.74,Paid
2688,2688,2024-07-20,Mobile Pay,25.28,Paid
2689,2689,2024-11-19,Cash,31.28,Paid
2690,2690,2024-01-22,Card,35.42,Paid
2691,2691,2024-08-25,Mobile Pay,32.58,Paid
2692,2692,2024-08-09,Card,21.19,Refunded
2693,2693,2024-12-23,Card,29.25,Paid
2694,2694,2024-11-29,Mobile Pay,22.26,Paid
2695,2695,2024-09-15,Cash,11.03,Paid
2696,2696,2024-08-09,Card,19.79,Paid
2697,2697,2024-03-08,Card,11.21,Paid
2698,2698,2024-07-26,Cash,11.31,Paid
2699,2699,2024-01-11,Cash,21.26,Refunded
2700,2700,2024-12-17,Cash,20.98,Paid
2701,2701,2024-10-21,Card,9.63,Refunded
2702,2702,2024-07-02,Card,11.94,Refunded
2703,2703,2024-09-21,Mobile Pay,32.76,Refunded
2704,2704,2024-08-20,Card,18.04,Paid
2705,2705,2024-04-17,Mobile Pay,86.02,Refunded
2706,2706,2024-03-06,Cash,20.10,Refunded
2707,2707,2024-02-07,Cash,14.04,Refunded
2708,2708,2024-04-19,Mobile Pay,17.46,Paid
2709,2709,2024-04-21,Cash,9.26,Paid
2710,2710,2024-08-07,Card,16.22,Paid
2711,2711,2024-12-05,Card,31.87,Paid
2712,2712,2024-11-18,Card,18.64,Paid
2713,2713,2024-08-30,Mobile Pay,19.72,Paid
2714,2714,2024-07-05,Card,57.78,Paid
2715,2715,2024-03-18,Cash,29.11,Paid
2716,2716,2024-01-25,Card,13.54,Refunded
2717,2717,2024-08-31,Cash,55.69,Paid
2718,2718,2024-10-28,Mobile Pay,20.48,Paid
2719,2719,2024-01-17,Cash,25.87,Refunded
2720,2720,2024-01-03,Mobile Pay,55.53,Paid
2721,2721,2024-12-06,Cash,21.76,Paid
2722,2722,2024-02-11,Cash,82.50,Refunded
2723,2723,2024-04-11,Card,64.28,Paid
2724,2724,2024-09-03,Mobile Pay,21.12,Refunded
2725,2725,2024-11-20,Mobile Pay,35.78,Paid
2726,2726,2024-04-24,Card,26.42,Paid
2727,2727,2024-06-24,Mobile Pay,70.00,Paid
2728,2728,2024-02-08,Cash,17.98,Paid
2729,2729,2024-08-19,Card,15.62,Refunded
2730,2730,2024-12-29,Card,9.34,Paid
2731,2731,2024-12-17,Mobile Pay,43.07,Paid
2732,2732,2024-05-14,Card,32.49,Paid
2733,2733,2024-02-26,Card,58.09,Paid
2734,2734,2024-10-11,Mobile Pay,35.48,Paid
2735,2735,2024-09-10,Mobile Pay,14.24,Paid
2736,2736,2024-02-09,Cash,23.64,Paid
2737,2737,2024-12-21,Card,52.37,Paid
2738,2738,2024-02-12,Card,39.78,Refunded
2739,2739,2024-02-23,Mobile Pay,33.02,Paid
2740,2740,2024-09-20,Card,25.40,Refunded
2741,2741,2024-11-09,Mobile Pay,19.94,Paid
2742,2742,2024-02-27,Card,78.46,Paid
2743,2743,2024-10-24,Cash,6.11,Paid
2744,2744,2024-10-23,Card,15.27,Paid
2745,2745,2024-10-13,Card,14.99,Paid
2746,2746,2024-04-10,Mobile Pay,59.74,Paid
2747,2747,2024-02-07,Card,7.72,Paid
2748,2748,2024-12-26,Mobile Pay,17.50,Refunded
2749,2749,2024-06-13,Mobile Pay,40.14,Refunded
2750,2750,2024-05-08,Mobile Pay,12.93,Paid
2751,2751,2024-01-16,Card,27.20,Paid
2752,2752,2024-07-30,Cash,24.87,Paid
2753,2753,2024-05-02,Mobile Pay,14.56,Refunded
2754,2754,2024-09-29,Mobile Pay,6.71,Paid
2755,2755,2024-06-03,Cash,25.58,Paid
2756,2756,2024-04-18,Cash,16.42,Paid
2757,2757,2024-01-01,Card,26.79,Paid
2758,2758,2024-12-16,Cash,7.82,Paid
2759,2759,2024-02-19,Mobile Pay,24.78,Paid
2760,2760,2024-03-17,Cash,48.67,Paid
2761,2761,2024-03-19,Mobile Pay,14.97,Paid
2762,2762,2024-10-25,Cash,23.98,Paid
2763,2763,2024-08-11,Card,14.79,Paid
2764,2764,2024-08-10,Card,62.89,Refunded
2765,2765,2024-09-23,Mobile Pay,19.13,Paid
2766,2766,2024-07-26,Cash,58.52,Paid
2767,2767,2024-09-06,Card,32.66,Paid
2768,2768,2024-06-21,Card,22.84,Paid
2769,2769,2024-04-28,Cash,22.16,Paid
2770,2770,2024-08-23,Cash,35.28,Refunded
2771,2771,2024-09-22,Card,13.53,Paid
2772,2772,2024-09-21,Mobile Pay,15.14,Paid
2773,2773,2024-08-17,Cash,16.36,Paid
2774,2774,2024-01-10,Card,41.16,Paid
2775,2775,2024-06-21,Cash,17.93,Paid
2776,2776,2024-11-13,Cash,13.70,Paid
2777,2777,2024-11-27,Card,61.30,Paid
2778,2778,2024-11-02,Mobile Pay,10.59,Paid
2779,2779,2024-12-25,Mobile Pay,20.00,Paid
2780,2780,2024-10-08,Mobile Pay,18.98,Paid
2781,2781,2024-10-06,Mobile Pay,10.83,Paid
2782,2782,2024-06-19,Card,27.58,Paid
2783,2783,2024-04-28,Card,9.22,Paid
2784,2784,2024-04-17,Mobile Pay,22.67,Paid
2785,2785,2024-11-26,Cash,27.44,Paid
2786,2786,2024-11-16,Card,17.86,Paid
2787,2787,2024-03-21,Mobile Pay,34.02,Paid
2788,2788,2024-11-25,Card,13.81,Paid
2789,2789,2024-03-13,Mobile Pay,14.12,Refunded
2790,2790,2024-05-19,Card,23.00,Paid
2791,2791,2024-12-03,Cash,25.10,Paid
2792,2792,2024-08-21,Card,27.04,Refunded
2793,2793,2024-10-04,Card,19.18,Paid
2794,2794,2024-05-17,Cash,31.86,Paid
2795,2795,2024-01-17,Cash,30.01,Paid
2796,2796,2024-08-14,Cash,50.47,Paid
2797,2797,2024-02-25,Cash,26.48,Paid
2798,2798,2024-07-10,Mobile Pay,49.41,Paid
2799,2799,2024-11-30,Cash,27.75,Paid
2800,2800,2024-09-13,Mobile Pay,18.31,Refunded
2801,2801,2024-05-04,Mobile Pay,15.72,Paid
2802,2802,2024-11-23,Mobile Pay,43.67,Paid
2803,2803,2024-01-01,Card,22.69,Paid
2804,2804,2024-06-21,Mobile Pay,14.52,Paid
2805,2805,2024-08-25,Cash,24.22,Paid
2806,2806,2024-12-23,Mobile Pay,57.32,Paid
2807,2807,2024-05-31,Mobile Pay,39.49,Paid
2808,2808,2024-01-02,Cash,19.19,Paid
2809,2809,2024-08-07,Cash,15.50,Paid
2810,2810,2024-11-12,Mobile Pay,17.95,Refunded
2811,2811,2024-11-18,Cash,13.04,Paid
2812,2812,2024-08-09,Card,22.05,Paid
2813,2813,2024-02-12,Cash,16.56,Paid
2814,2814,2024-04-26,Cash,23.94,Paid
2815,2815,2024-10-03,Mobile Pay,9.48,Paid
2816,2816,2024-10-27,Mobile Pay,22.08,Refunded
2817,2817,2024-02-21,Cash,7.34,Paid
2818,2818,2024-08-14,Mobile Pay,32.53,Paid
2819,2819,2024-08-23,Cash,14.51,Refunded
2820,2820,2024-10-24,Card,20.28,Paid
2821,2821,2024-11-26,Card,9.35,Paid
2822,2822,2024-01-16,Mobile Pay,22.47,Refunded
2823,2823,2024-12-17,Mobile Pay,14.92,Paid
2824,2824,2024-01-18,Card,55.54,Refunded
2825,2825,2024-03-13,Mobile Pay,37.03,Paid
2826,2826,2024-06-26,Card,63.96,Paid
2827,2827,2024-07-13,Mobile Pay,11.65,Refunded
2828,2828,2024-12-11,Mobile Pay,33.34,Refunded
2829,2829,2024-12-11,Card,22.75,Refunded
2830,2830,2024-01-06,Card,13.69,Paid
2831,2831,2024-01-23,Card,37.79,Paid
2832,2832,2024-03-26,Card,77.43,Refunded
2833,2833,2024-03-07,Cash,74.82,Paid
2834,2834,2024-03-06,Mobile Pay,9.91,Paid
2835,2835,2024-09-25,Mobile Pay,53.89,Paid
2836,2836,2024-07-29,Card,15.74,Paid
2837,2837,2024-07-12,Mobile Pay,10.76,Refunded
2838,2838,2024-12-15,Card,30.29,Paid
2839,2839,2024-01-21,Mobile Pay,10.46,Refunded
2840,2840,2024-01-02,Card,18.70,Paid
2841,2841,2024-12-26,Cash,18.58,Paid
2842,2842,2024-05-17,Cash,28.62,Refunded
2843,2843,2024-12-30,Cash,27.48,Refunded
2844,2844,2024-02-05,Card,22.11,Paid
2845,2845,2024-03-16,Mobile Pay,15.95,Paid
2846,2846,2024-09-11,Mobile Pay,17.12,Paid
2847,2847,2024-07-24,Cash,22.76,Paid
2848,2848,2024-07-07,Cash,33.37,Refunded
2849,2849,2024-04-03,Card,14.38,Paid
2850,2850,2024-04-04,Cash,45.56,Paid
2851,2851,2024-04-25,Card,11.48,Refunded
2852,2852,2024-11-13,Mobile Pay,23.58,Paid
2853,2853,2024-01-24,Mobile Pay,20.66,Paid
2854,2854,2024-02-27,Card,22.31,Paid
2855,2855,2024-08-11,Card,20.03,Paid
2856,2856,2024-08-16,Card,46.04,Paid
2857,2857,2024-08-29,Card,22.93,Paid
2858,2858,2024-08-07,Cash,48.43,Paid
2859,2859,2024-01-13,Cash,21.76,Refunded
2860,2860,2024-07-11,Cash,26.80,Paid
2861,2861,2024-10-09,Cash,12.13,Paid
2862,2862,2024-09-17,Cash,19.01,Paid
2863,2863,2024-01-06,Cash,50.05,Paid
2864,2864,2024-12-19,Mobile Pay,16.54,Paid
2865,2865,2024-05-28,Card,13.33,Paid
2866,2866,2024-09-09,Cash,7.86,Paid
2867,2867,2024-12-02,Card,12.29,Paid
2868,2868,2024-08-16,Cash,9.83,Paid
2869,2869,2024-06-15,Cash,53.44,Paid
2870,2870,2024-08-12,Cash,13.05,Paid
2871,2871,2024-10-27,Cash,20.19,Paid
2872,2872,2024-01-18,Mobile Pay,29.32,Paid
2873,2873,2024-10-10,Mobile Pay,26.24,Refunded
2874,2874,2024-10-19,Cash,23.52,Paid
2875,2875,2024-06-08,Cash,22.82,Paid
2876,2876,2024-10-04,Card,30.97,Paid
2877,2877,2024-11-15,Card,22.86,Refunded
2878,2878,2024-09-02,Card,17.42,Paid
2879,2879,2024-08-27,Cash,48.52,Paid
2880,2880,2024-03-15,Cash,19.42,Paid
2881,2881,2024-12-28,Mobile Pay,32.82,Paid
2882,2882,2024-05-11,Mobile Pay,33.29,Refunded
2883,2883,2024-10-13,Cash,9.83,Paid
2884,2884,2024-10-02,Mobile Pay,39.31,Paid
2885,2885,2024-02-19,Card,22.97,Paid
2886,2886,2024-12-03,Card,13.64,Refunded
2887,2887,2024-10-20,Mobile Pay,8.12,Paid
2888,2888,2024-06-12,Card,9.94,Paid
2889,2889,2024-02-16,Cash,45.07,Paid
2890,2890,2024-03-20,Card,12.56,Paid
2891,2891,2024-07-24,Mobile Pay,22.69,Paid
2892,2892,2024-08-06,Mobile Pay,14.34,Paid
2893,2893,2024-12-06,Card,25.25,Paid
2894,2894,2024-10-03,Card,31.34,Refunded
2895,2895,2024-05-19,Card,11.57,Paid
2896,2896,2024-11-27,Mobile Pay,34.60,Paid
2897,2897,2024-04-06,Mobile Pay,24.19,Paid
2898,2898,2024-05-04,Cash,50.86,Paid
2899,2899,2024-02-13,Cash,16.15,Paid
2900,2900,2024-05-02,Mobile Pay,22.38,Paid
2901,2901,2024-05-14,Card,16.68,Paid
2902,2902,2024-09-06,Cash,9.04,Paid
2903,2903,2024-02-15,Mobile Pay,12.45,Paid
2904,2904,2024-02-18,Card,28.56,Paid
2905,2905,2024-06-04,Mobile Pay,31.09,Refunded
2906,2906,2024-03-28,Cash,14.82,Paid
2907,2907,2024-01-12,Cash,41.56,Refunded
2908,2908,2024-04-25,Cash,23.91,Paid
2909,2909,2024-06-20,Cash,7.53,Paid
2910,2910,2024-09-22,Card,30.61,Paid
2911,2911,2024-11-20,Cash,64.25,Paid
2912,2912,2024-01-07,Cash,13.15,Paid
2913,2913,2024-10-08,Mobile Pay,50.80,Paid
2914,2914,2024-01-12,Card,56.29,Paid
2915,2915,2024-05-08,Cash,26.43,Paid
2916,2916,2024-11-28,Card,25.45,Paid
2917,2917,2024-04-06,Cash,17.46,Paid
2918,2918,2024-12-13,Mobile Pay,9.10,Paid
2919,2919,2024-03-09,Mobile Pay,13.38,Paid
2920,2920,2024-08-28,Mobile Pay,24.28,Paid
2921,2921,2024-05-01,Mobile Pay,33.18,Paid
2922,2922,2024-06-10,Mobile Pay,16.08,Paid
2923,2923,2024-12-03,Mobile Pay,34.26,Paid
2924,2924,2024-10-21,Card,22.22,Paid
2925,2925,2024-01-03,Cash,27.32,Paid
2926,2926,2024-10-01,Mobile Pay,17.55,Paid
2927,2927,2024-05-13,Mobile Pay,37.76,Paid
2928,2928,2024-06-27,Mobile Pay,9.14,Paid
2929,2929,2024-06-05,Card,34.42,Refunded
2930,2930,2024-05-03,Cash,16.82,Paid
2931,2931,2024-05-05,Card,15.28,Paid
2932,2932,2024-11-09,Mobile Pay,30.41,Paid
2933,2933,2024-06-14,Card,15.36,Paid
2934,2934,2024-06-09,Cash,60.50,Paid
2935,2935,2024-08-14,Mobile Pay,35.59,Paid
2936,2936,2024-04-05,Mobile Pay,17.94,Paid
2937,2937,2024-09-06,Cash,68.36,Paid
2938,2938,2024-11-12,Card,71.46,Paid
2939,2939,2024-12-18,Card,31.33,Paid
2940,2940,2024-04-09,Cash,31.05,Paid
2941,2941,2024-11-09,Mobile Pay,29.64,Paid
2942,2942,2024-06-12,Mobile Pay,9.94,Paid
2943,2943,2024-02-22,Card,29.01,Paid
2944,2944,2024-01-13,Mobile Pay,13.84,Paid
2945,2945,2024-09-29,Mobile Pay,27.63,Paid
2946,2946,2024-05-08,Mobile Pay,65.64,Paid
2947,2947,2024-10-26,Card,14.01,Refunded
2948,2948,2024-02-26,Card,29.93,Paid
2949,2949,2024-10-18,Cash,35.00,Paid
2950,2950,2024-07-22,Card,12.02,Paid
2951,2951,2024-06-26,Cash,51.64,Paid
2952,2952,2024-05-10,Mobile Pay,19.23,Paid
2953,2953,2024-02-26,Mobile Pay,46.58,Paid
2954,2954,2024-10-01,Mobile Pay,24.76,Paid
2955,2955,2024-02-03,Cash,73.40,Refunded
2956,2956,2024-12-07,Cash,16.18,Paid
2957,2957,2024-09-14,Card,12.13,Paid
2958,2958,2024-08-26,Card,34.00,Paid
2959,2959,2024-06-02,Card,8.49,Paid
2960,2960,2024-03-30,Mobile Pay,22.51,Paid
2961,2961,2024-03-07,Mobile Pay,34.72,Refunded
2962,2962,2024-05-02,Mobile Pay,30.65,Paid
2963,2963,2024-09-16,Mobile Pay,20.75,Paid
2964,2964,2024-02-26,Cash,24.68,Paid
2965,2965,2024-09-26,Mobile Pay,20.28,Paid
2966,2966,2024-11-27,Mobile Pay,96.83,Paid
2967,2967,2024-10-06,Cash,20.91,Paid
2968,2968,2024-09-08,Mobile Pay,27.79,Refunded
2969,2969,2024-12-30,Cash,20.70,Paid
2970,2970,2024-12-12,Cash,38.51,Refunded
2971,2971,2024-12-11,Mobile Pay,19.47,Paid
2972,2972,2024-01-08,Mobile Pay,39.62,Paid
2973,2973,2024-08-10,Cash,11.28,Paid
2974,2974,2024-04-17,Card,37.80,Paid
2975,2975,2024-07-22,Cash,34.31,Paid
2976,2976,2024-11-18,Mobile Pay,18.71,Refunded
2977,2977,2024-07-04,Card,28.41,Paid
2978,2978,2024-10-23,Mobile Pay,35.07,Paid
2979,2979,2024-11-10,Cash,35.42,Paid
2980,2980,2024-10-26,Cash,33.82,Paid
2981,2981,2024-12-29,Mobile Pay,45.14,Refunded
2982,2982,2024-03-14,Mobile Pay,20.98,Refunded
2983,2983,2024-11-30,Cash,18.56,Paid
2984,2984,2024-12-26,Card,13.46,Paid
2985,2985,2024-09-07,Card,36.02,Refunded
2986,2986,2024-08-06,Mobile Pay,26.19,Paid
2987,2987,2024-10-27,Mobile Pay,29.26,Paid
2988,2988,2024-07-20,Mobile Pay,30.25,Refunded
2989,2989,2024-06-19,Mobile Pay,38.76,Paid
2990,2990,2024-01-30,Mobile Pay,15.81,Paid
2991,2991,2024-06-25,Card,11.89,Refunded
2992,2992,2024-05-26,Cash,20.61,Paid
2993,2993,2024-05-28,Card,27.11,Paid
2994,2994,2024-02-08,Mobile Pay,32.54,Refunded
2995,2995,2024-11-06,Card,16.58,Refunded
2996,2996,2024-07-18,Mobile Pay,23.20,Paid
2997,2997,2024-01-05,Card,12.32,Paid
2998,2998,2024-09-25,Mobile Pay,9.07,Paid
2999,2999,2024-07-30,Card,14.02,Paid
3000,3000,2024-12-19,Mobile Pay,10.53,Refunded
3001,3001,2024-03-04,Card,47.26,Paid
3002,3002,2024-12-01,Cash,28.25,Paid
3003,3003,2024-01-04,Mobile Pay,20.51,Refunded
3004,3004,2024-03-23,Card,53.52,Refunded
3005,3005,2024-09-30,Cash,25.30,Paid
3006,3006,2024-01-18,Card,32.51,Paid
3007,3007,2024-12-23,Mobile Pay,13.91,Paid
3008,3008,2024-08-20,Mobile Pay,42.70,Refunded
3009,3009,2024-01-30,Card,22.92,Paid
3010,3010,2024-04-10,Card,19.98,Paid
3011,3011,2024-06-13,Cash,99.81,Paid
3012,3012,2024-03-04,Cash,18.61,Refunded
3013,3013,2024-10-17,Mobile Pay,57.33,Refunded
3014,3014,2024-10-25,Card,43.26,Refunded
3015,3015,2024-12-06,Mobile Pay,17.01,Refunded
3016,3016,2024-02-07,Cash,55.81,Paid
3017,3017,2024-01-05,Card,29.72,Refunded
3018,3018,2024-08-19,Card,44.23,Paid
3019,3019,2024-04-18,Card,22.42,Paid
3020,3020,2024-10-26,Card,15.80,Paid
3021,3021,2024-11-28,Mobile Pay,12.11,Refunded
3022,3022,2024-09-17,Card,9.67,Refunded
3023,3023,2024-02-11,Cash,13.00,Paid
3024,3024,2024-07-19,Cash,27.84,Paid
3025,3025,2024-06-09,Cash,18.38,Refunded
3026,3026,2024-07-23,Card,18.06,Paid
3027,3027,2024-03-20,Card,22.35,Paid
3028,3028,2024-09-16,Cash,19.71,Refunded
3029,3029,2024-09-30,Card,15.26,Refunded
3030,3030,2024-05-09,Mobile Pay,9.48,Paid
3031,3031,2024-02-26,Card,12.50,Paid
3032,3032,2024-06-23,Cash,36.39,Paid
3033,3033,2024-09-19,Cash,23.78,Paid
3034,3034,2024-01-11,Card,20.11,Refunded
3035,3035,2024-08-22,Cash,31.26,Paid
3036,3036,2024-08-25,Mobile Pay,26.70,Refunded
3037,3037,2024-04-27,Card,12.86,Paid
3038,3038,2024-11-21,Card,15.42,Paid
3039,3039,2024-02-06,Cash,27.56,Paid
3040,3040,2024-07-07,Mobile Pay,25.75,Paid
3041,3041,2024-04-08,Cash,40.77,Paid
3042,3042,2024-01-12,Card,24.09,Paid
3043,3043,2024-11-26,Mobile Pay,48.26,Paid
3044,3044,2024-03-01,Card,24.61,Paid
3045,3045,2024-09-13,Mobile Pay,43.00,Paid
3046,3046,2024-04-07,Mobile Pay,45.44,Paid
3047,3047,2024-07-23,Cash,71.89,Paid
3048,3048,2024-12-19,Cash,13.11,Paid
3049,3049,2024-07-30,Card,10.73,Refunded
3050,3050,2024-06-26,Cash,14.36,Paid
3051,3051,2024-06-06,Mobile Pay,15.98,Paid
3052,3052,2024-05-06,Cash,31.39,Paid
3053,3053,2024-12-22,Cash,20.31,Paid
3054,3054,2024-08-25,Card,25.79,Paid
3055,3055,2024-02-15,Cash,30.89,Paid
3056,3056,2024-06-13,Cash,11.51,Paid
3057,3057,2024-07-02,Card,15.97,Paid
3058,3058,2024-08-04,Mobile Pay,17.70,Paid
3059,3059,2024-02-24,Card,25.13,Paid
3060,3060,2024-09-19,Mobile Pay,35.01,Paid
3061,3061,2024-01-29,Cash,18.02,Paid
3062,3062,2024-04-25,Card,40.50,Paid
3063,3063,2024-12-10,Cash,31.34,Paid
3064,3064,2024-09-11,Cash,92.72,Refunded
3065,3065,2024-07-23,Cash,8.63,Paid
3066,3066,2024-07-27,Card,59.01,Refunded
3067,3067,2024-01-13,Cash,59.24,Paid
3068,3068,2024-02-10,Mobile Pay,22.70,Paid
3069,3069,2024-07-13,Card,10.48,Paid
3070,3070,2024-10-07,Card,41.08,Paid
3071,3071,2024-05-06,Mobile Pay,25.32,Paid
3072,3072,2024-12-29,Mobile Pay,19.84,Paid
3073,3073,2024-05-02,Cash,17.76,Refunded
3074,3074,2024-04-20,Mobile Pay,65.90,Paid
3075,3075,2024-10-26,Card,72.95,Paid
3076,3076,2024-08-13,Cash,11.01,Paid
3077,3077,2024-10-18,Mobile Pay,14.43,Paid
3078,3078,2024-07-27,Mobile Pay,71.04,Paid
3079,3079,2024-03-29,Card,10.92,Refunded
3080,3080,2024-07-06,Mobile Pay,68.63,Paid
3081,3081,2024-03-01,Cash,17.67,Paid
3082,3082,2024-03-05,Cash,9.21,Paid
3083,3083,2024-04-09,Mobile Pay,12.55,Paid
3084,3084,2024-01-20,Card,22.33,Paid
3085,3085,2024-06-11,Card,12.39,Paid
3086,3086,2024-06-10,Mobile Pay,30.53,Paid
3087,3087,2024-08-23,Card,23.49,Refunded
3088,3088,2024-06-15,Cash,55.96,Refunded
3089,3089,2024-06-08,Card,20.81,Paid
3090,3090,2024-02-12,Mobile Pay,39.19,Refunded
3091,3091,2024-08-28,Cash,43.35,Paid
3092,3092,2024-05-09,Cash,21.08,Paid
3093,3093,2024-06-04,Cash,71.96,Paid
3094,3094,2024-06-05,Mobile Pay,19.51,Paid
3095,3095,2024-05-09,Cash,15.75,Paid
3096,3096,2024-09-25,Card,37.19,Paid
3097,3097,2024-11-29,Mobile Pay,22.58,Paid
3098,3098,2024-07-22,Mobile Pay,46.38,Paid
3099,3099,2024-02-02,Mobile Pay,13.38,Paid
3100,3100,2024-03-08,Card,23.42,Paid
3101,3101,2024-03-22,Card,30.52,Refunded
3102,3102,2024-06-17,Card,25.03,Paid
3103,3103,2024-09-30,Mobile Pay,31.52,Paid
3104,3104,2024-06-08,Cash,29.35,Paid
3105,3105,2024-01-15,Cash,10.51,Paid
3106,3106,2024-06-04,Cash,50.92,Paid
3107,3107,2024-08-03,Cash,22.03,Paid
3108,3108,2024-04-29,Cash,22.39,Paid
3109,3109,2024-10-25,Cash,19.89,Paid
3110,3110,2024-08-03,Card,19.51,Paid
3111,3111,2024-07-26,Mobile Pay,23.75,Paid
3112,3112,2024-10-14,Mobile Pay,25.36,Paid
3113,3113,2024-10-31,Mobile Pay,17.98,Paid
3114,3114,2024-10-29,Cash,15.38,Paid
3115,3115,2024-03-02,Cash,32.84,Paid
3116,3116,2024-03-07,Mobile Pay,26.21,Refunded
3117,3117,2024-05-05,Cash,15.09,Paid
3118,3118,2024-03-04,Cash,27.60,Paid
3119,3119,2024-11-18,Cash,30.44,Paid
3120,3120,2024-10-29,Mobile Pay,15.83,Paid
3121,3121,2024-03-28,Cash,37.80,Paid
3122,3122,2024-11-03,Card,23.73,Paid
3123,3123,2024-05-19,Mobile Pay,6.04,Paid
3124,3124,2024-04-25,Card,21.34,Paid
3125,3125,2024-04-27,Card,36.59,Paid
3126,3126,2024-12-30,Mobile Pay,21.77,Refunded
3127,3127,2024-05-10,Mobile Pay,16.23,Paid
3128,3128,2024-10-03,Card,32.88,Refunded
3129,3129,2024-12-23,Mobile Pay,15.98,Paid
3130,3130,2024-04-29,Card,31.61,Paid
3131,3131,2024-09-09,Mobile Pay,28.29,Refunded
3132,3132,2024-05-17,Cash,17.67,Paid
3133,3133,2024-08-29,Cash,10.81,Paid
3134,3134,2024-11-16,Card,28.93,Paid
3135,3135,2024-08-21,Cash,30.20,Paid
3136,3136,2024-11-14,Card,27.94,Refunded
3137,3137,2024-04-22,Mobile Pay,22.16,Paid
3138,3138,2024-04-17,Mobile Pay,32.28,Paid
3139,3139,2024-05-21,Cash,18.88,Paid
3140,3140,2024-10-18,Mobile Pay,23.21,Paid
3141,3141,2024-04-10,Mobile Pay,29.37,Refunded
3142,3142,2024-04-09,Card,27.60,Paid
3143,3143,2024-12-17,Cash,23.27,Paid
3144,3144,2024-03-31,Mobile Pay,11.88,Paid
3145,3145,2024-07-02,Mobile Pay,14.03,Paid
3146,3146,2024-08-23,Cash,20.74,Paid
3147,3147,2024-08-08,Card,17.52,Refunded
3148,3148,2024-08-28,Card,17.25,Paid
3149,3149,2024-04-16,Mobile Pay,26.56,Paid
3150,3150,2024-11-25,Mobile Pay,31.97,Paid
3151,3151,2024-12-29,Cash,29.47,Paid
3152,3152,2024-09-06,Cash,49.28,Refunded
3153,3153,2024-07-16,Cash,29.39,Paid
3154,3154,2024-04-28,Card,16.73,Paid
3155,3155,2024-03-03,Mobile Pay,8.85,Refunded
3156,3156,2024-09-06,Cash,38.77,Paid
3157,3157,2024-12-28,Card,53.36,Paid
3158,3158,2024-12-17,Card,20.44,Refunded
3159,3159,2024-03-11,Mobile Pay,21.17,Paid
3160,3160,2024-11-23,Card,27.20,Paid
3161,3161,2024-02-06,Cash,19.88,Paid
3162,3162,2024-08-14,Mobile Pay,32.95,Refunded
3163,3163,2024-10-26,Card,46.39,Paid
3164,3164,2024-08-15,Card,11.86,Paid
3165,3165,2024-07-18,Mobile Pay,16.49,Paid
3166,3166,2024-12-24,Card,29.50,Paid
3167,3167,2024-10-19,Cash,58.70,Paid
3168,3168,2024-10-01,Card,28.02,Paid
3169,3169,2024-01-19,Cash,20.19,Refunded
3170,3170,2024-09-17,Card,38.95,Paid
3171,3171,2024-08-25,Cash,22.21,Refunded
3172,3172,2024-09-17,Mobile Pay,25.49,Paid
3173,3173,2024-03-19,Cash,14.28,Paid
3174,3174,2024-10-03,Cash,41.57,Refunded
3175,3175,2024-11-21,Cash,28.91,Paid
3176,3176,2024-10-22,Mobile Pay,48.58,Refunded
3177,3177,2024-05-06,Cash,17.72,Paid
3178,3178,2024-10-13,Cash,61.32,Paid
3179,3179,2024-12-10,Mobile Pay,8.18,Refunded
3180,3180,2024-01-25,Card,11.97,Refunded
3181,3181,2024-03-12,Cash,20.57,Paid
3182,3182,2024-02-29,Mobile Pay,16.39,Paid
3183,3183,2024-04-08,Cash,18.55,Refunded
3184,3184,2024-08-03,Cash,23.83,Paid
3185,3185,2024-11-20,Card,43.35,Paid
3186,3186,2024-08-04,Card,19.94,Refunded
3187,3187,2024-02-16,Mobile Pay,55.37,Paid
3188,3188,2024-05-31,Cash,9.74,Paid
3189,3189,2024-10-13,Cash,28.51,Paid
3190,3190,2024-01-18,Mobile Pay,25.80,Paid
3191,3191,2024-09-27,Cash,64.72,Paid
3192,3192,2024-10-14,Card,12.88,Paid
3193,3193,2024-12-22,Cash,27.42,Paid
3194,3194,2024-08-13,Cash,24.24,Paid
3195,3195,2024-04-11,Cash,43.47,Paid
3196,3196,2024-08-20,Cash,30.88,Paid
3197,3197,2024-11-07,Mobile Pay,41.41,Refunded
3198,3198,2024-01-18,Card,14.81,Paid
3199,3199,2024-09-07,Cash,32.00,Paid
3200,3200,2024-10-02,Cash,13.36,Refunded
3201,3201,2024-10-06,Mobile Pay,7.26,Refunded
3202,3202,2024-11-04,Mobile Pay,48.34,Paid
3203,3203,2024-01-14,Card,15.02,Paid
3204,3204,2024-09-27,Card,51.94,Paid
3205,3205,2024-11-03,Cash,38.74,Paid
3206,3206,2024-08-25,Cash,13.79,Refunded
3207,3207,2024-04-14,Card,36.83,Paid
3208,3208,2024-02-18,Mobile Pay,20.62,Paid
3209,3209,2024-01-31,Card,23.52,Refunded
3210,3210,2024-05-24,Mobile Pay,30.94,Paid
3211,3211,2024-06-24,Mobile Pay,33.50,Paid
3212,3212,2024-01-30,Cash,19.53,Paid
3213,3213,2024-06-26,Cash,15.12,Paid
3214,3214,2024-04-15,Cash,21.45,Paid
3215,3215,2024-06-07,Mobile Pay,50.88,Refunded
3216,3216,2024-07-13,Mobile Pay,77.94,Paid
3217,3217,2024-06-05,Mobile Pay,50.43,Paid
3218,3218,2024-01-06,Cash,52.75,Paid
3219,3219,2024-04-10,Cash,19.45,Paid
3220,3220,2024-03-05,Cash,35.28,Paid
3221,3221,2024-11-07,Cash,13.90,Paid
3222,3222,2024-12-22,Cash,17.53,Paid
3223,3223,2024-06-13,Card,29.45,Paid
3224,3224,2024-01-28,Cash,83.37,Refunded
3225,3225,2024-09-24,Mobile Pay,23.51,Paid
3226,3226,2024-02-01,Card,58.76,Paid
3227,3227,2024-03-16,Mobile Pay,72.06,Paid
3228,3228,2025-01-01,Cash,33.66,Paid
3229,3229,2024-03-28,Cash,19.23,Paid
3230,3230,2024-06-13,Card,48.05,Paid
3231,3231,2024-12-31,Cash,29.04,Paid
3232,3232,2024-03-03,Card,17.28,Paid
3233,3233,2024-11-18,Mobile Pay,22.62,Refunded
3234,3234,2024-08-24,Mobile Pay,14.91,Paid
3235,3235,2024-11-05,Card,22.46,Refunded
3236,3236,2024-12-21,Mobile Pay,28.18,Paid
3237,3237,2024-07-01,Card,11.24,Paid
3238,3238,2024-01-20,Cash,10.59,Paid
3239,3239,2024-07-26,Card,23.27,Paid
3240,3240,2024-11-06,Cash,25.98,Paid
3241,3241,2024-07-08,Mobile Pay,41.38,Refunded
3242,3242,2024-08-15,Card,47.53,Paid
3243,3243,2024-07-19,Mobile Pay,25.58,Paid
3244,3244,2024-03-22,Card,44.30,Refunded
3245,3245,2024-02-25,Card,23.19,Refunded
3246,3246,2024-06-30,Card,24.31,Paid
3247,3247,2024-03-23,Mobile Pay,49.75,Refunded
3248,3248,2024-01-14,Cash,53.29,Paid
3249,3249,2024-11-13,Card,22.33,Refunded
3250,3250,2024-01-30,Mobile Pay,7.68,Refunded
3251,3251,2024-09-16,Cash,54.25,Paid
3252,3252,2024-11-25,Card,23.74,Paid
3253,3253,2024-09-22,Card,16.41,Paid
3254,3254,2024-09-20,Card,25.31,Paid
3255,3255,2024-02-17,Cash,19.02,Refunded
3256,3256,2024-09-16,Card,25.14,Paid
3257,3257,2024-12-06,Card,14.42,Paid
3258,3258,2024-10-09,Mobile Pay,8.33,Paid
3259,3259,2024-09-23,Cash,42.25,Refunded
3260,3260,2024-09-02,Mobile Pay,28.32,Paid
3261,3261,2024-06-04,Card,33.88,Refunded
3262,3262,2024-06-22,Card,21.68,Paid
3263,3263,2024-04-25,Mobile Pay,31.58,Paid
3264,3264,2024-08-15,Card,28.01,Paid
3265,3265,2024-05-15,Cash,24.36,Paid
3266,3266,2024-02-27,Card,12.81,Paid
3267,3267,2024-09-22,Mobile Pay,22.92,Paid
3268,3268,2024-09-18,Mobile Pay,68.70,Paid
3269,3269,2024-05-02,Cash,20.10,Paid
3270,3270,2024-11-11,Cash,47.42,Paid
3271,3271,2024-05-09,Card,10.03,Paid
3272,3272,2024-04-30,Mobile Pay,23.09,Paid
3273,3273,2024-04-12,Cash,19.32,Paid
3274,3274,2024-12-22,Mobile Pay,18.24,Refunded
3275,3275,2024-03-25,Mobile Pay,64.72,Paid
3276,3276,2024-12-27,Card,25.56,Paid
3277,3277,2024-03-12,Card,24.34,Refunded
3278,3278,2024-06-25,Mobile Pay,16.97,Refunded
3279,3279,2024-08-18,Card,45.57,Refunded
3280,3280,2024-04-08,Mobile Pay,39.25,Paid
3281,3281,2024-04-07,Card,59.36,Refunded
3282,3282,2024-07-08,Cash,15.82,Paid
3283,3283,2024-12-29,Card,58.20,Paid
3284,3284,2024-10-30,Cash,28.53,Refunded
3285,3285,2024-05-12,Card,28.83,Refunded
3286,3286,2024-07-08,Card,28.87,Paid
3287,3287,2024-12-04,Card,17.83,Paid
3288,3288,2024-07-21,Cash,8.04,Paid
3289,3289,2024-10-27,Mobile Pay,10.95,Paid
3290,3290,2024-09-16,Card,27.46,Paid
3291,3291,2024-08-31,Mobile Pay,86.48,Paid
3292,3292,2024-04-21,Card,36.86,Paid
3293,3293,2024-10-19,Mobile Pay,21.06,Paid
3294,3294,2024-03-19,Cash,20.53,Paid
3295,3295,2024-03-10,Cash,9.81,Paid
3296,3296,2024-09-10,Card,30.63,Paid
3297,3297,2024-02-24,Cash,22.42,Paid
3298,3298,2024-11-27,Cash,13.27,Paid
3299,3299,2024-01-22,Mobile Pay,25.13,Paid
3300,3300,2024-06-14,Cash,24.17,Paid
3301,3301,2024-11-06,Cash,15.40,Paid
3302,3302,2024-07-19,Mobile Pay,31.62,Paid
3303,3303,2024-02-13,Mobile Pay,9.47,Refunded
3304,3304,2024-11-01,Mobile Pay,37.64,Paid
3305,3305,2024-07-30,Card,73.70,Paid
3306,3306,2024-07-21,Cash,17.80,Refunded
3307,3307,2024-12-29,Card,9.58,Paid
3308,3308,2024-01-10,Mobile Pay,17.09,Paid
3309,3309,2024-08-28,Cash,33.61,Refunded
3310,3310,2024-04-05,Mobile Pay,25.29,Paid
3311,3311,2024-04-02,Card,18.10,Paid
3312,3312,2024-05-05,Card,24.11,Paid
3313,3313,2024-03-30,Mobile Pay,29.08,Paid
3314,3314,2024-03-28,Card,32.41,Paid
3315,3315,2024-07-01,Mobile Pay,33.88,Refunded
3316,3316,2024-04-06,Card,32.81,Refunded
3317,3317,2024-03-27,Cash,83.20,Paid
3318,3318,2024-05-19,Cash,19.60,Paid
3319,3319,2024-02-21,Mobile Pay,49.12,Refunded
3320,3320,2024-12-26,Cash,9.19,Paid
3321,3321,2024-10-10,Mobile Pay,29.10,Paid
3322,3322,2024-10-05,Mobile Pay,14.94,Paid
3323,3323,2024-11-27,Cash,25.23,Paid
3324,3324,2024-02-14,Mobile Pay,21.64,Paid
3325,3325,2024-12-22,Card,13.09,Paid
3326,3326,2024-12-16,Card,11.26,Paid
3327,3327,2024-02-24,Cash,16.98,Paid
3328,3328,2024-12-05,Mobile Pay,29.18,Paid
3329,3329,2024-01-07,Mobile Pay,25.44,Paid
3330,3330,2024-03-23,Mobile Pay,32.69,Paid
3331,3331,2024-08-10,Cash,16.21,Paid
3332,3332,2024-03-15,Card,27.63,Paid
3333,3333,2024-04-12,Card,16.09,Paid
3334,3334,2024-10-20,Cash,32.47,Paid
3335,3335,2024-06-10,Card,19.00,Paid
3336,3336,2024-11-20,Mobile Pay,16.17,Paid
3337,3337,2024-07-29,Card,12.72,Paid
3338,3338,2024-09-01,Cash,18.82,Paid
3339,3339,2024-06-06,Card,19.70,Refunded
3340,3340,2024-08-06,Cash,33.88,Paid
3341,3341,2024-04-14,Cash,26.67,Paid
3342,3342,2024-02-22,Card,9.81,Paid
3343,3343,2024-12-21,Cash,50.96,Paid
3344,3344,2024-12-04,Mobile Pay,25.94,Paid
3345,3345,2024-04-06,Cash,14.83,Paid
3346,3346,2024-01-17,Card,30.32,Paid
3347,3347,2024-03-30,Card,53.60,Paid
3348,3348,2024-12-22,Mobile Pay,8.29,Refunded
3349,3349,2024-02-13,Mobile Pay,9.81,Paid
3350,3350,2024-11-13,Card,21.96,Paid
3351,3351,2024-05-22,Cash,29.10,Paid
3352,3352,2024-11-13,Mobile Pay,12.65,Paid
3353,3353,2024-07-06,Card,8.49,Paid
3354,3354,2024-11-04,Cash,28.94,Refunded
3355,3355,2024-01-12,Mobile Pay,17.33,Paid
3356,3356,2024-04-10,Cash,18.28,Refunded
3357,3357,2024-08-08,Cash,19.16,Refunded
3358,3358,2024-11-26,Card,33.67,Refunded
3359,3359,2024-10-01,Mobile Pay,17.90,Refunded
3360,3360,2024-01-16,Mobile Pay,26.98,Paid
3361,3361,2024-11-16,Card,23.62,Paid
3362,3362,2024-01-04,Mobile Pay,37.52,Paid
3363,3363,2024-02-14,Mobile Pay,16.55,Refunded
3364,3364,2024-10-09,Mobile Pay,16.91,Paid
3365,3365,2024-01-08,Mobile Pay,79.21,Paid
3366,3366,2024-05-28,Cash,52.32,Refunded
3367,3367,2024-11-10,Card,36.70,Refunded
3368,3368,2024-07-10,Mobile Pay,30.08,Paid
3369,3369,2024-05-05,Card,68.48,Paid
3370,3370,2024-09-15,Mobile Pay,47.52,Paid
3371,3371,2024-01-05,Mobile Pay,32.64,Paid
3372,3372,2024-08-26,Card,27.10,Paid
3373,3373,2024-12-19,Card,13.91,Paid
3374,3374,2024-03-05,Mobile Pay,24.78,Refunded
3375,3375,2024-07-26,Cash,25.57,Refunded
3376,3376,2024-08-18,Card,18.64,Paid
3377,3377,2024-10-11,Mobile Pay,14.04,Paid
3378,3378,2024-05-01,Card,27.24,Paid
3379,3379,2024-12-02,Mobile Pay,38.22,Paid
3380,3380,2024-12-29,Card,35.86,Paid
3381,3381,2024-04-11,Mobile Pay,14.97,Paid
3382,3382,2024-03-02,Cash,35.60,Paid
3383,3383,2024-10-15,Cash,13.13,Refunded
3384,3384,2024-06-15,Mobile Pay,17.26,Paid
3385,3385,2024-06-10,Mobile Pay,12.15,Paid
3386,3386,2024-05-14,Cash,15.46,Paid
3387,3387,2024-02-12,Mobile Pay,19.52,Paid
3388,3388,2024-10-22,Mobile Pay,9.57,Paid
3389,3389,2024-07-14,Mobile Pay,37.34,Paid
3390,3390,2024-05-08,Mobile Pay,21.20,Paid
3391,3391,2024-01-12,Card,8.90,Refunded
3392,3392,2024-06-21,Card,15.73,Paid
3393,3393,2024-02-28,Cash,26.97,Paid
3394,3394,2024-03-10,Card,8.06,Paid
3395,3395,2024-04-01,Card,11.39,Paid
3396,3396,2024-09-30,Mobile Pay,27.86,Paid
3397,3397,2024-06-05,Card,13.88,Paid
3398,3398,2024-01-15,Card,32.20,Paid
3399,3399,2024-07-25,Card,12.46,Paid
3400,3400,2024-10-04,Cash,36.04,Paid
3401,3401,2024-10-23,Card,47.37,Paid
3402,3402,2024-12-08,Cash,20.38,Paid
3403,3403,2024-06-16,Mobile Pay,22.59,Paid
3404,3404,2024-02-14,Card,9.29,Refunded
3405,3405,2024-05-21,Cash,19.41,Refunded
3406,3406,2024-01-17,Cash,14.82,Paid
3407,3407,2024-06-22,Card,15.82,Paid
3408,3408,2024-11-20,Mobile Pay,28.45,Paid
3409,3409,2025-01-01,Cash,52.10,Paid
3410,3410,2024-05-07,Mobile Pay,14.58,Paid
3411,3411,2024-05-11,Cash,28.97,Paid
3412,3412,2024-10-21,Cash,10.19,Refunded
3413,3413,2024-05-15,Card,15.78,Paid
3414,3414,2024-09-06,Cash,38.80,Paid
3415,3415,2024-07-06,Cash,29.44,Paid
3416,3416,2024-04-24,Card,32.86,Paid
3417,3417,2024-08-19,Card,73.54,Paid
3418,3418,2024-03-25,Cash,20.44,Paid
3419,3419,2024-09-28,Card,10.77,Refunded
3420,3420,2024-07-29,Mobile Pay,35.34,Refunded
3421,3421,2024-02-24,Card,38.23,Refunded
3422,3422,2024-03-31,Cash,24.77,Paid
3423,3423,2024-04-18,Mobile Pay,41.87,Paid
3424,3424,2024-04-03,Cash,36.62,Paid
3425,3425,2024-03-24,Cash,29.91,Paid
3426,3426,2024-05-26,Card,35.71,Paid
3427,3427,2024-10-08,Card,32.48,Paid
3428,3428,2024-12-14,Card,31.26,Refunded
3429,3429,2024-08-31,Card,18.76,Paid
3430,3430,2024-11-09,Cash,31.12,Paid
3431,3431,2024-10-01,Mobile Pay,16.08,Paid
3432,3432,2024-11-22,Cash,8.14,Refunded
3433,3433,2024-07-29,Card,26.04,Paid
3434,3434,2024-06-27,Mobile Pay,47.26,Paid
3435,3435,2024-09-20,Card,36.74,Paid
3436,3436,2024-01-09,Mobile Pay,10.44,Refunded
3437,3437,2024-09-21,Mobile Pay,23.25,Paid
3438,3438,2024-12-04,Card,39.76,Paid
3439,3439,2024-03-24,Mobile Pay,10.65,Paid
3440,3440,2024-05-31,Mobile Pay,28.81,Paid
3441,3441,2024-07-21,Cash,9.09,Paid
3442,3442,2024-05-15,Mobile Pay,15.75,Paid
3443,3443,2024-11-07,Mobile Pay,12.80,Paid
3444,3444,2024-11-22,Mobile Pay,14.48,Paid
3445,3445,2024-07-03,Cash,39.72,Paid
3446,3446,2024-09-12,Mobile Pay,39.45,Paid
3447,3447,2024-08-21,Mobile Pay,23.80,Refunded
3448,3448,2024-10-30,Mobile Pay,70.69,Paid
3449,3449,2024-02-07,Card,11.34,Paid
3450,3450,2024-09-03,Mobile Pay,37.60,Paid
3451,3451,2024-02-28,Mobile Pay,32.87,Refunded
3452,3452,2024-09-03,Mobile Pay,56.99,Refunded
3453,3453,2024-03-22,Card,13.16,Paid
3454,3454,2024-05-27,Card,30.47,Paid
3455,3455,2024-10-09,Card,20.73,Refunded
3456,3456,2024-06-29,Card,26.27,Paid
3457,3457,2024-07-04,Mobile Pay,29.14,Paid
3458,3458,2024-05-24,Mobile Pay,15.82,Refunded
3459,3459,2024-08-25,Card,44.52,Paid
3460,3460,2024-04-03,Cash,32.42,Paid
3461,3461,2024-12-28,Card,30.38,Paid
3462,3462,2024-12-31,Cash,41.68,Refunded
3463,3463,2024-09-09,Mobile Pay,23.00,Paid
3464,3464,2024-08-07,Cash,14.11,Paid
3465,3465,2024-10-09,Mobile Pay,21.64,Paid
3466,3466,2024-03-19,Card,21.07,Paid
3467,3467,2024-03-04,Card,37.50,Paid
3468,3468,2024-11-24,Mobile Pay,13.90,Paid
3469,3469,2024-05-27,Cash,39.51,Paid
3470,3470,2024-09-24,Card,18.14,Paid
3471,3471,2024-11-03,Cash,16.79,Refunded
3472,3472,2024-08-14,Cash,15.66,Paid
3473,3473,2024-12-19,Card,16.93,Refunded
3474,3474,2024-08-19,Mobile Pay,35.02,Paid
3475,3475,2024-01-17,Card,39.89,Paid
3476,3476,2024-06-15,Cash,25.49,Paid
3477,3477,2024-12-30,Cash,25.39,Paid
3478,3478,2024-04-07,Cash,38.22,Paid
3479,3479,2024-03-02,Mobile Pay,26.82,Paid
3480,3480,2024-01-08,Mobile Pay,77.87,Paid
3481,3481,2024-05-02,Card,35.22,Paid
3482,3482,2024-10-19,Cash,19.32,Paid
3483,3483,2024-06-30,Card,17.20,Paid
3484,3484,2024-02-27,Cash,14.49,Paid
3485,3485,2024-05-03,Card,56.50,Paid
3486,3486,2024-01-11,Mobile Pay,23.12,Refunded
3487,3487,2024-06-26,Cash,10.47,Paid
3488,3488,2024-09-22,Mobile Pay,19.91,Refunded
3489,3489,2024-02-29,Mobile Pay,36.64,Paid
3490,3490,2024-01-16,Card,24.32,Paid
3491,3491,2024-01-05,Card,25.88,Paid
3492,3492,2024-01-16,Card,24.55,Paid
3493,3493,2024-02-17,Card,12.59,Paid
3494,3494,2024-07-12,Cash,26.02,Paid
3495,3495,2024-10-30,Mobile Pay,56.74,Paid
3496,3496,2024-01-19,Cash,7.17,Paid
3497,3497,2024-10-26,Cash,16.54,Paid
3498,3498,2024-11-20,Cash,20.58,Paid
3499,3499,2024-06-07,Mobile Pay,50.97,Paid
3500,3500,2024-07-08,Card,27.26,Paid
3501,3501,2024-11-01,Cash,32.21,Paid
3502,3502,2024-03-08,Cash,22.48,Paid
3503,3503,2024-12-02,Cash,13.45,Paid
3504,3504,2024-05-26,Cash,31.50,Refunded
3505,3505,2024-11-11,Cash,14.11,Refunded
3506,3506,2024-05-31,Card,45.69,Refunded
3507,3507,2024-02-18,Card,27.02,Refunded
3508,3508,2024-12-30,Card,24.43,Paid
3509,3509,2024-06-19,Cash,17.14,Paid
3510,3510,2024-01-23,Card,49.57,Paid
3511,3511,2024-03-31,Mobile Pay,17.31,Paid
3512,3512,2024-09-30,Cash,31.20,Paid
3513,3513,2024-09-23,Cash,57.85,Refunded
3514,3514,2024-09-07,Cash,19.56,Paid
3515,3515,2024-09-18,Card,16.70,Paid
3516,3516,2024-11-22,Card,19.09,Paid
3517,3517,2024-03-08,Card,18.81,Refunded
3518,3518,2024-10-23,Cash,16.20,Paid
3519,3519,2024-03-01,Cash,15.56,Paid
3520,3520,2024-11-11,Card,25.00,Paid
3521,3521,2024-03-27,Cash,11.58,Paid
3522,3522,2024-11-11,Cash,10.76,Paid
3523,3523,2024-12-26,Cash,19.39,Refunded
3524,3524,2024-12-28,Card,26.32,Paid
3525,3525,2024-12-16,Cash,50.61,Refunded
3526,3526,2024-01-15,Mobile Pay,25.16,Refunded
3527,3527,2024-05-03,Card,36.60,Paid
3528,3528,2024-09-03,Card,29.20,Paid
3529,3529,2024-02-15,Card,42.76,Paid
3530,3530,2024-01-06,Card,26.97,Paid
3531,3531,2024-10-27,Cash,38.14,Paid
3532,3532,2024-07-23,Mobile Pay,15.85,Refunded
3533,3533,2024-10-09,Mobile Pay,57.04,Paid
3534,3534,2024-06-20,Mobile Pay,13.21,Paid
3535,3535,2024-07-11,Cash,14.90,Paid
3536,3536,2024-01-20,Mobile Pay,41.70,Paid
3537,3537,2024-04-21,Cash,18.30,Paid
3538,3538,2024-06-08,Cash,66.76,Refunded
3539,3539,2024-02-01,Cash,21.39,Paid
3540,3540,2024-09-06,Mobile Pay,27.92,Paid
3541,3541,2024-01-10,Mobile Pay,12.88,Paid
3542,3542,2024-08-17,Card,45.81,Paid
3543,3543,2024-12-28,Mobile Pay,15.13,Refunded
3544,3544,2024-01-06,Mobile Pay,34.89,Paid
3545,3545,2024-05-16,Card,21.47,Refunded
3546,3546,2024-08-19,Cash,28.86,Paid
3547,3547,2024-12-09,Cash,19.75,Paid
3548,3548,2024-12-23,Card,16.24,Paid
3549,3549,2024-07-12,Mobile Pay,19.85,Paid
3550,3550,2024-06-23,Card,13.50,Refunded
3551,3551,2024-04-03,Cash,26.54,Paid
3552,3552,2024-06-03,Mobile Pay,33.37,Refunded
3553,3553,2024-04-18,Mobile Pay,8.39,Paid
3554,3554,2024-10-22,Cash,18.28,Paid
3555,3555,2024-05-20,Mobile Pay,23.60,Paid
3556,3556,2024-06-22,Mobile Pay,23.09,Paid
3557,3557,2024-05-29,Cash,26.01,Paid
3558,3558,2024-09-22,Cash,16.53,Paid
3559,3559,2024-11-20,Mobile Pay,48.52,Paid
3560,3560,2024-06-10,Card,44.17,Paid
3561,3561,2024-08-28,Mobile Pay,21.34,Paid
3562,3562,2024-11-30,Card,51.63,Paid
3563,3563,2024-01-04,Mobile Pay,15.64,Paid
3564,3564,2024-03-10,Mobile Pay,55.09,Paid
3565,3565,2024-09-03,Cash,20.03,Refunded
3566,3566,2024-02-09,Mobile Pay,15.24,Refunded
3567,3567,2024-10-20,Mobile Pay,63.84,Paid
3568,3568,2024-01-20,Mobile Pay,20.07,Paid
3569,3569,2024-10-17,Mobile Pay,12.60,Refunded
3570,3570,2024-05-02,Mobile Pay,22.62,Paid
3571,3571,2024-03-16,Cash,30.24,Refunded
3572,3572,2024-06-11,Card,18.98,Paid
3573,3573,2024-07-18,Card,12.34,Refunded
3574,3574,2024-10-23,Mobile Pay,8.98,Paid
3575,3575,2024-06-28,Mobile Pay,17.25,Paid
3576,3576,2024-10-24,Card,24.74,Paid
3577,3577,2024-10-11,Cash,39.88,Paid
3578,3578,2024-05-14,Cash,39.16,Paid
3579,3579,2024-07-20,Card,30.05,Paid
3580,3580,2024-10-13,Cash,16.15,Paid
3581,3581,2024-04-26,Card,20.48,Paid
3582,3582,2024-06-18,Mobile Pay,58.08,Paid
3583,3583,2024-03-06,Cash,41.34,Paid
3584,3584,2024-01-09,Card,38.48,Paid
3585,3585,2024-01-16,Card,65.66,Refunded
3586,3586,2024-06-10,Mobile Pay,17.80,Paid
3587,3587,2024-01-25,Cash,25.03,Refunded
3588,3588,2024-07-28,Mobile Pay,29.70,Paid
3589,3589,2024-10-02,Card,19.11,Paid
3590,3590,2024-12-26,Cash,16.53,Paid
3591,3591,2024-02-21,Mobile Pay,27.63,Refunded
3592,3592,2024-02-27,Cash,52.24,Refunded
3593,3593,2024-10-23,Mobile Pay,27.54,Paid
3594,3594,2024-12-19,Mobile Pay,26.56,Paid
3595,3595,2024-11-06,Mobile Pay,23.28,Paid
3596,3596,2024-11-15,Card,11.66,Paid
3597,3597,2024-06-02,Mobile Pay,45.24,Refunded
3598,3598,2024-08-13,Mobile Pay,25.68,Paid
3599,3599,2024-02-02,Mobile Pay,18.76,Paid
3600,3600,2024-11-23,Mobile Pay,22.30,Paid
3601,3601,2024-09-05,Card,9.96,Paid
3602,3602,2024-01-14,Cash,25.42,Refunded
3603,3603,2024-09-13,Mobile Pay,29.34,Paid
3604,3604,2024-03-02,Mobile Pay,11.57,Paid
3605,3605,2024-02-17,Cash,30.02,Paid
3606,3606,2024-08-28,Cash,37.82,Paid
3607,3607,2024-03-22,Cash,16.68,Refunded
3608,3608,2024-04-01,Card,33.06,Paid
3609,3609,2024-03-13,Card,9.21,Paid
3610,3610,2024-01-10,Mobile Pay,28.60,Paid
3611,3611,2024-01-24,Cash,42.87,Paid
3612,3612,2024-11-23,Card,28.13,Paid
3613,3613,2024-10-31,Card,26.42,Refunded
3614,3614,2024-12-17,Mobile Pay,24.72,Paid
3615,3615,2024-01-25,Mobile Pay,23.14,Paid
3616,3616,2024-05-12,Card,22.86,Paid
3617,3617,2024-07-22,Mobile Pay,19.62,Paid
3618,3618,2024-04-25,Mobile Pay,45.47,Paid
3619,3619,2024-03-22,Cash,35.33,Paid
3620,3620,2024-08-10,Mobile Pay,14.68,Paid
3621,3621,2024-04-24,Mobile Pay,22.22,Paid
3622,3622,2024-02-17,Mobile Pay,17.31,Paid
3623,3623,2024-03-05,Card,20.03,Paid
3624,3624,2024-09-02,Mobile Pay,26.14,Paid
3625,3625,2024-12-05,Cash,18.88,Paid
3626,3626,2024-06-20,Mobile Pay,27.96,Paid
3627,3627,2024-10-01,Cash,18.81,Refunded
3628,3628,2024-10-23,Mobile Pay,26.41,Refunded
3629,3629,2024-05-04,Card,13.27,Paid
3630,3630,2024-07-14,Cash,63.19,Paid
3631,3631,2024-12-27,Card,20.27,Paid
3632,3632,2024-04-25,Mobile Pay,34.49,Paid
3633,3633,2024-01-28,Mobile Pay,17.61,Paid
3634,3634,2024-01-31,Cash,17.56,Refunded
3635,3635,2024-01-09,Card,23.66,Paid
3636,3636,2024-10-18,Card,69.45,Refunded
3637,3637,2024-05-22,Cash,21.35,Refunded
3638,3638,2024-01-31,Cash,18.99,Paid
3639,3639,2024-11-04,Mobile Pay,10.50,Paid
3640,3640,2024-03-11,Cash,19.51,Refunded
3641,3641,2024-10-14,Mobile Pay,21.36,Paid
3642,3642,2024-06-06,Card,23.74,Paid
3643,3643,2024-08-16,Card,18.01,Paid
3644,3644,2024-10-30,Card,22.37,Paid
3645,3645,2024-12-05,Card,43.02,Paid
3646,3646,2024-02-01,Mobile Pay,17.91,Paid
3647,3647,2024-11-11,Cash,41.09,Paid
3648,3648,2024-12-22,Mobile Pay,23.20,Refunded
3649,3649,2024-09-29,Cash,17.00,Paid
3650,3650,2024-04-30,Mobile Pay,29.68,Paid
3651,3651,2024-02-03,Mobile Pay,53.12,Paid
3652,3652,2024-12-24,Card,14.08,Refunded
3653,3653,2024-11-27,Cash,26.62,Paid
3654,3654,2024-06-29,Cash,18.18,Paid
3655,3655,2024-08-27,Card,24.56,Paid
3656,3656,2024-12-29,Card,13.92,Paid
3657,3657,2024-01-23,Card,14.45,Refunded
3658,3658,2024-10-30,Card,24.87,Paid
3659,3659,2024-12-24,Card,37.15,Paid
3660,3660,2024-01-19,Cash,10.01,Paid
3661,3661,2024-08-12,Mobile Pay,30.78,Paid
3662,3662,2024-06-11,Mobile Pay,57.90,Paid
3663,3663,2024-06-24,Cash,16.42,Refunded
3664,3664,2024-08-24,Mobile Pay,17.22,Paid
3665,3665,2024-12-02,Card,7.77,Paid
3666,3666,2024-11-07,Mobile Pay,21.92,Paid
3667,3667,2024-06-04,Cash,8.85,Paid
3668,3668,2024-03-29,Mobile Pay,13.41,Paid
3669,3669,2024-11-14,Mobile Pay,21.51,Paid
3670,3670,2024-04-17,Mobile Pay,12.41,Paid
3671,3671,2024-11-29,Mobile Pay,34.51,Paid
3672,3672,2024-06-09,Cash,26.39,Paid
3673,3673,2024-08-26,Card,18.88,Paid
3674,3674,2024-01-20,Mobile Pay,20.63,Paid
3675,3675,2024-08-15,Card,14.41,Refunded
3676,3676,2024-06-08,Card,33.20,Paid
3677,3677,2024-07-15,Cash,8.49,Paid
3678,3678,2024-02-22,Cash,22.35,Paid
3679,3679,2024-08-09,Mobile Pay,56.42,Paid
3680,3680,2024-10-11,Mobile Pay,14.33,Refunded
3681,3681,2024-10-10,Mobile Pay,20.60,Paid
3682,3682,2024-11-24,Cash,28.43,Paid
3683,3683,2024-03-02,Cash,12.18,Paid
3684,3684,2024-11-28,Cash,13.45,Paid
3685,3685,2024-03-23,Mobile Pay,24.22,Paid
3686,3686,2024-12-25,Cash,12.84,Refunded
3687,3687,2024-08-08,Card,20.04,Paid
3688,3688,2024-04-21,Mobile Pay,13.34,Paid
3689,3689,2024-06-25,Card,30.01,Refunded
3690,3690,2024-05-23,Card,22.16,Paid
3691,3691,2024-12-22,Cash,9.21,Paid
3692,3692,2024-06-04,Mobile Pay,36.99,Paid
3693,3693,2024-02-03,Cash,12.31,Paid
3694,3694,2024-04-23,Cash,19.56,Paid
3695,3695,2024-08-19,Cash,26.62,Paid
3696,3696,2024-10-14,Cash,21.06,Refunded
3697,3697,2024-05-17,Cash,18.64,Refunded
3698,3698,2024-02-14,Card,24.38,Paid
3699,3699,2024-02-24,Card,27.84,Paid
3700,3700,2024-05-18,Mobile Pay,18.36,Paid
3701,3701,2024-11-02,Card,12.55,Paid
3702,3702,2024-12-23,Mobile Pay,27.01,Refunded
3703,3703,2024-07-10,Mobile Pay,15.78,Paid
3704,3704,2024-12-15,Cash,12.89,Paid
3705,3705,2024-02-05,Card,10.23,Refunded
3706,3706,2024-12-13,Cash,20.84,Refunded
3707,3707,2024-10-26,Mobile Pay,25.78,Paid
3708,3708,2024-03-15,Mobile Pay,74.74,Refunded
3709,3709,2024-10-19,Card,48.44,Paid
3710,3710,2024-12-18,Mobile Pay,26.54,Paid
3711,3711,2024-05-14,Card,29.55,Paid
3712,3712,2024-12-23,Mobile Pay,22.27,Paid
3713,3713,2024-09-27,Card,25.13,Paid
3714,3714,2024-12-12,Card,22.82,Paid
3715,3715,2024-11-12,Mobile Pay,23.23,Paid
3716,3716,2024-11-05,Cash,28.82,Paid
3717,3717,2024-01-11,Cash,9.49,Paid
3718,3718,2024-08-10,Mobile Pay,49.76,Paid
3719,3719,2024-07-06,Card,40.51,Paid
3720,3720,2024-04-30,Card,33.86,Paid
3721,3721,2024-09-19,Cash,10.84,Paid
3722,3722,2024-08-31,Mobile Pay,15.95,Paid
3723,3723,2024-07-04,Card,81.61,Paid
3724,3724,2024-03-19,Mobile Pay,26.93,Paid
3725,3725,2024-12-06,Cash,16.30,Refunded
3726,3726,2024-09-24,Card,14.23,Paid
3727,3727,2024-12-23,Cash,11.13,Paid
3728,3728,2024-11-16,Mobile Pay,54.46,Paid
3729,3729,2024-04-25,Card,19.49,Refunded
3730,3730,2024-05-28,Card,49.93,Paid
3731,3731,2024-07-23,Mobile Pay,26.43,Refunded
3732,3732,2024-04-16,Mobile Pay,41.03,Paid
3733,3733,2024-03-18,Cash,29.89,Paid
3734,3734,2024-03-08,Mobile Pay,21.54,Refunded
3735,3735,2024-03-12,Card,29.77,Paid
3736,3736,2024-01-05,Mobile Pay,31.50,Refunded
3737,3737,2024-06-10,Card,12.36,Paid
3738,3738,2024-05-12,Cash,60.62,Paid
3739,3739,2024-05-20,Card,13.65,Paid
3740,3740,2024-07-08,Card,8.69,Paid
3741,3741,2024-11-25,Mobile Pay,41.17,Refunded
3742,3742,2024-09-23,Mobile Pay,34.52,Paid
3743,3743,2024-05-18,Mobile Pay,39.92,Paid
3744,3744,2024-04-17,Mobile Pay,13.16,Paid
3745,3745,2024-12-19,Card,42.24,Paid
3746,3746,2024-05-24,Cash,38.29,Refunded
3747,3747,2024-09-06,Cash,28.38,Paid
3748,3748,2024-10-06,Mobile Pay,20.09,Paid
3749,3749,2024-05-17,Card,39.12,Paid
3750,3750,2024-06-04,Card,22.78,Paid
3751,3751,2024-04-07,Card,17.89,Paid
3752,3752,2024-07-19,Cash,27.22,Paid
3753,3753,2024-10-21,Card,44.89,Paid
3754,3754,2024-09-01,Mobile Pay,84.11,Paid
3755,3755,2024-04-09,Mobile Pay,33.54,Paid
3756,3756,2024-04-22,Cash,16.13,Refunded
3757,3757,2024-05-21,Cash,25.42,Refunded
3758,3758,2024-09-12,Cash,26.84,Refunded
3759,3759,2024-06-27,Card,34.96,Paid
3760,3760,2024-02-28,Cash,24.25,Paid
3761,3761,2024-02-12,Mobile Pay,29.54,Paid
3762,3762,2024-04-09,Cash,50.46,Paid
3763,3763,2024-09-14,Cash,28.21,Paid
3764,3764,2024-06-14,Cash,21.78,Paid
3765,3765,2024-05-10,Card,13.53,Paid
3766,3766,2024-12-30,Mobile Pay,33.68,Paid
3767,3767,2024-04-27,Cash,19.38,Refunded
3768,3768,2024-08-23,Cash,44.53,Refunded
3769,3769,2024-06-09,Cash,27.64,Refunded
3770,3770,2024-10-23,Cash,21.74,Refunded
3771,3771,2024-08-03,Cash,39.32,Paid
3772,3772,2024-01-20,Mobile Pay,15.26,Paid
3773,3773,2024-08-31,Cash,27.54,Paid
3774,3774,2024-10-16,Mobile Pay,14.02,Paid
3775,3775,2024-06-02,Cash,12.76,Paid
3776,3776,2024-12-05,Card,31.94,Refunded
3777,3777,2024-09-04,Cash,36.44,Refunded
3778,3778,2024-03-24,Card,14.14,Paid
3779,3779,2024-06-05,Card,51.06,Paid
3780,3780,2024-08-25,Card,40.62,Paid
3781,3781,2024-05-29,Mobile Pay,18.82,Paid
3782,3782,2024-04-19,Card,17.02,Paid
3783,3783,2024-06-05,Mobile Pay,23.44,Refunded
3784,3784,2024-10-07,Mobile Pay,20.94,Paid
3785,3785,2024-12-01,Cash,15.99,Paid
3786,3786,2024-10-26,Card,52.65,Paid
3787,3787,2024-02-09,Cash,32.64,Refunded
3788,3788,2024-06-12,Card,49.06,Paid
3789,3789,2024-12-27,Card,56.08,Paid
3790,3790,2024-03-10,Mobile Pay,9.50,Refunded
3791,3791,2024-02-28,Cash,19.77,Paid
3792,3792,2024-11-30,Cash,11.43,Paid
3793,3793,2024-10-02,Card,31.00,Paid
3794,3794,2024-04-16,Card,86.59,Paid
3795,3795,2024-04-17,Mobile Pay,25.39,Paid
3796,3796,2024-12-13,Mobile Pay,29.32,Paid
3797,3797,2024-12-25,Card,30.59,Paid
3798,3798,2024-01-24,Cash,18.49,Refunded
3799,3799,2024-06-04,Mobile Pay,12.27,Paid
3800,3800,2024-02-29,Cash,29.45,Paid
3801,3801,2024-08-08,Card,10.37,Paid
3802,3802,2024-12-21,Card,24.04,Refunded
3803,3803,2024-03-01,Card,20.85,Paid
3804,3804,2024-09-27,Cash,63.42,Paid
3805,3805,2024-08-06,Card,14.21,Refunded
3806,3806,2024-11-23,Card,17.78,Paid
3807,3807,2024-11-23,Card,38.17,Paid
3808,3808,2024-01-12,Cash,28.01,Paid
3809,3809,2024-11-04,Card,6.73,Paid
3810,3810,2024-05-16,Card,14.17,Paid
3811,3811,2024-10-11,Cash,30.10,Paid
3812,3812,2024-03-18,Cash,27.86,Paid
3813,3813,2024-02-27,Cash,15.67,Paid
3814,3814,2024-06-03,Mobile Pay,45.58,Paid
3815,3815,2024-12-29,Mobile Pay,24.86,Paid
3816,3816,2024-06-04,Mobile Pay,12.84,Paid
3817,3817,2024-07-19,Mobile Pay,30.29,Paid
3818,3818,2024-09-02,Cash,20.67,Paid
3819,3819,2024-06-15,Cash,20.59,Paid
3820,3820,2024-01-16,Card,24.01,Paid
3821,3821,2024-10-05,Mobile Pay,28.58,Paid
3822,3822,2024-03-01,Mobile Pay,27.32,Paid
3823,3823,2024-02-23,Cash,26.87,Paid
3824,3824,2024-07-05,Mobile Pay,45.66,Refunded
3825,3825,2024-11-02,Card,17.89,Paid
3826,3826,2024-12-17,Cash,24.90,Paid
3827,3827,2024-06-30,Mobile Pay,24.19,Paid
3828,3828,2024-01-24,Cash,12.33,Paid
3829,3829,2024-02-29,Mobile Pay,34.37,Paid
3830,3830,2024-03-12,Mobile Pay,33.77,Refunded
3831,3831,2024-03-12,Cash,19.49,Refunded
3832,3832,2024-07-04,Mobile Pay,28.14,Paid
3833,3833,2024-05-08,Mobile Pay,27.21,Paid
3834,3834,2024-08-13,Cash,77.67,Paid
3835,3835,2024-06-16,Card,30.36,Paid
3836,3836,2024-02-02,Card,22.42,Paid
3837,3837,2024-09-03,Card,26.70,Paid
3838,3838,2024-11-04,Mobile Pay,33.51,Paid
3839,3839,2024-06-30,Cash,28.61,Paid
3840,3840,2024-07-21,Mobile Pay,11.98,Paid
3841,3841,2024-10-20,Card,25.86,Paid
3842,3842,2024-05-28,Card,13.36,Paid
3843,3843,2024-12-14,Cash,9.67,Paid
3844,3844,2024-04-22,Card,39.90,Paid
3845,3845,2024-04-23,Card,54.05,Paid
3846,3846,2024-07-16,Mobile Pay,23.76,Paid
3847,3847,2024-10-07,Card,27.96,Paid
3848,3848,2024-11-04,Cash,71.08,Refunded
3849,3849,2024-12-27,Cash,22.08,Paid
3850,3850,2024-10-18,Cash,18.09,Paid
3851,3851,2024-09-05,Mobile Pay,27.00,Paid
3852,3852,2024-08-25,Cash,19.51,Paid
3853,3853,2024-05-03,Mobile Pay,16.02,Refunded
3854,3854,2024-07-16,Mobile Pay,23.54,Paid
3855,3855,2024-03-03,Card,43.52,Refunded
3856,3856,2024-11-14,Mobile Pay,38.11,Paid
3857,3857,2024-09-09,Mobile Pay,29.92,Paid
3858,3858,2024-07-22,Mobile Pay,11.26,Refunded
3859,3859,2024-10-01,Card,16.84,Paid
3860,3860,2024-06-27,Mobile Pay,17.18,Paid
3861,3861,2024-03-04,Cash,32.10,Paid
3862,3862,2024-11-09,Mobile Pay,36.14,Refunded
3863,3863,2024-07-15,Card,29.93,Paid
3864,3864,2024-12-01,Card,83.98,Paid
3865,3865,2024-01-31,Mobile Pay,26.34,Paid
3866,3866,2024-03-29,Card,20.72,Paid
3867,3867,2024-06-01,Cash,69.40,Paid
3868,3868,2024-11-28,Mobile Pay,13.60,Paid
3869,3869,2024-04-13,Cash,15.29,Paid
3870,3870,2024-04-13,Card,26.63,Paid
3871,3871,2024-12-08,Card,12.65,Paid
3872,3872,2024-09-19,Card,46.46,Paid
3873,3873,2024-04-29,Cash,35.08,Paid
3874,3874,2024-05-07,Card,35.12,Paid
3875,3875,2024-10-18,Cash,26.57,Paid
3876,3876,2024-08-26,Card,20.81,Paid
3877,3877,2024-11-22,Cash,14.13,Refunded
3878,3878,2024-03-20,Cash,20.38,Paid
3879,3879,2024-09-13,Cash,33.00,Refunded
3880,3880,2024-06-03,Cash,18.61,Paid
3881,3881,2024-09-15,Mobile Pay,28.22,Paid
3882,3882,2024-06-14,Mobile Pay,24.74,Paid
3883,3883,2024-12-29,Mobile Pay,19.52,Refunded
3884,3884,2024-11-03,Cash,24.98,Refunded
3885,3885,2024-02-22,Mobile Pay,24.08,Paid
3886,3886,2024-09-13,Card,21.66,Refunded
3887,3887,2024-02-27,Mobile Pay,43.00,Refunded
3888,3888,2024-02-05,Cash,18.58,Paid
3889,3889,2024-01-14,Card,20.97,Paid
3890,3890,2024-06-08,Card,26.24,Paid
3891,3891,2024-11-07,Cash,19.52,Paid
3892,3892,2024-10-03,Cash,32.66,Refunded
3893,3893,2024-07-03,Cash,36.51,Paid
3894,3894,2024-11-03,Card,11.04,Paid
3895,3895,2024-07-21,Mobile Pay,18.37,Paid
3896,3896,2024-09-06,Cash,23.40,Paid
3897,3897,2024-01-12,Card,8.15,Paid
3898,3898,2024-12-09,Mobile Pay,22.28,Paid
3899,3899,2024-08-18,Cash,8.62,Paid
3900,3900,2024-02-20,Card,17.32,Paid
3901,3901,2024-05-15,Card,6.89,Paid
3902,3902,2024-04-03,Cash,21.93,Paid
3903,3903,2024-12-26,Mobile Pay,31.52,Paid
3904,3904,2024-08-26,Cash,57.69,Refunded
3905,3905,2024-08-04,Cash,33.47,Paid
3906,3906,2024-07-20,Mobile Pay,12.94,Paid
3907,3907,2024-04-03,Cash,39.45,Refunded
3908,3908,2024-04-06,Mobile Pay,26.16,Refunded
3909,3909,2024-10-11,Cash,29.88,Paid
3910,3910,2024-04-13,Mobile Pay,25.56,Paid
3911,3911,2024-03-23,Cash,28.11,Paid
3912,3912,2024-06-22,Mobile Pay,57.96,Refunded
3913,3913,2024-03-25,Cash,13.90,Paid
3914,3914,2024-01-08,Mobile Pay,25.00,Paid
3915,3915,2024-04-19,Cash,22.42,Paid
3916,3916,2024-01-11,Mobile Pay,24.71,Paid
3917,3917,2024-04-04,Mobile Pay,26.00,Refunded
3918,3918,2024-10-04,Mobile Pay,20.20,Paid
3919,3919,2024-01-11,Cash,8.76,Paid
3920,3920,2024-11-18,Mobile Pay,24.37,Paid
3921,3921,2024-10-25,Cash,34.09,Paid
3922,3922,2024-12-30,Mobile Pay,25.47,Refunded
3923,3923,2024-05-15,Mobile Pay,29.14,Paid
3924,3924,2024-08-17,Mobile Pay,24.82,Paid
3925,3925,2024-09-29,Card,17.66,Paid
3926,3926,2024-05-04,Card,14.66,Paid
3927,3927,2024-10-15,Cash,26.68,Paid
3928,3928,2024-10-14,Card,19.03,Paid
3929,3929,2024-09-01,Mobile Pay,27.53,Refunded
3930,3930,2024-05-26,Cash,48.30,Paid
3931,3931,2024-11-03,Card,49.09,Refunded
3932,3932,2024-02-18,Cash,17.43,Paid
3933,3933,2024-06-24,Card,48.63,Refunded
3934,3934,2024-02-06,Mobile Pay,26.58,Paid
3935,3935,2024-09-10,Card,10.08,Paid
3936,3936,2024-04-08,Cash,17.08,Paid
3937,3937,2024-12-18,Card,15.24,Paid
3938,3938,2024-12-09,Mobile Pay,22.26,Paid
3939,3939,2024-10-25,Card,17.48,Paid
3940,3940,2024-07-08,Mobile Pay,43.16,Refunded
3941,3941,2024-03-31,Mobile Pay,21.63,Refunded
3942,3942,2024-07-06,Cash,56.14,Paid
3943,3943,2024-01-20,Card,43.88,Refunded
3944,3944,2024-02-15,Mobile Pay,29.92,Paid
3945,3945,2024-04-02,Cash,19.86,Paid
3946,3946,2024-06-09,Cash,22.22,Paid
3947,3947,2024-09-19,Mobile Pay,13.80,Paid
3948,3948,2024-12-05,Cash,40.16,Paid
3949,3949,2024-06-19,Cash,18.85,Paid
3950,3950,2024-08-21,Cash,21.98,Paid
3951,3951,2024-10-20,Cash,27.23,Paid
3952,3952,2024-01-04,Mobile Pay,54.22,Paid
3953,3953,2024-04-24,Card,12.95,Refunded
3954,3954,2024-05-05,Mobile Pay,24.56,Paid
3955,3955,2024-11-27,Card,20.87,Paid
3956,3956,2024-02-23,Cash,40.88,Paid
3957,3957,2024-07-14,Card,9.38,Paid
3958,3958,2024-12-20,Mobile Pay,38.02,Paid
3959,3959,2024-12-31,Card,54.17,Paid
3960,3960,2024-12-15,Mobile Pay,25.12,Paid
3961,3961,2024-03-15,Card,38.72,Paid
3962,3962,2024-06-17,Card,17.14,Paid
3963,3963,2024-04-01,Mobile Pay,31.82,Paid
3964,3964,2024-07-08,Cash,32.17,Paid
3965,3965,2024-03-30,Mobile Pay,13.05,Paid
3966,3966,2024-11-16,Mobile Pay,50.74,Paid
3967,3967,2024-07-27,Cash,37.86,Paid
3968,3968,2024-05-04,Card,23.84,Paid
3969,3969,2024-02-17,Mobile Pay,10.76,Paid
3970,3970,2024-03-03,Mobile Pay,21.33,Paid
3971,3971,2024-02-17,Cash,23.08,Paid
3972,3972,2024-04-09,Card,35.50,Paid
3973,3973,2024-12-20,Mobile Pay,19.60,Refunded
3974,3974,2024-04-16,Mobile Pay,23.46,Paid
3975,3975,2024-07-02,Cash,10.49,Paid
3976,3976,2024-10-31,Card,69.85,Paid
3977,3977,2024-05-31,Cash,25.24,Paid
3978,3978,2024-10-30,Card,19.61,Paid
3979,3979,2024-06-21,Mobile Pay,28.09,Paid
3980,3980,2024-02-24,Card,50.80,Paid
3981,3981,2024-05-01,Cash,35.48,Paid
3982,3982,2024-12-19,Mobile Pay,10.66,Paid
3983,3983,2024-10-20,Mobile Pay,49.28,Refunded
3984,3984,2024-11-27,Mobile Pay,17.85,Refunded
3985,3985,2024-12-22,Cash,10.02,Paid
3986,3986,2024-01-18,Card,18.07,Refunded
3987,3987,2024-07-06,Mobile Pay,25.03,Refunded
3988,3988,2024-12-03,Cash,25.81,Paid
3989,3989,2024-03-19,Mobile Pay,29.97,Refunded
3990,3990,2024-01-31,Mobile Pay,62.62,Paid
3991,3991,2024-04-01,Cash,95.02,Paid
3992,3992,2024-03-25,Card,24.57,Paid
3993,3993,2024-08-06,Card,39.72,Paid
3994,3994,2024-04-28,Mobile Pay,19.76,Refunded
3995,3995,2024-05-14,Card,13.50,Paid
3996,3996,2024-05-17,Mobile Pay,20.88,Paid
3997,3997,2024-04-02,Cash,21.60,Paid
3998,3998,2024-07-07,Mobile Pay,19.77,Paid
3999,3999,2024-09-03,Cash,27.04,Paid
4000,4000,2024-09-22,Card,26.19,Paid
4001,4001,2024-04-16,Cash,24.13,Paid
4002,4002,2024-02-08,Card,20.50,Paid
4003,4003,2024-03-05,Mobile Pay,16.50,Paid
4004,4004,2024-12-25,Mobile Pay,13.12,Paid
4005,4005,2024-06-08,Card,25.15,Paid
4006,4006,2024-06-29,Cash,34.02,Paid
4007,4007,2024-02-09,Mobile Pay,25.17,Paid
4008,4008,2024-03-27,Card,25.96,Paid
4009,4009,2024-04-11,Mobile Pay,18.71,Paid
4010,4010,2024-01-24,Mobile Pay,27.56,Paid
4011,4011,2024-07-16,Cash,20.42,Refunded
4012,4012,2024-10-05,Mobile Pay,29.50,Paid
4013,4013,2024-09-07,Mobile Pay,22.30,Paid
4014,4014,2024-03-11,Cash,12.16,Paid
4015,4015,2024-03-07,Cash,31.31,Paid
4016,4016,2024-11-30,Mobile Pay,31.53,Paid
4017,4017,2024-11-23,Mobile Pay,38.22,Paid
4018,4018,2024-09-28,Card,11.79,Paid
4019,4019,2024-01-19,Cash,20.02,Refunded
4020,4020,2024-02-08,Card,72.32,Refunded
4021,4021,2024-09-10,Mobile Pay,25.14,Paid
4022,4022,2024-10-07,Mobile Pay,22.69,Paid
4023,4023,2024-01-12,Mobile Pay,45.84,Refunded
4024,4024,2024-05-29,Mobile Pay,56.34,Paid
4025,4025,2024-02-01,Cash,10.35,Paid
4026,4026,2024-04-23,Mobile Pay,15.44,Paid
4027,4027,2024-01-24,Cash,10.81,Paid
4028,4028,2024-10-31,Mobile Pay,48.44,Paid
4029,4029,2024-11-16,Cash,17.80,Refunded
4030,4030,2024-08-14,Mobile Pay,18.90,Refunded
4031,4031,2024-12-26,Cash,20.27,Refunded
4032,4032,2024-11-01,Card,22.24,Paid
4033,4033,2024-12-17,Card,21.66,Paid
4034,4034,2024-06-10,Cash,24.36,Refunded
4035,4035,2024-12-18,Cash,24.34,Paid
4036,4036,2024-11-17,Mobile Pay,27.36,Paid
4037,4037,2024-07-23,Mobile Pay,16.16,Paid
4038,4038,2024-04-05,Mobile Pay,12.75,Paid
4039,4039,2024-04-10,Cash,12.19,Refunded
4040,4040,2024-11-01,Cash,34.68,Paid
4041,4041,2024-09-10,Cash,46.66,Paid
4042,4042,2024-12-21,Card,20.58,Paid
4043,4043,2024-11-23,Cash,15.64,Paid
4044,4044,2024-11-08,Cash,47.02,Paid
4045,4045,2024-04-26,Mobile Pay,47.90,Paid
4046,4046,2024-07-19,Mobile Pay,30.09,Paid
4047,4047,2024-05-28,Card,23.16,Paid
4048,4048,2024-03-28,Card,20.69,Paid
4049,4049,2024-08-28,Cash,33.98,Paid
4050,4050,2024-05-04,Mobile Pay,14.76,Paid
4051,4051,2024-01-23,Mobile Pay,11.20,Paid
4052,4052,2024-07-11,Card,45.27,Paid
4053,4053,2024-07-22,Cash,19.95,Paid
4054,4054,2024-02-12,Cash,23.05,Refunded
4055,4055,2024-07-18,Cash,43.82,Refunded
4056,4056,2024-12-16,Cash,17.56,Paid
4057,4057,2024-10-06,Mobile Pay,12.57,Paid
4058,4058,2024-05-17,Cash,34.45,Paid
4059,4059,2024-06-02,Cash,21.29,Refunded
4060,4060,2024-08-01,Cash,25.51,Paid
4061,4061,2024-05-02,Card,28.73,Refunded
4062,4062,2024-03-17,Mobile Pay,43.40,Refunded
4063,4063,2024-05-31,Mobile Pay,16.78,Paid
4064,4064,2024-08-26,Cash,59.57,Paid
4065,4065,2024-09-27,Cash,29.66,Refunded
4066,4066,2024-05-27,Card,24.73,Refunded
4067,4067,2024-11-26,Card,35.05,Paid
4068,4068,2024-06-13,Cash,50.36,Refunded
4069,4069,2024-03-03,Cash,25.59,Paid
4070,4070,2024-06-12,Mobile Pay,26.01,Paid
4071,4071,2024-10-21,Mobile Pay,26.98,Refunded
4072,4072,2024-02-11,Cash,32.29,Refunded
4073,4073,2024-11-13,Card,20.38,Paid
4074,4074,2024-11-02,Card,14.20,Refunded
4075,4075,2024-07-03,Card,24.94,Refunded
4076,4076,2024-03-18,Card,45.10,Paid
4077,4077,2024-09-24,Mobile Pay,51.22,Paid
4078,4078,2024-08-19,Cash,7.87,Refunded
4079,4079,2024-07-30,Cash,42.59,Refunded
4080,4080,2024-09-03,Cash,49.57,Paid
4081,4081,2024-11-26,Cash,22.18,Refunded
4082,4082,2024-08-30,Card,21.34,Paid
4083,4083,2024-05-30,Cash,20.86,Paid
4084,4084,2024-08-28,Mobile Pay,18.67,Paid
4085,4085,2024-05-08,Cash,12.46,Paid
4086,4086,2024-01-17,Card,22.04,Paid
4087,4087,2024-10-27,Cash,15.91,Paid
4088,4088,2024-03-29,Cash,22.50,Paid
4089,4089,2024-05-04,Mobile Pay,36.40,Paid
4090,4090,2024-10-23,Mobile Pay,22.98,Paid
4091,4091,2024-06-10,Mobile Pay,36.72,Paid
4092,4092,2024-04-05,Mobile Pay,15.98,Paid
4093,4093,2024-09-27,Cash,40.64,Paid
4094,4094,2024-12-29,Cash,35.34,Paid
4095,4095,2024-04-09,Card,15.74,Paid
4096,4096,2024-10-16,Mobile Pay,11.61,Paid
4097,4097,2024-10-29,Cash,19.77,Refunded
4098,4098,2024-02-28,Mobile Pay,10.40,Paid
4099,4099,2024-06-20,Card,89.56,Paid
4100,4100,2024-11-09,Cash,18.83,Refunded
4101,4101,2024-07-12,Cash,22.83,Paid
4102,4102,2024-11-25,Mobile Pay,13.48,Refunded
4103,4103,2024-07-26,Card,41.96,Paid
4104,4104,2024-12-02,Card,70.84,Paid
4105,4105,2024-11-09,Card,36.92,Paid
4106,4106,2024-01-24,Cash,26.21,Refunded
4107,4107,2024-05-09,Card,19.94,Paid
4108,4108,2024-07-24,Cash,27.03,Refunded
4109,4109,2024-07-10,Mobile Pay,36.60,Paid
4110,4110,2024-11-22,Cash,40.17,Paid
4111,4111,2024-02-04,Card,23.93,Paid
4112,4112,2024-05-09,Cash,29.18,Paid
4113,4113,2024-01-15,Mobile Pay,15.98,Paid
4114,4114,2024-07-17,Card,16.14,Refunded
4115,4115,2024-10-05,Cash,66.82,Paid
4116,4116,2024-09-23,Cash,43.22,Paid
4117,4117,2024-08-25,Cash,34.14,Paid
4118,4118,2024-10-04,Card,24.52,Paid
4119,4119,2024-03-17,Card,17.03,Paid
4120,4120,2024-03-26,Cash,23.54,Paid
4121,4121,2024-11-23,Cash,28.78,Paid
4122,4122,2024-02-08,Cash,17.97,Refunded
4123,4123,2024-11-25,Mobile Pay,75.46,Paid
4124,4124,2024-03-05,Cash,26.70,Paid
4125,4125,2024-02-21,Cash,14.62,Paid
4126,4126,2024-05-19,Mobile Pay,30.51,Refunded
4127,4127,2024-12-23,Cash,16.94,Paid
4128,4128,2024-10-05,Mobile Pay,27.27,Paid
4129,4129,2024-08-20,Cash,38.06,Paid
4130,4130,2024-07-19,Mobile Pay,49.39,Paid
4131,4131,2024-06-29,Cash,14.97,Paid
4132,4132,2024-08-23,Mobile Pay,12.56,Paid
4133,4133,2024-08-20,Mobile Pay,23.51,Paid
4134,4134,2024-03-25,Cash,23.82,Paid
4135,4135,2024-11-01,Mobile Pay,24.90,Paid
4136,4136,2024-03-29,Cash,48.29,Paid
4137,4137,2024-11-06,Card,16.31,Paid
4138,4138,2024-07-10,Cash,35.01,Paid
4139,4139,2024-04-01,Cash,34.77,Paid
4140,4140,2024-01-01,Mobile Pay,30.74,Paid
4141,4141,2024-12-28,Cash,32.04,Paid
4142,4142,2024-09-28,Card,23.85,Paid
4143,4143,2024-08-09,Mobile Pay,15.86,Paid
4144,4144,2024-01-30,Mobile Pay,14.67,Paid
4145,4145,2024-12-05,Cash,29.71,Refunded
4146,4146,2024-02-23,Cash,16.09,Paid
4147,4147,2024-11-15,Cash,46.22,Refunded
4148,4148,2024-12-11,Card,51.28,Refunded
4149,4149,2024-06-15,Cash,10.32,Paid
4150,4150,2024-01-03,Mobile Pay,21.44,Paid
4151,4151,2024-11-26,Mobile Pay,53.43,Paid
4152,4152,2024-09-23,Card,22.56,Paid
4153,4153,2024-12-20,Cash,45.32,Paid
4154,4154,2024-10-18,Mobile Pay,36.26,Paid
4155,4155,2024-07-22,Card,31.26,Refunded
4156,4156,2024-08-10,Cash,20.76,Paid
4157,4157,2024-10-26,Cash,13.06,Paid
4158,4158,2024-10-04,Mobile Pay,64.89,Paid
4159,4159,2024-05-15,Card,26.50,Paid
4160,4160,2024-04-22,Card,49.40,Paid
4161,4161,2024-07-18,Mobile Pay,30.30,Paid
4162,4162,2024-11-16,Mobile Pay,48.31,Refunded
4163,4163,2024-07-17,Cash,21.74,Refunded
4164,4164,2024-06-19,Cash,26.22,Paid
4165,4165,2024-02-13,Card,34.84,Refunded
4166,4166,2024-01-24,Cash,18.42,Refunded
4167,4167,2024-10-13,Cash,8.84,Paid
4168,4168,2024-04-17,Mobile Pay,24.42,Paid
4169,4169,2024-07-02,Card,28.86,Paid
4170,4170,2024-07-23,Card,11.90,Paid
4171,4171,2024-05-25,Mobile Pay,33.42,Refunded
4172,4172,2024-03-06,Mobile Pay,27.54,Paid
4173,4173,2024-12-27,Cash,9.84,Paid
4174,4174,2024-03-04,Mobile Pay,22.87,Paid
4175,4175,2024-01-25,Card,16.48,Paid
4176,4176,2024-03-18,Cash,24.44,Refunded
4177,4177,2024-10-05,Cash,36.59,Paid
4178,4178,2024-06-03,Mobile Pay,37.89,Paid
4179,4179,2024-04-26,Mobile Pay,22.53,Paid
4180,4180,2024-03-08,Card,35.76,Paid
4181,4181,2024-07-23,Cash,12.58,Paid
4182,4182,2024-10-28,Mobile Pay,8.75,Paid
4183,4183,2024-06-28,Card,25.23,Refunded
4184,4184,2024-02-06,Cash,29.40,Paid
4185,4185,2024-01-29,Card,30.21,Paid
4186,4186,2024-01-08,Card,23.65,Paid
4187,4187,2024-12-02,Cash,15.37,Paid
4188,4188,2024-02-20,Cash,27.31,Paid
4189,4189,2024-04-11,Mobile Pay,47.59,Paid
4190,4190,2024-07-02,Mobile Pay,31.56,Paid
4191,4191,2024-07-15,Card,25.11,Paid
4192,4192,2024-11-12,Mobile Pay,24.66,Paid
4193,4193,2024-11-19,Mobile Pay,29.67,Paid
4194,4194,2024-09-27,Cash,53.94,Refunded
4195,4195,2024-07-28,Mobile Pay,47.02,Paid
4196,4196,2024-04-26,Card,16.60,Paid
4197,4197,2024-01-29,Cash,29.23,Paid
4198,4198,2024-08-01,Mobile Pay,14.39,Paid
4199,4199,2024-04-25,Cash,34.87,Refunded
4200,4200,2024-09-09,Card,18.37,Paid
4201,4201,2024-12-28,Mobile Pay,26.30,Paid
4202,4202,2024-04-12,Card,25.02,Paid
4203,4203,2024-05-09,Mobile Pay,17.80,Refunded
4204,4204,2024-01-19,Card,63.77,Paid
4205,4205,2024-09-21,Cash,34.36,Paid
4206,4206,2024-07-31,Card,25.95,Paid
4207,4207,2024-01-02,Cash,67.02,Paid
4208,4208,2024-09-12,Card,22.87,Paid
4209,4209,2024-06-16,Card,36.40,Refunded
4210,4210,2024-11-01,Mobile Pay,18.82,Paid
4211,4211,2024-03-26,Card,22.47,Paid
4212,4212,2024-10-07,Card,64.63,Paid
4213,4213,2024-09-15,Mobile Pay,33.55,Paid
4214,4214,2024-01-25,Card,62.68,Paid
4215,4215,2024-10-05,Card,48.52,Paid
4216,4216,2024-10-01,Card,12.81,Paid
4217,4217,2024-02-14,Mobile Pay,34.70,Paid
4218,4218,2024-06-04,Cash,31.48,Paid
4219,4219,2024-02-04,Mobile Pay,12.95,Refunded
4220,4220,2024-11-15,Cash,23.64,Paid
4221,4221,2024-05-14,Card,39.18,Paid
4222,4222,2024-04-22,Mobile Pay,41.60,Paid
4223,4223,2024-02-16,Card,17.17,Paid
4224,4224,2024-05-17,Cash,18.98,Refunded
4225,4225,2024-01-10,Card,25.48,Paid
4226,4226,2024-07-26,Cash,58.01,Paid
4227,4227,2024-06-06,Card,48.48,Paid
4228,4228,2024-10-29,Mobile Pay,42.91,Paid
4229,4229,2024-11-06,Mobile Pay,10.74,Paid
4230,4230,2024-12-10,Card,35.41,Paid
4231,4231,2024-03-23,Mobile Pay,13.86,Paid
4232,4232,2024-05-02,Mobile Pay,6.98,Paid
4233,4233,2024-11-09,Card,14.26,Paid
4234,4234,2024-09-19,Mobile Pay,26.50,Paid
4235,4235,2024-02-08,Mobile Pay,16.72,Paid
4236,4236,2024-02-29,Card,26.64,Paid
4237,4237,2024-10-03,Mobile Pay,13.98,Paid
4238,4238,2024-02-16,Card,31.70,Paid
4239,4239,2024-08-15,Mobile Pay,38.40,Paid
4240,4240,2024-12-11,Card,10.34,Paid
4241,4241,2024-10-18,Cash,13.08,Paid
4242,4242,2024-08-28,Cash,35.90,Paid
4243,4243,2024-10-12,Cash,32.76,Paid
4244,4244,2024-06-08,Card,22.36,Paid
4245,4245,2024-11-24,Cash,49.39,Paid
4246,4246,2024-03-26,Mobile Pay,13.04,Paid
4247,4247,2024-09-30,Card,49.43,Paid
4248,4248,2024-05-08,Card,31.02,Paid
4249,4249,2024-07-17,Card,31.22,Paid
4250,4250,2024-02-07,Mobile Pay,27.64,Paid
4251,4251,2024-12-23,Mobile Pay,32.40,Refunded
4252,4252,2024-04-30,Mobile Pay,34.76,Paid
4253,4253,2024-03-12,Card,24.93,Paid
4254,4254,2024-06-21,Mobile Pay,17.07,Paid
4255,4255,2024-09-30,Card,28.12,Refunded
4256,4256,2024-03-13,Card,46.53,Paid
4257,4257,2024-05-28,Mobile Pay,38.22,Paid
4258,4258,2024-03-23,Cash,19.24,Paid
4259,4259,2024-02-25,Card,17.57,Paid
4260,4260,2024-12-08,Cash,30.03,Paid
4261,4261,2024-02-12,Card,54.03,Paid
4262,4262,2024-06-29,Card,21.68,Paid
4263,4263,2024-10-29,Card,14.58,Paid
4264,4264,2024-09-04,Card,36.58,Paid
4265,4265,2024-09-20,Card,16.40,Paid
4266,4266,2024-10-24,Cash,32.58,Paid
4267,4267,2024-07-07,Mobile Pay,23.64,Paid
4268,4268,2024-05-08,Card,27.36,Paid
4269,4269,2024-01-08,Card,30.05,Paid
4270,4270,2024-07-16,Cash,12.20,Paid
4271,4271,2024-06-21,Cash,36.18,Paid
4272,4272,2024-11-22,Cash,45.70,Paid
4273,4273,2024-05-06,Cash,17.32,Paid
4274,4274,2024-10-29,Card,11.88,Paid
4275,4275,2024-06-18,Card,18.82,Paid
4276,4276,2024-08-02,Cash,25.86,Paid
4277,4277,2024-03-26,Cash,17.47,Paid
4278,4278,2024-09-09,Card,13.01,Paid
4279,4279,2024-03-17,Card,57.42,Paid
4280,4280,2024-01-06,Mobile Pay,24.55,Paid
4281,4281,2024-07-13,Cash,30.63,Paid
4282,4282,2024-05-27,Mobile Pay,27.50,Refunded
4283,4283,2024-11-22,Cash,17.24,Paid
4284,4284,2024-10-26,Card,17.92,Paid
4285,4285,2024-10-23,Mobile Pay,35.05,Paid
4286,4286,2024-02-12,Mobile Pay,36.30,Paid
4287,4287,2024-10-25,Cash,10.82,Paid
4288,4288,2024-01-23,Card,16.00,Paid
4289,4289,2024-04-29,Card,12.80,Paid
4290,4290,2024-07-01,Card,15.26,Refunded
4291,4291,2024-05-21,Card,14.80,Paid
4292,4292,2024-11-21,Card,26.35,Paid
4293,4293,2024-02-08,Cash,54.26,Refunded
4294,4294,2024-09-18,Cash,23.69,Paid
4295,4295,2024-11-30,Cash,53.35,Paid
4296,4296,2024-05-15,Card,21.36,Paid
4297,4297,2024-06-03,Mobile Pay,27.23,Paid
4298,4298,2024-04-13,Cash,29.05,Refunded
4299,4299,2024-12-12,Mobile Pay,13.99,Paid
4300,4300,2024-05-10,Card,38.70,Paid
4301,4301,2024-12-23,Mobile Pay,21.02,Refunded
4302,4302,2024-02-11,Card,61.69,Paid
4303,4303,2024-12-31,Card,26.68,Paid
4304,4304,2024-07-22,Mobile Pay,28.03,Paid
4305,4305,2024-05-09,Cash,9.26,Paid
4306,4306,2024-06-29,Cash,7.67,Paid
4307,4307,2024-04-03,Cash,19.13,Paid
4308,4308,2024-12-09,Card,27.94,Refunded
4309,4309,2024-02-18,Mobile Pay,20.95,Paid
4310,4310,2024-06-11,Mobile Pay,20.85,Paid
4311,4311,2024-08-28,Mobile Pay,26.35,Paid
4312,4312,2024-09-03,Card,21.66,Paid
4313,4313,2024-08-18,Cash,22.83,Paid
4314,4314,2024-08-27,Cash,22.35,Paid
4315,4315,2024-07-24,Card,34.09,Paid
4316,4316,2024-09-18,Mobile Pay,44.91,Paid
4317,4317,2024-05-30,Mobile Pay,28.12,Refunded
4318,4318,2024-10-18,Cash,27.38,Refunded
4319,4319,2024-01-08,Cash,12.75,Paid
4320,4320,2024-01-05,Mobile Pay,12.21,Paid
4321,4321,2024-02-01,Cash,5.65,Paid
4322,4322,2024-06-13,Card,34.43,Paid
4323,4323,2024-02-20,Mobile Pay,11.06,Refunded
4324,4324,2024-03-22,Cash,16.75,Paid
4325,4325,2024-08-17,Mobile Pay,28.29,Paid
4326,4326,2024-11-10,Card,23.20,Paid
4327,4327,2024-11-10,Cash,10.97,Paid
4328,4328,2024-10-25,Cash,12.55,Paid
4329,4329,2024-12-14,Card,37.17,Paid
4330,4330,2024-12-16,Card,42.30,Paid
4331,4331,2024-01-26,Cash,22.72,Paid
4332,4332,2024-12-29,Cash,33.22,Refunded
4333,4333,2024-08-05,Cash,51.57,Paid
4334,4334,2024-04-16,Cash,15.62,Refunded
4335,4335,2024-05-15,Cash,49.07,Paid
4336,4336,2024-12-14,Mobile Pay,25.38,Paid
4337,4337,2024-06-14,Cash,11.74,Paid
4338,4338,2024-07-02,Cash,17.94,Paid
4339,4339,2024-04-21,Mobile Pay,14.06,Paid
4340,4340,2024-02-28,Mobile Pay,29.67,Paid
4341,4341,2024-09-24,Mobile Pay,17.84,Paid
4342,4342,2024-10-02,Mobile Pay,13.65,Refunded
4343,4343,2024-05-04,Mobile Pay,17.84,Paid
4344,4344,2024-08-03,Card,14.77,Refunded
4345,4345,2024-07-17,Cash,15.82,Paid
4346,4346,2024-04-21,Mobile Pay,29.10,Paid
4347,4347,2025-01-01,Cash,8.56,Paid
4348,4348,2024-07-09,Mobile Pay,52.82,Paid
4349,4349,2024-10-13,Cash,26.82,Refunded
4350,4350,2024-09-10,Mobile Pay,20.61,Paid
4351,4351,2024-09-12,Cash,45.45,Paid
4352,4352,2024-08-19,Card,8.03,Paid
4353,4353,2024-03-08,Mobile Pay,18.96,Refunded
4354,4354,2024-07-26,Cash,42.62,Refunded
4355,4355,2024-08-06,Cash,28.33,Paid
4356,4356,2024-01-10,Card,11.08,Paid
4357,4357,2024-12-27,Cash,19.61,Paid
4358,4358,2024-07-11,Mobile Pay,51.00,Paid
4359,4359,2024-12-23,Mobile Pay,44.11,Paid
4360,4360,2024-02-24,Mobile Pay,30.08,Paid
4361,4361,2024-09-27,Mobile Pay,50.61,Refunded
4362,4362,2024-10-24,Mobile Pay,7.04,Refunded
4363,4363,2024-09-20,Card,19.40,Paid
4364,4364,2024-08-30,Mobile Pay,31.41,Paid
4365,4365,2024-12-30,Mobile Pay,32.04,Refunded
4366,4366,2024-04-12,Card,22.31,Refunded
4367,4367,2024-01-11,Cash,17.34,Refunded
4368,4368,2024-09-20,Mobile Pay,27.24,Refunded
4369,4369,2024-09-18,Cash,21.48,Paid
4370,4370,2024-06-06,Cash,10.90,Paid
4371,4371,2024-04-12,Mobile Pay,52.10,Paid
4372,4372,2024-02-21,Card,17.31,Paid
4373,4373,2024-03-08,Cash,32.83,Paid
4374,4374,2024-06-02,Card,38.61,Refunded
4375,4375,2024-06-30,Mobile Pay,28.02,Refunded
4376,4376,2024-09-17,Mobile Pay,24.63,Paid
4377,4377,2024-09-02,Cash,22.99,Paid
4378,4378,2024-02-25,Cash,25.10,Paid
4379,4379,2024-11-13,Card,34.86,Paid
4380,4380,2024-08-11,Card,63.96,Paid
4381,4381,2024-07-17,Card,88.32,Refunded
4382,4382,2024-05-10,Mobile Pay,57.17,Paid
4383,4383,2024-05-16,Mobile Pay,62.08,Paid
4384,4384,2024-06-28,Card,13.37,Paid
4385,4385,2024-03-26,Cash,17.72,Paid
4386,4386,2024-10-01,Cash,27.84,Paid
4387,4387,2024-11-02,Card,43.91,Paid
4388,4388,2024-04-10,Mobile Pay,35.30,Paid
4389,4389,2024-05-14,Cash,87.44,Paid
4390,4390,2024-10-19,Cash,49.86,Paid
4391,4391,2024-04-16,Mobile Pay,12.73,Refunded
4392,4392,2024-06-14,Mobile Pay,22.63,Paid
4393,4393,2024-05-12,Cash,11.09,Paid
4394,4394,2024-04-02,Mobile Pay,36.91,Paid
4395,4395,2024-01-25,Card,8.14,Paid
4396,4396,2024-12-09,Mobile Pay,26.42,Refunded
4397,4397,2024-11-11,Mobile Pay,27.09,Paid
4398,4398,2024-02-08,Cash,17.53,Paid
4399,4399,2024-08-06,Mobile Pay,13.52,Paid
4400,4400,2024-08-14,Card,16.64,Refunded
4401,4401,2024-11-11,Card,13.60,Paid
4402,4402,2024-01-30,Card,63.11,Paid
4403,4403,2024-12-20,Cash,17.65,Paid
4404,4404,2024-10-26,Mobile Pay,37.52,Refunded
4405,4405,2024-12-30,Card,24.29,Paid
4406,4406,2024-10-27,Card,16.88,Paid
4407,4407,2024-06-20,Card,13.48,Paid
4408,4408,2024-02-03,Cash,45.20,Paid
4409,4409,2024-07-23,Mobile Pay,41.37,Paid
4410,4410,2024-08-03,Card,54.69,Refunded
4411,4411,2024-08-30,Card,46.93,Paid
4412,4412,2024-04-09,Card,71.16,Paid
4413,4413,2024-11-07,Card,13.40,Paid
4414,4414,2024-01-24,Cash,21.73,Paid
4415,4415,2024-05-04,Card,24.01,Paid
4416,4416,2024-08-31,Cash,80.16,Paid
4417,4417,2024-01-07,Cash,37.67,Paid
4418,4418,2024-04-30,Cash,42.19,Paid
4419,4419,2024-07-23,Card,24.02,Paid
4420,4420,2024-10-11,Cash,33.50,Paid
4421,4421,2024-12-18,Cash,6.25,Paid
4422,4422,2024-11-17,Mobile Pay,11.32,Refunded
4423,4423,2024-10-18,Card,27.94,Refunded
4424,4424,2024-05-25,Mobile Pay,34.75,Paid
4425,4425,2024-09-14,Cash,17.06,Paid
4426,4426,2024-03-07,Mobile Pay,29.42,Paid
4427,4427,2024-04-19,Cash,30.27,Paid
4428,4428,2024-05-04,Mobile Pay,52.31,Paid
4429,4429,2024-02-16,Card,44.12,Paid
4430,4430,2024-09-27,Card,10.46,Refunded
4431,4431,2024-07-17,Cash,22.00,Paid
4432,4432,2024-08-03,Card,28.94,Paid
4433,4433,2024-07-25,Card,12.55,Paid
4434,4434,2024-07-23,Card,28.54,Paid
4435,4435,2024-04-04,Mobile Pay,15.56,Paid
4436,4436,2024-10-07,Card,24.30,Paid
4437,4437,2024-12-18,Mobile Pay,29.37,Paid
4438,4438,2024-02-13,Cash,27.09,Paid
4439,4439,2024-10-01,Mobile Pay,13.88,Refunded
4440,4440,2024-09-08,Card,28.59,Paid
4441,4441,2024-04-22,Card,19.67,Paid
4442,4442,2024-03-02,Cash,26.51,Refunded
4443,4443,2024-10-03,Mobile Pay,26.99,Paid
4444,4444,2024-05-07,Mobile Pay,11.14,Paid
4445,4445,2024-09-16,Mobile Pay,67.41,Paid
4446,4446,2024-02-22,Mobile Pay,23.20,Paid
4447,4447,2024-07-21,Card,50.19,Paid
4448,4448,2024-10-14,Mobile Pay,19.22,Refunded
4449,4449,2024-01-16,Mobile Pay,41.20,Paid
4450,4450,2024-06-10,Cash,24.16,Refunded
4451,4451,2024-01-09,Cash,27.33,Paid
4452,4452,2024-02-11,Mobile Pay,17.68,Paid
4453,4453,2024-10-24,Cash,22.83,Paid
4454,4454,2024-07-14,Mobile Pay,30.53,Paid
4455,4455,2024-11-18,Mobile Pay,19.10,Paid
4456,4456,2024-12-29,Card,13.40,Refunded
4457,4457,2024-12-15,Cash,27.61,Paid
4458,4458,2024-06-27,Cash,16.46,Paid
4459,4459,2024-02-01,Card,33.67,Refunded
4460,4460,2024-01-18,Cash,29.01,Paid
4461,4461,2024-11-17,Card,10.99,Refunded
4462,4462,2024-05-05,Cash,20.69,Paid
4463,4463,2024-02-15,Card,29.32,Paid
4464,4464,2024-06-01,Card,14.35,Paid
4465,4465,2024-08-03,Card,23.01,Paid
4466,4466,2024-09-07,Card,25.93,Paid
4467,4467,2024-01-12,Mobile Pay,17.31,Paid
4468,4468,2024-09-25,Card,79.16,Paid
4469,4469,2024-07-21,Cash,39.42,Refunded
4470,4470,2024-08-03,Cash,17.46,Paid
4471,4471,2024-06-21,Mobile Pay,28.71,Paid
4472,4472,2024-07-13,Cash,37.42,Paid
4473,4473,2024-01-05,Mobile Pay,20.49,Paid
4474,4474,2024-03-03,Card,15.67,Paid
4475,4475,2024-06-17,Mobile Pay,14.85,Paid
4476,4476,2024-11-18,Mobile Pay,20.63,Paid
4477,4477,2024-08-16,Card,16.75,Paid
4478,4478,2024-03-13,Mobile Pay,17.35,Paid
4479,4479,2024-01-22,Card,12.41,Paid
4480,4480,2024-09-09,Cash,28.40,Paid
4481,4481,2024-09-24,Mobile Pay,32.39,Paid
4482,4482,2024-04-04,Card,26.04,Paid
4483,4483,2024-03-24,Cash,10.32,Paid
4484,4484,2024-08-26,Card,21.18,Paid
4485,4485,2024-02-27,Cash,23.67,Paid
4486,4486,2024-03-28,Cash,16.25,Paid
4487,4487,2024-05-01,Card,72.86,Paid
4488,4488,2024-04-15,Cash,39.78,Paid
4489,4489,2024-02-17,Card,71.70,Paid
4490,4490,2024-11-06,Cash,16.63,Refunded
4491,4491,2024-06-05,Card,66.84,Refunded
4492,4492,2024-04-17,Card,20.43,Paid
4493,4493,2024-01-08,Card,32.02,Paid
4494,4494,2024-02-02,Cash,38.72,Paid
4495,4495,2024-05-03,Card,24.54,Paid
4496,4496,2024-12-17,Mobile Pay,18.26,Paid
4497,4497,2024-03-16,Mobile Pay,14.07,Refunded
4498,4498,2024-10-13,Mobile Pay,59.26,Paid
4499,4499,2024-08-15,Mobile Pay,45.86,Refunded
4500,4500,2024-07-10,Mobile Pay,20.70,Paid
4501,4501,2024-01-29,Mobile Pay,53.89,Paid
4502,4502,2024-05-04,Cash,13.00,Paid
4503,4503,2024-06-25,Cash,22.87,Paid
4504,4504,2024-08-11,Cash,29.99,Paid
4505,4505,2024-03-05,Cash,20.90,Paid
4506,4506,2024-11-17,Mobile Pay,13.78,Paid
4507,4507,2024-12-29,Cash,71.33,Refunded
4508,4508,2024-09-12,Cash,40.82,Paid
4509,4509,2024-10-16,Card,18.74,Paid
4510,4510,2024-09-19,Card,20.17,Paid
4511,4511,2024-10-18,Cash,14.59,Paid
4512,4512,2024-03-17,Card,25.22,Paid
4513,4513,2024-02-22,Card,6.52,Paid
4514,4514,2024-11-05,Mobile Pay,19.69,Paid
4515,4515,2024-09-28,Cash,34.02,Paid
4516,4516,2024-11-14,Mobile Pay,45.86,Paid
4517,4517,2024-03-23,Mobile Pay,27.35,Refunded
4518,4518,2024-01-23,Mobile Pay,14.09,Paid
4519,4519,2024-01-03,Cash,34.11,Paid
4520,4520,2024-06-08,Card,12.22,Paid
4521,4521,2024-01-08,Card,59.72,Paid
4522,4522,2024-10-02,Mobile Pay,22.24,Paid
4523,4523,2024-01-20,Mobile Pay,16.20,Paid
4524,4524,2024-08-05,Cash,21.94,Paid
4525,4525,2024-03-02,Card,29.35,Refunded
4526,4526,2024-03-20,Cash,41.67,Paid
4527,4527,2024-12-20,Mobile Pay,10.16,Paid
4528,4528,2024-05-01,Card,15.10,Paid
4529,4529,2024-05-25,Mobile Pay,39.80,Paid
4530,4530,2024-02-21,Cash,38.95,Paid
4531,4531,2024-11-22,Mobile Pay,23.59,Paid
4532,4532,2024-03-29,Card,16.31,Refunded
4533,4533,2024-10-30,Cash,32.69,Paid
4534,4534,2024-10-17,Card,31.04,Paid
4535,4535,2024-02-04,Card,19.03,Paid
4536,4536,2024-02-13,Cash,39.40,Paid
4537,4537,2024-12-09,Cash,15.64,Paid
4538,4538,2024-12-15,Cash,20.90,Paid
4539,4539,2024-03-03,Card,26.66,Paid
4540,4540,2024-07-22,Mobile Pay,33.14,Refunded
4541,4541,2024-02-06,Card,15.85,Paid
4542,4542,2024-05-22,Card,24.68,Refunded
4543,4543,2024-06-29,Card,21.94,Paid
4544,4544,2024-12-12,Mobile Pay,5.32,Refunded
4545,4545,2024-07-17,Card,27.75,Paid
4546,4546,2024-03-14,Card,26.52,Paid
4547,4547,2024-06-02,Card,20.98,Paid
4548,4548,2024-06-14,Cash,29.60,Paid
4549,4549,2024-07-17,Card,28.48,Paid
4550,4550,2024-07-24,Card,22.05,Refunded
4551,4551,2024-02-29,Cash,35.85,Paid
4552,4552,2024-07-21,Card,16.34,Paid
4553,4553,2024-06-06,Cash,64.04,Paid
4554,4554,2024-01-23,Card,53.40,Paid
4555,4555,2024-08-01,Mobile Pay,11.80,Paid
4556,4556,2024-05-13,Cash,33.00,Refunded
4557,4557,2024-09-11,Mobile Pay,20.84,Paid
4558,4558,2024-04-30,Cash,25.89,Paid
4559,4559,2024-09-28,Cash,34.26,Paid
4560,4560,2024-07-13,Mobile Pay,24.01,Paid
4561,4561,2024-07-20,Card,28.87,Paid
4562,4562,2024-05-27,Mobile Pay,29.76,Paid
4563,4563,2024-11-24,Cash,19.37,Paid
4564,4564,2024-06-25,Card,55.48,Paid
4565,4565,2024-04-11,Card,29.00,Paid
4566,4566,2024-09-08,Cash,24.73,Paid
4567,4567,2024-01-21,Cash,9.08,Paid
4568,4568,2024-01-21,Mobile Pay,13.76,Paid
4569,4569,2024-06-29,Cash,34.78,Paid
4570,4570,2024-01-07,Card,22.16,Paid
4571,4571,2024-03-02,Cash,36.84,Paid
4572,4572,2024-12-14,Mobile Pay,25.18,Paid
4573,4573,2024-10-12,Cash,22.38,Paid
4574,4574,2024-03-03,Card,38.20,Refunded
4575,4575,2024-06-01,Card,29.38,Paid
4576,4576,2024-04-14,Cash,23.49,Paid
4577,4577,2024-08-07,Card,12.54,Paid
4578,4578,2024-07-06,Cash,11.46,Paid
4579,4579,2024-11-11,Card,42.94,Paid
4580,4580,2024-11-26,Cash,16.64,Paid
4581,4581,2024-02-10,Mobile Pay,29.28,Paid
4582,4582,2024-05-20,Mobile Pay,19.22,Refunded
4583,4583,2024-03-16,Card,14.96,Paid
4584,4584,2024-11-20,Card,16.35,Refunded
4585,4585,2024-03-31,Card,37.04,Paid
4586,4586,2024-12-27,Card,17.55,Refunded
4587,4587,2024-01-06,Cash,10.38,Paid
4588,4588,2024-10-16,Mobile Pay,19.34,Paid
4589,4589,2024-06-14,Mobile Pay,26.65,Paid
4590,4590,2024-08-02,Mobile Pay,13.99,Paid
4591,4591,2024-11-30,Mobile Pay,21.77,Paid
4592,4592,2024-05-17,Cash,16.56,Refunded
4593,4593,2024-06-29,Mobile Pay,45.09,Paid
4594,4594,2024-09-12,Card,38.80,Refunded
4595,4595,2024-02-23,Cash,30.06,Refunded
4596,4596,2024-10-18,Cash,8.33,Paid
4597,4597,2024-10-24,Card,30.36,Paid
4598,4598,2024-06-24,Cash,13.04,Paid
4599,4599,2024-02-26,Card,34.76,Paid
4600,4600,2024-09-07,Card,19.81,Refunded
4601,4601,2024-07-04,Cash,31.57,Paid
4602,4602,2024-06-13,Card,35.91,Paid
4603,4603,2024-06-22,Mobile Pay,19.37,Paid
4604,4604,2024-08-19,Card,16.01,Paid
4605,4605,2024-11-21,Cash,12.34,Refunded
4606,4606,2024-01-31,Mobile Pay,29.96,Paid
4607,4607,2024-06-18,Card,11.84,Paid
4608,4608,2024-01-10,Mobile Pay,29.26,Paid
4609,4609,2024-11-11,Mobile Pay,27.52,Paid
4610,4610,2024-07-25,Card,21.72,Paid
4611,4611,2024-11-11,Card,12.53,Paid
4612,4612,2024-11-07,Card,41.86,Refunded
4613,4613,2024-03-15,Card,17.08,Paid
4614,4614,2024-07-24,Mobile Pay,51.94,Paid
4615,4615,2024-10-18,Cash,14.75,Paid
4616,4616,2024-12-14,Cash,34.58,Paid
4617,4617,2024-03-05,Mobile Pay,18.10,Paid
4618,4618,2024-04-14,Cash,8.53,Paid
4619,4619,2024-05-19,Cash,21.56,Paid
4620,4620,2024-06-14,Cash,21.43,Paid
4621,4621,2024-06-07,Mobile Pay,45.23,Paid
4622,4622,2024-06-01,Cash,22.00,Paid
4623,4623,2024-07-03,Cash,10.32,Paid
4624,4624,2024-06-15,Mobile Pay,24.33,Paid
4625,4625,2024-06-05,Mobile Pay,26.76,Paid
4626,4626,2024-07-21,Mobile Pay,16.99,Paid
4627,4627,2024-01-31,Mobile Pay,44.90,Paid
4628,4628,2024-06-20,Cash,12.91,Paid
4629,4629,2024-10-22,Card,28.46,Paid
4630,4630,2024-06-27,Mobile Pay,33.02,Refunded
4631,4631,2024-11-13,Cash,37.75,Refunded
4632,4632,2024-04-11,Card,25.10,Paid
4633,4633,2024-05-14,Mobile Pay,28.30,Refunded
4634,4634,2024-11-19,Mobile Pay,17.66,Refunded
4635,4635,2024-08-14,Card,25.13,Paid
4636,4636,2024-11-24,Mobile Pay,76.22,Refunded
4637,4637,2024-07-12,Cash,17.36,Paid
4638,4638,2024-10-08,Cash,21.99,Refunded
4639,4639,2024-11-05,Mobile Pay,31.12,Paid
4640,4640,2024-06-16,Card,54.77,Paid
4641,4641,2024-05-30,Cash,21.64,Paid
4642,4642,2024-12-22,Card,16.84,Refunded
4643,4643,2024-01-31,Cash,10.42,Paid
4644,4644,2024-11-20,Cash,24.30,Paid
4645,4645,2024-02-26,Card,31.52,Paid
4646,4646,2024-07-01,Card,25.15,Paid
4647,4647,2024-11-15,Cash,22.16,Paid
4648,4648,2024-12-01,Card,14.97,Refunded
4649,4649,2024-10-05,Mobile Pay,22.83,Paid
4650,4650,2024-04-17,Cash,41.07,Paid
4651,4651,2024-03-19,Cash,32.64,Paid
4652,4652,2024-12-03,Cash,24.64,Paid
4653,4653,2024-02-06,Mobile Pay,83.76,Paid
4654,4654,2024-09-26,Cash,20.56,Paid
4655,4655,2024-09-17,Cash,16.22,Paid
4656,4656,2024-03-16,Cash,19.65,Paid
4657,4657,2024-01-22,Mobile Pay,19.73,Paid
4658,4658,2024-03-21,Cash,13.80,Paid
4659,4659,2024-02-18,Cash,22.76,Paid
4660,4660,2024-12-31,Card,25.96,Paid
4661,4661,2024-07-31,Cash,20.04,Paid
4662,4662,2024-11-11,Mobile Pay,21.28,Refunded
4663,4663,2024-03-04,Mobile Pay,31.80,Refunded
4664,4664,2024-02-03,Card,50.95,Paid
4665,4665,2024-02-19,Card,40.70,Paid
4666,4666,2024-07-12,Mobile Pay,21.78,Refunded
4667,4667,2024-09-21,Card,25.94,Paid
4668,4668,2024-03-25,Card,30.98,Paid
4669,4669,2024-01-10,Cash,16.56,Paid
4670,4670,2024-02-18,Card,16.22,Refunded
4671,4671,2024-12-20,Card,25.12,Paid
4672,4672,2024-11-23,Card,21.98,Paid
4673,4673,2024-02-21,Mobile Pay,23.00,Paid
4674,4674,2024-11-01,Cash,31.09,Paid
4675,4675,2024-06-02,Mobile Pay,25.76,Paid
4676,4676,2024-05-20,Cash,11.36,Paid
4677,4677,2024-05-31,Cash,11.07,Paid
4678,4678,2024-04-24,Cash,41.97,Paid
4679,4679,2024-07-10,Mobile Pay,19.36,Paid
4680,4680,2024-04-27,Card,14.59,Paid
4681,4681,2024-09-02,Mobile Pay,12.60,Paid
4682,4682,2024-08-31,Mobile Pay,41.13,Refunded
4683,4683,2024-03-14,Mobile Pay,24.88,Paid
4684,4684,2024-10-14,Cash,38.25,Paid
4685,4685,2024-11-07,Cash,36.12,Paid
4686,4686,2024-11-16,Cash,55.33,Paid
4687,4687,2024-08-17,Cash,58.34,Refunded
4688,4688,2024-05-06,Cash,29.70,Paid
4689,4689,2024-07-17,Card,52.36,Paid
4690,4690,2024-05-19,Card,23.97,Paid
4691,4691,2024-09-19,Cash,81.44,Refunded
4692,4692,2024-04-02,Cash,6.37,Paid
4693,4693,2025-01-02,Mobile Pay,14.57,Paid
4694,4694,2024-01-16,Mobile Pay,15.38,Refunded
4695,4695,2024-05-21,Mobile Pay,18.78,Paid
4696,4696,2024-01-01,Card,17.87,Paid
4697,4697,2024-01-11,Cash,16.50,Paid
4698,4698,2024-05-11,Mobile Pay,15.27,Paid
4699,4699,2024-03-11,Mobile Pay,23.18,Paid
4700,4700,2024-04-24,Mobile Pay,40.58,Refunded
4701,4701,2024-02-20,Mobile Pay,8.44,Refunded
4702,4702,2024-10-18,Card,14.01,Paid
4703,4703,2024-08-07,Card,13.11,Refunded
4704,4704,2024-10-11,Cash,17.11,Paid
4705,4705,2024-04-23,Mobile Pay,35.80,Paid
4706,4706,2024-05-18,Cash,15.13,Refunded
4707,4707,2024-02-10,Card,34.56,Paid
4708,4708,2024-10-24,Card,56.38,Refunded
4709,4709,2024-06-27,Cash,18.34,Refunded
4710,4710,2024-05-28,Cash,19.06,Refunded
4711,4711,2024-12-29,Card,29.48,Paid
4712,4712,2024-03-22,Cash,40.25,Paid
4713,4713,2024-12-06,Cash,25.67,Paid
4714,4714,2024-11-03,Mobile Pay,19.91,Paid
4715,4715,2024-09-07,Mobile Pay,20.26,Paid
4716,4716,2024-09-12,Card,23.33,Paid
4717,4717,2024-06-06,Card,13.03,Paid
4718,4718,2024-01-02,Mobile Pay,21.93,Refunded
4719,4719,2024-08-24,Mobile Pay,20.20,Paid
4720,4720,2024-02-02,Card,26.13,Paid
4721,4721,2024-03-08,Cash,23.26,Paid
4722,4722,2024-08-20,Cash,29.74,Paid
4723,4723,2024-05-08,Mobile Pay,43.47,Paid
4724,4724,2024-04-21,Cash,11.03,Paid
4725,4725,2024-09-21,Cash,17.88,Paid
4726,4726,2024-02-12,Mobile Pay,21.72,Paid
4727,4727,2024-08-06,Card,12.10,Paid
4728,4728,2024-02-26,Mobile Pay,24.21,Paid
4729,4729,2024-09-15,Card,42.66,Paid
4730,4730,2024-12-07,Card,54.88,Paid
4731,4731,2024-05-22,Mobile Pay,31.84,Paid
4732,4732,2024-09-29,Card,62.41,Paid
4733,4733,2024-01-14,Mobile Pay,26.44,Paid
4734,4734,2024-06-10,Mobile Pay,7.60,Refunded
4735,4735,2024-10-28,Cash,6.73,Paid
4736,4736,2024-09-19,Cash,12.44,Paid
4737,4737,2024-09-03,Cash,15.76,Paid
4738,4738,2024-08-27,Card,29.65,Paid
4739,4739,2024-01-27,Cash,59.32,Paid
4740,4740,2024-04-23,Card,28.09,Paid
4741,4741,2024-05-19,Cash,32.51,Paid
4742,4742,2024-11-11,Cash,41.60,Paid
4743,4743,2024-12-28,Mobile Pay,59.18,Paid
4744,4744,2024-03-29,Card,19.46,Paid
4745,4745,2024-06-14,Cash,14.83,Paid
4746,4746,2024-03-21,Cash,28.92,Paid
4747,4747,2024-12-21,Cash,13.76,Paid
4748,4748,2024-04-08,Mobile Pay,25.65,Paid
4749,4749,2024-06-21,Mobile Pay,26.02,Paid
4750,4750,2024-11-10,Card,18.28,Paid
4751,4751,2024-10-18,Cash,31.47,Paid
4752,4752,2024-09-18,Mobile Pay,26.55,Refunded
4753,4753,2024-12-03,Card,77.02,Paid
4754,4754,2024-05-31,Cash,8.09,Refunded
4755,4755,2024-06-03,Mobile Pay,14.89,Paid
4756,4756,2024-01-12,Cash,22.63,Paid
4757,4757,2024-05-03,Cash,33.24,Paid
4758,4758,2024-09-30,Mobile Pay,45.67,Paid
4759,4759,2024-08-09,Cash,22.64,Paid
4760,4760,2024-12-10,Cash,11.08,Paid
4761,4761,2024-01-16,Cash,15.15,Paid
4762,4762,2024-08-02,Cash,28.62,Paid
4763,4763,2024-04-07,Cash,34.68,Paid
4764,4764,2024-09-23,Card,45.17,Paid
4765,4765,2024-09-23,Card,7.64,Paid
4766,4766,2024-01-06,Card,22.95,Refunded
4767,4767,2024-04-04,Card,25.74,Paid
4768,4768,2024-08-25,Cash,28.86,Paid
4769,4769,2024-11-25,Card,8.75,Paid
4770,4770,2024-10-12,Card,13.96,Paid
4771,4771,2024-05-12,Card,15.81,Paid
4772,4772,2024-06-14,Card,93.94,Refunded
4773,4773,2024-08-04,Card,9.97,Paid
4774,4774,2024-10-19,Mobile Pay,23.46,Paid
4775,4775,2024-12-13,Mobile Pay,10.83,Paid
4776,4776,2024-02-27,Mobile Pay,42.35,Paid
4777,4777,2024-07-15,Cash,29.25,Paid
4778,4778,2024-12-31,Card,30.79,Refunded
4779,4779,2024-01-15,Cash,10.80,Refunded
4780,4780,2024-11-08,Cash,35.41,Paid
4781,4781,2024-05-28,Cash,31.02,Paid
4782,4782,2024-12-21,Card,10.75,Refunded
4783,4783,2024-12-17,Cash,43.60,Paid
4784,4784,2024-07-05,Mobile Pay,25.55,Paid
4785,4785,2024-12-08,Cash,14.95,Paid
4786,4786,2024-07-14,Card,22.63,Paid
4787,4787,2024-07-10,Cash,68.48,Paid
4788,4788,2024-11-26,Mobile Pay,21.14,Paid
4789,4789,2024-02-14,Mobile Pay,12.44,Paid
4790,4790,2024-03-30,Card,19.80,Paid
4791,4791,2024-03-17,Cash,19.05,Paid
4792,4792,2024-05-14,Cash,53.26,Paid
4793,4793,2024-07-16,Card,17.12,Paid
4794,4794,2024-02-25,Cash,13.44,Paid
4795,4795,2024-06-19,Mobile Pay,10.34,Paid
4796,4796,2024-12-18,Mobile Pay,15.67,Paid
4797,4797,2024-10-23,Card,19.15,Refunded
4798,4798,2024-12-22,Mobile Pay,14.48,Paid
4799,4799,2024-06-12,Mobile Pay,16.08,Paid
4800,4800,2024-06-04,Card,14.15,Refunded
4801,4801,2024-08-02,Cash,12.06,Refunded
4802,4802,2024-06-15,Mobile Pay,34.41,Paid
4803,4803,2024-08-03,Card,44.44,Paid
4804,4804,2024-08-25,Cash,56.87,Refunded
4805,4805,2024-12-06,Mobile Pay,13.82,Paid
4806,4806,2024-04-13,Cash,12.00,Paid
4807,4807,2024-07-18,Mobile Pay,14.92,Paid
4808,4808,2024-06-18,Mobile Pay,39.22,Paid
4809,4809,2024-06-16,Card,7.98,Paid
4810,4810,2024-08-18,Cash,12.56,Paid
4811,4811,2024-02-23,Card,22.02,Paid
4812,4812,2024-08-01,Cash,20.40,Paid
4813,4813,2024-04-27,Card,21.82,Paid
4814,4814,2024-04-29,Card,9.03,Paid
4815,4815,2024-09-22,Cash,8.81,Paid
4816,4816,2024-04-02,Cash,11.65,Paid
4817,4817,2024-08-17,Mobile Pay,16.23,Paid
4818,4818,2024-07-11,Cash,17.06,Paid
4819,4819,2024-05-15,Card,13.44,Refunded
4820,4820,2024-02-11,Card,102.90,Paid
4821,4821,2024-05-12,Cash,23.37,Paid
4822,4822,2024-01-24,Mobile Pay,44.18,Refunded
4823,4823,2024-07-16,Card,37.97,Paid
4824,4824,2024-01-16,Mobile Pay,13.44,Paid
4825,4825,2024-01-10,Card,10.25,Paid
4826,4826,2024-07-06,Cash,17.99,Paid
4827,4827,2024-11-10,Cash,14.67,Paid
4828,4828,2024-09-13,Cash,29.63,Paid
4829,4829,2024-07-09,Cash,26.89,Paid
4830,4830,2024-12-02,Card,25.90,Paid
4831,4831,2024-02-09,Mobile Pay,27.97,Paid
4832,4832,2024-12-25,Card,30.76,Paid
4833,4833,2024-10-11,Mobile Pay,22.49,Paid
4834,4834,2024-11-13,Mobile Pay,23.47,Paid
4835,4835,2024-06-19,Card,27.27,Paid
4836,4836,2024-10-08,Mobile Pay,58.39,Paid
4837,4837,2024-06-17,Mobile Pay,26.74,Paid
4838,4838,2024-02-19,Cash,57.14,Paid
4839,4839,2024-01-14,Mobile Pay,33.21,Paid
4840,4840,2024-05-22,Cash,29.41,Refunded
4841,4841,2024-09-08,Card,25.05,Refunded
4842,4842,2024-06-22,Mobile Pay,32.60,Paid
4843,4843,2024-03-10,Mobile Pay,18.68,Paid
4844,4844,2024-11-28,Cash,16.28,Paid
4845,4845,2024-03-22,Mobile Pay,25.60,Paid
4846,4846,2024-06-28,Mobile Pay,26.84,Paid
4847,4847,2024-07-11,Mobile Pay,43.26,Refunded
4848,4848,2024-07-21,Card,8.08,Paid
4849,4849,2024-05-20,Card,32.67,Paid
4850,4850,2024-03-26,Card,25.38,Paid
4851,4851,2024-01-18,Cash,30.62,Paid
4852,4852,2024-12-02,Cash,25.30,Refunded
4853,4853,2024-02-27,Mobile Pay,8.08,Paid
4854,4854,2024-12-31,Card,21.63,Paid
4855,4855,2024-03-02,Card,25.00,Paid
4856,4856,2024-08-27,Card,27.98,Refunded
4857,4857,2024-06-18,Mobile Pay,44.09,Paid
4858,4858,2024-03-31,Card,18.99,Paid
4859,4859,2024-11-04,Card,26.13,Paid
4860,4860,2024-09-11,Mobile Pay,16.18,Paid
4861,4861,2024-09-01,Card,48.00,Refunded
4862,4862,2024-04-01,Cash,33.78,Paid
4863,4863,2024-11-19,Mobile Pay,42.48,Paid
4864,4864,2024-05-15,Card,29.92,Paid
4865,4865,2024-11-24,Card,30.71,Paid
4866,4866,2024-05-19,Mobile Pay,43.00,Paid
4867,4867,2024-08-05,Mobile Pay,14.18,Refunded
4868,4868,2024-04-21,Card,22.23,Refunded
4869,4869,2024-04-16,Card,13.33,Paid
4870,4870,2024-04-05,Card,33.84,Paid
4871,4871,2024-10-04,Mobile Pay,39.51,Paid
4872,4872,2024-07-11,Card,21.43,Paid
4873,4873,2024-05-08,Mobile Pay,10.30,Refunded
4874,4874,2024-01-24,Mobile Pay,27.23,Paid
4875,4875,2024-04-14,Card,44.30,Paid
4876,4876,2024-09-19,Card,31.96,Refunded
4877,4877,2024-12-10,Mobile Pay,9.26,Paid
4878,4878,2024-06-02,Card,16.00,Paid
4879,4879,2024-01-21,Mobile Pay,29.20,Paid
4880,4880,2024-10-14,Cash,21.55,Refunded
4881,4881,2024-04-25,Mobile Pay,26.11,Paid
4882,4882,2024-05-26,Mobile Pay,54.31,Refunded
4883,4883,2024-04-28,Cash,40.80,Paid
4884,4884,2024-08-04,Card,11.97,Paid
4885,4885,2024-10-20,Mobile Pay,66.37,Paid
4886,4886,2024-09-24,Card,16.56,Refunded
4887,4887,2024-11-16,Card,25.55,Paid
4888,4888,2024-09-16,Mobile Pay,29.58,Paid
4889,4889,2024-08-31,Mobile Pay,26.60,Paid
4890,4890,2024-02-03,Mobile Pay,24.14,Paid
4891,4891,2024-08-23,Cash,26.20,Paid
4892,4892,2024-11-01,Card,10.48,Paid
4893,4893,2024-04-17,Card,35.46,Paid
4894,4894,2024-10-19,Mobile Pay,11.18,Refunded
4895,4895,2024-11-29,Cash,15.92,Refunded
4896,4896,2024-05-05,Cash,12.66,Paid
4897,4897,2024-10-13,Mobile Pay,12.61,Paid
4898,4898,2024-07-15,Mobile Pay,15.74,Paid
4899,4899,2024-02-22,Cash,39.46,Paid
4900,4900,2024-11-23,Card,45.46,Refunded
4901,4901,2024-01-05,Mobile Pay,18.34,Paid
4902,4902,2024-03-12,Card,23.60,Paid
4903,4903,2024-09-29,Cash,26.07,Paid
4904,4904,2024-06-19,Card,11.55,Paid
4905,4905,2024-07-26,Cash,50.39,Paid
4906,4906,2024-03-23,Card,17.53,Paid
4907,4907,2024-01-07,Mobile Pay,42.44,Paid
4908,4908,2024-06-04,Cash,28.16,Paid
4909,4909,2024-01-12,Card,19.84,Paid
4910,4910,2024-05-05,Cash,28.63,Refunded
4911,4911,2024-03-16,Card,21.38,Paid
4912,4912,2024-10-30,Card,24.04,Paid
4913,4913,2024-06-10,Card,12.90,Paid
4914,4914,2024-02-14,Cash,44.66,Paid
4915,4915,2024-09-11,Cash,27.73,Refunded
4916,4916,2024-04-11,Mobile Pay,17.68,Paid
4917,4917,2024-06-09,Mobile Pay,22.28,Refunded
4918,4918,2024-03-24,Mobile Pay,36.50,Refunded
4919,4919,2024-03-17,Mobile Pay,74.08,Paid
4920,4920,2024-12-07,Mobile Pay,17.64,Paid
4921,4921,2024-01-13,Card,18.60,Paid
4922,4922,2024-06-20,Mobile Pay,37.40,Paid
4923,4923,2024-11-15,Card,27.44,Refunded
4924,4924,2024-05-12,Cash,26.66,Paid
4925,4925,2024-09-18,Card,26.16,Refunded
4926,4926,2024-08-24,Card,29.87,Paid
4927,4927,2024-06-29,Cash,32.20,Paid
4928,4928,2024-12-31,Cash,17.91,Refunded
4929,4929,2024-11-15,Cash,19.64,Paid
4930,4930,2024-09-13,Card,24.71,Paid
4931,4931,2024-05-20,Card,25.56,Paid
4932,4932,2024-12-12,Card,37.64,Refunded
4933,4933,2024-03-30,Card,8.35,Refunded
4934,4934,2024-04-13,Cash,29.56,Paid
4935,4935,2024-05-12,Card,15.14,Paid
4936,4936,2024-11-09,Mobile Pay,18.58,Paid
4937,4937,2024-06-01,Card,29.55,Paid
4938,4938,2024-10-23,Card,52.94,Paid
4939,4939,2024-03-22,Cash,26.95,Paid
4940,4940,2024-10-02,Cash,13.29,Paid
4941,4941,2024-11-07,Cash,20.09,Refunded
4942,4942,2024-08-10,Card,21.78,Paid
4943,4943,2024-08-12,Card,65.35,Refunded
4944,4944,2024-01-23,Card,18.92,Paid
4945,4945,2024-12-15,Mobile Pay,15.18,Paid
4946,4946,2024-12-06,Card,35.63,Paid
4947,4947,2024-11-14,Card,24.32,Refunded
4948,4948,2024-07-10,Card,25.90,Paid
4949,4949,2024-08-31,Mobile Pay,30.47,Paid
4950,4950,2024-06-09,Mobile Pay,24.68,Paid
4951,4951,2024-06-05,Mobile Pay,21.87,Paid
4952,4952,2024-11-09,Card,9.03,Paid
4953,4953,2024-02-17,Card,36.61,Paid
4954,4954,2024-10-22,Mobile Pay,19.05,Paid
4955,4955,2024-04-26,Cash,32.79,Paid
4956,4956,2024-01-30,Card,15.48,Paid
4957,4957,2024-06-20,Cash,31.55,Paid
4958,4958,2024-07-22,Card,12.11,Paid
4959,4959,2024-09-16,Card,27.71,Paid
4960,4960,2024-03-02,Mobile Pay,24.44,Paid
4961,4961,2024-05-03,Mobile Pay,25.02,Paid
4962,4962,2024-11-16,Card,42.07,Refunded
4963,4963,2024-05-05,Card,41.22,Paid
4964,4964,2024-01-08,Card,19.90,Refunded
4965,4965,2024-08-20,Cash,26.69,Paid
4966,4966,2024-08-26,Cash,63.00,Paid
4967,4967,2024-07-23,Cash,25.78,Paid
4968,4968,2024-09-03,Card,36.43,Paid
4969,4969,2024-12-12,Mobile Pay,5.69,Paid
4970,4970,2024-08-26,Card,64.28,Paid
4971,4971,2024-09-19,Mobile Pay,18.44,Paid
4972,4972,2024-09-15,Mobile Pay,18.41,Paid
4973,4973,2024-03-21,Mobile Pay,50.86,Refunded
4974,4974,2024-06-23,Cash,11.91,Refunded
4975,4975,2024-03-03,Mobile Pay,32.99,Paid
4976,4976,2024-07-15,Mobile Pay,121.14,Refunded
4977,4977,2024-03-17,Card,18.19,Paid
4978,4978,2024-07-06,Card,12.99,Refunded
4979,4979,2024-05-09,Card,22.75,Paid
4980,4980,2024-02-08,Mobile Pay,16.68,Paid
4981,4981,2024-02-09,Mobile Pay,27.34,Paid
4982,4982,2024-02-09,Mobile Pay,33.89,Refunded
4983,4983,2024-09-26,Card,13.45,Paid
4984,4984,2024-10-02,Mobile Pay,6.04,Paid
4985,4985,2024-07-01,Mobile Pay,20.53,Paid
4986,4986,2024-12-06,Card,47.37,Paid
4987,4987,2024-11-01,Mobile Pay,24.22,Paid
4988,4988,2024-03-18,Cash,42.83,Paid
4989,4989,2024-09-15,Card,31.83,Paid
4990,4990,2024-01-08,Mobile Pay,17.57,Paid
4991,4991,2024-08-15,Cash,53.76,Paid
4992,4992,2024-10-03,Cash,27.31,Paid
4993,4993,2024-08-21,Mobile Pay,27.24,Paid
4994,4994,2024-10-14,Cash,17.47,Paid
4995,4995,2024-04-12,Cash,38.54,Refunded
4996,4996,2024-03-17,Card,36.32,Paid
4997,4997,2024-10-17,Cash,35.09,Refunded
4998,4998,2024-03-14,Cash,14.16,Paid
4999,4999,2024-08-02,Cash,20.39,Refunded
5000,5000,2024-09-19,Cash,28.65,Paid
5001,5001,2024-12-17,Cash,22.55,Paid
5002,5002,2024-10-14,Mobile Pay,49.43,Paid
5003,5003,2024-07-28,Mobile Pay,23.29,Refunded
5004,5004,2024-02-27,Card,48.07,Paid
5005,5005,2024-07-10,Mobile Pay,52.81,Paid
5006,5006,2024-12-13,Mobile Pay,53.56,Paid
5007,5007,2024-01-06,Mobile Pay,11.45,Refunded
5008,5008,2024-11-24,Mobile Pay,38.77,Paid
5009,5009,2024-07-28,Mobile Pay,13.25,Paid
5010,5010,2024-02-08,Card,33.18,Paid
5011,5011,2024-01-25,Card,29.71,Paid
5012,5012,2024-12-10,Card,17.98,Refunded
5013,5013,2024-04-04,Cash,62.76,Paid
5014,5014,2024-09-01,Mobile Pay,22.27,Paid
5015,5015,2024-08-14,Cash,20.70,Paid
5016,5016,2024-05-06,Cash,17.39,Paid
5017,5017,2024-06-02,Mobile Pay,12.21,Paid
5018,5018,2024-07-17,Card,24.33,Paid
5019,5019,2024-01-24,Card,58.16,Paid
5020,5020,2024-12-05,Mobile Pay,12.79,Refunded
5021,5021,2024-11-28,Card,45.84,Refunded
5022,5022,2024-04-14,Mobile Pay,22.98,Paid
5023,5023,2024-10-27,Mobile Pay,42.96,Refunded
5024,5024,2024-03-10,Mobile Pay,15.81,Paid
5025,5025,2024-04-14,Card,10.95,Paid
5026,5026,2024-04-15,Cash,24.23,Paid
5027,5027,2024-01-05,Card,19.70,Paid
5028,5028,2024-04-30,Mobile Pay,47.90,Paid
5029,5029,2024-09-21,Cash,18.50,Paid
5030,5030,2024-03-28,Card,22.41,Paid
5031,5031,2024-02-17,Card,31.20,Paid
5032,5032,2024-09-16,Card,19.93,Paid
5033,5033,2024-09-25,Mobile Pay,37.22,Paid
5034,5034,2024-08-02,Card,9.46,Paid
5035,5035,2024-02-06,Card,35.81,Paid
5036,5036,2024-01-10,Mobile Pay,24.32,Paid
5037,5037,2024-06-24,Cash,43.77,Paid
5038,5038,2024-10-27,Card,28.66,Paid
5039,5039,2024-08-22,Cash,8.15,Paid
5040,5040,2024-01-04,Cash,15.47,Paid
5041,5041,2024-10-31,Mobile Pay,14.26,Paid
5042,5042,2024-07-14,Cash,23.51,Refunded
5043,5043,2024-02-11,Mobile Pay,15.67,Paid
5044,5044,2024-09-21,Card,20.88,Refunded
5045,5045,2024-08-24,Card,19.79,Refunded
5046,5046,2024-07-03,Cash,31.59,Paid
5047,5047,2024-03-24,Card,26.97,Paid
5048,5048,2024-11-23,Cash,24.03,Paid
5049,5049,2024-06-24,Mobile Pay,34.72,Paid
5050,5050,2024-07-26,Mobile Pay,31.34,Paid
5051,5051,2024-12-13,Mobile Pay,20.96,Paid
5052,5052,2024-03-14,Card,86.85,Paid
5053,5053,2024-08-07,Card,24.02,Paid
5054,5054,2024-11-21,Cash,15.01,Paid
5055,5055,2024-07-12,Card,27.30,Paid
5056,5056,2024-01-23,Card,24.23,Paid
5057,5057,2024-01-15,Mobile Pay,11.51,Refunded
5058,5058,2024-06-29,Card,22.92,Paid
5059,5059,2024-06-16,Mobile Pay,44.48,Paid
5060,5060,2024-11-02,Mobile Pay,28.08,Paid
5061,5061,2024-10-29,Card,17.64,Paid
5062,5062,2024-07-11,Card,13.17,Paid
5063,5063,2024-03-15,Cash,9.37,Paid
5064,5064,2024-07-25,Mobile Pay,15.69,Paid
5065,5065,2024-04-24,Card,57.62,Paid
5066,5066,2024-05-18,Cash,11.54,Paid
5067,5067,2024-08-07,Mobile Pay,10.84,Paid
5068,5068,2024-06-25,Card,25.94,Paid
5069,5069,2024-04-01,Card,37.27,Paid
5070,5070,2024-01-17,Cash,30.32,Paid
5071,5071,2024-05-20,Card,38.25,Paid
5072,5072,2024-03-01,Card,34.53,Paid
5073,5073,2024-08-29,Cash,15.01,Paid
5074,5074,2024-12-29,Card,8.89,Refunded
5075,5075,2024-11-28,Mobile Pay,23.79,Refunded
5076,5076,2024-08-10,Cash,24.24,Paid
5077,5077,2024-08-02,Card,22.00,Paid
5078,5078,2024-01-11,Cash,11.76,Paid
5079,5079,2024-04-29,Cash,50.87,Paid
5080,5080,2024-10-25,Cash,32.84,Paid
5081,5081,2024-09-14,Card,88.77,Paid
5082,5082,2024-09-21,Cash,18.11,Refunded
5083,5083,2024-10-23,Cash,27.75,Paid
5084,5084,2024-10-23,Card,26.26,Paid
5085,5085,2024-07-07,Mobile Pay,21.38,Paid
5086,5086,2024-09-21,Cash,15.46,Paid
5087,5087,2024-11-29,Mobile Pay,26.17,Paid
5088,5088,2024-03-03,Cash,31.15,Refunded
5089,5089,2024-08-10,Card,35.87,Paid
5090,5090,2024-09-25,Cash,36.16,Refunded
5091,5091,2024-08-18,Cash,19.60,Paid
5092,5092,2024-03-25,Card,32.86,Paid
5093,5093,2024-08-04,Card,19.59,Paid
5094,5094,2024-07-22,Cash,15.60,Paid
5095,5095,2024-03-25,Mobile Pay,23.89,Paid
5096,5096,2024-04-09,Mobile Pay,19.60,Paid
5097,5097,2024-09-26,Mobile Pay,32.03,Paid
5098,5098,2024-09-24,Cash,15.88,Refunded
5099,5099,2024-03-27,Card,41.96,Paid
5100,5100,2024-06-16,Mobile Pay,56.86,Refunded
5101,5101,2024-04-01,Card,29.01,Paid
5102,5102,2024-05-14,Card,22.32,Refunded
5103,5103,2024-05-18,Mobile Pay,65.64,Paid
5104,5104,2024-12-17,Mobile Pay,25.52,Refunded
5105,5105,2024-05-05,Mobile Pay,31.02,Paid
5106,5106,2024-02-16,Cash,18.31,Paid
5107,5107,2024-06-14,Card,27.07,Paid
5108,5108,2024-09-16,Mobile Pay,31.54,Paid
5109,5109,2024-03-22,Card,13.44,Paid
5110,5110,2024-06-09,Mobile Pay,24.63,Refunded
5111,5111,2024-10-08,Card,19.71,Paid
5112,5112,2024-01-08,Cash,29.02,Paid
5113,5113,2024-08-10,Mobile Pay,20.26,Refunded
5114,5114,2024-04-24,Card,52.00,Paid
5115,5115,2024-08-03,Cash,47.74,Refunded
5116,5116,2024-10-29,Cash,19.45,Paid
5117,5117,2024-08-14,Card,24.42,Paid
5118,5118,2024-02-10,Mobile Pay,33.41,Paid
5119,5119,2024-01-12,Card,15.84,Refunded
5120,5120,2024-04-22,Card,19.76,Paid
5121,5121,2024-05-01,Mobile Pay,9.32,Paid
5122,5122,2024-11-22,Cash,27.13,Paid
5123,5123,2024-12-21,Card,19.42,Paid
5124,5124,2024-10-12,Card,33.25,Refunded
5125,5125,2024-03-04,Cash,25.18,Paid
5126,5126,2024-12-17,Cash,26.51,Paid
5127,5127,2024-04-28,Mobile Pay,12.23,Paid
5128,5128,2024-04-08,Card,53.99,Paid
5129,5129,2024-05-03,Card,26.94,Paid
5130,5130,2024-08-21,Cash,43.95,Paid
5131,5131,2024-04-27,Mobile Pay,26.36,Refunded
5132,5132,2024-08-04,Cash,22.84,Paid
5133,5133,2024-02-11,Mobile Pay,15.79,Paid
5134,5134,2024-11-26,Mobile Pay,12.11,Refunded
5135,5135,2024-11-27,Card,33.06,Refunded
5136,5136,2024-04-18,Cash,56.55,Paid
5137,5137,2024-11-07,Mobile Pay,18.91,Paid
5138,5138,2024-04-21,Cash,14.63,Paid
5139,5139,2024-03-08,Card,29.60,Refunded
5140,5140,2024-11-26,Card,23.32,Refunded
5141,5141,2024-02-05,Cash,30.46,Refunded
5142,5142,2024-08-16,Mobile Pay,26.40,Paid
5143,5143,2024-12-17,Cash,27.54,Paid
5144,5144,2024-12-18,Mobile Pay,23.64,Paid
5145,5145,2024-07-01,Mobile Pay,28.73,Paid
5146,5146,2024-09-26,Card,25.50,Paid
5147,5147,2024-01-02,Card,28.03,Refunded
5148,5148,2024-04-20,Card,48.00,Paid
5149,5149,2024-03-09,Card,26.02,Paid
5150,5150,2024-02-17,Mobile Pay,25.36,Paid
5151,5151,2024-01-06,Mobile Pay,9.91,Paid
5152,5152,2024-03-18,Mobile Pay,18.16,Paid
5153,5153,2024-11-06,Cash,9.04,Paid
5154,5154,2024-04-08,Card,23.86,Paid
5155,5155,2024-05-13,Card,58.13,Paid
5156,5156,2024-04-06,Card,26.41,Paid
5157,5157,2024-03-26,Card,25.54,Refunded
5158,5158,2024-11-09,Cash,27.71,Paid
5159,5159,2024-06-03,Mobile Pay,11.10,Refunded
5160,5160,2024-06-01,Card,29.56,Paid
5161,5161,2024-08-09,Cash,15.68,Paid
5162,5162,2024-04-18,Cash,17.89,Paid
5163,5163,2024-09-15,Cash,32.40,Paid
5164,5164,2024-07-08,Cash,37.54,Paid
5165,5165,2024-10-31,Card,18.44,Refunded
5166,5166,2024-12-07,Mobile Pay,12.23,Paid
5167,5167,2024-03-15,Cash,57.04,Paid
5168,5168,2024-05-02,Card,34.38,Paid
5169,5169,2024-12-30,Cash,19.27,Paid
5170,5170,2024-10-16,Mobile Pay,26.08,Paid
5171,5171,2024-05-03,Cash,39.72,Refunded
5172,5172,2024-11-23,Mobile Pay,14.22,Refunded
5173,5173,2024-05-15,Cash,9.00,Paid
5174,5174,2024-03-19,Cash,10.97,Paid
5175,5175,2024-09-07,Cash,31.15,Paid
5176,5176,2024-10-06,Cash,38.97,Paid
5177,5177,2024-11-12,Cash,31.55,Refunded
5178,5178,2024-10-04,Cash,30.66,Paid
5179,5179,2024-02-02,Cash,22.36,Paid
5180,5180,2024-06-28,Mobile Pay,16.33,Refunded
5181,5181,2024-07-22,Card,19.28,Refunded
5182,5182,2024-10-22,Mobile Pay,27.26,Paid
5183,5183,2024-03-04,Card,31.72,Paid
5184,5184,2024-12-04,Mobile Pay,17.05,Paid
5185,5185,2024-05-25,Cash,30.36,Paid
5186,5186,2024-12-16,Cash,40.42,Paid
5187,5187,2024-11-08,Cash,23.17,Paid
5188,5188,2024-07-14,Mobile Pay,27.69,Paid
5189,5189,2024-07-06,Cash,58.02,Paid
5190,5190,2024-10-01,Cash,10.14,Paid
5191,5191,2024-07-27,Card,20.27,Paid
5192,5192,2024-11-29,Cash,38.95,Paid
5193,5193,2024-02-03,Mobile Pay,7.16,Paid
5194,5194,2024-12-13,Mobile Pay,29.85,Paid
5195,5195,2024-05-08,Card,75.17,Paid
5196,5196,2024-07-17,Cash,26.98,Paid
5197,5197,2024-04-15,Cash,19.36,Paid
5198,5198,2024-10-09,Mobile Pay,20.76,Paid
5199,5199,2024-06-10,Card,23.17,Paid
5200,5200,2025-01-01,Cash,24.10,Paid
5201,5201,2024-05-26,Mobile Pay,14.16,Paid
5202,5202,2024-06-23,Mobile Pay,27.94,Paid
5203,5203,2024-03-29,Mobile Pay,66.65,Paid
5204,5204,2024-05-02,Card,15.49,Refunded
5205,5205,2024-03-08,Mobile Pay,6.63,Paid
5206,5206,2024-08-02,Cash,42.06,Paid
5207,5207,2024-11-07,Cash,19.70,Paid
5208,5208,2024-07-21,Cash,16.97,Paid
5209,5209,2024-11-14,Cash,73.42,Paid
5210,5210,2024-05-23,Cash,15.98,Paid
5211,5211,2024-12-15,Card,24.70,Paid
5212,5212,2024-12-18,Mobile Pay,56.36,Paid
5213,5213,2024-10-05,Mobile Pay,16.73,Paid
5214,5214,2024-01-29,Card,15.00,Paid
5215,5215,2024-07-26,Card,31.27,Paid
5216,5216,2024-09-04,Cash,14.86,Paid
5217,5217,2024-09-20,Card,34.79,Refunded
5218,5218,2024-10-29,Card,27.17,Paid
5219,5219,2024-05-02,Card,16.44,Paid
5220,5220,2024-11-25,Cash,15.48,Paid
5221,5221,2024-06-07,Mobile Pay,13.04,Paid
5222,5222,2024-11-01,Card,18.35,Paid
5223,5223,2024-03-08,Mobile Pay,11.81,Paid
5224,5224,2024-02-22,Mobile Pay,28.42,Paid
5225,5225,2024-09-02,Card,18.18,Paid
5226,5226,2024-05-02,Cash,21.32,Refunded
5227,5227,2024-05-08,Mobile Pay,15.29,Paid
5228,5228,2024-04-13,Card,51.51,Paid
5229,5229,2024-03-16,Card,18.90,Paid
5230,5230,2024-05-16,Cash,23.44,Paid
5231,5231,2024-04-14,Mobile Pay,15.40,Paid
5232,5232,2024-04-30,Mobile Pay,40.42,Paid
5233,5233,2024-08-10,Card,28.36,Refunded
5234,5234,2024-01-28,Mobile Pay,28.66,Paid
5235,5235,2024-02-15,Card,40.19,Refunded
5236,5236,2024-04-10,Card,17.05,Paid
5237,5237,2024-10-30,Mobile Pay,27.96,Paid
5238,5238,2024-06-03,Card,57.85,Paid
5239,5239,2024-08-26,Cash,22.15,Paid
5240,5240,2024-08-10,Mobile Pay,34.58,Paid
5241,5241,2024-03-14,Cash,52.16,Paid
5242,5242,2024-06-14,Cash,28.03,Paid
5243,5243,2024-12-27,Cash,16.75,Refunded
5244,5244,2024-01-27,Card,25.76,Paid
5245,5245,2024-07-28,Mobile Pay,14.71,Paid
5246,5246,2024-08-15,Card,38.66,Paid
5247,5247,2024-06-04,Cash,26.77,Paid
5248,5248,2024-06-25,Card,43.15,Paid
5249,5249,2024-02-28,Cash,12.95,Refunded
5250,5250,2024-07-20,Card,57.64,Refunded
5251,5251,2024-02-25,Cash,20.44,Refunded
5252,5252,2024-10-06,Mobile Pay,89.40,Paid
5253,5253,2024-06-06,Card,25.11,Paid
5254,5254,2024-12-30,Mobile Pay,13.77,Paid
5255,5255,2024-08-19,Mobile Pay,18.14,Paid
5256,5256,2024-10-09,Cash,22.75,Paid
5257,5257,2024-11-21,Cash,13.95,Refunded
5258,5258,2024-03-19,Mobile Pay,43.78,Paid
5259,5259,2024-07-01,Card,26.77,Refunded
5260,5260,2024-12-31,Mobile Pay,7.35,Paid
5261,5261,2024-10-30,Cash,22.45,Refunded
5262,5262,2024-11-09,Mobile Pay,21.38,Refunded
5263,5263,2024-05-23,Cash,16.79,Paid
5264,5264,2024-01-04,Mobile Pay,60.03,Paid
5265,5265,2024-08-01,Mobile Pay,43.38,Paid
5266,5266,2024-05-09,Card,30.26,Paid
5267,5267,2024-10-29,Card,24.16,Refunded
5268,5268,2024-02-08,Mobile Pay,80.18,Paid
5269,5269,2024-07-13,Mobile Pay,24.52,Paid
5270,5270,2024-03-20,Card,104.52,Paid
5271,5271,2024-02-23,Mobile Pay,28.73,Paid
5272,5272,2024-08-10,Mobile Pay,7.78,Paid
5273,5273,2024-03-25,Card,28.40,Paid
5274,5274,2024-03-12,Mobile Pay,15.44,Refunded
5275,5275,2024-10-14,Card,21.54,Paid
5276,5276,2024-03-06,Cash,39.98,Paid
5277,5277,2024-09-23,Card,25.05,Paid
5278,5278,2024-10-22,Cash,20.85,Paid
5279,5279,2024-05-02,Mobile Pay,19.35,Paid
5280,5280,2024-06-10,Cash,31.06,Paid
5281,5281,2024-09-18,Card,34.98,Paid
5282,5282,2024-04-23,Mobile Pay,17.35,Paid
5283,5283,2024-07-23,Card,14.36,Paid
5284,5284,2024-12-03,Cash,20.00,Paid
5285,5285,2024-01-14,Cash,29.13,Paid
5286,5286,2024-10-31,Cash,14.64,Paid
5287,5287,2024-01-05,Cash,29.02,Paid
5288,5288,2024-01-09,Mobile Pay,17.25,Refunded
5289,5289,2024-12-24,Cash,36.14,Paid
5290,5290,2024-05-31,Card,12.40,Paid
5291,5291,2024-03-18,Card,19.10,Paid
5292,5292,2024-02-01,Cash,31.89,Paid
5293,5293,2024-07-02,Card,11.69,Paid
5294,5294,2024-01-16,Cash,10.28,Paid
5295,5295,2024-07-13,Card,14.98,Paid
5296,5296,2024-03-07,Cash,36.97,Paid
5297,5297,2024-06-12,Cash,10.32,Refunded
5298,5298,2024-01-03,Mobile Pay,68.67,Paid
5299,5299,2024-04-23,Card,24.46,Paid
5300,5300,2024-02-13,Card,26.41,Refunded
5301,5301,2024-05-23,Cash,15.23,Paid
5302,5302,2024-09-24,Cash,28.20,Paid
5303,5303,2024-10-10,Mobile Pay,54.70,Paid
5304,5304,2024-02-27,Mobile Pay,30.90,Paid
5305,5305,2024-09-28,Cash,49.02,Refunded
5306,5306,2024-06-06,Card,25.23,Refunded
5307,5307,2024-04-12,Card,10.64,Paid
5308,5308,2024-09-05,Mobile Pay,35.44,Refunded
5309,5309,2024-02-18,Mobile Pay,88.38,Paid
5310,5310,2024-12-08,Card,23.97,Paid
5311,5311,2024-12-26,Cash,18.08,Refunded
5312,5312,2024-07-28,Mobile Pay,16.31,Paid
5313,5313,2024-07-26,Mobile Pay,54.54,Paid
5314,5314,2024-02-19,Card,12.89,Paid
5315,5315,2024-03-12,Mobile Pay,29.91,Paid
5316,5316,2024-11-27,Cash,21.37,Paid
5317,5317,2024-10-24,Cash,8.23,Paid
5318,5318,2024-08-12,Cash,20.23,Paid
5319,5319,2024-02-03,Mobile Pay,31.95,Refunded
5320,5320,2024-01-24,Card,29.89,Paid
5321,5321,2024-10-09,Cash,34.56,Paid
5322,5322,2024-12-09,Card,23.29,Paid
5323,5323,2024-06-06,Card,12.05,Paid
5324,5324,2024-06-10,Mobile Pay,21.53,Paid
5325,5325,2024-07-25,Cash,30.82,Paid
5326,5326,2024-02-27,Cash,24.18,Paid
5327,5327,2025-01-01,Cash,16.83,Paid
5328,5328,2024-08-28,Cash,21.15,Paid
5329,5329,2024-04-30,Cash,17.83,Refunded
5330,5330,2024-11-14,Mobile Pay,51.97,Refunded
5331,5331,2024-08-15,Cash,22.51,Paid
5332,5332,2024-02-04,Card,28.66,Paid
5333,5333,2024-10-20,Mobile Pay,30.14,Paid
5334,5334,2024-04-21,Cash,13.28,Paid
5335,5335,2024-08-13,Card,29.29,Paid
5336,5336,2024-08-30,Cash,68.42,Refunded
5337,5337,2024-02-25,Card,7.61,Paid
5338,5338,2024-02-13,Cash,36.71,Paid
5339,5339,2024-12-04,Cash,13.26,Paid
5340,5340,2024-07-26,Mobile Pay,28.12,Paid
5341,5341,2024-03-14,Card,11.65,Refunded
5342,5342,2024-08-27,Cash,25.99,Paid
5343,5343,2024-08-08,Cash,26.14,Paid
5344,5344,2024-05-27,Cash,21.58,Refunded
5345,5345,2024-08-19,Mobile Pay,25.91,Paid
5346,5346,2024-02-27,Card,63.19,Paid
5347,5347,2024-10-05,Mobile Pay,18.69,Paid
5348,5348,2024-05-29,Mobile Pay,17.22,Paid
5349,5349,2024-10-20,Cash,16.36,Paid
5350,5350,2024-07-31,Cash,25.98,Paid
5351,5351,2024-04-17,Cash,18.73,Paid
5352,5352,2024-05-14,Mobile Pay,25.27,Refunded
5353,5353,2024-08-30,Cash,27.25,Refunded
5354,5354,2024-02-21,Cash,34.05,Paid
5355,5355,2024-02-14,Cash,7.68,Paid
5356,5356,2024-08-31,Mobile Pay,47.51,Paid
5357,5357,2024-02-08,Mobile Pay,16.14,Paid
5358,5358,2024-06-13,Cash,24.44,Paid
5359,5359,2024-03-27,Mobile Pay,42.55,Paid
5360,5360,2024-06-11,Mobile Pay,22.85,Refunded
5361,5361,2024-06-08,Cash,11.12,Paid
5362,5362,2024-03-07,Mobile Pay,9.83,Paid
5363,5363,2024-05-11,Cash,10.23,Paid
5364,5364,2024-08-19,Card,25.75,Paid
5365,5365,2024-09-21,Cash,52.14,Paid
5366,5366,2024-12-06,Mobile Pay,56.79,Paid
5367,5367,2024-08-01,Cash,23.82,Paid
5368,5368,2024-06-07,Card,25.33,Refunded
5369,5369,2024-12-04,Card,30.88,Paid
5370,5370,2024-03-10,Card,43.50,Refunded
5371,5371,2024-03-17,Card,10.76,Paid
5372,5372,2024-11-14,Mobile Pay,25.42,Refunded
5373,5373,2024-11-17,Mobile Pay,20.49,Paid
5374,5374,2024-06-14,Card,27.56,Paid
5375,5375,2024-09-10,Mobile Pay,19.01,Paid
5376,5376,2024-09-30,Mobile Pay,13.48,Paid
5377,5377,2024-01-10,Cash,16.85,Paid
5378,5378,2024-07-15,Card,16.59,Paid
5379,5379,2024-07-22,Card,20.41,Paid
5380,5380,2024-09-29,Mobile Pay,15.59,Refunded
5381,5381,2024-08-24,Cash,31.77,Paid
5382,5382,2024-03-14,Mobile Pay,22.15,Paid
5383,5383,2024-02-06,Cash,20.95,Paid
5384,5384,2024-04-10,Cash,27.64,Paid
5385,5385,2024-06-09,Cash,49.33,Paid
5386,5386,2024-07-21,Cash,21.44,Refunded
5387,5387,2024-10-16,Cash,15.55,Paid
5388,5388,2024-08-22,Card,21.62,Paid
5389,5389,2024-04-28,Cash,63.98,Refunded
5390,5390,2024-03-06,Card,16.32,Paid
5391,5391,2024-03-23,Cash,47.87,Refunded
5392,5392,2024-02-08,Card,16.59,Paid
5393,5393,2024-08-10,Card,26.16,Paid
5394,5394,2024-11-06,Mobile Pay,12.03,Paid
5395,5395,2024-05-12,Card,48.64,Paid
5396,5396,2024-04-05,Mobile Pay,27.02,Refunded
5397,5397,2024-07-31,Cash,14.84,Refunded
5398,5398,2024-01-04,Card,28.11,Paid
5399,5399,2024-03-15,Mobile Pay,29.38,Paid
5400,5400,2024-10-31,Cash,23.80,Refunded
5401,5401,2024-05-24,Cash,26.88,Paid
5402,5402,2024-06-11,Cash,35.17,Paid
5403,5403,2024-04-20,Card,18.77,Paid
5404,5404,2024-07-20,Card,44.31,Paid
5405,5405,2024-11-07,Card,35.26,Paid
5406,5406,2024-12-28,Mobile Pay,8.81,Paid
5407,5407,2024-09-28,Mobile Pay,13.31,Paid
5408,5408,2024-08-27,Cash,24.31,Paid
5409,5409,2024-11-09,Card,17.15,Paid
5410,5410,2024-04-17,Cash,31.34,Refunded
5411,5411,2024-05-15,Card,25.78,Paid
5412,5412,2024-11-29,Cash,26.64,Paid
5413,5413,2024-07-22,Mobile Pay,12.50,Paid
5414,5414,2024-06-03,Mobile Pay,33.98,Refunded
5415,5415,2024-07-04,Mobile Pay,43.56,Paid
5416,5416,2024-03-03,Mobile Pay,16.88,Paid
5417,5417,2024-09-08,Mobile Pay,47.48,Paid
5418,5418,2024-09-30,Mobile Pay,7.28,Refunded
5419,5419,2024-03-26,Mobile Pay,21.30,Paid
5420,5420,2024-12-12,Mobile Pay,37.99,Paid
5421,5421,2024-03-24,Mobile Pay,19.36,Paid
5422,5422,2024-12-24,Cash,17.22,Paid
5423,5423,2024-01-16,Card,25.20,Paid
5424,5424,2024-05-30,Cash,37.87,Paid
5425,5425,2024-06-18,Mobile Pay,45.42,Paid
5426,5426,2024-08-07,Card,20.99,Paid
5427,5427,2024-03-27,Mobile Pay,10.73,Paid
5428,5428,2024-01-28,Card,18.75,Paid
5429,5429,2024-02-03,Card,89.15,Paid
5430,5430,2024-11-16,Card,32.32,Paid
5431,5431,2024-12-25,Cash,10.64,Paid
5432,5432,2024-10-10,Card,19.72,Refunded
5433,5433,2024-12-17,Mobile Pay,19.35,Paid
5434,5434,2024-01-09,Card,11.87,Paid
5435,5435,2024-02-22,Cash,8.81,Paid
5436,5436,2024-04-08,Card,77.18,Paid
5437,5437,2024-04-03,Cash,34.60,Refunded
5438,5438,2024-08-23,Mobile Pay,17.82,Paid
5439,5439,2024-07-02,Cash,57.18,Refunded
5440,5440,2024-08-23,Cash,9.91,Refunded
5441,5441,2024-10-11,Cash,24.38,Paid
5442,5442,2024-03-06,Cash,74.10,Paid
5443,5443,2024-08-05,Mobile Pay,13.02,Paid
5444,5444,2024-03-04,Card,29.75,Paid
5445,5445,2024-04-29,Mobile Pay,41.91,Paid
5446,5446,2024-05-17,Mobile Pay,28.74,Paid
5447,5447,2024-12-21,Mobile Pay,21.20,Paid
5448,5448,2024-12-01,Mobile Pay,32.73,Paid
5449,5449,2024-09-22,Mobile Pay,55.43,Paid
5450,5450,2024-05-12,Cash,71.26,Paid
5451,5451,2024-03-15,Mobile Pay,27.56,Paid
5452,5452,2024-02-23,Mobile Pay,30.14,Paid
5453,5453,2024-06-20,Card,18.41,Refunded
5454,5454,2024-01-12,Card,21.77,Paid
5455,5455,2024-02-26,Mobile Pay,25.15,Paid
5456,5456,2024-01-18,Cash,38.32,Refunded
5457,5457,2024-03-31,Cash,41.55,Paid
5458,5458,2024-07-07,Cash,17.75,Paid
5459,5459,2024-10-09,Mobile Pay,14.32,Paid
5460,5460,2024-02-20,Mobile Pay,30.23,Paid
5461,5461,2024-10-06,Cash,37.04,Paid
5462,5462,2024-12-24,Card,41.99,Paid
5463,5463,2024-05-16,Card,48.34,Paid
5464,5464,2024-08-09,Card,33.56,Refunded
5465,5465,2024-02-15,Mobile Pay,12.16,Paid
5466,5466,2024-01-06,Card,17.05,Paid
5467,5467,2024-01-31,Card,42.10,Paid
5468,5468,2024-06-05,Mobile Pay,52.10,Refunded
5469,5469,2024-09-14,Mobile Pay,90.93,Paid
5470,5470,2024-05-16,Mobile Pay,32.07,Refunded
5471,5471,2024-03-15,Mobile Pay,13.48,Refunded
5472,5472,2024-06-13,Mobile Pay,31.15,Paid
5473,5473,2024-12-06,Mobile Pay,52.22,Paid
5474,5474,2024-03-03,Mobile Pay,25.24,Refunded
5475,5475,2024-03-30,Cash,18.14,Paid
5476,5476,2024-12-09,Card,38.48,Refunded
5477,5477,2024-05-31,Card,16.50,Paid
5478,5478,2024-01-04,Mobile Pay,13.45,Paid
5479,5479,2024-05-19,Mobile Pay,30.50,Refunded
5480,5480,2024-10-14,Card,21.53,Paid
5481,5481,2024-08-22,Card,8.99,Paid
5482,5482,2024-07-17,Mobile Pay,34.05,Paid
5483,5483,2024-04-15,Mobile Pay,44.83,Paid
5484,5484,2024-01-09,Mobile Pay,40.94,Paid
5485,5485,2024-04-11,Card,28.94,Paid
5486,5486,2024-03-10,Mobile Pay,21.52,Paid
5487,5487,2024-10-10,Card,16.83,Paid
5488,5488,2024-02-19,Card,47.75,Paid
5489,5489,2024-05-07,Cash,17.71,Paid
5490,5490,2024-03-30,Card,28.10,Refunded
5491,5491,2024-01-03,Card,29.80,Paid
5492,5492,2024-04-19,Card,25.09,Paid
5493,5493,2024-11-28,Card,22.08,Paid
5494,5494,2024-06-12,Mobile Pay,15.39,Paid
5495,5495,2024-05-18,Card,15.77,Paid
5496,5496,2024-11-25,Mobile Pay,19.98,Refunded
5497,5497,2024-08-18,Cash,16.96,Paid
5498,5498,2024-12-20,Mobile Pay,69.84,Paid
5499,5499,2024-04-27,Mobile Pay,59.04,Refunded
5500,5500,2024-05-31,Mobile Pay,92.96,Paid
5501,5501,2024-06-26,Cash,65.42,Paid
5502,5502,2024-11-17,Card,41.95,Refunded
5503,5503,2024-09-18,Card,18.40,Paid
5504,5504,2024-04-24,Card,6.35,Paid
5505,5505,2024-05-16,Card,17.11,Paid
5506,5506,2024-06-05,Cash,30.10,Refunded
5507,5507,2024-05-04,Mobile Pay,25.54,Refunded
5508,5508,2024-07-22,Mobile Pay,12.95,Paid
5509,5509,2024-10-23,Cash,30.95,Paid
5510,5510,2024-07-02,Mobile Pay,6.56,Paid
5511,5511,2024-02-07,Card,15.76,Paid
5512,5512,2024-12-12,Card,26.65,Paid
5513,5513,2024-07-27,Cash,48.74,Refunded
5514,5514,2024-11-16,Mobile Pay,15.13,Paid
5515,5515,2024-07-05,Mobile Pay,26.31,Paid
5516,5516,2024-11-22,Card,28.20,Paid
5517,5517,2024-05-24,Card,39.57,Paid
5518,5518,2024-03-27,Mobile Pay,6.53,Paid
5519,5519,2024-08-23,Cash,30.98,Paid
5520,5520,2024-08-19,Cash,51.36,Refunded
5521,5521,2024-01-30,Cash,33.66,Paid
5522,5522,2024-08-16,Mobile Pay,30.38,Refunded
5523,5523,2024-07-10,Cash,11.50,Paid
5524,5524,2024-09-29,Cash,40.33,Paid
5525,5525,2024-07-23,Mobile Pay,26.12,Paid
5526,5526,2024-11-13,Cash,13.97,Refunded
5527,5527,2024-12-23,Cash,29.30,Paid
5528,5528,2024-09-16,Mobile Pay,20.58,Paid
5529,5529,2024-04-22,Card,21.86,Paid
5530,5530,2024-03-27,Card,23.39,Refunded
5531,5531,2024-10-16,Mobile Pay,10.39,Refunded
5532,5532,2024-05-12,Cash,37.52,Refunded
5533,5533,2024-05-07,Cash,52.90,Paid
5534,5534,2024-07-05,Mobile Pay,27.94,Paid
5535,5535,2024-02-03,Card,29.00,Paid
5536,5536,2024-02-09,Mobile Pay,18.48,Paid
5537,5537,2024-08-25,Mobile Pay,47.50,Paid
5538,5538,2024-02-22,Cash,23.14,Paid
5539,5539,2024-08-12,Mobile Pay,22.59,Paid
5540,5540,2024-02-02,Cash,32.73,Paid
5541,5541,2024-12-02,Card,19.41,Refunded
5542,5542,2024-04-01,Mobile Pay,43.93,Refunded
5543,5543,2024-07-04,Card,24.85,Paid
5544,5544,2024-09-11,Mobile Pay,9.60,Refunded
5545,5545,2024-07-10,Cash,8.66,Paid
5546,5546,2024-06-13,Card,25.63,Paid
5547,5547,2024-09-20,Cash,16.41,Refunded
5548,5548,2024-11-17,Mobile Pay,18.83,Refunded
5549,5549,2024-07-21,Cash,18.67,Paid
5550,5550,2024-08-16,Mobile Pay,24.25,Paid
5551,5551,2024-04-10,Card,39.14,Paid
5552,5552,2024-07-26,Card,29.05,Paid
5553,5553,2024-01-06,Mobile Pay,30.31,Paid
5554,5554,2024-04-20,Mobile Pay,26.06,Paid
5555,5555,2024-11-10,Cash,64.06,Paid
5556,5556,2024-06-08,Cash,9.96,Paid
5557,5557,2024-09-08,Card,22.04,Paid
5558,5558,2024-06-16,Mobile Pay,21.51,Paid
5559,5559,2024-09-17,Mobile Pay,13.73,Paid
5560,5560,2024-01-14,Mobile Pay,51.12,Paid
5561,5561,2024-11-19,Mobile Pay,29.74,Paid
5562,5562,2024-08-02,Mobile Pay,62.50,Paid
5563,5563,2024-02-04,Cash,63.74,Paid
5564,5564,2024-01-03,Card,42.95,Paid
5565,5565,2024-08-31,Mobile Pay,29.24,Refunded
5566,5566,2024-08-28,Cash,75.98,Paid
5567,5567,2024-01-08,Card,56.20,Paid
5568,5568,2024-12-09,Cash,37.13,Paid
5569,5569,2024-11-22,Cash,19.30,Paid
5570,5570,2024-01-01,Card,8.72,Refunded
5571,5571,2024-11-27,Mobile Pay,18.35,Paid
5572,5572,2024-01-26,Cash,65.33,Paid
5573,5573,2024-11-18,Cash,18.48,Paid
5574,5574,2024-02-02,Cash,42.61,Paid
5575,5575,2024-08-24,Mobile Pay,13.62,Paid
5576,5576,2024-10-12,Card,23.52,Refunded
5577,5577,2024-10-05,Mobile Pay,11.43,Paid
5578,5578,2024-03-20,Mobile Pay,10.82,Paid
5579,5579,2024-02-13,Card,43.32,Paid
5580,5580,2024-11-28,Mobile Pay,25.06,Refunded
5581,5581,2024-03-09,Cash,20.50,Paid
5582,5582,2024-09-28,Cash,25.30,Paid
5583,5583,2024-12-23,Card,40.74,Paid
5584,5584,2024-11-26,Mobile Pay,30.53,Paid
5585,5585,2024-10-10,Cash,58.51,Paid
5586,5586,2024-01-12,Card,10.54,Refunded
5587,5587,2024-01-03,Cash,60.64,Paid
5588,5588,2024-07-16,Mobile Pay,66.04,Paid
5589,5589,2024-09-21,Cash,46.48,Paid
5590,5590,2024-12-16,Cash,20.71,Paid
5591,5591,2024-05-14,Mobile Pay,13.98,Paid
5592,5592,2024-09-25,Mobile Pay,34.41,Paid
5593,5593,2024-09-26,Card,66.19,Paid
5594,5594,2024-07-17,Mobile Pay,14.22,Paid
5595,5595,2024-06-12,Cash,16.78,Paid
5596,5596,2024-09-25,Card,19.24,Paid
5597,5597,2024-04-30,Mobile Pay,19.72,Paid
5598,5598,2024-12-17,Card,30.23,Paid
5599,5599,2024-06-16,Card,63.27,Paid
5600,5600,2024-11-22,Card,63.20,Paid
5601,5601,2024-08-30,Card,51.55,Paid
5602,5602,2024-10-10,Mobile Pay,14.22,Paid
5603,5603,2024-10-05,Card,16.26,Paid
5604,5604,2024-06-13,Mobile Pay,11.82,Refunded
5605,5605,2024-02-06,Mobile Pay,29.53,Refunded
5606,5606,2024-05-15,Card,20.32,Paid
5607,5607,2024-07-26,Card,33.18,Paid
5608,5608,2024-01-11,Cash,39.00,Paid
5609,5609,2024-04-10,Cash,38.56,Paid
5610,5610,2024-03-02,Cash,28.62,Paid
5611,5611,2024-10-20,Card,25.02,Refunded
5612,5612,2024-07-22,Mobile Pay,62.66,Paid
5613,5613,2024-12-01,Card,9.59,Paid
5614,5614,2024-01-16,Card,11.07,Paid
5615,5615,2024-02-26,Card,19.34,Paid
5616,5616,2024-11-25,Card,15.04,Paid
5617,5617,2024-09-17,Card,50.60,Refunded
5618,5618,2024-04-02,Mobile Pay,37.36,Paid
5619,5619,2024-11-28,Mobile Pay,60.45,Paid
5620,5620,2024-07-28,Cash,37.91,Paid
5621,5621,2024-05-22,Card,11.76,Paid
5622,5622,2024-01-16,Cash,16.80,Refunded
5623,5623,2024-07-12,Cash,24.76,Paid
5624,5624,2024-01-26,Mobile Pay,28.13,Paid
5625,5625,2024-01-28,Cash,16.86,Refunded
5626,5626,2024-12-20,Cash,84.61,Paid
5627,5627,2024-06-22,Cash,18.81,Paid
5628,5628,2024-06-13,Card,12.16,Paid
5629,5629,2024-08-09,Mobile Pay,36.16,Paid
5630,5630,2024-12-26,Cash,28.76,Refunded
5631,5631,2024-08-07,Mobile Pay,24.54,Paid
5632,5632,2024-02-12,Cash,11.39,Refunded
5633,5633,2024-06-30,Mobile Pay,31.98,Paid
5634,5634,2024-04-08,Card,38.58,Paid
5635,5635,2024-02-19,Mobile Pay,14.78,Paid
5636,5636,2024-07-14,Card,27.18,Paid
5637,5637,2024-02-22,Card,12.80,Paid
5638,5638,2024-11-13,Mobile Pay,10.80,Paid
5639,5639,2024-05-08,Card,14.56,Paid
5640,5640,2024-04-02,Cash,24.89,Paid
5641,5641,2024-04-23,Cash,34.21,Paid
5642,5642,2024-07-12,Mobile Pay,24.66,Paid
5643,5643,2024-02-16,Cash,67.98,Paid
5644,5644,2024-09-13,Cash,24.02,Paid
5645,5645,2024-04-21,Cash,13.75,Paid
5646,5646,2024-09-12,Cash,13.32,Refunded
5647,5647,2024-07-04,Cash,34.60,Paid
5648,5648,2024-11-19,Card,10.05,Paid
5649,5649,2024-09-12,Cash,61.03,Paid
5650,5650,2024-03-07,Card,41.10,Paid
5651,5651,2024-01-14,Card,15.21,Paid
5652,5652,2024-08-28,Card,13.63,Paid
5653,5653,2024-05-13,Cash,23.31,Paid
5654,5654,2024-11-09,Card,18.28,Paid
5655,5655,2024-02-20,Mobile Pay,37.04,Paid
5656,5656,2024-01-28,Mobile Pay,12.41,Refunded
5657,5657,2024-11-03,Cash,35.66,Paid
5658,5658,2024-07-01,Mobile Pay,12.93,Refunded
5659,5659,2024-03-02,Card,13.18,Paid
5660,5660,2024-08-02,Mobile Pay,11.68,Paid
5661,5661,2024-02-17,Card,24.50,Refunded
5662,5662,2024-11-17,Card,38.14,Refunded
5663,5663,2024-02-23,Card,20.50,Paid
5664,5664,2024-03-29,Cash,19.39,Refunded
5665,5665,2024-02-10,Cash,20.00,Paid
5666,5666,2024-12-16,Cash,18.98,Paid
5667,5667,2024-11-04,Cash,30.16,Paid
5668,5668,2024-03-07,Mobile Pay,29.49,Paid
5669,5669,2024-06-19,Card,14.41,Paid
5670,5670,2024-11-24,Mobile Pay,92.11,Paid
5671,5671,2024-06-01,Card,29.38,Refunded
5672,5672,2024-11-25,Cash,23.42,Paid
5673,5673,2024-06-02,Mobile Pay,14.96,Paid
5674,5674,2024-12-08,Cash,61.65,Paid
5675,5675,2024-09-05,Cash,43.28,Paid
5676,5676,2024-11-29,Card,62.88,Paid
5677,5677,2024-12-26,Mobile Pay,76.09,Paid
5678,5678,2024-10-25,Cash,12.66,Paid
5679,5679,2024-10-31,Cash,12.47,Paid
5680,5680,2024-07-16,Card,10.41,Paid
5681,5681,2024-10-14,Mobile Pay,23.30,Paid
5682,5682,2024-04-15,Cash,26.97,Paid
5683,5683,2024-03-18,Cash,18.86,Paid
5684,5684,2024-11-22,Mobile Pay,29.45,Paid
5685,5685,2024-07-13,Mobile Pay,37.81,Paid
5686,5686,2024-11-11,Cash,17.49,Paid
5687,5687,2024-03-28,Cash,63.64,Paid
5688,5688,2024-07-17,Mobile Pay,8.21,Paid
5689,5689,2024-08-29,Cash,22.70,Paid
5690,5690,2024-03-30,Mobile Pay,15.07,Refunded
5691,5691,2024-07-02,Cash,59.06,Paid
5692,5692,2024-05-15,Card,44.15,Paid
5693,5693,2024-11-12,Card,25.34,Paid
5694,5694,2024-09-24,Mobile Pay,16.13,Refunded
5695,5695,2024-01-10,Card,52.65,Paid
5696,5696,2024-01-17,Cash,8.01,Paid
5697,5697,2024-07-13,Cash,59.37,Refunded
5698,5698,2024-08-29,Cash,20.63,Paid
5699,5699,2024-08-26,Card,30.73,Refunded
5700,5700,2024-08-29,Cash,17.98,Paid
5701,5701,2024-08-02,Card,20.02,Paid
5702,5702,2024-09-03,Cash,33.52,Refunded
5703,5703,2024-05-21,Cash,32.68,Paid
5704,5704,2024-05-28,Cash,11.67,Paid
5705,5705,2024-05-09,Mobile Pay,21.50,Paid
5706,5706,2024-04-03,Card,23.35,Refunded
5707,5707,2024-02-08,Cash,43.00,Paid
5708,5708,2024-07-16,Mobile Pay,18.89,Paid
5709,5709,2024-12-12,Cash,20.17,Paid
5710,5710,2024-02-23,Cash,18.74,Paid
5711,5711,2024-03-29,Cash,17.81,Paid
5712,5712,2024-02-25,Mobile Pay,31.70,Paid
5713,5713,2024-05-25,Cash,40.76,Paid
5714,5714,2024-08-29,Cash,11.27,Paid
5715,5715,2024-08-23,Card,15.90,Paid
5716,5716,2024-08-19,Cash,63.66,Paid
5717,5717,2024-05-28,Mobile Pay,17.53,Refunded
5718,5718,2024-02-07,Card,66.15,Paid
5719,5719,2024-11-08,Cash,41.13,Paid
5720,5720,2024-02-15,Mobile Pay,12.63,Paid
5721,5721,2024-06-08,Card,10.45,Paid
5722,5722,2024-11-03,Card,13.42,Refunded
5723,5723,2024-08-31,Cash,13.09,Paid
5724,5724,2024-06-10,Card,26.36,Paid
5725,5725,2024-02-01,Card,31.59,Paid
5726,5726,2024-06-16,Mobile Pay,27.32,Paid
5727,5727,2024-09-12,Mobile Pay,32.94,Paid
5728,5728,2024-06-22,Cash,9.04,Paid
5729,5729,2024-02-01,Cash,19.36,Paid
5730,5730,2024-01-16,Card,19.28,Paid
5731,5731,2024-08-18,Card,19.87,Paid
5732,5732,2024-06-29,Cash,15.99,Paid
5733,5733,2024-04-07,Card,33.86,Paid
5734,5734,2024-03-09,Cash,52.38,Paid
5735,5735,2024-12-15,Card,27.74,Paid
5736,5736,2024-07-20,Cash,14.23,Refunded
5737,5737,2024-08-13,Mobile Pay,26.27,Paid
5738,5738,2024-06-25,Card,7.05,Paid
5739,5739,2024-09-23,Cash,18.86,Paid
5740,5740,2024-06-21,Card,18.39,Paid
5741,5741,2024-06-12,Card,20.58,Paid
5742,5742,2024-08-14,Mobile Pay,28.62,Refunded
5743,5743,2024-02-25,Mobile Pay,33.12,Paid
5744,5744,2024-12-24,Mobile Pay,37.94,Refunded
5745,5745,2024-12-13,Cash,39.12,Paid
5746,5746,2024-04-06,Cash,22.43,Paid
5747,5747,2024-04-08,Cash,19.78,Paid
5748,5748,2024-05-28,Mobile Pay,76.09,Refunded
5749,5749,2024-06-17,Card,36.83,Paid
5750,5750,2024-03-16,Card,11.55,Paid
5751,5751,2024-06-28,Cash,30.56,Paid
5752,5752,2024-02-08,Mobile Pay,47.38,Paid
5753,5753,2024-04-30,Cash,20.67,Refunded
5754,5754,2024-12-11,Cash,36.79,Refunded
5755,5755,2024-05-07,Card,22.79,Paid
5756,5756,2024-10-01,Cash,24.05,Paid
5757,5757,2024-10-21,Mobile Pay,12.23,Paid
5758,5758,2024-05-12,Card,27.94,Paid
5759,5759,2024-05-09,Cash,32.88,Refunded
5760,5760,2024-09-09,Mobile Pay,14.88,Refunded
5761,5761,2024-12-08,Mobile Pay,15.19,Paid
5762,5762,2024-03-19,Cash,22.96,Refunded
5763,5763,2024-01-23,Cash,8.79,Refunded
5764,5764,2024-04-24,Mobile Pay,17.02,Paid
5765,5765,2024-03-09,Mobile Pay,19.93,Paid
5766,5766,2024-02-23,Mobile Pay,26.94,Paid
5767,5767,2024-09-06,Mobile Pay,25.04,Paid
5768,5768,2024-01-20,Card,14.17,Paid
5769,5769,2024-05-31,Cash,39.26,Refunded
5770,5770,2024-07-13,Cash,12.18,Paid
5771,5771,2024-11-14,Cash,37.18,Refunded
5772,5772,2024-10-14,Cash,19.30,Refunded
5773,5773,2024-07-22,Mobile Pay,28.51,Paid
5774,5774,2024-03-16,Cash,46.92,Paid
5775,5775,2024-02-21,Card,42.50,Paid
5776,5776,2024-08-19,Cash,34.16,Paid
5777,5777,2024-03-22,Cash,15.06,Paid
5778,5778,2024-01-13,Cash,13.57,Refunded
5779,5779,2024-02-23,Cash,27.16,Paid
5780,5780,2024-10-09,Card,14.98,Refunded
5781,5781,2024-07-13,Mobile Pay,29.32,Paid
5782,5782,2024-04-07,Cash,31.57,Paid
5783,5783,2024-08-03,Card,27.88,Paid
5784,5784,2024-03-13,Mobile Pay,28.29,Paid
5785,5785,2024-01-27,Mobile Pay,26.20,Paid
5786,5786,2024-07-30,Card,10.15,Paid
5787,5787,2024-04-12,Mobile Pay,12.02,Paid
5788,5788,2024-11-22,Cash,23.83,Paid
5789,5789,2024-08-28,Card,15.06,Paid
5790,5790,2024-03-25,Card,19.09,Paid
5791,5791,2024-09-30,Mobile Pay,21.28,Paid
5792,5792,2024-05-19,Card,52.50,Paid
5793,5793,2024-12-21,Cash,12.43,Paid
5794,5794,2024-05-10,Mobile Pay,22.57,Paid
5795,5795,2024-12-12,Card,34.93,Paid
5796,5796,2024-11-18,Mobile Pay,18.11,Paid
5797,5797,2024-12-22,Mobile Pay,15.61,Paid
5798,5798,2024-10-08,Cash,34.00,Refunded
5799,5799,2024-05-22,Card,23.55,Paid
5800,5800,2024-05-08,Card,30.97,Refunded
5801,5801,2024-01-12,Card,13.83,Paid
5802,5802,2024-09-01,Card,24.17,Paid
5803,5803,2024-12-24,Mobile Pay,38.09,Paid
5804,5804,2024-07-21,Card,22.96,Refunded
5805,5805,2024-06-05,Card,8.05,Paid
5806,5806,2024-05-21,Mobile Pay,13.61,Paid
5807,5807,2024-09-25,Card,29.96,Paid
5808,5808,2024-07-23,Mobile Pay,53.28,Paid
5809,5809,2024-08-25,Card,14.47,Paid
5810,5810,2024-07-05,Cash,27.67,Paid
5811,5811,2024-12-15,Cash,9.53,Refunded
5812,5812,2024-12-03,Card,93.10,Paid
5813,5813,2024-05-13,Card,14.51,Paid
5814,5814,2024-08-19,Cash,11.34,Paid
5815,5815,2024-02-08,Card,19.69,Paid
5816,5816,2024-09-28,Mobile Pay,12.94,Paid
5817,5817,2024-08-05,Mobile Pay,24.89,Refunded
5818,5818,2024-05-24,Mobile Pay,17.60,Paid
5819,5819,2024-09-17,Card,26.51,Refunded
5820,5820,2024-04-26,Cash,27.32,Paid
5821,5821,2024-02-06,Cash,23.02,Paid
5822,5822,2024-03-03,Mobile Pay,40.82,Paid
5823,5823,2024-10-02,Cash,38.14,Paid
5824,5824,2024-10-08,Cash,20.98,Paid
5825,5825,2024-07-31,Mobile Pay,30.10,Paid
5826,5826,2024-02-13,Cash,24.96,Paid
5827,5827,2024-09-18,Cash,29.37,Paid
5828,5828,2024-04-15,Card,54.78,Paid
5829,5829,2024-07-20,Card,18.54,Paid
5830,5830,2024-09-20,Card,68.40,Paid
5831,5831,2024-04-12,Cash,38.73,Paid
5832,5832,2024-07-21,Cash,20.00,Refunded
5833,5833,2024-04-26,Cash,38.34,Paid
5834,5834,2024-03-24,Mobile Pay,13.94,Paid
5835,5835,2024-07-06,Mobile Pay,21.57,Refunded
5836,5836,2024-01-17,Mobile Pay,40.09,Paid
5837,5837,2024-01-18,Mobile Pay,12.49,Paid
5838,5838,2024-12-26,Cash,25.35,Paid
5839,5839,2024-04-19,Cash,31.08,Paid
5840,5840,2024-04-17,Card,9.35,Paid
5841,5841,2024-10-01,Card,11.25,Paid
5842,5842,2024-01-27,Mobile Pay,25.31,Paid
5843,5843,2024-01-21,Mobile Pay,15.85,Paid
5844,5844,2024-09-22,Mobile Pay,23.11,Paid
5845,5845,2024-09-16,Mobile Pay,70.70,Refunded
5846,5846,2024-08-08,Cash,60.33,Paid
5847,5847,2024-05-09,Mobile Pay,18.56,Paid
5848,5848,2024-10-21,Mobile Pay,20.83,Paid
5849,5849,2024-02-25,Cash,15.89,Paid
5850,5850,2024-11-30,Cash,18.75,Refunded
5851,5851,2024-08-22,Mobile Pay,26.90,Refunded
5852,5852,2024-01-18,Mobile Pay,27.75,Paid
5853,5853,2024-01-21,Card,40.74,Paid
5854,5854,2024-06-17,Mobile Pay,38.34,Refunded
5855,5855,2024-09-22,Mobile Pay,30.32,Refunded
5856,5856,2024-09-29,Card,7.35,Paid
5857,5857,2024-12-28,Mobile Pay,20.63,Refunded
5858,5858,2024-01-13,Card,31.49,Paid
5859,5859,2024-02-10,Mobile Pay,40.46,Paid
5860,5860,2024-05-20,Cash,39.63,Paid
5861,5861,2024-02-19,Cash,24.34,Paid
5862,5862,2024-09-15,Mobile Pay,14.46,Refunded
5863,5863,2024-06-10,Cash,7.96,Refunded
5864,5864,2024-02-09,Mobile Pay,61.63,Paid
5865,5865,2024-08-18,Mobile Pay,24.53,Paid
5866,5866,2024-08-28,Cash,36.72,Paid
5867,5867,2024-08-09,Cash,28.73,Refunded
5868,5868,2024-08-04,Card,31.64,Paid
5869,5869,2024-07-11,Cash,65.28,Paid
5870,5870,2024-02-17,Cash,8.18,Paid
5871,5871,2024-10-16,Cash,8.48,Paid
5872,5872,2024-11-27,Mobile Pay,25.24,Paid
5873,5873,2024-01-29,Cash,32.26,Paid
5874,5874,2024-09-17,Card,17.58,Paid
5875,5875,2024-01-22,Mobile Pay,24.13,Paid
5876,5876,2024-10-26,Card,36.39,Paid
5877,5877,2024-09-16,Cash,24.43,Refunded
5878,5878,2024-08-01,Mobile Pay,55.60,Paid
5879,5879,2024-11-26,Cash,20.80,Paid
5880,5880,2024-02-26,Cash,10.75,Paid
5881,5881,2024-04-25,Card,27.48,Paid
5882,5882,2024-01-30,Mobile Pay,19.86,Paid
5883,5883,2024-07-21,Mobile Pay,64.34,Paid
5884,5884,2024-03-20,Card,17.28,Paid
5885,5885,2024-04-28,Card,94.34,Paid
5886,5886,2024-12-01,Mobile Pay,18.30,Paid
5887,5887,2024-05-29,Cash,42.17,Paid
5888,5888,2024-09-29,Mobile Pay,12.12,Paid
5889,5889,2024-04-01,Cash,45.02,Paid
5890,5890,2024-05-09,Card,29.97,Paid
5891,5891,2024-02-27,Cash,8.90,Paid
5892,5892,2024-07-27,Mobile Pay,39.55,Paid
5893,5893,2024-06-25,Card,52.24,Paid
5894,5894,2024-05-07,Cash,33.54,Paid
5895,5895,2024-04-04,Mobile Pay,16.09,Refunded
5896,5896,2024-05-06,Cash,18.87,Refunded
5897,5897,2024-05-28,Mobile Pay,42.75,Paid
5898,5898,2024-04-02,Mobile Pay,53.74,Paid
5899,5899,2024-06-26,Mobile Pay,25.76,Paid
5900,5900,2024-02-10,Cash,62.68,Paid
5901,5901,2024-10-27,Card,15.27,Refunded
5902,5902,2024-06-10,Mobile Pay,18.25,Refunded
5903,5903,2024-07-16,Cash,57.61,Paid
5904,5904,2024-01-05,Cash,31.00,Paid
5905,5905,2024-04-04,Mobile Pay,17.20,Paid
5906,5906,2024-11-05,Mobile Pay,23.18,Paid
5907,5907,2024-06-30,Card,76.11,Paid
5908,5908,2024-10-02,Cash,28.34,Paid
5909,5909,2024-10-01,Mobile Pay,26.15,Paid
5910,5910,2024-10-30,Card,46.70,Paid
5911,5911,2024-06-14,Mobile Pay,23.48,Paid
5912,5912,2024-12-13,Mobile Pay,12.73,Paid
5913,5913,2024-05-13,Mobile Pay,10.64,Paid
5914,5914,2025-01-01,Cash,91.89,Paid
5915,5915,2024-11-03,Card,17.14,Refunded
5916,5916,2024-04-22,Cash,24.49,Paid
5917,5917,2024-11-30,Card,23.02,Paid
5918,5918,2024-07-29,Mobile Pay,40.91,Refunded
5919,5919,2024-12-29,Card,9.85,Paid
5920,5920,2024-01-31,Cash,10.18,Paid
5921,5921,2024-12-10,Card,15.10,Refunded
5922,5922,2024-02-17,Card,29.70,Paid
5923,5923,2024-05-22,Cash,9.81,Refunded
5924,5924,2024-04-29,Card,23.55,Paid
5925,5925,2024-07-05,Card,37.22,Paid
5926,5926,2024-12-01,Cash,58.48,Refunded
5927,5927,2024-01-16,Mobile Pay,41.49,Paid
5928,5928,2024-04-24,Cash,15.84,Paid
5929,5929,2024-09-15,Mobile Pay,20.05,Refunded
5930,5930,2024-10-10,Card,19.16,Paid
5931,5931,2024-08-24,Cash,55.45,Paid
5932,5932,2024-07-27,Card,19.40,Paid
5933,5933,2024-06-19,Mobile Pay,73.23,Paid
5934,5934,2024-04-27,Card,15.12,Refunded
5935,5935,2024-03-24,Cash,19.14,Paid
5936,5936,2024-11-18,Cash,31.72,Paid
5937,5937,2024-10-10,Cash,13.03,Paid
5938,5938,2024-05-08,Cash,8.55,Paid
5939,5939,2024-11-10,Mobile Pay,27.62,Paid
5940,5940,2024-08-19,Mobile Pay,16.31,Paid
5941,5941,2024-12-24,Card,50.85,Paid
5942,5942,2024-02-12,Card,13.63,Paid
5943,5943,2024-11-03,Mobile Pay,23.93,Refunded
5944,5944,2024-07-01,Cash,6.80,Refunded
5945,5945,2024-03-12,Card,29.62,Refunded
5946,5946,2024-09-10,Cash,60.13,Paid
5947,5947,2024-10-10,Mobile Pay,10.90,Paid
5948,5948,2024-06-16,Card,18.72,Paid
5949,5949,2024-05-11,Mobile Pay,45.73,Paid
5950,5950,2024-02-15,Mobile Pay,37.83,Paid
5951,5951,2024-07-31,Card,16.47,Paid
5952,5952,2024-09-14,Mobile Pay,61.23,Paid
5953,5953,2024-03-11,Card,21.54,Paid
5954,5954,2024-02-25,Card,20.75,Paid
5955,5955,2024-10-20,Card,33.23,Paid
5956,5956,2024-07-10,Card,8.25,Refunded
5957,5957,2024-08-18,Card,24.34,Paid
5958,5958,2024-03-30,Mobile Pay,39.77,Paid
5959,5959,2024-08-26,Cash,63.44,Refunded
5960,5960,2024-03-29,Mobile Pay,15.41,Refunded
5961,5961,2024-02-12,Cash,21.37,Paid
5962,5962,2024-03-22,Card,12.36,Paid
5963,5963,2024-03-07,Cash,19.48,Paid
5964,5964,2024-01-29,Card,18.00,Paid
5965,5965,2024-02-07,Card,14.60,Paid
5966,5966,2024-07-22,Card,11.86,Paid
5967,5967,2024-03-05,Cash,16.64,Refunded
5968,5968,2024-09-28,Card,20.72,Paid
5969,5969,2024-12-30,Card,25.76,Paid
5970,5970,2024-12-25,Cash,14.37,Paid
5971,5971,2024-07-10,Card,22.15,Paid
5972,5972,2024-05-24,Card,10.06,Paid
5973,5973,2024-05-15,Mobile Pay,34.66,Paid
5974,5974,2024-03-20,Card,36.07,Paid
5975,5975,2024-11-28,Cash,11.84,Paid
5976,5976,2024-04-06,Card,14.89,Paid
5977,5977,2024-08-06,Mobile Pay,41.03,Refunded
5978,5978,2024-08-21,Cash,34.25,Paid
5979,5979,2024-03-03,Cash,30.16,Refunded
5980,5980,2024-06-15,Card,60.42,Paid
5981,5981,2024-08-24,Cash,34.00,Paid
5982,5982,2024-08-01,Cash,25.95,Paid
5983,5983,2024-11-11,Mobile Pay,8.05,Paid
5984,5984,2024-02-10,Mobile Pay,31.45,Refunded
5985,5985,2024-11-03,Cash,31.99,Paid
5986,5986,2024-11-02,Mobile Pay,12.99,Paid
5987,5987,2024-03-11,Mobile Pay,41.25,Refunded
5988,5988,2024-07-08,Cash,39.79,Paid
5989,5989,2024-02-19,Mobile Pay,10.64,Paid
5990,5990,2024-08-15,Cash,33.19,Paid
5991,5991,2024-03-18,Card,38.45,Refunded
5992,5992,2024-09-02,Card,36.11,Paid
5993,5993,2024-09-04,Card,20.65,Paid
5994,5994,2024-09-14,Card,12.05,Refunded
5995,5995,2024-06-27,Card,30.46,Paid
5996,5996,2024-09-06,Cash,20.73,Paid
5997,5997,2024-08-21,Cash,68.52,Paid
5998,5998,2024-07-01,Mobile Pay,28.91,Paid
5999,5999,2024-10-07,Cash,9.91,Paid
6000,6000,2024-08-02,Cash,101.65,Paid
6001,6001,2024-01-03,Cash,41.01,Paid
6002,6002,2024-07-22,Cash,20.91,Refunded
6003,6003,2024-02-13,Card,27.64,Paid
6004,6004,2024-08-06,Mobile Pay,39.78,Paid
6005,6005,2024-03-03,Cash,25.48,Paid
6006,6006,2024-03-23,Card,15.74,Paid
6007,6007,2024-05-23,Cash,14.36,Paid
6008,6008,2024-04-04,Mobile Pay,29.65,Refunded
6009,6009,2024-07-14,Card,32.51,Paid
6010,6010,2024-04-02,Cash,19.06,Paid
6011,6011,2024-07-30,Mobile Pay,20.38,Paid
6012,6012,2024-03-08,Mobile Pay,67.63,Paid
6013,6013,2024-04-12,Mobile Pay,37.01,Paid
6014,6014,2024-02-26,Mobile Pay,20.92,Paid
6015,6015,2024-08-20,Mobile Pay,34.24,Paid
6016,6016,2024-04-25,Cash,28.35,Paid
6017,6017,2024-08-17,Mobile Pay,23.08,Paid
6018,6018,2024-05-05,Cash,20.30,Refunded
6019,6019,2024-10-06,Mobile Pay,80.57,Paid
6020,6020,2024-09-19,Mobile Pay,26.24,Paid
6021,6021,2024-03-17,Mobile Pay,25.87,Paid
6022,6022,2024-01-09,Card,19.62,Refunded
6023,6023,2024-04-07,Card,20.58,Paid
6024,6024,2024-08-04,Cash,55.42,Refunded
6025,6025,2024-12-10,Mobile Pay,34.19,Paid
6026,6026,2024-02-26,Mobile Pay,14.86,Paid
6027,6027,2024-04-07,Mobile Pay,21.12,Paid
6028,6028,2024-08-22,Mobile Pay,30.42,Paid
6029,6029,2024-01-29,Card,34.21,Paid
6030,6030,2024-05-09,Mobile Pay,24.33,Paid
6031,6031,2024-11-10,Cash,23.43,Refunded
6032,6032,2024-12-10,Card,20.20,Paid
6033,6033,2024-05-14,Mobile Pay,14.00,Paid
6034,6034,2024-11-13,Mobile Pay,18.84,Paid
6035,6035,2024-09-17,Mobile Pay,10.38,Paid
6036,6036,2024-04-15,Card,29.90,Paid
6037,6037,2024-11-30,Mobile Pay,8.27,Paid
6038,6038,2024-02-04,Card,16.04,Refunded
6039,6039,2024-09-07,Mobile Pay,32.34,Refunded
6040,6040,2024-08-09,Card,19.89,Paid
6041,6041,2024-10-27,Card,19.15,Paid
6042,6042,2024-11-28,Card,28.26,Paid
6043,6043,2024-10-09,Card,49.41,Paid
6044,6044,2024-03-21,Card,15.17,Paid
6045,6045,2024-11-02,Cash,26.41,Paid
6046,6046,2024-03-15,Mobile Pay,12.32,Paid
6047,6047,2024-05-20,Mobile Pay,27.98,Paid
6048,6048,2024-06-16,Card,26.88,Refunded
6049,6049,2024-11-08,Cash,29.38,Paid
6050,6050,2024-01-07,Cash,13.13,Paid
6051,6051,2024-06-07,Card,21.25,Refunded
6052,6052,2024-01-16,Cash,53.06,Paid
6053,6053,2024-02-01,Cash,8.60,Paid
6054,6054,2024-07-29,Cash,9.04,Refunded
6055,6055,2024-05-24,Cash,56.79,Refunded
6056,6056,2024-08-09,Cash,39.94,Paid
6057,6057,2024-05-06,Mobile Pay,18.31,Paid
6058,6058,2024-07-09,Card,15.85,Refunded
6059,6059,2024-01-10,Card,12.94,Paid
6060,6060,2024-04-09,Card,7.37,Refunded
6061,6061,2024-10-24,Cash,18.69,Paid
6062,6062,2024-07-03,Cash,29.80,Paid
6063,6063,2024-04-07,Mobile Pay,16.90,Paid
6064,6064,2024-08-09,Card,14.93,Paid
6065,6065,2024-01-13,Card,41.53,Paid
6066,6066,2024-07-15,Cash,16.44,Paid
6067,6067,2024-12-20,Mobile Pay,55.86,Paid
6068,6068,2024-10-18,Card,27.94,Paid
6069,6069,2024-08-03,Card,34.48,Refunded
6070,6070,2024-04-14,Cash,28.70,Paid
6071,6071,2024-02-08,Card,91.17,Paid
6072,6072,2024-10-18,Card,11.73,Refunded
6073,6073,2024-09-23,Cash,18.42,Refunded
6074,6074,2024-04-14,Mobile Pay,36.30,Paid
6075,6075,2024-01-31,Card,52.22,Paid
6076,6076,2024-09-20,Card,25.28,Paid
6077,6077,2024-11-27,Cash,7.26,Paid
6078,6078,2024-03-09,Mobile Pay,62.84,Refunded
6079,6079,2024-11-04,Cash,55.52,Paid
6080,6080,2024-10-27,Mobile Pay,37.07,Paid
6081,6081,2024-02-25,Cash,28.97,Paid
6082,6082,2024-12-21,Cash,31.49,Paid
6083,6083,2024-01-29,Card,24.87,Refunded
6084,6084,2024-11-27,Cash,16.63,Paid
6085,6085,2024-01-24,Mobile Pay,19.15,Paid
6086,6086,2024-01-25,Card,70.19,Paid
6087,6087,2024-03-24,Cash,37.21,Refunded
6088,6088,2024-03-09,Card,19.68,Paid
6089,6089,2024-05-15,Cash,16.65,Paid
6090,6090,2024-11-13,Mobile Pay,10.03,Paid
6091,6091,2024-03-07,Card,28.28,Paid
6092,6092,2024-11-07,Mobile Pay,37.56,Refunded
6093,6093,2024-01-16,Cash,28.17,Refunded
6094,6094,2024-03-10,Card,60.23,Paid
6095,6095,2024-01-20,Card,20.64,Paid
6096,6096,2024-10-21,Mobile Pay,44.36,Paid
6097,6097,2024-01-03,Card,45.14,Refunded
6098,6098,2024-11-16,Card,50.06,Refunded
6099,6099,2024-11-14,Mobile Pay,28.86,Paid
6100,6100,2024-05-05,Cash,25.06,Refunded
6101,6101,2024-03-06,Cash,17.17,Paid
6102,6102,2024-06-17,Card,21.74,Refunded
6103,6103,2024-01-19,Mobile Pay,13.74,Refunded
6104,6104,2024-11-26,Card,17.43,Paid
6105,6105,2024-09-12,Card,32.37,Paid
6106,6106,2024-01-07,Mobile Pay,27.58,Refunded
6107,6107,2024-09-26,Mobile Pay,22.47,Paid
6108,6108,2024-10-26,Cash,10.13,Paid
6109,6109,2024-01-05,Cash,40.34,Paid
6110,6110,2024-12-29,Card,41.16,Paid
6111,6111,2024-06-18,Mobile Pay,23.59,Paid
6112,6112,2024-05-11,Mobile Pay,21.92,Paid
6113,6113,2024-12-22,Card,20.05,Paid
6114,6114,2024-05-04,Mobile Pay,25.61,Paid
6115,6115,2024-02-03,Cash,19.87,Paid
6116,6116,2024-02-17,Mobile Pay,64.34,Paid
6117,6117,2024-12-15,Cash,21.82,Paid
6118,6118,2024-09-21,Card,35.00,Paid
6119,6119,2024-12-26,Cash,15.74,Paid
6120,6120,2024-01-17,Card,14.44,Paid
6121,6121,2024-04-27,Mobile Pay,12.45,Refunded
6122,6122,2024-07-24,Mobile Pay,67.68,Refunded
6123,6123,2024-02-13,Card,32.36,Paid
6124,6124,2024-03-08,Card,8.20,Paid
6125,6125,2024-05-07,Mobile Pay,29.62,Refunded
6126,6126,2024-09-18,Cash,22.81,Refunded
6127,6127,2024-11-09,Card,29.40,Refunded
6128,6128,2024-05-22,Mobile Pay,30.80,Refunded
6129,6129,2024-12-11,Cash,76.00,Refunded
6130,6130,2024-10-01,Cash,23.35,Paid
6131,6131,2024-04-19,Cash,18.74,Paid
6132,6132,2024-03-24,Mobile Pay,35.01,Paid
6133,6133,2024-04-22,Cash,49.72,Paid
6134,6134,2024-08-31,Cash,36.64,Paid
6135,6135,2024-07-20,Mobile Pay,19.35,Paid
6136,6136,2024-07-05,Card,58.81,Refunded
6137,6137,2024-04-03,Card,33.76,Paid
6138,6138,2024-02-29,Mobile Pay,30.53,Refunded
6139,6139,2024-12-06,Cash,20.62,Paid
6140,6140,2024-08-11,Card,30.80,Paid
6141,6141,2024-04-08,Cash,20.75,Paid
6142,6142,2024-03-18,Cash,27.83,Refunded
6143,6143,2024-07-04,Mobile Pay,10.16,Paid
6144,6144,2024-10-19,Cash,87.11,Refunded
6145,6145,2024-06-20,Mobile Pay,23.90,Paid
6146,6146,2024-11-20,Card,15.16,Paid
6147,6147,2024-05-09,Card,24.62,Paid
6148,6148,2024-10-09,Mobile Pay,42.13,Paid
6149,6149,2024-12-19,Cash,23.76,Paid
6150,6150,2024-07-01,Card,20.97,Refunded
6151,6151,2024-10-03,Card,35.86,Refunded
6152,6152,2024-04-28,Card,29.94,Refunded
6153,6153,2024-10-04,Cash,27.19,Paid
6154,6154,2024-10-28,Card,26.83,Paid
6155,6155,2024-12-13,Cash,13.69,Paid
6156,6156,2024-08-05,Cash,27.72,Paid
6157,6157,2024-03-30,Cash,23.18,Paid
6158,6158,2024-09-14,Card,54.55,Refunded
6159,6159,2024-01-12,Mobile Pay,70.76,Paid
6160,6160,2024-03-01,Cash,21.04,Refunded
6161,6161,2024-04-24,Card,33.46,Refunded
6162,6162,2024-03-04,Cash,32.17,Paid
6163,6163,2024-11-21,Mobile Pay,17.18,Paid
6164,6164,2024-07-19,Card,20.51,Paid
6165,6165,2024-02-07,Cash,43.54,Refunded
6166,6166,2024-02-10,Cash,75.68,Paid
6167,6167,2024-03-23,Mobile Pay,14.85,Refunded
6168,6168,2024-10-03,Cash,21.66,Paid
6169,6169,2024-01-27,Cash,21.43,Paid
6170,6170,2024-02-01,Mobile Pay,24.12,Refunded
6171,6171,2024-12-23,Card,50.17,Paid
6172,6172,2024-06-06,Card,13.06,Refunded
6173,6173,2024-08-21,Cash,18.10,Paid
6174,6174,2024-01-02,Mobile Pay,57.77,Paid
6175,6175,2024-01-17,Mobile Pay,12.82,Paid
6176,6176,2024-03-19,Card,26.07,Paid
6177,6177,2024-08-23,Card,62.87,Refunded
6178,6178,2024-05-02,Mobile Pay,12.85,Paid
6179,6179,2024-06-20,Mobile Pay,18.72,Paid
6180,6180,2024-01-06,Cash,24.04,Refunded
6181,6181,2024-08-24,Mobile Pay,29.48,Paid
6182,6182,2024-10-31,Cash,16.24,Paid
6183,6183,2024-03-02,Cash,49.83,Paid
6184,6184,2024-10-02,Cash,63.87,Paid
6185,6185,2024-04-10,Mobile Pay,33.46,Paid
6186,6186,2024-06-04,Card,16.74,Paid
6187,6187,2024-11-12,Card,30.24,Paid
6188,6188,2024-02-23,Mobile Pay,8.81,Refunded
6189,6189,2024-04-09,Cash,65.75,Paid
6190,6190,2024-06-14,Mobile Pay,26.54,Paid
6191,6191,2024-04-07,Cash,26.12,Paid
6192,6192,2024-04-11,Cash,62.62,Paid
6193,6193,2024-06-23,Mobile Pay,28.79,Paid
6194,6194,2024-01-04,Mobile Pay,32.70,Paid
6195,6195,2024-10-30,Card,9.80,Paid
6196,6196,2024-07-03,Card,53.22,Paid
6197,6197,2024-11-27,Mobile Pay,26.44,Refunded
6198,6198,2024-08-08,Cash,5.73,Refunded
6199,6199,2024-07-14,Mobile Pay,11.57,Paid
6200,6200,2024-10-12,Card,10.00,Paid
6201,6201,2024-02-03,Cash,52.92,Paid
6202,6202,2024-08-27,Card,22.43,Paid
6203,6203,2024-08-14,Card,11.33,Paid
6204,6204,2024-06-14,Cash,18.47,Refunded
6205,6205,2024-10-09,Mobile Pay,28.46,Paid
6206,6206,2024-08-20,Card,32.00,Paid
6207,6207,2024-08-06,Mobile Pay,22.16,Paid
6208,6208,2024-10-20,Mobile Pay,19.55,Paid
6209,6209,2024-04-08,Cash,33.42,Paid
6210,6210,2024-04-16,Card,30.22,Refunded
6211,6211,2024-12-29,Card,10.22,Paid
6212,6212,2024-05-21,Card,31.04,Paid
6213,6213,2024-06-16,Card,23.03,Paid
6214,6214,2024-11-21,Mobile Pay,31.40,Paid
6215,6215,2024-07-31,Card,23.44,Paid
6216,6216,2024-01-23,Card,41.39,Paid
6217,6217,2024-03-31,Card,61.30,Paid
6218,6218,2024-12-01,Card,17.18,Paid
6219,6219,2024-01-06,Mobile Pay,13.16,Refunded
6220,6220,2024-08-08,Card,8.77,Refunded
6221,6221,2024-07-30,Card,14.64,Paid
6222,6222,2024-11-11,Card,11.72,Paid
6223,6223,2024-12-28,Mobile Pay,19.20,Paid
6224,6224,2024-07-17,Mobile Pay,44.48,Paid
6225,6225,2024-11-16,Card,18.34,Refunded
6226,6226,2024-03-26,Card,17.30,Paid
6227,6227,2024-03-19,Card,21.77,Paid
6228,6228,2024-11-04,Card,61.60,Paid
6229,6229,2024-07-12,Card,10.91,Paid
6230,6230,2024-04-01,Cash,19.41,Refunded
6231,6231,2024-06-05,Mobile Pay,9.64,Paid
6232,6232,2024-09-29,Card,10.99,Paid
6233,6233,2024-05-25,Cash,17.47,Refunded
6234,6234,2024-08-07,Cash,22.31,Paid
6235,6235,2024-12-17,Cash,39.62,Paid
6236,6236,2024-12-14,Cash,21.29,Paid
6237,6237,2024-03-02,Mobile Pay,21.96,Refunded
6238,6238,2024-12-21,Mobile Pay,61.25,Paid
6239,6239,2024-08-18,Cash,15.06,Paid
6240,6240,2024-10-04,Card,34.69,Paid
6241,6241,2024-02-05,Mobile Pay,20.15,Paid
6242,6242,2024-09-06,Cash,28.45,Paid
6243,6243,2024-12-27,Mobile Pay,13.54,Paid
6244,6244,2024-11-14,Card,48.26,Paid
6245,6245,2024-09-29,Mobile Pay,24.36,Refunded
6246,6246,2024-04-17,Cash,12.96,Paid
6247,6247,2024-01-10,Mobile Pay,23.56,Refunded
6248,6248,2024-09-13,Mobile Pay,25.40,Paid
6249,6249,2024-05-30,Card,13.67,Paid
6250,6250,2024-02-09,Mobile Pay,25.04,Paid
6251,6251,2024-02-24,Cash,22.15,Paid
6252,6252,2024-01-31,Card,27.76,Paid
6253,6253,2024-01-19,Card,16.99,Paid
6254,6254,2024-05-21,Mobile Pay,18.74,Paid
6255,6255,2024-07-31,Card,51.51,Paid
6256,6256,2024-06-16,Mobile Pay,19.25,Paid
6257,6257,2024-02-05,Card,27.62,Paid
6258,6258,2024-09-27,Card,22.59,Paid
6259,6259,2024-01-24,Mobile Pay,9.88,Paid
6260,6260,2024-10-11,Card,60.72,Paid
6261,6261,2024-05-11,Cash,39.22,Paid
6262,6262,2024-03-07,Mobile Pay,13.05,Refunded
6263,6263,2024-12-21,Mobile Pay,34.23,Refunded
6264,6264,2024-03-17,Mobile Pay,70.10,Paid
6265,6265,2024-01-16,Cash,65.18,Paid
6266,6266,2024-10-25,Cash,47.47,Paid
6267,6267,2024-04-21,Cash,13.20,Paid
6268,6268,2024-05-11,Mobile Pay,58.12,Paid
6269,6269,2024-08-23,Mobile Pay,37.29,Paid
6270,6270,2024-08-28,Cash,32.54,Paid
6271,6271,2024-04-04,Card,28.02,Refunded
6272,6272,2024-07-24,Cash,29.82,Paid
6273,6273,2024-12-15,Card,29.42,Refunded
6274,6274,2024-02-27,Cash,17.90,Paid
6275,6275,2024-11-05,Card,27.87,Paid
6276,6276,2024-06-14,Mobile Pay,31.79,Paid
6277,6277,2024-07-10,Cash,24.94,Refunded
6278,6278,2024-11-09,Mobile Pay,52.61,Paid
6279,6279,2024-08-16,Mobile Pay,28.17,Paid
6280,6280,2024-03-01,Cash,30.92,Refunded
6281,6281,2024-08-08,Card,29.73,Paid
6282,6282,2024-10-29,Mobile Pay,27.23,Paid
6283,6283,2024-04-05,Card,9.37,Paid
6284,6284,2024-03-21,Mobile Pay,51.12,Paid
6285,6285,2024-01-05,Card,26.14,Paid
6286,6286,2024-03-09,Card,45.90,Paid
6287,6287,2024-04-16,Card,25.15,Paid
6288,6288,2024-03-12,Mobile Pay,64.56,Paid
6289,6289,2024-11-10,Mobile Pay,22.32,Refunded
6290,6290,2024-10-27,Mobile Pay,13.39,Paid
6291,6291,2024-02-06,Cash,22.42,Paid
6292,6292,2024-11-13,Cash,20.58,Paid
6293,6293,2024-09-14,Cash,28.71,Paid
6294,6294,2024-12-03,Mobile Pay,24.00,Paid
6295,6295,2024-01-18,Card,19.36,Refunded
6296,6296,2024-06-30,Card,22.58,Refunded
6297,6297,2024-01-19,Cash,34.91,Refunded
6298,6298,2024-11-27,Card,32.79,Paid
6299,6299,2024-01-22,Cash,30.25,Paid
6300,6300,2024-11-09,Cash,58.65,Refunded
6301,6301,2024-08-30,Card,5.06,Paid
6302,6302,2024-07-24,Cash,20.21,Refunded
6303,6303,2024-10-31,Cash,20.47,Paid
6304,6304,2024-11-12,Cash,22.70,Paid
6305,6305,2024-04-07,Card,15.44,Paid
6306,6306,2024-11-21,Card,32.80,Paid
6307,6307,2024-10-03,Cash,27.95,Refunded
6308,6308,2024-05-12,Card,37.42,Paid
6309,6309,2024-08-17,Cash,48.43,Paid
6310,6310,2024-09-01,Cash,31.93,Paid
6311,6311,2024-11-19,Card,15.81,Paid
6312,6312,2024-10-16,Mobile Pay,18.16,Refunded
6313,6313,2024-08-11,Card,6.72,Paid
6314,6314,2024-01-15,Card,26.96,Paid
6315,6315,2024-02-14,Mobile Pay,10.46,Paid
6316,6316,2024-08-05,Mobile Pay,27.14,Paid
6317,6317,2024-08-14,Mobile Pay,91.06,Paid
6318,6318,2024-12-01,Cash,17.04,Refunded
6319,6319,2024-06-03,Mobile Pay,26.10,Paid
6320,6320,2024-05-31,Cash,24.90,Paid
6321,6321,2024-06-20,Mobile Pay,40.47,Paid
6322,6322,2024-07-27,Mobile Pay,25.66,Paid
6323,6323,2024-10-02,Mobile Pay,20.26,Paid
6324,6324,2024-07-21,Mobile Pay,16.56,Paid
6325,6325,2024-09-03,Cash,13.01,Paid
6326,6326,2024-05-28,Cash,16.32,Paid
6327,6327,2024-04-22,Mobile Pay,9.26,Paid
6328,6328,2024-12-06,Cash,36.64,Paid
6329,6329,2024-09-04,Mobile Pay,76.04,Refunded
6330,6330,2024-02-24,Mobile Pay,33.84,Refunded
6331,6331,2024-03-25,Mobile Pay,16.47,Paid
6332,6332,2024-09-08,Cash,39.76,Paid
6333,6333,2024-01-08,Card,25.12,Paid
6334,6334,2024-05-25,Card,40.06,Paid
6335,6335,2024-07-22,Mobile Pay,48.76,Paid
6336,6336,2024-10-04,Mobile Pay,52.30,Paid
6337,6337,2024-07-11,Card,36.86,Paid
6338,6338,2024-09-23,Card,55.01,Paid
6339,6339,2024-09-16,Card,26.16,Paid
6340,6340,2024-07-05,Card,50.70,Paid
6341,6341,2024-10-16,Card,10.88,Refunded
6342,6342,2024-05-14,Mobile Pay,14.85,Paid
6343,6343,2024-09-29,Cash,12.00,Paid
6344,6344,2024-10-19,Mobile Pay,21.84,Paid
6345,6345,2024-08-04,Mobile Pay,17.20,Paid
6346,6346,2024-11-22,Card,41.21,Paid
6347,6347,2024-09-21,Mobile Pay,23.67,Paid
6348,6348,2024-12-15,Cash,30.78,Paid
6349,6349,2024-08-10,Mobile Pay,36.54,Paid
6350,6350,2024-05-24,Card,13.18,Paid
6351,6351,2024-08-01,Card,26.28,Paid
6352,6352,2024-12-06,Cash,10.00,Paid
6353,6353,2024-11-27,Cash,30.26,Refunded
6354,6354,2024-01-17,Cash,27.64,Refunded
6355,6355,2024-06-23,Cash,46.62,Paid
6356,6356,2024-10-30,Card,20.21,Paid
6357,6357,2024-02-12,Card,26.84,Paid
6358,6358,2024-02-14,Card,12.55,Paid
6359,6359,2024-02-02,Card,16.38,Refunded
6360,6360,2024-01-14,Cash,17.55,Paid
6361,6361,2024-04-26,Card,22.48,Paid
6362,6362,2024-01-14,Mobile Pay,39.08,Paid
6363,6363,2024-06-30,Mobile Pay,15.71,Paid
6364,6364,2024-12-23,Card,32.34,Paid
6365,6365,2024-07-28,Mobile Pay,48.92,Paid
6366,6366,2024-11-14,Cash,26.76,Paid
6367,6367,2024-09-07,Cash,14.96,Paid
6368,6368,2024-12-07,Cash,37.66,Refunded
6369,6369,2024-12-18,Card,17.60,Paid
6370,6370,2024-07-28,Mobile Pay,26.25,Paid
6371,6371,2024-11-14,Card,14.76,Paid
6372,6372,2024-04-07,Card,27.13,Refunded
6373,6373,2024-05-15,Cash,22.98,Refunded
6374,6374,2024-03-09,Cash,25.76,Paid
6375,6375,2024-11-12,Cash,17.86,Paid
6376,6376,2024-04-16,Mobile Pay,17.98,Paid
6377,6377,2024-06-25,Mobile Pay,37.54,Paid
6378,6378,2024-10-21,Card,30.00,Paid
6379,6379,2024-09-23,Cash,19.25,Paid
6380,6380,2024-12-04,Card,20.43,Paid
6381,6381,2024-11-21,Card,33.68,Paid
6382,6382,2024-11-13,Card,27.82,Paid
6383,6383,2024-11-01,Card,25.04,Paid
6384,6384,2024-11-02,Mobile Pay,22.08,Paid
6385,6385,2024-06-29,Card,24.14,Paid
6386,6386,2024-08-25,Mobile Pay,36.12,Paid
6387,6387,2024-08-03,Cash,45.87,Paid
6388,6388,2024-05-16,Mobile Pay,20.22,Paid
6389,6389,2024-01-25,Card,14.79,Paid
6390,6390,2024-06-05,Mobile Pay,14.77,Paid
6391,6391,2024-03-17,Mobile Pay,28.31,Paid
6392,6392,2024-08-10,Card,23.68,Paid
6393,6393,2024-08-06,Cash,10.55,Refunded
6394,6394,2024-08-04,Mobile Pay,14.54,Refunded
6395,6395,2024-11-27,Card,9.25,Refunded
6396,6396,2024-07-11,Mobile Pay,25.82,Paid
6397,6397,2024-12-19,Card,57.32,Paid
6398,6398,2024-08-31,Mobile Pay,17.58,Refunded
6399,6399,2024-10-23,Cash,21.99,Paid
6400,6400,2024-02-20,Cash,32.87,Paid
6401,6401,2024-02-06,Mobile Pay,22.14,Refunded
6402,6402,2024-07-25,Card,36.47,Paid
6403,6403,2024-05-16,Cash,49.29,Paid
6404,6404,2024-09-11,Cash,13.91,Refunded
6405,6405,2024-08-18,Mobile Pay,8.73,Refunded
6406,6406,2024-02-26,Card,25.99,Paid
6407,6407,2024-12-08,Cash,13.67,Paid
6408,6408,2024-06-18,Mobile Pay,35.24,Paid
6409,6409,2024-01-15,Card,17.74,Paid
6410,6410,2024-06-01,Mobile Pay,25.02,Paid
6411,6411,2024-08-14,Cash,15.39,Paid
6412,6412,2024-01-24,Mobile Pay,16.04,Paid
6413,6413,2024-03-05,Card,26.30,Paid
6414,6414,2024-07-18,Card,46.09,Refunded
6415,6415,2024-01-30,Cash,22.00,Paid
6416,6416,2024-07-10,Cash,19.49,Paid
6417,6417,2024-07-03,Mobile Pay,22.75,Paid
6418,6418,2024-02-28,Cash,37.47,Paid
6419,6419,2024-12-08,Cash,16.39,Paid
6420,6420,2024-04-09,Mobile Pay,77.37,Paid
6421,6421,2024-08-02,Card,34.52,Paid
6422,6422,2024-02-12,Card,22.26,Paid
6423,6423,2024-12-12,Mobile Pay,55.46,Paid
6424,6424,2024-01-08,Cash,36.25,Paid
6425,6425,2024-11-30,Mobile Pay,15.28,Refunded
6426,6426,2024-08-24,Card,16.55,Paid
6427,6427,2024-02-27,Card,23.52,Paid
6428,6428,2024-11-06,Cash,21.47,Paid
6429,6429,2024-02-28,Card,68.04,Paid
6430,6430,2024-01-05,Card,24.17,Paid
6431,6431,2024-09-04,Mobile Pay,16.10,Paid
6432,6432,2024-10-29,Mobile Pay,14.05,Paid
6433,6433,2024-03-25,Card,20.42,Paid
6434,6434,2024-08-11,Cash,55.61,Paid
6435,6435,2024-03-08,Cash,24.07,Paid
6436,6436,2024-04-16,Card,12.06,Paid
6437,6437,2024-04-20,Cash,24.91,Refunded
6438,6438,2024-05-15,Mobile Pay,57.53,Paid
6439,6439,2024-05-02,Card,48.55,Paid
6440,6440,2024-05-27,Cash,8.04,Paid
6441,6441,2024-09-20,Mobile Pay,25.64,Refunded
6442,6442,2024-02-07,Mobile Pay,27.06,Refunded
6443,6443,2024-05-24,Mobile Pay,11.29,Paid
6444,6444,2024-09-04,Mobile Pay,16.58,Paid
6445,6445,2024-11-28,Card,42.18,Paid
6446,6446,2024-08-07,Mobile Pay,18.52,Paid
6447,6447,2024-07-07,Cash,8.03,Refunded
6448,6448,2024-08-11,Card,18.91,Paid
6449,6449,2024-11-25,Card,51.33,Paid
6450,6450,2024-08-23,Mobile Pay,15.68,Paid
6451,6451,2024-01-01,Card,10.04,Paid
6452,6452,2024-01-19,Card,27.42,Paid
6453,6453,2024-01-14,Mobile Pay,23.31,Paid
6454,6454,2024-04-25,Mobile Pay,15.51,Paid
6455,6455,2024-12-12,Card,17.93,Paid
6456,6456,2024-10-14,Mobile Pay,23.95,Refunded
6457,6457,2024-03-27,Cash,19.99,Refunded
6458,6458,2024-01-15,Mobile Pay,26.71,Paid
6459,6459,2024-08-29,Card,27.46,Paid
6460,6460,2024-08-26,Card,65.16,Paid
6461,6461,2024-06-15,Card,24.91,Paid
6462,6462,2024-05-04,Mobile Pay,19.99,Paid
6463,6463,2024-02-29,Card,30.66,Paid
6464,6464,2024-08-31,Cash,64.78,Refunded
6465,6465,2024-03-04,Cash,12.18,Paid
6466,6466,2024-06-14,Cash,27.15,Paid
6467,6467,2024-02-03,Mobile Pay,13.61,Paid
6468,6468,2024-04-14,Cash,38.60,Paid
6469,6469,2024-08-12,Mobile Pay,12.41,Paid
6470,6470,2024-10-20,Mobile Pay,10.63,Paid
6471,6471,2024-04-29,Card,31.77,Paid
6472,6472,2024-08-26,Cash,111.83,Paid
6473,6473,2024-10-28,Card,71.72,Refunded
6474,6474,2024-04-08,Mobile Pay,7.46,Paid
6475,6475,2024-01-25,Cash,18.29,Paid
6476,6476,2024-12-06,Mobile Pay,48.07,Paid
6477,6477,2024-06-14,Mobile Pay,8.09,Paid
6478,6478,2024-01-02,Card,67.68,Paid
6479,6479,2024-05-25,Card,20.73,Refunded
6480,6480,2024-12-28,Mobile Pay,63.87,Paid
6481,6481,2024-10-07,Cash,49.26,Refunded
6482,6482,2024-11-25,Card,52.81,Paid
6483,6483,2024-09-19,Cash,19.66,Paid
6484,6484,2024-02-25,Mobile Pay,13.52,Refunded
6485,6485,2024-01-09,Mobile Pay,18.58,Paid
6486,6486,2024-09-14,Card,30.04,Paid
6487,6487,2024-03-30,Cash,26.74,Refunded
6488,6488,2024-04-19,Card,13.70,Paid
6489,6489,2024-05-14,Card,24.91,Paid
6490,6490,2024-03-24,Mobile Pay,24.96,Paid
6491,6491,2024-03-18,Mobile Pay,31.98,Paid
6492,6492,2024-06-13,Cash,16.68,Paid
6493,6493,2024-12-06,Cash,26.46,Paid
6494,6494,2024-04-15,Card,22.23,Paid
6495,6495,2024-02-23,Mobile Pay,27.44,Paid
6496,6496,2024-10-12,Mobile Pay,47.00,Paid
6497,6497,2024-11-03,Mobile Pay,21.75,Paid
6498,6498,2024-10-09,Cash,18.91,Paid
6499,6499,2024-05-06,Cash,9.31,Paid
6500,6500,2024-03-28,Card,24.53,Paid
6501,6501,2024-08-29,Card,13.52,Paid
6502,6502,2024-09-11,Card,36.77,Paid
6503,6503,2024-06-28,Cash,18.90,Refunded
6504,6504,2024-09-30,Mobile Pay,32.11,Refunded
6505,6505,2024-08-19,Cash,19.91,Paid
6506,6506,2024-03-13,Card,39.80,Paid
6507,6507,2024-10-04,Cash,20.66,Paid
6508,6508,2024-03-05,Card,22.62,Paid
6509,6509,2024-05-17,Card,15.70,Paid
6510,6510,2024-09-16,Cash,18.90,Paid
6511,6511,2024-11-21,Mobile Pay,13.41,Paid
6512,6512,2024-06-06,Cash,20.84,Paid
6513,6513,2024-02-05,Card,15.54,Paid
6514,6514,2024-12-12,Card,26.05,Paid
6515,6515,2024-11-03,Mobile Pay,62.89,Paid
6516,6516,2024-04-25,Cash,14.57,Refunded
6517,6517,2024-12-05,Card,23.85,Paid
6518,6518,2024-07-04,Mobile Pay,26.87,Refunded
6519,6519,2024-01-23,Cash,27.37,Refunded
6520,6520,2024-11-12,Cash,34.26,Paid
6521,6521,2024-11-30,Cash,36.28,Paid
6522,6522,2024-05-26,Cash,30.14,Paid
6523,6523,2024-05-20,Cash,38.08,Paid
6524,6524,2024-10-20,Cash,24.89,Paid
6525,6525,2024-03-23,Cash,30.70,Paid
6526,6526,2024-03-26,Mobile Pay,63.66,Paid
6527,6527,2024-10-20,Mobile Pay,43.34,Paid
6528,6528,2024-11-28,Mobile Pay,27.02,Paid
6529,6529,2024-07-06,Cash,31.72,Refunded
6530,6530,2024-01-17,Mobile Pay,23.83,Paid
6531,6531,2024-11-27,Card,37.91,Paid
6532,6532,2024-05-05,Mobile Pay,35.24,Refunded
6533,6533,2024-07-26,Cash,27.84,Paid
6534,6534,2024-03-20,Card,23.62,Paid
6535,6535,2024-01-20,Card,30.56,Paid
6536,6536,2024-03-25,Mobile Pay,40.42,Paid
6537,6537,2024-04-15,Card,25.42,Paid
6538,6538,2024-11-11,Card,48.07,Paid
6539,6539,2024-10-22,Card,26.62,Paid
6540,6540,2024-09-02,Card,22.30,Paid
6541,6541,2024-09-02,Cash,14.63,Paid
6542,6542,2024-03-16,Cash,21.76,Paid
6543,6543,2024-02-23,Cash,33.92,Paid
6544,6544,2024-10-28,Cash,25.97,Paid
6545,6545,2024-03-22,Mobile Pay,16.75,Paid
6546,6546,2024-04-15,Cash,60.39,Paid
6547,6547,2024-09-30,Cash,39.50,Paid
6548,6548,2024-12-22,Card,32.95,Paid
6549,6549,2024-06-05,Cash,22.76,Paid
6550,6550,2024-06-24,Card,41.90,Refunded
6551,6551,2024-02-29,Card,16.08,Paid
6552,6552,2024-09-18,Cash,44.25,Refunded
6553,6553,2024-05-15,Cash,20.59,Paid
6554,6554,2024-07-24,Mobile Pay,12.75,Paid
6555,6555,2024-06-02,Mobile Pay,15.57,Paid
6556,6556,2024-09-21,Mobile Pay,46.82,Paid
6557,6557,2024-05-04,Cash,47.65,Paid
6558,6558,2024-11-19,Mobile Pay,20.35,Refunded
6559,6559,2024-02-27,Mobile Pay,13.54,Paid
6560,6560,2024-06-04,Card,11.78,Paid
6561,6561,2024-02-14,Cash,40.46,Refunded
6562,6562,2024-10-02,Cash,10.79,Paid
6563,6563,2024-11-19,Cash,22.82,Paid
6564,6564,2024-02-14,Cash,24.18,Paid
6565,6565,2024-08-03,Cash,45.74,Paid
6566,6566,2024-04-02,Cash,31.37,Paid
6567,6567,2024-09-03,Card,6.93,Refunded
6568,6568,2024-10-28,Cash,25.56,Paid
6569,6569,2024-07-18,Mobile Pay,12.32,Paid
6570,6570,2024-02-12,Cash,17.36,Paid
6571,6571,2024-12-30,Card,32.25,Paid
6572,6572,2024-04-16,Card,16.75,Paid
6573,6573,2024-07-21,Card,71.68,Paid
6574,6574,2025-01-01,Cash,23.64,Paid
6575,6575,2024-05-23,Cash,30.13,Paid
6576,6576,2024-07-26,Mobile Pay,78.79,Paid
6577,6577,2024-01-16,Card,31.74,Paid
6578,6578,2024-01-01,Cash,8.23,Paid
6579,6579,2024-09-15,Mobile Pay,22.46,Paid
6580,6580,2024-11-29,Mobile Pay,23.00,Paid
6581,6581,2024-02-12,Card,48.84,Paid
6582,6582,2024-10-12,Mobile Pay,36.68,Paid
6583,6583,2024-10-14,Card,10.33,Paid
6584,6584,2024-08-12,Cash,11.17,Paid
6585,6585,2024-12-01,Mobile Pay,14.74,Paid
6586,6586,2024-08-31,Cash,35.85,Paid
6587,6587,2024-12-06,Card,41.02,Paid
6588,6588,2024-06-15,Mobile Pay,20.29,Refunded
6589,6589,2024-01-22,Cash,33.16,Paid
6590,6590,2024-10-25,Cash,11.40,Paid
6591,6591,2024-06-14,Mobile Pay,13.32,Refunded
6592,6592,2024-08-03,Card,23.60,Paid
6593,6593,2024-01-19,Cash,66.54,Refunded
6594,6594,2024-10-17,Card,39.76,Paid
6595,6595,2024-09-25,Cash,24.56,Refunded
6596,6596,2024-06-04,Cash,22.46,Paid
6597,6597,2024-01-12,Cash,12.28,Paid
6598,6598,2024-03-20,Cash,17.00,Paid
6599,6599,2024-03-29,Cash,19.96,Paid
6600,6600,2024-03-17,Card,38.48,Paid
6601,6601,2024-11-03,Card,34.36,Paid
6602,6602,2024-07-17,Cash,34.61,Paid
6603,6603,2024-04-11,Cash,13.34,Paid
6604,6604,2024-05-16,Cash,26.26,Paid
6605,6605,2024-05-06,Mobile Pay,17.33,Paid
6606,6606,2024-12-24,Mobile Pay,29.15,Refunded
6607,6607,2024-12-05,Card,12.96,Refunded
6608,6608,2024-09-29,Mobile Pay,19.36,Paid
6609,6609,2024-04-17,Card,14.58,Paid
6610,6610,2024-03-17,Mobile Pay,40.78,Refunded
6611,6611,2024-10-29,Card,25.44,Paid
6612,6612,2024-09-14,Mobile Pay,29.29,Paid
6613,6613,2024-01-28,Card,31.12,Paid
6614,6614,2024-06-29,Mobile Pay,15.10,Paid
6615,6615,2024-01-16,Card,22.76,Paid
6616,6616,2024-06-26,Card,23.48,Paid
6617,6617,2024-03-03,Mobile Pay,52.03,Refunded
6618,6618,2024-02-16,Card,18.78,Paid
6619,6619,2024-07-02,Cash,34.38,Refunded
6620,6620,2024-08-02,Mobile Pay,31.22,Paid
6621,6621,2024-04-19,Mobile Pay,22.18,Paid
6622,6622,2024-01-17,Card,23.32,Refunded
6623,6623,2024-11-09,Cash,19.32,Paid
6624,6624,2024-01-28,Cash,18.19,Paid
6625,6625,2024-03-21,Cash,24.70,Paid
6626,6626,2024-09-20,Mobile Pay,17.35,Paid
6627,6627,2024-06-13,Card,8.86,Paid
6628,6628,2024-06-02,Cash,19.97,Paid
6629,6629,2024-12-08,Card,19.38,Paid
6630,6630,2024-10-10,Cash,83.24,Paid
6631,6631,2024-12-09,Card,55.33,Refunded
6632,6632,2024-09-29,Cash,27.73,Paid
6633,6633,2024-12-30,Mobile Pay,21.49,Refunded
6634,6634,2024-01-12,Cash,25.21,Refunded
6635,6635,2024-06-15,Card,42.41,Paid
6636,6636,2024-09-15,Card,28.18,Paid
6637,6637,2024-07-11,Mobile Pay,22.36,Paid
6638,6638,2024-02-02,Card,18.30,Paid
6639,6639,2024-06-22,Cash,22.39,Refunded
6640,6640,2024-02-19,Cash,23.89,Paid
6641,6641,2024-01-01,Cash,10.44,Refunded
6642,6642,2024-05-05,Mobile Pay,15.83,Refunded
6643,6643,2024-01-11,Card,13.48,Paid
6644,6644,2024-06-18,Cash,7.78,Refunded
6645,6645,2024-12-23,Mobile Pay,22.90,Paid
6646,6646,2024-03-25,Cash,30.37,Paid
6647,6647,2024-08-22,Mobile Pay,16.36,Paid
6648,6648,2024-12-31,Cash,19.47,Paid
6649,6649,2024-12-31,Cash,37.61,Refunded
6650,6650,2024-12-03,Cash,17.78,Paid
6651,6651,2024-07-01,Card,26.68,Paid
6652,6652,2024-08-28,Mobile Pay,35.80,Paid
6653,6653,2024-12-15,Cash,27.10,Paid
6654,6654,2024-09-24,Mobile Pay,15.54,Paid
6655,6655,2024-10-05,Cash,38.84,Paid
6656,6656,2024-03-12,Cash,33.58,Paid
6657,6657,2024-08-18,Cash,16.17,Paid
6658,6658,2024-11-30,Card,18.12,Paid
6659,6659,2024-08-07,Mobile Pay,13.39,Paid
6660,6660,2024-09-20,Cash,76.42,Paid
6661,6661,2024-01-10,Cash,36.18,Paid
6662,6662,2024-05-19,Card,19.67,Paid
6663,6663,2024-09-15,Card,14.73,Paid
6664,6664,2024-09-19,Cash,24.31,Paid
6665,6665,2024-09-03,Mobile Pay,20.92,Paid
6666,6666,2024-12-12,Cash,33.23,Paid
6667,6667,2024-01-15,Card,18.99,Paid
6668,6668,2024-07-25,Cash,20.40,Paid
6669,6669,2024-11-13,Card,41.62,Paid
6670,6670,2024-01-24,Card,15.63,Refunded
6671,6671,2024-05-21,Cash,33.47,Paid
6672,6672,2024-01-26,Card,8.84,Paid
6673,6673,2024-07-16,Card,25.72,Paid
6674,6674,2024-08-03,Mobile Pay,34.18,Paid
6675,6675,2024-04-16,Mobile Pay,23.81,Paid
6676,6676,2024-08-02,Card,18.36,Paid
6677,6677,2024-08-18,Cash,30.63,Paid
6678,6678,2024-12-25,Mobile Pay,20.99,Paid
6679,6679,2024-06-02,Mobile Pay,42.66,Paid
6680,6680,2024-06-12,Card,25.11,Refunded
6681,6681,2024-10-03,Mobile Pay,14.71,Paid
6682,6682,2024-11-24,Card,21.77,Paid
6683,6683,2024-01-25,Card,43.78,Paid
6684,6684,2024-01-16,Mobile Pay,25.00,Paid
6685,6685,2024-10-18,Card,34.26,Refunded
6686,6686,2024-05-31,Card,41.50,Refunded
6687,6687,2024-05-22,Card,20.11,Refunded
6688,6688,2024-12-09,Cash,64.06,Paid
6689,6689,2024-03-28,Mobile Pay,23.42,Paid
6690,6690,2024-09-27,Mobile Pay,17.78,Paid
6691,6691,2024-12-05,Mobile Pay,12.96,Paid
6692,6692,2024-11-25,Cash,28.46,Paid
6693,6693,2024-11-23,Cash,12.63,Paid
6694,6694,2024-05-04,Cash,67.50,Paid
6695,6695,2024-10-19,Card,21.92,Paid
6696,6696,2024-07-12,Mobile Pay,15.85,Paid
6697,6697,2024-03-06,Cash,18.22,Paid
6698,6698,2024-04-02,Cash,14.98,Paid
6699,6699,2024-02-17,Card,68.90,Refunded
6700,6700,2024-03-28,Mobile Pay,8.40,Paid
6701,6701,2024-06-27,Mobile Pay,19.50,Paid
6702,6702,2024-05-08,Card,17.18,Paid
6703,6703,2024-10-07,Card,20.68,Paid
6704,6704,2024-09-05,Mobile Pay,90.05,Paid
6705,6705,2024-07-27,Card,15.57,Paid
6706,6706,2024-06-01,Mobile Pay,17.34,Paid
6707,6707,2024-03-05,Cash,18.72,Refunded
6708,6708,2024-06-10,Mobile Pay,15.15,Paid
6709,6709,2024-11-10,Mobile Pay,42.02,Paid
6710,6710,2024-08-30,Mobile Pay,31.49,Paid
6711,6711,2024-02-14,Cash,81.31,Refunded
6712,6712,2024-07-13,Card,26.17,Paid
6713,6713,2024-07-19,Card,13.55,Paid
6714,6714,2024-08-16,Cash,27.62,Paid
6715,6715,2024-11-29,Card,28.26,Paid
6716,6716,2024-11-10,Mobile Pay,15.68,Paid
6717,6717,2024-08-05,Cash,39.55,Paid
6718,6718,2024-01-11,Mobile Pay,18.92,Refunded
6719,6719,2024-12-15,Cash,14.85,Paid
6720,6720,2024-05-04,Cash,26.65,Paid
6721,6721,2024-02-24,Mobile Pay,24.37,Paid
6722,6722,2024-12-26,Mobile Pay,8.79,Refunded
6723,6723,2024-07-21,Mobile Pay,41.18,Paid
6724,6724,2024-06-24,Mobile Pay,57.51,Paid
6725,6725,2024-11-21,Cash,19.42,Refunded
6726,6726,2024-05-10,Mobile Pay,7.57,Paid
6727,6727,2024-10-12,Cash,27.77,Paid
6728,6728,2024-07-20,Mobile Pay,10.87,Refunded
6729,6729,2024-09-07,Mobile Pay,37.45,Paid
6730,6730,2024-02-17,Cash,31.67,Paid
6731,6731,2024-03-03,Card,35.03,Paid
6732,6732,2024-06-01,Card,23.26,Paid
6733,6733,2024-04-23,Cash,28.08,Paid
6734,6734,2024-02-20,Cash,30.32,Paid
6735,6735,2024-08-16,Mobile Pay,16.56,Paid
6736,6736,2024-02-13,Cash,11.03,Paid
6737,6737,2024-02-23,Cash,16.72,Paid
6738,6738,2024-09-18,Cash,23.71,Paid
6739,6739,2024-06-10,Card,10.66,Paid
6740,6740,2024-12-24,Mobile Pay,14.77,Refunded
6741,6741,2024-12-27,Card,36.84,Paid
6742,6742,2024-08-21,Cash,47.77,Paid
6743,6743,2024-01-19,Cash,18.54,Refunded
6744,6744,2024-06-14,Cash,16.49,Refunded
6745,6745,2024-11-14,Mobile Pay,73.76,Paid
6746,6746,2024-07-20,Card,8.62,Paid
6747,6747,2024-02-09,Card,16.29,Refunded
6748,6748,2024-09-18,Cash,54.65,Paid
6749,6749,2024-01-18,Cash,16.85,Paid
6750,6750,2024-12-28,Mobile Pay,18.77,Refunded
6751,6751,2024-08-31,Card,24.21,Paid
6752,6752,2024-12-12,Cash,11.13,Paid
6753,6753,2024-04-13,Mobile Pay,41.94,Paid
6754,6754,2024-02-24,Card,22.37,Paid
6755,6755,2024-04-03,Mobile Pay,59.17,Paid
6756,6756,2024-03-03,Cash,25.57,Refunded
6757,6757,2024-03-27,Mobile Pay,27.22,Paid
6758,6758,2024-12-17,Mobile Pay,21.43,Paid
6759,6759,2024-08-06,Cash,14.43,Paid
6760,6760,2024-03-04,Mobile Pay,28.71,Paid
6761,6761,2024-01-20,Card,34.61,Paid
6762,6762,2024-01-14,Card,31.77,Paid
6763,6763,2024-01-15,Mobile Pay,10.56,Paid
6764,6764,2024-01-12,Mobile Pay,8.05,Paid
6765,6765,2024-04-06,Mobile Pay,35.84,Paid
6766,6766,2024-05-03,Mobile Pay,12.92,Paid
6767,6767,2024-03-31,Cash,16.35,Refunded
6768,6768,2024-08-12,Card,16.77,Paid
6769,6769,2024-04-07,Card,43.26,Paid
6770,6770,2024-01-21,Card,10.86,Paid
6771,6771,2024-03-25,Mobile Pay,9.81,Paid
6772,6772,2024-01-30,Card,24.59,Paid
6773,6773,2024-10-25,Mobile Pay,51.98,Paid
6774,6774,2024-01-02,Cash,17.33,Paid
6775,6775,2024-10-24,Mobile Pay,25.11,Paid
6776,6776,2024-12-22,Cash,32.34,Paid
6777,6777,2024-04-08,Cash,14.30,Refunded
6778,6778,2024-01-04,Card,33.21,Paid
6779,6779,2024-11-05,Card,14.55,Paid
6780,6780,2024-01-10,Card,27.49,Refunded
6781,6781,2024-01-31,Cash,53.69,Paid
6782,6782,2024-05-19,Cash,9.36,Paid
6783,6783,2024-08-24,Card,25.74,Paid
6784,6784,2024-03-20,Cash,26.45,Paid
6785,6785,2024-03-07,Mobile Pay,30.84,Paid
6786,6786,2024-03-29,Card,25.87,Paid
6787,6787,2024-10-27,Cash,17.15,Paid
6788,6788,2024-08-11,Mobile Pay,21.56,Paid
6789,6789,2024-06-16,Cash,29.51,Refunded
6790,6790,2024-08-18,Cash,8.68,Paid
6791,6791,2024-12-20,Card,25.34,Paid
6792,6792,2024-05-15,Card,18.94,Paid
6793,6793,2024-12-31,Cash,31.95,Paid
6794,6794,2024-06-29,Cash,64.26,Paid
6795,6795,2024-10-05,Cash,42.88,Paid
6796,6796,2024-07-17,Card,14.67,Paid
6797,6797,2024-02-14,Mobile Pay,24.83,Paid
6798,6798,2024-12-11,Card,47.47,Paid
6799,6799,2024-05-26,Card,25.11,Paid
6800,6800,2024-02-14,Card,19.39,Paid
6801,6801,2024-08-23,Cash,16.46,Paid
6802,6802,2024-07-23,Card,11.37,Refunded
6803,6803,2024-06-14,Cash,26.70,Paid
6804,6804,2024-07-31,Mobile Pay,20.67,Paid
6805,6805,2024-09-16,Mobile Pay,28.78,Paid
6806,6806,2024-02-14,Mobile Pay,69.24,Paid
6807,6807,2024-10-18,Card,20.61,Paid
6808,6808,2024-11-03,Card,19.07,Paid
6809,6809,2024-12-28,Cash,16.85,Paid
6810,6810,2024-09-10,Cash,16.79,Paid
6811,6811,2024-03-29,Mobile Pay,44.50,Refunded
6812,6812,2024-01-02,Mobile Pay,19.78,Refunded
6813,6813,2024-09-08,Card,14.42,Paid
6814,6814,2024-09-22,Card,17.52,Paid
6815,6815,2024-03-29,Mobile Pay,46.84,Refunded
6816,6816,2024-04-01,Cash,16.45,Paid
6817,6817,2024-03-03,Card,32.38,Paid
6818,6818,2024-12-18,Mobile Pay,29.89,Refunded
6819,6819,2024-08-10,Cash,20.97,Paid
6820,6820,2024-02-25,Card,17.82,Paid
6821,6821,2024-09-22,Mobile Pay,16.83,Paid
6822,6822,2024-01-10,Card,12.36,Paid
6823,6823,2024-12-03,Cash,46.01,Paid
6824,6824,2024-12-14,Mobile Pay,55.87,Paid
6825,6825,2024-01-22,Card,13.85,Paid
6826,6826,2024-07-23,Cash,11.91,Refunded
6827,6827,2024-05-13,Mobile Pay,21.79,Refunded
6828,6828,2024-02-28,Cash,35.71,Paid
6829,6829,2024-10-11,Mobile Pay,14.09,Paid
6830,6830,2024-08-06,Mobile Pay,26.39,Paid
6831,6831,2024-06-08,Card,44.80,Paid
6832,6832,2024-06-24,Cash,22.87,Paid
6833,6833,2024-11-09,Cash,16.21,Paid
6834,6834,2024-08-13,Mobile Pay,22.32,Paid
6835,6835,2024-11-15,Cash,24.37,Paid
6836,6836,2024-02-16,Card,14.13,Refunded
6837,6837,2024-11-22,Cash,16.09,Refunded
6838,6838,2024-01-17,Mobile Pay,12.22,Paid
6839,6839,2024-02-05,Card,12.83,Paid
6840,6840,2024-12-11,Mobile Pay,23.53,Refunded
6841,6841,2024-11-12,Card,20.92,Paid
6842,6842,2024-05-14,Mobile Pay,42.16,Paid
6843,6843,2024-09-12,Cash,20.84,Paid
6844,6844,2024-07-27,Card,46.01,Refunded
6845,6845,2024-09-09,Card,24.70,Refunded
6846,6846,2024-02-16,Mobile Pay,18.61,Paid
6847,6847,2024-10-06,Card,21.62,Paid
6848,6848,2024-10-26,Card,76.48,Paid
6849,6849,2024-08-19,Cash,22.07,Refunded
6850,6850,2024-03-12,Mobile Pay,27.42,Paid
6851,6851,2024-03-24,Card,19.47,Paid
6852,6852,2024-01-14,Mobile Pay,18.11,Paid
6853,6853,2024-10-05,Cash,35.73,Paid
6854,6854,2024-04-16,Cash,19.94,Paid
6855,6855,2024-11-16,Mobile Pay,30.14,Paid
6856,6856,2024-04-05,Cash,27.02,Refunded
6857,6857,2024-11-30,Mobile Pay,16.82,Paid
6858,6858,2024-08-20,Mobile Pay,74.41,Paid
6859,6859,2025-01-01,Cash,17.75,Paid
6860,6860,2024-02-15,Cash,25.92,Paid
6861,6861,2024-08-09,Card,15.78,Paid
6862,6862,2024-10-01,Mobile Pay,12.43,Paid
6863,6863,2024-04-20,Card,32.24,Refunded
6864,6864,2024-12-15,Card,53.17,Paid
6865,6865,2024-03-02,Cash,11.04,Paid
6866,6866,2024-11-18,Mobile Pay,22.19,Paid
6867,6867,2024-01-22,Mobile Pay,31.55,Refunded
6868,6868,2024-08-30,Cash,36.47,Refunded
6869,6869,2024-01-03,Cash,14.71,Paid
6870,6870,2024-03-02,Mobile Pay,21.18,Paid
6871,6871,2024-03-03,Cash,24.40,Paid
6872,6872,2024-05-02,Mobile Pay,29.43,Refunded
6873,6873,2024-10-16,Mobile Pay,12.42,Paid
6874,6874,2024-03-23,Cash,22.04,Refunded
6875,6875,2024-12-12,Cash,22.62,Paid
6876,6876,2024-11-11,Card,25.04,Paid
6877,6877,2024-08-09,Card,24.13,Paid
6878,6878,2024-05-17,Cash,19.28,Paid
6879,6879,2024-10-14,Mobile Pay,23.61,Refunded
6880,6880,2025-01-01,Mobile Pay,78.47,Paid
6881,6881,2024-11-28,Mobile Pay,32.68,Paid
6882,6882,2024-01-15,Card,37.24,Paid
6883,6883,2024-07-27,Cash,17.36,Refunded
6884,6884,2024-05-02,Mobile Pay,17.58,Refunded
6885,6885,2024-09-18,Mobile Pay,21.71,Paid
6886,6886,2024-08-08,Card,12.20,Paid
6887,6887,2024-04-12,Mobile Pay,21.23,Paid
6888,6888,2024-07-12,Cash,33.88,Paid
6889,6889,2024-08-06,Cash,20.10,Paid
6890,6890,2024-09-10,Mobile Pay,31.93,Refunded
6891,6891,2024-08-01,Cash,14.63,Paid
6892,6892,2024-10-03,Cash,68.77,Refunded
6893,6893,2024-03-10,Mobile Pay,44.00,Paid
6894,6894,2024-02-15,Mobile Pay,32.46,Paid
6895,6895,2024-11-19,Cash,35.05,Paid
6896,6896,2024-11-09,Card,68.49,Paid
6897,6897,2024-06-11,Cash,31.26,Paid
6898,6898,2024-08-14,Mobile Pay,23.95,Paid
6899,6899,2024-02-17,Cash,12.16,Paid
6900,6900,2024-10-13,Mobile Pay,23.62,Paid
6901,6901,2024-08-20,Cash,40.67,Paid
6902,6902,2024-08-23,Card,19.09,Paid
6903,6903,2024-06-11,Mobile Pay,13.73,Paid
6904,6904,2024-07-24,Card,30.75,Refunded
6905,6905,2024-07-18,Card,34.80,Paid
6906,6906,2024-07-08,Mobile Pay,26.88,Paid
6907,6907,2024-02-11,Cash,19.71,Refunded
6908,6908,2024-09-28,Card,22.11,Paid
6909,6909,2024-06-23,Card,23.00,Paid
6910,6910,2024-05-06,Mobile Pay,17.75,Paid
6911,6911,2024-08-28,Card,17.48,Paid
6912,6912,2024-07-18,Cash,16.16,Refunded
6913,6913,2024-04-16,Cash,8.86,Paid
6914,6914,2024-03-07,Cash,8.43,Paid
6915,6915,2024-10-29,Card,109.85,Paid
6916,6916,2024-01-16,Mobile Pay,60.24,Paid
6917,6917,2024-10-30,Mobile Pay,38.42,Paid
6918,6918,2024-05-23,Mobile Pay,12.58,Paid
6919,6919,2024-02-10,Card,27.73,Refunded
6920,6920,2024-07-02,Mobile Pay,12.81,Paid
6921,6921,2024-07-08,Mobile Pay,28.57,Paid
6922,6922,2024-06-20,Mobile Pay,24.42,Refunded
6923,6923,2024-03-20,Cash,46.92,Paid
6924,6924,2024-10-27,Mobile Pay,37.00,Refunded
6925,6925,2024-06-13,Card,16.12,Refunded
6926,6926,2024-06-23,Card,19.78,Paid
6927,6927,2024-10-24,Cash,48.60,Paid
6928,6928,2024-08-22,Card,53.84,Paid
6929,6929,2024-12-04,Card,47.03,Paid
6930,6930,2024-07-15,Card,31.44,Paid
6931,6931,2024-04-02,Mobile Pay,20.52,Paid
6932,6932,2024-04-13,Cash,15.38,Paid
6933,6933,2024-02-03,Mobile Pay,16.42,Paid
6934,6934,2024-01-03,Cash,11.80,Paid
6935,6935,2024-01-21,Cash,31.55,Paid
6936,6936,2024-12-19,Cash,16.18,Refunded
6937,6937,2024-08-10,Card,17.87,Paid
6938,6938,2024-06-01,Card,31.97,Refunded
6939,6939,2024-10-04,Cash,13.12,Paid
6940,6940,2024-12-25,Card,17.58,Paid
6941,6941,2024-06-10,Cash,32.72,Refunded
6942,6942,2024-10-14,Card,25.23,Paid
6943,6943,2024-04-21,Card,26.42,Paid
6944,6944,2024-07-02,Mobile Pay,16.93,Paid
6945,6945,2024-11-09,Card,12.45,Paid
6946,6946,2024-03-06,Mobile Pay,58.73,Paid
6947,6947,2024-10-11,Cash,49.62,Paid
6948,6948,2024-11-30,Cash,15.74,Refunded
6949,6949,2024-01-23,Cash,23.34,Paid
6950,6950,2024-05-20,Card,42.29,Paid
6951,6951,2024-07-30,Cash,20.55,Refunded
6952,6952,2024-09-20,Card,29.43,Paid
6953,6953,2024-11-10,Mobile Pay,17.43,Paid
6954,6954,2024-11-13,Card,28.95,Paid
6955,6955,2024-06-02,Card,53.73,Paid
6956,6956,2024-10-20,Mobile Pay,11.35,Paid
6957,6957,2024-02-15,Cash,24.45,Paid
6958,6958,2024-02-24,Mobile Pay,12.84,Paid
6959,6959,2024-05-14,Card,65.00,Paid
6960,6960,2024-12-23,Cash,32.31,Paid
6961,6961,2024-09-29,Card,66.68,Refunded
6962,6962,2024-11-07,Mobile Pay,28.90,Paid
6963,6963,2024-04-23,Mobile Pay,20.05,Paid
6964,6964,2024-01-10,Card,21.46,Paid
6965,6965,2024-10-05,Mobile Pay,34.40,Refunded
6966,6966,2024-04-27,Card,25.08,Refunded
6967,6967,2024-01-02,Card,28.52,Paid
6968,6968,2024-11-30,Mobile Pay,34.57,Paid
6969,6969,2024-10-23,Cash,9.39,Paid
6970,6970,2024-03-10,Card,16.87,Paid
6971,6971,2024-01-24,Card,58.35,Paid
6972,6972,2024-03-23,Cash,13.71,Paid
6973,6973,2024-12-22,Cash,58.52,Paid
6974,6974,2024-02-04,Cash,18.97,Paid
6975,6975,2024-12-14,Mobile Pay,23.75,Paid
6976,6976,2024-06-22,Mobile Pay,19.94,Paid
6977,6977,2024-09-14,Cash,17.22,Paid
6978,6978,2024-03-18,Mobile Pay,51.08,Paid
6979,6979,2024-12-29,Mobile Pay,33.95,Paid
6980,6980,2024-07-28,Mobile Pay,8.16,Refunded
6981,6981,2024-07-17,Mobile Pay,54.66,Paid
6982,6982,2024-01-26,Mobile Pay,25.17,Refunded
6983,6983,2024-07-25,Mobile Pay,44.60,Paid
6984,6984,2024-03-11,Mobile Pay,43.70,Refunded
6985,6985,2024-03-14,Card,31.26,Paid
6986,6986,2024-02-11,Card,12.62,Paid
6987,6987,2024-09-10,Cash,11.93,Paid
6988,6988,2024-06-12,Card,17.35,Refunded
6989,6989,2024-06-05,Mobile Pay,41.37,Paid
6990,6990,2024-06-01,Cash,44.45,Paid
6991,6991,2024-08-25,Cash,26.68,Paid
6992,6992,2024-06-10,Card,42.25,Paid
6993,6993,2024-05-26,Card,44.36,Paid
6994,6994,2024-08-09,Card,14.49,Paid
6995,6995,2024-12-07,Mobile Pay,56.60,Paid
6996,6996,2024-04-25,Mobile Pay,15.26,Refunded
6997,6997,2024-04-23,Cash,17.94,Refunded
6998,6998,2024-05-11,Mobile Pay,18.97,Refunded
6999,6999,2024-07-18,Cash,58.90,Refunded
7000,7000,2024-01-29,Cash,52.88,Paid
7001,7001,2024-07-29,Card,15.99,Paid
7002,7002,2024-09-22,Mobile Pay,17.64,Paid
7003,7003,2024-06-14,Cash,15.34,Paid
7004,7004,2024-04-05,Cash,16.46,Paid
7005,7005,2024-04-10,Mobile Pay,63.21,Paid
7006,7006,2024-02-16,Cash,11.87,Paid
7007,7007,2024-09-20,Cash,32.48,Refunded
7008,7008,2024-03-30,Card,40.10,Paid
7009,7009,2024-11-05,Card,27.34,Paid
7010,7010,2024-06-10,Mobile Pay,23.19,Refunded
7011,7011,2024-12-18,Mobile Pay,24.55,Paid
7012,7012,2024-10-13,Card,31.18,Paid
7013,7013,2024-02-27,Card,14.55,Paid
7014,7014,2024-07-01,Cash,21.02,Paid
7015,7015,2024-04-16,Mobile Pay,22.36,Paid
7016,7016,2024-11-08,Mobile Pay,23.88,Paid
7017,7017,2024-10-29,Card,31.45,Paid
7018,7018,2024-01-05,Cash,70.24,Paid
7019,7019,2024-04-25,Card,65.14,Paid
7020,7020,2024-11-13,Mobile Pay,23.45,Paid
7021,7021,2024-11-30,Cash,16.43,Refunded
7022,7022,2024-07-19,Card,49.15,Paid
7023,7023,2024-05-05,Card,50.68,Paid
7024,7024,2024-10-12,Mobile Pay,20.74,Paid
7025,7025,2024-01-04,Mobile Pay,22.51,Paid
7026,7026,2024-09-14,Cash,20.18,Paid
7027,7027,2024-02-29,Mobile Pay,14.96,Refunded
7028,7028,2024-08-10,Cash,25.75,Paid
7029,7029,2024-10-21,Mobile Pay,27.53,Paid
7030,7030,2024-12-17,Card,31.88,Refunded
7031,7031,2024-03-27,Card,10.08,Paid
7032,7032,2024-05-03,Mobile Pay,19.82,Refunded
7033,7033,2024-08-19,Mobile Pay,32.78,Paid
7034,7034,2024-09-02,Mobile Pay,6.92,Paid
7035,7035,2024-12-01,Cash,24.47,Paid
7036,7036,2024-02-26,Mobile Pay,20.76,Paid
7037,7037,2024-01-25,Cash,36.70,Paid
7038,7038,2024-05-30,Card,8.98,Paid
7039,7039,2024-04-17,Mobile Pay,21.11,Paid
7040,7040,2024-04-03,Card,16.14,Paid
7041,7041,2024-07-30,Mobile Pay,21.01,Paid
7042,7042,2024-07-12,Card,26.52,Paid
7043,7043,2024-07-02,Cash,31.42,Paid
7044,7044,2024-10-22,Cash,9.40,Paid
7045,7045,2024-07-25,Card,9.14,Paid
7046,7046,2024-10-19,Cash,23.43,Refunded
7047,7047,2024-05-15,Card,37.62,Refunded
7048,7048,2024-09-17,Card,38.00,Paid
7049,7049,2024-06-25,Card,11.66,Refunded
7050,7050,2024-04-11,Mobile Pay,30.56,Paid
7051,7051,2024-09-13,Mobile Pay,9.74,Paid
7052,7052,2024-09-22,Cash,22.98,Paid
7053,7053,2024-07-24,Mobile Pay,12.85,Refunded
7054,7054,2024-07-17,Cash,7.65,Paid
7055,7055,2024-01-27,Mobile Pay,22.81,Paid
7056,7056,2024-06-14,Cash,13.98,Paid
7057,7057,2024-01-28,Mobile Pay,30.86,Paid
7058,7058,2024-08-06,Mobile Pay,42.41,Paid
7059,7059,2024-01-09,Cash,34.32,Paid
7060,7060,2024-02-09,Mobile Pay,39.50,Paid
7061,7061,2024-06-11,Mobile Pay,40.38,Paid
7062,7062,2024-01-25,Card,39.38,Paid
7063,7063,2024-12-20,Card,16.17,Paid
7064,7064,2024-01-03,Cash,21.00,Paid
7065,7065,2024-11-04,Mobile Pay,29.29,Paid
7066,7066,2024-12-19,Card,39.03,Paid
7067,7067,2024-02-05,Card,10.31,Paid
7068,7068,2024-10-12,Mobile Pay,31.88,Refunded
7069,7069,2024-11-25,Cash,20.21,Paid
7070,7070,2024-12-17,Card,25.64,Paid
7071,7071,2024-03-13,Mobile Pay,19.69,Paid
7072,7072,2024-06-09,Mobile Pay,13.10,Paid
7073,7073,2024-01-22,Cash,11.86,Paid
7074,7074,2024-07-10,Card,25.97,Paid
7075,7075,2024-03-15,Mobile Pay,16.66,Paid
7076,7076,2024-07-23,Mobile Pay,24.42,Refunded
7077,7077,2024-01-06,Mobile Pay,56.33,Paid
7078,7078,2024-11-06,Mobile Pay,66.72,Paid
7079,7079,2024-05-09,Card,15.34,Paid
7080,7080,2024-09-28,Card,38.56,Paid
7081,7081,2024-06-30,Mobile Pay,61.33,Paid
7082,7082,2024-05-03,Mobile Pay,14.82,Paid
7083,7083,2024-07-29,Mobile Pay,36.88,Refunded
7084,7084,2024-03-02,Cash,27.69,Paid
7085,7085,2024-07-19,Mobile Pay,24.95,Paid
7086,7086,2024-07-16,Mobile Pay,14.06,Paid
7087,7087,2024-11-01,Mobile Pay,10.56,Paid
7088,7088,2024-04-30,Mobile Pay,19.99,Paid
7089,7089,2024-10-14,Card,15.27,Refunded
7090,7090,2024-01-08,Card,11.74,Paid
7091,7091,2024-10-13,Card,9.53,Paid
7092,7092,2024-02-08,Card,25.33,Paid
7093,7093,2024-01-26,Mobile Pay,19.01,Paid
7094,7094,2024-07-11,Card,13.18,Paid
7095,7095,2024-03-28,Mobile Pay,15.28,Refunded
7096,7096,2025-01-02,Mobile Pay,77.47,Paid
7097,7097,2024-10-01,Mobile Pay,34.64,Paid
7098,7098,2024-02-12,Card,44.48,Paid
7099,7099,2024-03-01,Mobile Pay,29.21,Paid
7100,7100,2024-11-09,Cash,43.17,Paid
7101,7101,2024-10-05,Cash,45.70,Paid
7102,7102,2024-12-28,Card,25.05,Refunded
7103,7103,2024-11-29,Card,8.91,Refunded
7104,7104,2024-07-22,Cash,7.02,Paid
7105,7105,2024-02-10,Card,17.58,Refunded
7106,7106,2024-08-20,Cash,21.11,Paid
7107,7107,2024-09-15,Mobile Pay,45.82,Paid
7108,7108,2024-01-10,Cash,21.90,Paid
7109,7109,2024-08-27,Cash,22.14,Paid
7110,7110,2024-09-16,Mobile Pay,34.37,Paid
7111,7111,2024-09-08,Cash,43.06,Refunded
7112,7112,2024-03-05,Mobile Pay,20.92,Paid
7113,7113,2024-11-19,Card,21.13,Paid
7114,7114,2024-12-03,Mobile Pay,46.25,Paid
7115,7115,2024-02-07,Cash,48.43,Paid
7116,7116,2024-03-06,Cash,9.12,Refunded
7117,7117,2024-03-19,Card,30.82,Paid
7118,7118,2024-08-01,Mobile Pay,18.32,Refunded
7119,7119,2024-06-21,Mobile Pay,28.37,Paid
7120,7120,2024-09-21,Mobile Pay,31.16,Paid
7121,7121,2024-04-05,Mobile Pay,15.83,Refunded
7122,7122,2024-09-13,Card,8.85,Paid
7123,7123,2024-12-31,Cash,9.62,Refunded
7124,7124,2024-05-10,Mobile Pay,14.05,Paid
7125,7125,2024-10-27,Mobile Pay,16.88,Paid
7126,7126,2024-03-07,Cash,25.72,Paid
7127,7127,2024-11-01,Card,20.13,Paid
7128,7128,2024-01-09,Card,36.46,Paid
7129,7129,2024-11-22,Card,13.06,Refunded
7130,7130,2024-06-17,Card,29.36,Paid
7131,7131,2024-07-25,Card,14.39,Refunded
7132,7132,2024-02-02,Cash,21.98,Paid
7133,7133,2024-06-28,Card,71.87,Paid
7134,7134,2025-01-01,Card,16.70,Paid
7135,7135,2024-08-20,Mobile Pay,24.46,Refunded
7136,7136,2024-10-21,Cash,18.06,Refunded
7137,7137,2024-03-24,Cash,87.65,Paid
7138,7138,2024-06-04,Cash,15.50,Paid
7139,7139,2024-01-12,Card,64.66,Paid
7140,7140,2024-06-24,Cash,45.82,Paid
7141,7141,2024-05-12,Mobile Pay,24.36,Paid
7142,7142,2024-09-08,Mobile Pay,22.30,Paid
7143,7143,2024-01-25,Cash,7.93,Paid
7144,7144,2024-05-29,Mobile Pay,17.11,Paid
7145,7145,2024-03-07,Card,17.72,Paid
7146,7146,2024-09-24,Mobile Pay,11.23,Paid
7147,7147,2024-09-01,Cash,32.73,Paid
7148,7148,2024-09-16,Mobile Pay,31.64,Paid
7149,7149,2024-10-01,Cash,54.61,Paid
7150,7150,2024-08-11,Cash,19.78,Paid
7151,7151,2024-10-26,Mobile Pay,31.62,Paid
7152,7152,2024-09-27,Mobile Pay,29.11,Refunded
7153,7153,2024-01-15,Card,15.49,Paid
7154,7154,2024-08-10,Cash,28.15,Paid
7155,7155,2024-09-26,Mobile Pay,26.12,Refunded
7156,7156,2024-07-27,Card,9.40,Paid
7157,7157,2024-07-16,Card,40.52,Paid
7158,7158,2024-02-12,Card,16.29,Refunded
7159,7159,2024-03-31,Mobile Pay,25.90,Paid
7160,7160,2024-11-28,Mobile Pay,20.40,Refunded
7161,7161,2024-11-01,Mobile Pay,21.98,Paid
7162,7162,2024-02-05,Card,8.04,Refunded
7163,7163,2024-03-29,Cash,40.14,Paid
7164,7164,2024-05-05,Cash,16.75,Refunded
7165,7165,2024-10-26,Mobile Pay,12.98,Refunded
7166,7166,2024-03-25,Mobile Pay,21.03,Paid
7167,7167,2024-02-03,Card,9.36,Paid
7168,7168,2024-03-25,Mobile Pay,53.30,Refunded
7169,7169,2024-09-22,Mobile Pay,11.13,Paid
7170,7170,2024-01-27,Cash,31.27,Paid
7171,7171,2024-05-13,Mobile Pay,8.10,Paid
7172,7172,2024-09-19,Mobile Pay,23.72,Paid
7173,7173,2024-08-14,Mobile Pay,23.52,Paid
7174,7174,2024-07-25,Card,13.73,Paid
7175,7175,2024-06-17,Mobile Pay,42.64,Paid
7176,7176,2024-01-29,Cash,73.98,Paid
7177,7177,2024-08-02,Cash,13.20,Paid
7178,7178,2024-01-29,Card,16.44,Paid
7179,7179,2024-10-31,Card,26.06,Paid
7180,7180,2024-03-01,Cash,49.31,Refunded
7181,7181,2024-01-06,Mobile Pay,24.61,Paid
7182,7182,2024-11-14,Mobile Pay,15.67,Paid
7183,7183,2024-04-05,Card,10.47,Paid
7184,7184,2024-10-27,Card,10.14,Paid
7185,7185,2024-12-10,Cash,24.71,Paid
7186,7186,2024-10-02,Cash,53.10,Paid
7187,7187,2024-07-06,Cash,40.12,Paid
7188,7188,2024-05-28,Card,27.10,Paid
7189,7189,2024-08-27,Cash,28.41,Paid
7190,7190,2024-08-26,Mobile Pay,20.44,Paid
7191,7191,2024-09-30,Card,37.54,Paid
7192,7192,2024-01-19,Mobile Pay,8.96,Paid
7193,7193,2024-03-02,Mobile Pay,22.82,Paid
7194,7194,2024-05-26,Cash,32.57,Paid
7195,7195,2024-04-03,Cash,15.75,Paid
7196,7196,2024-02-11,Cash,16.24,Paid
7197,7197,2024-10-31,Mobile Pay,10.98,Paid
7198,7198,2024-09-10,Cash,11.23,Refunded
7199,7199,2024-11-30,Cash,26.92,Paid
7200,7200,2024-10-02,Mobile Pay,26.76,Refunded
7201,7201,2024-07-08,Cash,19.60,Paid
7202,7202,2024-09-07,Cash,20.50,Paid
7203,7203,2024-07-19,Cash,10.05,Paid
7204,7204,2024-10-07,Card,45.73,Paid
7205,7205,2024-09-13,Cash,21.55,Paid
7206,7206,2024-08-29,Card,40.04,Paid
7207,7207,2024-02-11,Cash,40.44,Paid
7208,7208,2024-04-29,Cash,31.17,Refunded
7209,7209,2024-02-17,Card,16.06,Paid
7210,7210,2024-11-23,Cash,34.70,Paid
7211,7211,2024-07-12,Card,13.78,Paid
7212,7212,2024-02-11,Mobile Pay,21.55,Paid
7213,7213,2024-11-19,Cash,7.49,Refunded
7214,7214,2024-07-28,Card,27.94,Paid
7215,7215,2024-08-19,Mobile Pay,44.26,Paid
7216,7216,2024-06-04,Cash,21.54,Refunded
7217,7217,2024-04-04,Mobile Pay,16.15,Paid
7218,7218,2024-02-15,Card,27.64,Paid
7219,7219,2024-07-15,Mobile Pay,10.78,Paid
7220,7220,2024-08-27,Cash,18.86,Paid
7221,7221,2024-11-20,Card,20.83,Paid
7222,7222,2024-10-25,Mobile Pay,15.57,Paid
7223,7223,2024-05-07,Cash,14.42,Paid
7224,7224,2024-08-31,Card,40.62,Paid
7225,7225,2024-11-28,Mobile Pay,15.77,Paid
7226,7226,2024-03-23,Cash,45.42,Paid
7227,7227,2024-02-04,Mobile Pay,49.65,Paid
7228,7228,2024-01-09,Mobile Pay,33.28,Paid
7229,7229,2024-02-18,Mobile Pay,24.27,Refunded
7230,7230,2024-02-22,Cash,9.46,Paid
7231,7231,2024-02-09,Mobile Pay,14.52,Paid
7232,7232,2024-05-31,Card,31.28,Refunded
7233,7233,2024-08-18,Mobile Pay,38.44,Paid
7234,7234,2024-06-15,Mobile Pay,32.01,Paid
7235,7235,2024-10-01,Mobile Pay,22.83,Paid
7236,7236,2024-02-15,Card,22.48,Paid
7237,7237,2024-01-23,Cash,36.99,Refunded
7238,7238,2024-07-07,Card,52.35,Refunded
7239,7239,2024-05-04,Card,14.72,Paid
7240,7240,2024-11-07,Mobile Pay,33.53,Paid
7241,7241,2024-10-18,Cash,25.48,Paid
7242,7242,2024-11-18,Cash,19.55,Paid
7243,7243,2024-04-27,Card,43.08,Refunded
7244,7244,2024-04-16,Cash,17.45,Paid
7245,7245,2024-02-13,Cash,11.24,Paid
7246,7246,2024-10-20,Cash,16.46,Paid
7247,7247,2024-07-08,Card,45.08,Paid
7248,7248,2024-03-17,Cash,44.58,Paid
7249,7249,2024-10-02,Card,17.24,Paid
7250,7250,2024-06-12,Cash,42.25,Paid
7251,7251,2024-11-01,Cash,31.91,Refunded
7252,7252,2024-02-16,Mobile Pay,36.20,Refunded
7253,7253,2024-02-06,Card,33.02,Refunded
7254,7254,2024-12-19,Card,25.54,Paid
7255,7255,2024-05-13,Card,24.12,Paid
7256,7256,2024-10-04,Card,15.19,Paid
7257,7257,2024-07-09,Mobile Pay,24.56,Paid
7258,7258,2024-04-13,Card,30.38,Refunded
7259,7259,2024-08-11,Mobile Pay,20.95,Paid
7260,7260,2024-06-09,Mobile Pay,33.85,Paid
7261,7261,2024-09-22,Mobile Pay,18.50,Paid
7262,7262,2024-03-29,Card,56.82,Paid
7263,7263,2024-12-08,Mobile Pay,26.92,Paid
7264,7264,2024-03-27,Cash,7.94,Paid
7265,7265,2024-06-08,Mobile Pay,23.63,Paid
7266,7266,2024-12-01,Mobile Pay,14.42,Paid
7267,7267,2024-03-21,Mobile Pay,74.28,Paid
7268,7268,2024-12-24,Mobile Pay,19.04,Paid
7269,7269,2024-11-22,Mobile Pay,59.35,Refunded
7270,7270,2024-01-25,Mobile Pay,17.13,Paid
7271,7271,2024-06-02,Card,21.38,Paid
7272,7272,2024-02-18,Mobile Pay,18.94,Paid
7273,7273,2024-12-27,Cash,21.82,Refunded
7274,7274,2024-07-26,Mobile Pay,39.35,Refunded
7275,7275,2024-12-13,Cash,44.38,Paid
7276,7276,2024-04-15,Mobile Pay,32.66,Paid
7277,7277,2024-04-20,Card,26.60,Paid
7278,7278,2024-05-03,Mobile Pay,17.03,Paid
7279,7279,2024-08-10,Card,8.15,Paid
7280,7280,2024-11-29,Mobile Pay,20.18,Paid
7281,7281,2024-10-02,Mobile Pay,45.08,Paid
7282,7282,2024-07-21,Card,11.34,Paid
7283,7283,2024-03-16,Cash,7.53,Paid
7284,7284,2024-11-14,Cash,14.78,Paid
7285,7285,2024-11-20,Card,44.92,Paid
7286,7286,2024-10-30,Mobile Pay,34.80,Paid
7287,7287,2024-04-14,Cash,25.84,Paid
7288,7288,2024-03-21,Card,27.18,Refunded
7289,7289,2024-05-17,Mobile Pay,14.42,Paid
7290,7290,2024-11-27,Cash,15.78,Paid
7291,7291,2024-03-25,Cash,9.62,Paid
7292,7292,2024-11-30,Card,32.63,Paid
7293,7293,2024-07-24,Card,34.86,Paid
7294,7294,2024-12-02,Cash,40.07,Paid
7295,7295,2024-08-24,Mobile Pay,25.30,Paid
7296,7296,2024-07-04,Mobile Pay,32.50,Paid
7297,7297,2024-09-24,Card,20.13,Paid
7298,7298,2024-02-05,Card,49.73,Paid
7299,7299,2024-09-22,Mobile Pay,30.83,Paid
7300,7300,2024-11-18,Card,19.83,Paid
7301,7301,2024-02-18,Mobile Pay,21.46,Paid
7302,7302,2024-12-07,Cash,41.39,Paid
7303,7303,2024-11-11,Mobile Pay,48.68,Paid
7304,7304,2024-02-25,Cash,17.98,Paid
7305,7305,2024-07-07,Card,13.78,Refunded
7306,7306,2024-06-24,Card,20.16,Paid
7307,7307,2024-04-24,Card,16.68,Paid
7308,7308,2024-11-02,Mobile Pay,15.01,Paid
7309,7309,2024-08-13,Mobile Pay,29.81,Refunded
7310,7310,2024-04-09,Card,30.47,Paid
7311,7311,2024-10-27,Card,88.10,Paid
7312,7312,2024-10-11,Mobile Pay,24.19,Refunded
7313,7313,2024-12-13,Mobile Pay,68.88,Paid
7314,7314,2024-09-28,Mobile Pay,22.76,Refunded
7315,7315,2024-08-22,Mobile Pay,35.68,Paid
7316,7316,2024-12-23,Mobile Pay,18.32,Paid
7317,7317,2024-05-26,Cash,22.94,Paid
7318,7318,2024-04-24,Mobile Pay,14.47,Paid
7319,7319,2024-12-22,Card,48.46,Paid
7320,7320,2024-12-31,Cash,9.04,Paid
7321,7321,2024-12-14,Cash,28.81,Paid
7322,7322,2024-01-22,Card,23.63,Refunded
7323,7323,2024-07-19,Cash,76.02,Paid
7324,7324,2024-04-13,Card,75.66,Paid
7325,7325,2024-04-08,Cash,33.88,Paid
7326,7326,2024-05-20,Card,31.29,Paid
7327,7327,2024-11-17,Card,22.98,Refunded
7328,7328,2024-05-13,Cash,31.19,Paid
7329,7329,2024-01-21,Mobile Pay,18.45,Paid
7330,7330,2024-01-30,Cash,43.01,Refunded
7331,7331,2024-02-29,Mobile Pay,14.17,Paid
7332,7332,2024-03-31,Mobile Pay,19.31,Paid
7333,7333,2024-12-31,Cash,28.82,Paid
7334,7334,2024-05-06,Cash,21.48,Paid
7335,7335,2024-11-01,Cash,56.78,Refunded
7336,7336,2024-08-21,Mobile Pay,21.68,Paid
7337,7337,2024-10-05,Mobile Pay,29.32,Paid
7338,7338,2024-04-09,Mobile Pay,41.13,Paid
7339,7339,2024-08-06,Card,15.30,Refunded
7340,7340,2024-12-24,Mobile Pay,33.04,Paid
7341,7341,2024-12-08,Mobile Pay,21.48,Paid
7342,7342,2024-09-03,Cash,20.06,Paid
7343,7343,2024-02-18,Mobile Pay,32.68,Paid
7344,7344,2024-03-22,Cash,15.99,Paid
7345,7345,2025-01-02,Cash,47.94,Paid
7346,7346,2024-04-26,Card,8.78,Paid
7347,7347,2024-03-28,Cash,14.17,Paid
7348,7348,2024-07-13,Card,48.89,Paid
7349,7349,2024-07-18,Card,18.60,Refunded
7350,7350,2024-01-09,Card,27.70,Paid
7351,7351,2024-01-21,Card,18.17,Paid
7352,7352,2024-04-15,Cash,33.34,Paid
7353,7353,2024-09-26,Cash,12.00,Paid
7354,7354,2024-08-23,Mobile Pay,28.23,Paid
7355,7355,2024-03-27,Cash,65.00,Paid
7356,7356,2024-11-12,Mobile Pay,22.41,Paid
7357,7357,2024-11-07,Card,47.62,Paid
7358,7358,2024-08-28,Cash,26.77,Paid
7359,7359,2024-05-03,Cash,16.56,Paid
7360,7360,2024-03-12,Card,22.74,Paid
7361,7361,2024-11-02,Mobile Pay,55.72,Paid
7362,7362,2024-08-26,Mobile Pay,19.68,Refunded
7363,7363,2024-10-08,Card,21.17,Paid
7364,7364,2024-06-11,Cash,21.81,Paid
7365,7365,2024-12-10,Mobile Pay,51.79,Paid
7366,7366,2024-07-03,Mobile Pay,25.83,Paid
7367,7367,2024-06-10,Card,50.67,Paid
7368,7368,2024-06-12,Mobile Pay,15.09,Paid
7369,7369,2024-11-01,Cash,34.68,Paid
7370,7370,2024-03-11,Cash,35.68,Paid
7371,7371,2024-06-05,Mobile Pay,14.72,Refunded
7372,7372,2024-06-13,Cash,22.62,Paid
7373,7373,2024-07-30,Cash,33.00,Paid
7374,7374,2024-04-28,Mobile Pay,65.79,Refunded
7375,7375,2024-10-18,Mobile Pay,14.82,Refunded
7376,7376,2024-09-25,Mobile Pay,28.93,Paid
7377,7377,2024-06-12,Card,18.57,Refunded
7378,7378,2024-11-05,Mobile Pay,24.78,Paid
7379,7379,2024-12-14,Cash,13.82,Paid
7380,7380,2024-09-02,Cash,41.34,Paid
7381,7381,2024-01-30,Cash,10.95,Paid
7382,7382,2024-04-12,Mobile Pay,26.42,Refunded
7383,7383,2024-08-02,Card,27.81,Paid
7384,7384,2024-03-25,Card,13.59,Paid
7385,7385,2024-05-07,Cash,35.77,Paid
7386,7386,2024-09-06,Cash,27.31,Paid
7387,7387,2024-05-18,Card,25.40,Paid
7388,7388,2024-08-21,Card,19.93,Paid
7389,7389,2024-09-22,Cash,16.86,Refunded
7390,7390,2024-01-26,Card,34.14,Refunded
7391,7391,2024-05-30,Mobile Pay,40.06,Paid
7392,7392,2024-06-30,Cash,10.29,Refunded
7393,7393,2024-08-11,Mobile Pay,23.97,Refunded
7394,7394,2024-07-11,Mobile Pay,69.69,Paid
7395,7395,2024-05-27,Mobile Pay,19.89,Refunded
7396,7396,2024-10-21,Card,22.36,Refunded
7397,7397,2024-02-23,Mobile Pay,24.41,Refunded
7398,7398,2024-03-10,Mobile Pay,9.81,Refunded
7399,7399,2024-03-09,Cash,42.80,Paid
7400,7400,2024-05-14,Card,25.25,Refunded
7401,7401,2024-04-22,Mobile Pay,25.25,Paid
7402,7402,2024-01-16,Cash,38.19,Refunded
7403,7403,2024-10-01,Cash,13.15,Paid
7404,7404,2024-02-14,Mobile Pay,18.84,Paid
7405,7405,2024-12-10,Mobile Pay,28.69,Paid
7406,7406,2024-04-08,Cash,11.38,Refunded
7407,7407,2024-04-04,Mobile Pay,23.81,Paid
7408,7408,2024-06-23,Card,25.42,Paid
7409,7409,2024-10-11,Cash,9.73,Paid
7410,7410,2024-02-14,Cash,17.65,Paid
7411,7411,2024-02-11,Card,20.77,Paid
7412,7412,2024-06-19,Mobile Pay,35.04,Refunded
7413,7413,2024-09-18,Cash,56.76,Paid
7414,7414,2024-10-31,Mobile Pay,31.44,Paid
7415,7415,2024-02-06,Card,25.57,Paid
7416,7416,2024-11-11,Mobile Pay,23.08,Refunded
7417,7417,2024-05-24,Cash,21.93,Paid
7418,7418,2024-08-30,Card,24.05,Paid
7419,7419,2024-05-16,Mobile Pay,20.13,Paid
7420,7420,2024-08-26,Card,13.98,Refunded
7421,7421,2024-05-08,Card,28.71,Refunded
7422,7422,2024-01-13,Cash,24.08,Paid
7423,7423,2024-02-24,Card,16.78,Paid
7424,7424,2024-07-02,Mobile Pay,15.81,Paid
7425,7425,2024-07-11,Mobile Pay,28.46,Paid
7426,7426,2024-07-13,Mobile Pay,29.00,Paid
7427,7427,2024-12-26,Cash,14.93,Paid
7428,7428,2024-06-26,Mobile Pay,17.80,Paid
7429,7429,2024-02-22,Card,16.09,Paid
7430,7430,2024-12-22,Cash,21.91,Paid
7431,7431,2024-07-24,Mobile Pay,9.25,Paid
7432,7432,2024-12-14,Mobile Pay,10.16,Paid
7433,7433,2024-01-14,Mobile Pay,36.61,Paid
7434,7434,2024-03-07,Card,15.64,Paid
7435,7435,2024-10-05,Cash,78.78,Paid
7436,7436,2024-07-25,Card,25.33,Paid
7437,7437,2024-01-03,Card,15.66,Paid
7438,7438,2024-04-26,Mobile Pay,13.47,Paid
7439,7439,2024-02-29,Mobile Pay,18.52,Paid
7440,7440,2024-08-10,Card,15.39,Paid
7441,7441,2024-09-28,Card,66.12,Paid
7442,7442,2024-01-26,Cash,46.06,Paid
7443,7443,2024-07-18,Card,16.16,Paid
7444,7444,2024-07-17,Cash,20.72,Refunded
7445,7445,2024-10-18,Mobile Pay,17.17,Paid
7446,7446,2024-11-21,Card,22.74,Paid
7447,7447,2024-01-08,Cash,77.47,Paid
7448,7448,2024-04-09,Cash,24.03,Paid
7449,7449,2024-05-20,Cash,44.12,Paid
7450,7450,2024-10-20,Card,36.38,Paid
7451,7451,2024-10-05,Cash,27.62,Paid
7452,7452,2024-08-24,Cash,28.46,Paid
7453,7453,2024-06-30,Mobile Pay,19.80,Paid
7454,7454,2024-06-13,Cash,27.40,Paid
7455,7455,2024-09-25,Cash,16.31,Paid
7456,7456,2024-10-16,Cash,28.72,Paid
7457,7457,2024-11-09,Card,15.27,Paid
7458,7458,2024-11-01,Card,31.06,Refunded
7459,7459,2024-03-26,Mobile Pay,21.50,Paid
7460,7460,2024-07-28,Card,10.11,Paid
7461,7461,2024-03-14,Card,26.30,Paid
7462,7462,2024-01-19,Cash,23.04,Refunded
7463,7463,2024-07-21,Card,17.85,Paid
7464,7464,2024-10-28,Card,18.51,Paid
7465,7465,2024-12-12,Cash,34.67,Paid
7466,7466,2024-04-08,Card,29.25,Paid
7467,7467,2024-12-29,Mobile Pay,18.03,Paid
7468,7468,2024-02-03,Mobile Pay,13.68,Paid
7469,7469,2024-08-18,Cash,27.43,Paid
7470,7470,2024-11-23,Cash,87.78,Paid
7471,7471,2024-08-03,Card,13.00,Paid
7472,7472,2024-06-04,Cash,7.47,Paid
7473,7473,2024-09-13,Card,13.26,Paid
7474,7474,2024-07-19,Mobile Pay,15.28,Paid
7475,7475,2024-11-19,Cash,29.52,Paid
7476,7476,2024-01-05,Card,19.05,Paid
7477,7477,2024-03-19,Cash,19.75,Refunded
7478,7478,2024-11-01,Card,31.43,Paid
7479,7479,2024-01-22,Cash,13.56,Paid
7480,7480,2024-04-01,Mobile Pay,35.36,Paid
7481,7481,2024-04-28,Mobile Pay,18.60,Paid
7482,7482,2024-12-08,Mobile Pay,17.75,Paid
7483,7483,2024-06-16,Card,16.36,Paid
7484,7484,2024-11-13,Cash,29.52,Paid
7485,7485,2024-09-16,Card,7.81,Paid
7486,7486,2024-03-22,Mobile Pay,50.96,Paid
7487,7487,2024-04-15,Cash,29.38,Paid
7488,7488,2024-07-27,Card,43.15,Refunded
7489,7489,2024-09-11,Card,33.85,Refunded
7490,7490,2024-05-21,Mobile Pay,14.08,Paid
7491,7491,2024-11-29,Mobile Pay,39.67,Paid
7492,7492,2024-09-06,Mobile Pay,25.50,Refunded
7493,7493,2024-08-22,Mobile Pay,35.59,Refunded
7494,7494,2024-03-12,Mobile Pay,15.32,Paid
7495,7495,2024-07-27,Mobile Pay,19.55,Paid
7496,7496,2024-12-13,Mobile Pay,9.81,Paid
7497,7497,2024-09-26,Card,16.19,Paid
7498,7498,2024-08-14,Mobile Pay,19.01,Paid
7499,7499,2024-11-19,Cash,22.91,Paid
7500,7500,2024-09-09,Mobile Pay,31.72,Paid
7501,7501,2024-02-11,Mobile Pay,43.46,Paid
7502,7502,2024-08-23,Cash,19.15,Paid
7503,7503,2024-05-13,Mobile Pay,65.13,Paid
7504,7504,2024-08-15,Mobile Pay,57.80,Paid
7505,7505,2024-08-05,Cash,40.62,Paid
7506,7506,2024-04-21,Card,27.76,Paid
7507,7507,2024-07-23,Card,18.46,Paid
7508,7508,2024-01-14,Cash,81.19,Paid
7509,7509,2024-02-14,Card,17.06,Paid
7510,7510,2024-12-28,Mobile Pay,65.70,Paid
7511,7511,2024-10-18,Cash,29.01,Paid
7512,7512,2024-05-17,Mobile Pay,36.24,Refunded
7513,7513,2024-01-26,Card,24.04,Paid
7514,7514,2024-01-12,Card,17.12,Paid
7515,7515,2024-09-13,Cash,57.02,Paid
7516,7516,2024-01-22,Cash,10.77,Paid
7517,7517,2024-09-15,Cash,20.57,Refunded
7518,7518,2024-06-10,Card,11.68,Refunded
7519,7519,2024-03-11,Mobile Pay,22.68,Paid
7520,7520,2024-02-14,Mobile Pay,22.68,Paid
7521,7521,2024-10-31,Cash,29.40,Paid
7522,7522,2024-03-16,Cash,13.73,Paid
7523,7523,2024-02-23,Card,53.19,Refunded
7524,7524,2024-11-02,Mobile Pay,11.97,Refunded
7525,7525,2024-12-31,Cash,12.49,Paid
7526,7526,2024-02-11,Card,21.68,Paid
7527,7527,2024-01-23,Card,22.76,Paid
7528,7528,2024-08-23,Card,25.72,Paid
7529,7529,2024-03-31,Mobile Pay,22.56,Paid
7530,7530,2024-10-23,Card,22.53,Paid
7531,7531,2024-08-03,Cash,45.72,Paid
7532,7532,2024-04-25,Card,38.67,Paid
7533,7533,2024-06-30,Card,16.61,Paid
7534,7534,2024-10-22,Mobile Pay,38.09,Refunded
7535,7535,2024-05-07,Card,67.44,Paid
7536,7536,2024-06-13,Card,29.81,Refunded
7537,7537,2024-08-19,Card,32.65,Paid
7538,7538,2024-03-21,Card,18.04,Paid
7539,7539,2024-05-25,Mobile Pay,27.11,Paid
7540,7540,2024-08-02,Mobile Pay,48.18,Paid
7541,7541,2024-08-01,Mobile Pay,15.05,Paid
7542,7542,2024-02-17,Card,15.81,Refunded
7543,7543,2024-02-10,Cash,30.09,Paid
7544,7544,2024-05-18,Cash,21.32,Paid
7545,7545,2024-08-09,Mobile Pay,11.61,Paid
7546,7546,2024-01-28,Mobile Pay,37.80,Paid
7547,7547,2024-01-13,Card,13.72,Paid
7548,7548,2024-09-19,Cash,14.63,Paid
7549,7549,2024-11-07,Cash,14.50,Refunded
7550,7550,2024-10-28,Cash,16.48,Refunded
7551,7551,2024-07-14,Mobile Pay,12.97,Paid
7552,7552,2024-04-05,Mobile Pay,28.19,Paid
7553,7553,2024-05-22,Card,66.40,Paid
7554,7554,2024-04-30,Card,21.16,Paid
7555,7555,2024-12-12,Card,30.63,Paid
7556,7556,2024-06-15,Mobile Pay,21.50,Paid
7557,7557,2024-03-29,Mobile Pay,44.19,Paid
7558,7558,2024-06-14,Card,16.53,Paid
7559,7559,2024-11-10,Mobile Pay,14.85,Paid
7560,7560,2024-03-09,Card,14.29,Refunded
7561,7561,2024-04-22,Cash,11.23,Paid
7562,7562,2024-09-24,Cash,27.98,Refunded
7563,7563,2024-06-26,Cash,9.85,Refunded
7564,7564,2024-12-13,Cash,10.46,Refunded
7565,7565,2024-06-22,Card,17.62,Refunded
7566,7566,2024-03-06,Card,11.93,Paid
7567,7567,2024-08-13,Cash,26.54,Paid
7568,7568,2024-06-25,Cash,21.82,Paid
7569,7569,2024-10-22,Cash,65.07,Paid
7570,7570,2024-12-13,Cash,12.09,Paid
7571,7571,2024-07-26,Card,15.52,Refunded
7572,7572,2024-09-03,Mobile Pay,31.28,Paid
7573,7573,2024-04-09,Cash,41.58,Paid
7574,7574,2024-08-07,Cash,23.01,Paid
7575,7575,2024-03-05,Card,20.33,Paid
7576,7576,2024-05-06,Card,16.34,Refunded
7577,7577,2024-12-13,Mobile Pay,16.14,Paid
7578,7578,2024-09-08,Mobile Pay,39.45,Refunded
7579,7579,2024-05-19,Cash,15.46,Paid
7580,7580,2024-07-01,Cash,14.21,Paid
7581,7581,2024-11-21,Cash,21.51,Paid
7582,7582,2024-04-21,Cash,32.96,Refunded
7583,7583,2024-08-15,Mobile Pay,20.30,Paid
7584,7584,2024-10-06,Card,21.77,Paid
7585,7585,2024-03-17,Mobile Pay,32.48,Paid
7586,7586,2024-07-28,Cash,14.03,Refunded
7587,7587,2024-12-05,Cash,7.52,Paid
7588,7588,2024-07-12,Mobile Pay,42.82,Refunded
7589,7589,2024-01-21,Mobile Pay,20.16,Paid
7590,7590,2024-08-04,Mobile Pay,38.03,Paid
7591,7591,2024-05-17,Mobile Pay,52.64,Refunded
7592,7592,2024-08-06,Mobile Pay,45.77,Paid
7593,7593,2024-12-15,Cash,34.11,Refunded
7594,7594,2024-05-21,Card,20.39,Paid
7595,7595,2024-10-28,Mobile Pay,30.76,Paid
7596,7596,2024-09-12,Card,17.89,Paid
7597,7597,2024-06-16,Mobile Pay,9.99,Paid
7598,7598,2024-06-02,Card,61.62,Paid
7599,7599,2024-08-06,Mobile Pay,59.46,Paid
7600,7600,2024-06-15,Card,67.48,Paid
7601,7601,2024-03-05,Cash,38.95,Paid
7602,7602,2024-07-15,Cash,20.50,Refunded
7603,7603,2024-10-21,Cash,10.89,Paid
7604,7604,2024-04-10,Cash,27.66,Paid
7605,7605,2024-01-18,Card,18.88,Paid
7606,7606,2024-07-25,Card,30.95,Paid
7607,7607,2024-07-28,Cash,13.01,Paid
7608,7608,2024-02-07,Cash,26.01,Paid
7609,7609,2024-06-12,Mobile Pay,45.24,Paid
7610,7610,2024-08-31,Card,24.56,Paid
7611,7611,2024-09-19,Mobile Pay,7.30,Paid
7612,7612,2024-07-21,Card,35.90,Paid
7613,7613,2024-06-14,Card,19.82,Paid
7614,7614,2024-06-17,Cash,17.21,Paid
7615,7615,2024-04-19,Card,22.08,Paid
7616,7616,2024-12-15,Card,7.89,Paid
7617,7617,2024-07-18,Card,23.60,Refunded
7618,7618,2024-10-24,Mobile Pay,42.57,Paid
7619,7619,2024-10-16,Card,60.41,Refunded
7620,7620,2024-03-23,Card,16.16,Paid
7621,7621,2024-08-03,Mobile Pay,23.73,Refunded
7622,7622,2024-07-07,Card,55.18,Paid
7623,7623,2024-10-30,Card,49.43,Paid
7624,7624,2024-09-13,Cash,65.69,Refunded
7625,7625,2024-03-26,Cash,29.19,Paid
7626,7626,2024-03-26,Card,12.62,Refunded
7627,7627,2024-12-10,Mobile Pay,57.73,Paid
7628,7628,2024-01-29,Card,45.85,Paid
7629,7629,2024-05-24,Cash,17.10,Paid
7630,7630,2024-10-21,Mobile Pay,27.06,Paid
7631,7631,2024-10-22,Mobile Pay,44.38,Paid
7632,7632,2024-07-06,Mobile Pay,15.28,Paid
7633,7633,2024-09-12,Cash,18.39,Paid
7634,7634,2024-12-12,Mobile Pay,11.46,Paid
7635,7635,2024-08-27,Card,29.23,Refunded
7636,7636,2024-11-11,Mobile Pay,27.36,Paid
7637,7637,2024-11-10,Mobile Pay,57.28,Paid
7638,7638,2024-07-01,Cash,27.79,Paid
7639,7639,2024-08-27,Mobile Pay,14.81,Paid
7640,7640,2024-10-24,Cash,43.04,Refunded
7641,7641,2024-05-05,Card,28.01,Paid
7642,7642,2024-04-08,Card,15.82,Paid
7643,7643,2024-12-12,Mobile Pay,48.09,Paid
7644,7644,2024-04-23,Mobile Pay,24.50,Refunded
7645,7645,2024-07-30,Mobile Pay,16.19,Paid
7646,7646,2024-03-24,Cash,12.43,Paid
7647,7647,2024-03-15,Mobile Pay,11.55,Paid
7648,7648,2024-07-06,Card,13.26,Paid
7649,7649,2024-08-13,Card,8.85,Paid
7650,7650,2024-10-03,Card,16.24,Paid
7651,7651,2024-11-18,Card,40.33,Paid
7652,7652,2024-05-18,Card,25.26,Paid
7653,7653,2024-12-30,Cash,32.87,Paid
7654,7654,2024-04-04,Mobile Pay,16.33,Paid
7655,7655,2024-09-17,Cash,50.92,Paid
7656,7656,2024-05-18,Card,75.14,Paid
7657,7657,2024-01-27,Card,25.67,Paid
7658,7658,2024-10-08,Card,21.45,Refunded
7659,7659,2024-06-04,Mobile Pay,11.81,Paid
7660,7660,2024-09-29,Mobile Pay,13.10,Paid
7661,7661,2024-07-13,Cash,38.73,Paid
7662,7662,2024-05-06,Mobile Pay,9.23,Paid
7663,7663,2024-06-01,Card,13.34,Paid
7664,7664,2024-10-26,Card,55.12,Paid
7665,7665,2024-09-23,Mobile Pay,36.25,Paid
7666,7666,2024-09-28,Mobile Pay,8.61,Paid
7667,7667,2024-12-20,Card,30.59,Paid
7668,7668,2024-12-17,Mobile Pay,20.11,Paid
7669,7669,2024-01-29,Card,14.65,Paid
7670,7670,2024-06-20,Cash,68.77,Paid
7671,7671,2024-02-13,Cash,17.59,Paid
7672,7672,2024-09-07,Card,25.40,Refunded
7673,7673,2024-06-14,Cash,17.46,Paid
7674,7674,2024-08-05,Cash,44.97,Refunded
7675,7675,2024-12-19,Cash,28.77,Paid
7676,7676,2024-06-02,Card,9.21,Paid
7677,7677,2024-10-01,Cash,14.69,Refunded
7678,7678,2024-01-27,Mobile Pay,51.68,Paid
7679,7679,2024-11-26,Cash,14.93,Paid
7680,7680,2024-04-29,Cash,40.39,Refunded
7681,7681,2024-07-26,Cash,27.56,Refunded
7682,7682,2024-07-30,Cash,19.87,Paid
7683,7683,2024-05-22,Card,52.36,Refunded
7684,7684,2024-09-23,Mobile Pay,26.52,Paid
7685,7685,2024-04-11,Card,59.08,Paid
7686,7686,2024-02-12,Cash,21.20,Paid
7687,7687,2024-10-12,Mobile Pay,32.77,Paid
7688,7688,2024-10-11,Mobile Pay,10.19,Paid
7689,7689,2024-05-25,Mobile Pay,29.31,Paid
7690,7690,2024-03-13,Cash,31.61,Paid
7691,7691,2024-08-29,Card,14.69,Refunded
7692,7692,2024-08-12,Mobile Pay,19.42,Paid
7693,7693,2024-03-10,Mobile Pay,36.69,Paid
7694,7694,2024-06-26,Card,66.32,Paid
7695,7695,2024-07-26,Mobile Pay,19.92,Paid
7696,7696,2024-07-18,Card,22.43,Paid
7697,7697,2024-10-20,Cash,15.35,Paid
7698,7698,2024-03-23,Mobile Pay,20.97,Refunded
7699,7699,2024-04-09,Cash,89.97,Paid
7700,7700,2024-11-22,Mobile Pay,11.87,Paid
7701,7701,2024-12-24,Card,14.21,Paid
7702,7702,2024-11-13,Cash,28.96,Paid
7703,7703,2024-10-06,Cash,20.95,Refunded
7704,7704,2024-09-22,Card,19.96,Paid
7705,7705,2024-02-13,Card,15.65,Paid
7706,7706,2024-05-01,Mobile Pay,62.87,Paid
7707,7707,2024-08-25,Cash,9.34,Paid
7708,7708,2024-12-31,Mobile Pay,61.76,Paid
7709,7709,2024-12-08,Card,13.45,Paid
7710,7710,2024-04-05,Mobile Pay,14.76,Paid
7711,7711,2024-03-14,Cash,17.94,Paid
7712,7712,2024-04-12,Card,14.52,Refunded
7713,7713,2024-12-28,Cash,13.20,Paid
7714,7714,2024-01-25,Card,37.13,Paid
7715,7715,2024-04-06,Cash,14.95,Paid
7716,7716,2024-10-05,Card,18.14,Paid
7717,7717,2024-12-24,Mobile Pay,10.23,Paid
7718,7718,2024-12-19,Mobile Pay,33.48,Paid
7719,7719,2024-02-07,Mobile Pay,13.82,Paid
7720,7720,2024-09-01,Cash,12.98,Paid
7721,7721,2024-03-25,Mobile Pay,14.57,Paid
7722,7722,2024-01-12,Mobile Pay,11.55,Paid
7723,7723,2024-12-21,Card,11.86,Paid
7724,7724,2024-04-01,Cash,12.69,Paid
7725,7725,2024-01-09,Card,45.33,Paid
7726,7726,2024-09-15,Mobile Pay,15.10,Paid
7727,7727,2024-11-15,Mobile Pay,32.78,Paid
7728,7728,2024-01-10,Cash,18.48,Paid
7729,7729,2024-09-19,Cash,12.89,Paid
7730,7730,2024-10-19,Mobile Pay,20.56,Paid
7731,7731,2024-12-25,Mobile Pay,28.06,Paid
7732,7732,2024-06-15,Card,44.87,Refunded
7733,7733,2024-01-18,Cash,28.05,Paid
7734,7734,2024-11-17,Card,18.85,Paid
7735,7735,2024-05-27,Mobile Pay,51.00,Paid
7736,7736,2024-08-28,Cash,16.11,Paid
7737,7737,2024-06-25,Cash,47.23,Paid
7738,7738,2024-11-28,Mobile Pay,8.41,Paid
7739,7739,2024-06-04,Cash,33.15,Paid
7740,7740,2024-10-03,Card,30.89,Paid
7741,7741,2024-04-11,Mobile Pay,70.16,Paid
7742,7742,2024-02-23,Card,19.42,Paid
7743,7743,2024-02-01,Mobile Pay,12.94,Paid
7744,7744,2024-02-15,Mobile Pay,20.20,Refunded
7745,7745,2024-07-13,Card,32.89,Paid
7746,7746,2024-08-11,Mobile Pay,20.18,Refunded
7747,7747,2024-10-23,Mobile Pay,13.54,Paid
7748,7748,2024-08-04,Mobile Pay,42.63,Paid
7749,7749,2024-10-04,Cash,79.48,Paid
7750,7750,2024-06-19,Mobile Pay,12.13,Paid
7751,7751,2024-04-17,Cash,26.69,Paid
7752,7752,2024-04-27,Cash,10.24,Paid
7753,7753,2024-12-22,Mobile Pay,35.84,Paid
7754,7754,2024-05-14,Card,14.57,Paid
7755,7755,2024-12-13,Card,14.88,Paid
7756,7756,2024-10-08,Cash,28.26,Paid
7757,7757,2024-05-30,Card,34.88,Paid
7758,7758,2024-10-04,Mobile Pay,28.39,Paid
7759,7759,2024-08-13,Mobile Pay,48.04,Paid
7760,7760,2024-12-19,Mobile Pay,24.85,Paid
7761,7761,2024-03-05,Mobile Pay,26.30,Paid
7762,7762,2024-11-30,Card,10.47,Paid
7763,7763,2024-01-02,Card,21.29,Paid
7764,7764,2024-01-21,Cash,17.01,Paid
7765,7765,2024-03-01,Mobile Pay,11.94,Refunded
7766,7766,2024-09-12,Cash,24.52,Paid
7767,7767,2024-09-20,Card,13.19,Paid
7768,7768,2024-06-08,Card,27.96,Paid
7769,7769,2024-05-14,Mobile Pay,13.53,Paid
7770,7770,2024-09-21,Card,11.30,Refunded
7771,7771,2024-11-17,Cash,24.32,Paid
7772,7772,2024-03-25,Mobile Pay,16.09,Paid
7773,7773,2024-08-22,Card,9.30,Paid
7774,7774,2024-12-22,Cash,36.81,Paid
7775,7775,2024-03-28,Card,30.46,Refunded
7776,7776,2024-11-03,Cash,30.49,Paid
7777,7777,2024-05-28,Mobile Pay,37.31,Paid
7778,7778,2024-01-26,Cash,25.62,Paid
7779,7779,2024-06-29,Card,12.76,Refunded
7780,7780,2024-12-30,Card,9.94,Paid
7781,7781,2024-12-19,Card,8.50,Paid
7782,7782,2024-06-25,Mobile Pay,26.72,Paid
7783,7783,2024-11-05,Cash,45.48,Paid
7784,7784,2024-02-05,Cash,35.39,Paid
7785,7785,2024-06-18,Card,40.50,Paid
7786,7786,2024-10-18,Cash,18.31,Paid
7787,7787,2024-03-30,Cash,13.66,Paid
7788,7788,2024-02-26,Cash,47.73,Refunded
7789,7789,2024-10-06,Card,31.18,Paid
7790,7790,2024-10-30,Mobile Pay,20.54,Paid
7791,7791,2024-12-02,Cash,38.79,Paid
7792,7792,2024-05-17,Card,46.19,Paid
7793,7793,2024-08-26,Cash,31.49,Refunded
7794,7794,2024-10-19,Card,6.02,Refunded
7795,7795,2024-12-15,Cash,10.69,Paid
7796,7796,2024-07-09,Card,32.02,Paid
7797,7797,2024-03-01,Mobile Pay,9.43,Paid
7798,7798,2024-08-15,Mobile Pay,14.49,Paid
7799,7799,2024-10-31,Cash,19.26,Paid
7800,7800,2024-10-09,Mobile Pay,14.98,Paid
7801,7801,2024-10-18,Card,13.10,Paid
7802,7802,2024-09-21,Mobile Pay,13.45,Paid
7803,7803,2024-10-21,Mobile Pay,35.58,Paid
7804,7804,2024-05-09,Cash,21.36,Paid
7805,7805,2024-12-29,Cash,42.00,Paid
7806,7806,2024-03-08,Cash,16.37,Paid
7807,7807,2024-03-12,Card,21.16,Paid
7808,7808,2024-08-13,Cash,37.88,Paid
7809,7809,2024-12-30,Card,38.55,Paid
7810,7810,2024-06-26,Cash,19.69,Paid
7811,7811,2024-06-12,Mobile Pay,25.75,Paid
7812,7812,2024-11-04,Card,18.61,Paid
7813,7813,2024-08-27,Cash,24.42,Paid
7814,7814,2024-07-28,Cash,38.17,Paid
7815,7815,2024-08-13,Mobile Pay,13.69,Refunded
7816,7816,2024-02-12,Mobile Pay,14.17,Paid
7817,7817,2024-06-17,Card,16.83,Paid
7818,7818,2024-02-28,Card,15.78,Paid
7819,7819,2024-06-27,Card,33.05,Paid
7820,7820,2024-12-31,Card,31.05,Refunded
7821,7821,2024-10-07,Mobile Pay,29.13,Paid
7822,7822,2024-10-03,Card,18.67,Paid
7823,7823,2024-05-28,Card,30.09,Paid
7824,7824,2024-01-30,Mobile Pay,19.17,Paid
7825,7825,2024-05-17,Card,18.48,Refunded
7826,7826,2024-04-25,Card,64.10,Paid
7827,7827,2024-09-06,Cash,39.72,Paid
7828,7828,2024-11-07,Mobile Pay,42.38,Paid
7829,7829,2024-10-29,Card,18.74,Paid
7830,7830,2024-05-19,Cash,19.70,Paid
7831,7831,2024-11-28,Cash,43.33,Paid
7832,7832,2024-09-20,Cash,23.09,Refunded
7833,7833,2024-11-29,Cash,15.18,Paid
7834,7834,2024-09-14,Mobile Pay,25.78,Refunded
7835,7835,2024-07-06,Mobile Pay,12.33,Refunded
7836,7836,2024-01-06,Cash,21.91,Paid
7837,7837,2024-07-27,Card,19.08,Paid
7838,7838,2024-04-03,Card,78.76,Paid
7839,7839,2024-11-25,Card,28.23,Paid
7840,7840,2024-01-06,Cash,5.41,Refunded
7841,7841,2024-09-25,Mobile Pay,30.19,Refunded
7842,7842,2024-01-16,Mobile Pay,18.92,Refunded
7843,7843,2024-05-14,Card,15.02,Paid
7844,7844,2024-07-22,Card,17.37,Paid
7845,7845,2024-10-07,Card,8.83,Refunded
7846,7846,2024-11-26,Mobile Pay,26.00,Paid
7847,7847,2024-05-10,Mobile Pay,40.15,Paid
7848,7848,2024-02-18,Cash,27.14,Paid
7849,7849,2024-07-14,Card,12.42,Paid
7850,7850,2024-08-31,Cash,43.90,Refunded
7851,7851,2024-05-14,Card,31.20,Paid
7852,7852,2024-04-15,Card,14.29,Refunded
7853,7853,2024-09-30,Cash,15.87,Paid
7854,7854,2024-02-14,Mobile Pay,23.78,Paid
7855,7855,2024-08-05,Cash,14.75,Paid
7856,7856,2024-07-14,Cash,16.89,Paid
7857,7857,2024-05-30,Mobile Pay,73.43,Refunded
7858,7858,2024-06-01,Cash,31.06,Paid
7859,7859,2024-01-03,Card,19.28,Paid
7860,7860,2024-09-09,Card,20.05,Paid
7861,7861,2024-09-20,Mobile Pay,14.30,Paid
7862,7862,2024-10-29,Cash,37.16,Paid
7863,7863,2024-11-30,Card,12.23,Paid
7864,7864,2024-07-24,Cash,11.48,Paid
7865,7865,2024-08-11,Cash,24.46,Paid
7866,7866,2024-11-11,Mobile Pay,35.66,Paid
7867,7867,2024-05-19,Card,11.88,Paid
7868,7868,2024-08-19,Card,16.49,Refunded
7869,7869,2024-12-23,Mobile Pay,45.72,Paid
7870,7870,2024-10-02,Cash,22.30,Paid
7871,7871,2024-06-27,Card,33.71,Paid
7872,7872,2024-11-13,Card,26.65,Paid
7873,7873,2024-04-11,Cash,20.44,Paid
7874,7874,2024-10-10,Card,42.08,Paid
7875,7875,2024-06-28,Card,8.91,Refunded
7876,7876,2024-01-24,Cash,21.10,Refunded
7877,7877,2024-05-21,Card,50.66,Paid
7878,7878,2024-05-18,Cash,21.65,Paid
7879,7879,2024-06-16,Mobile Pay,29.75,Paid
7880,7880,2024-10-14,Mobile Pay,31.35,Paid
7881,7881,2024-02-26,Mobile Pay,27.36,Paid
7882,7882,2024-04-12,Mobile Pay,41.36,Paid
7883,7883,2024-02-14,Mobile Pay,19.22,Paid
7884,7884,2024-05-25,Card,11.24,Paid
7885,7885,2024-12-02,Cash,24.10,Paid
7886,7886,2024-05-13,Mobile Pay,18.80,Paid
7887,7887,2024-12-08,Mobile Pay,18.00,Paid
7888,7888,2024-05-16,Card,31.79,Paid
7889,7889,2024-12-09,Cash,14.41,Paid
7890,7890,2024-08-21,Card,37.26,Paid
7891,7891,2024-12-21,Cash,50.08,Paid
7892,7892,2024-04-12,Cash,7.04,Refunded
7893,7893,2024-07-12,Card,20.53,Paid
7894,7894,2024-02-27,Cash,29.10,Paid
7895,7895,2024-04-23,Cash,29.97,Refunded
7896,7896,2024-09-25,Mobile Pay,60.45,Paid
7897,7897,2024-03-01,Mobile Pay,23.82,Paid
7898,7898,2024-01-29,Card,42.40,Paid
7899,7899,2024-11-23,Cash,57.38,Paid
7900,7900,2024-10-11,Card,30.50,Paid
7901,7901,2024-08-03,Card,29.33,Paid
7902,7902,2024-01-02,Cash,16.40,Refunded
7903,7903,2024-03-14,Cash,34.14,Paid
7904,7904,2024-10-05,Mobile Pay,19.99,Paid
7905,7905,2024-12-10,Card,7.11,Refunded
7906,7906,2024-07-10,Mobile Pay,33.35,Paid
7907,7907,2024-10-20,Cash,28.19,Paid
7908,7908,2024-05-28,Cash,38.73,Paid
7909,7909,2024-04-15,Card,19.95,Paid
7910,7910,2024-03-13,Cash,16.93,Refunded
7911,7911,2024-11-28,Mobile Pay,29.98,Paid
7912,7912,2024-04-29,Cash,21.56,Paid
7913,7913,2024-12-11,Cash,50.72,Paid
7914,7914,2024-01-24,Cash,17.29,Paid
7915,7915,2024-09-27,Cash,28.41,Paid
7916,7916,2024-09-20,Card,25.54,Paid
7917,7917,2024-03-25,Cash,17.55,Refunded
7918,7918,2024-06-06,Card,28.37,Paid
7919,7919,2024-04-12,Cash,23.98,Paid
7920,7920,2024-09-10,Cash,33.66,Paid
7921,7921,2024-12-22,Cash,30.76,Paid
7922,7922,2024-04-25,Cash,18.27,Paid
7923,7923,2024-10-21,Mobile Pay,39.24,Paid
7924,7924,2024-01-10,Mobile Pay,23.89,Paid
7925,7925,2024-06-15,Mobile Pay,33.90,Refunded
7926,7926,2024-05-11,Cash,99.44,Paid
7927,7927,2024-11-10,Mobile Pay,31.12,Paid
7928,7928,2024-02-10,Card,17.84,Refunded
7929,7929,2024-11-08,Card,16.93,Paid
7930,7930,2024-09-24,Cash,20.92,Paid
7931,7931,2024-10-16,Cash,24.78,Paid
7932,7932,2024-10-02,Mobile Pay,25.04,Paid
7933,7933,2024-08-07,Cash,20.51,Paid
7934,7934,2024-09-29,Mobile Pay,82.66,Paid
7935,7935,2024-12-17,Mobile Pay,19.23,Paid
7936,7936,2024-06-13,Card,10.68,Paid
7937,7937,2024-07-11,Cash,51.07,Refunded
7938,7938,2024-11-18,Cash,87.58,Paid
7939,7939,2024-10-14,Mobile Pay,51.17,Refunded
7940,7940,2024-09-10,Cash,25.59,Paid
7941,7941,2024-08-20,Card,15.22,Refunded
7942,7942,2024-04-27,Card,22.06,Paid
7943,7943,2024-03-01,Mobile Pay,26.70,Refunded
7944,7944,2024-12-29,Card,52.50,Paid
7945,7945,2024-11-05,Mobile Pay,7.74,Paid
7946,7946,2024-10-22,Mobile Pay,15.55,Paid
7947,7947,2024-08-10,Cash,16.80,Paid
7948,7948,2024-10-27,Cash,91.31,Paid
7949,7949,2024-09-24,Mobile Pay,38.96,Paid
7950,7950,2024-09-20,Cash,25.00,Paid
7951,7951,2024-04-26,Cash,26.36,Paid
7952,7952,2024-12-04,Mobile Pay,37.29,Paid
7953,7953,2024-03-08,Cash,22.55,Paid
7954,7954,2024-07-14,Card,62.53,Refunded
7955,7955,2024-10-12,Mobile Pay,21.92,Paid
7956,7956,2024-02-08,Cash,44.07,Paid
7957,7957,2024-08-09,Mobile Pay,26.04,Paid
7958,7958,2024-02-11,Mobile Pay,28.17,Paid
7959,7959,2024-06-15,Mobile Pay,16.31,Paid
7960,7960,2024-09-10,Cash,19.30,Paid
7961,7961,2024-04-24,Card,9.09,Paid
7962,7962,2024-12-21,Card,9.94,Paid
7963,7963,2025-01-02,Cash,38.31,Paid
7964,7964,2024-12-03,Mobile Pay,30.66,Paid
7965,7965,2024-11-26,Cash,30.03,Paid
7966,7966,2024-09-09,Card,15.88,Paid
7967,7967,2024-04-16,Mobile Pay,40.35,Paid
7968,7968,2024-11-26,Card,11.06,Paid
7969,7969,2024-09-07,Mobile Pay,49.62,Paid
7970,7970,2024-03-25,Mobile Pay,8.82,Refunded
7971,7971,2024-02-10,Cash,103.75,Paid
7972,7972,2024-03-14,Cash,7.91,Paid
7973,7973,2024-11-13,Mobile Pay,18.39,Paid
7974,7974,2024-01-06,Mobile Pay,32.79,Refunded
7975,7975,2024-04-02,Card,14.98,Refunded
7976,7976,2024-11-23,Card,40.16,Paid
7977,7977,2024-12-27,Card,56.54,Paid
7978,7978,2024-08-08,Mobile Pay,44.95,Paid
7979,7979,2024-03-18,Card,33.82,Paid
7980,7980,2024-05-29,Card,69.12,Paid
7981,7981,2024-06-09,Card,26.40,Paid
7982,7982,2024-05-17,Card,41.06,Refunded
7983,7983,2024-12-16,Card,24.36,Paid
7984,7984,2024-03-17,Cash,18.44,Paid
7985,7985,2024-12-22,Cash,15.50,Paid
7986,7986,2024-12-27,Cash,21.06,Paid
7987,7987,2024-11-02,Mobile Pay,9.83,Paid
7988,7988,2024-08-10,Mobile Pay,18.68,Paid
7989,7989,2024-01-06,Card,55.01,Paid
7990,7990,2024-11-15,Cash,24.91,Paid
7991,7991,2024-09-23,Cash,33.98,Paid
7992,7992,2024-09-28,Card,24.97,Paid
7993,7993,2024-11-02,Cash,22.28,Paid
7994,7994,2024-03-12,Card,33.62,Paid
7995,7995,2024-06-20,Cash,26.90,Refunded
7996,7996,2024-03-07,Mobile Pay,10.49,Paid
7997,7997,2024-09-18,Cash,18.00,Paid
7998,7998,2024-07-06,Card,10.54,Paid
7999,7999,2024-07-30,Cash,31.59,Refunded
8000,8000,2024-07-15,Mobile Pay,19.22,Paid
8001,8001,2024-10-11,Cash,31.96,Paid
8002,8002,2024-12-29,Cash,22.72,Paid
8003,8003,2024-05-28,Cash,89.75,Paid
8004,8004,2024-10-26,Card,50.73,Paid
8005,8005,2024-05-23,Cash,24.46,Paid
8006,8006,2024-01-10,Card,25.90,Paid
8007,8007,2024-06-27,Card,31.12,Paid
8008,8008,2024-01-21,Cash,41.17,Paid
8009,8009,2024-12-03,Cash,88.00,Paid
8010,8010,2024-04-02,Mobile Pay,15.18,Refunded
8011,8011,2024-06-02,Mobile Pay,57.47,Paid
8012,8012,2024-01-14,Card,20.04,Paid
8013,8013,2024-07-04,Mobile Pay,24.84,Paid
8014,8014,2024-08-21,Card,43.57,Refunded
8015,8015,2024-09-01,Cash,7.82,Paid
8016,8016,2024-04-29,Mobile Pay,24.89,Paid
8017,8017,2024-09-15,Card,8.93,Paid
8018,8018,2024-06-20,Mobile Pay,25.89,Paid
8019,8019,2024-03-09,Card,76.70,Paid
8020,8020,2024-01-15,Mobile Pay,26.39,Paid
8021,8021,2024-04-10,Card,27.72,Paid
8022,8022,2024-04-16,Cash,8.66,Paid
8023,8023,2024-08-30,Cash,45.20,Paid
8024,8024,2024-06-19,Cash,13.02,Paid
8025,8025,2024-06-29,Card,17.99,Refunded
8026,8026,2024-06-24,Mobile Pay,26.79,Paid
8027,8027,2024-03-30,Cash,65.94,Refunded
8028,8028,2024-12-07,Mobile Pay,7.82,Paid
8029,8029,2024-07-20,Card,8.00,Refunded
8030,8030,2024-03-02,Cash,24.98,Refunded
8031,8031,2024-04-03,Card,14.22,Paid
8032,8032,2024-11-29,Mobile Pay,36.04,Paid
8033,8033,2024-01-08,Card,10.85,Paid
8034,8034,2024-06-19,Cash,27.70,Paid
8035,8035,2024-09-14,Mobile Pay,10.35,Paid
8036,8036,2024-09-20,Card,29.22,Paid
8037,8037,2024-08-31,Mobile Pay,54.56,Paid
8038,8038,2024-01-06,Mobile Pay,19.04,Refunded
8039,8039,2024-05-19,Cash,30.60,Paid
8040,8040,2024-07-02,Cash,27.46,Paid
8041,8041,2024-06-29,Cash,25.51,Paid
8042,8042,2024-04-20,Card,15.17,Paid
8043,8043,2024-03-15,Card,33.33,Refunded
8044,8044,2024-05-08,Mobile Pay,9.91,Paid
8045,8045,2024-12-29,Mobile Pay,14.47,Refunded
8046,8046,2024-09-12,Mobile Pay,19.80,Paid
8047,8047,2024-02-29,Mobile Pay,37.80,Paid
8048,8048,2024-08-31,Mobile Pay,28.57,Paid
8049,8049,2024-05-30,Cash,12.27,Paid
8050,8050,2024-06-01,Mobile Pay,24.90,Refunded
8051,8051,2024-04-20,Mobile Pay,11.59,Refunded
8052,8052,2024-07-22,Card,14.26,Paid
8053,8053,2024-11-15,Card,20.87,Refunded
8054,8054,2024-08-12,Cash,30.46,Paid
8055,8055,2024-10-07,Mobile Pay,15.37,Paid
8056,8056,2024-09-05,Mobile Pay,49.52,Paid
8057,8057,2024-04-10,Mobile Pay,21.65,Paid
8058,8058,2024-09-04,Mobile Pay,13.01,Paid
8059,8059,2024-07-12,Cash,23.60,Paid
8060,8060,2024-01-31,Cash,38.99,Paid
8061,8061,2024-09-28,Card,48.03,Refunded
8062,8062,2024-11-07,Mobile Pay,34.66,Refunded
8063,8063,2024-06-11,Cash,23.02,Paid
8064,8064,2024-05-29,Mobile Pay,60.63,Refunded
8065,8065,2024-02-27,Mobile Pay,30.93,Paid
8066,8066,2024-12-04,Card,18.78,Refunded
8067,8067,2024-03-15,Cash,26.50,Paid
8068,8068,2024-11-08,Mobile Pay,9.13,Paid
8069,8069,2024-10-30,Cash,12.26,Paid
8070,8070,2024-01-23,Cash,8.55,Refunded
8071,8071,2024-03-25,Mobile Pay,12.64,Paid
8072,8072,2024-07-07,Card,24.67,Paid
8073,8073,2024-06-10,Card,13.08,Paid
8074,8074,2024-02-16,Card,24.24,Paid
8075,8075,2024-10-14,Cash,17.82,Paid
8076,8076,2024-03-11,Cash,7.54,Paid
8077,8077,2024-04-05,Cash,21.02,Paid
8078,8078,2024-06-02,Mobile Pay,40.19,Paid
8079,8079,2024-02-28,Card,22.44,Paid
8080,8080,2024-04-19,Cash,43.21,Paid
8081,8081,2024-09-24,Card,40.22,Paid
8082,8082,2024-02-29,Card,19.76,Paid
8083,8083,2024-01-07,Mobile Pay,27.48,Paid
8084,8084,2024-11-03,Mobile Pay,31.74,Refunded
8085,8085,2024-03-06,Card,11.71,Refunded
8086,8086,2024-10-20,Card,33.36,Paid
8087,8087,2024-11-23,Mobile Pay,23.65,Refunded
8088,8088,2024-08-30,Cash,23.16,Paid
8089,8089,2024-04-26,Mobile Pay,15.59,Refunded
8090,8090,2024-01-17,Mobile Pay,40.17,Paid
8091,8091,2024-12-23,Card,5.79,Paid
8092,8092,2024-10-06,Mobile Pay,18.08,Paid
8093,8093,2024-02-19,Cash,38.34,Paid
8094,8094,2024-12-10,Cash,35.28,Refunded
8095,8095,2024-11-29,Mobile Pay,35.62,Paid
8096,8096,2024-12-01,Mobile Pay,23.94,Paid
8097,8097,2024-10-01,Mobile Pay,25.44,Paid
8098,8098,2024-10-13,Mobile Pay,50.14,Refunded
8099,8099,2024-09-26,Card,43.70,Paid
8100,8100,2024-01-07,Mobile Pay,55.16,Refunded
8101,8101,2024-06-20,Mobile Pay,8.16,Paid
8102,8102,2024-08-19,Card,44.50,Paid
8103,8103,2024-12-28,Card,78.61,Paid
8104,8104,2024-08-21,Card,17.10,Paid
8105,8105,2024-05-03,Cash,45.78,Paid
8106,8106,2024-06-24,Cash,22.46,Paid
8107,8107,2024-01-23,Mobile Pay,30.62,Refunded
8108,8108,2024-08-06,Cash,22.55,Refunded
8109,8109,2024-04-11,Mobile Pay,16.92,Refunded
8110,8110,2024-08-08,Card,71.26,Paid
8111,8111,2024-02-24,Card,27.70,Paid
8112,8112,2024-11-25,Card,17.30,Paid
8113,8113,2024-12-09,Mobile Pay,18.73,Paid
8114,8114,2024-09-02,Cash,53.95,Refunded
8115,8115,2024-01-26,Card,23.81,Paid
8116,8116,2024-12-03,Card,43.80,Paid
8117,8117,2024-06-08,Cash,30.59,Paid
8118,8118,2024-10-14,Mobile Pay,12.65,Paid
8119,8119,2024-02-19,Card,11.77,Paid
8120,8120,2024-02-29,Card,48.11,Paid
8121,8121,2024-07-14,Cash,34.43,Paid
8122,8122,2024-02-23,Mobile Pay,11.27,Paid
8123,8123,2024-02-29,Card,23.50,Paid
8124,8124,2024-03-13,Cash,10.41,Refunded
8125,8125,2024-08-03,Mobile Pay,29.86,Paid
8126,8126,2024-09-25,Mobile Pay,40.45,Refunded
8127,8127,2024-05-26,Mobile Pay,18.42,Refunded
8128,8128,2024-09-05,Mobile Pay,63.34,Paid
8129,8129,2024-01-29,Mobile Pay,54.37,Refunded
8130,8130,2024-03-30,Card,27.18,Refunded
8131,8131,2024-05-19,Cash,32.02,Refunded
8132,8132,2024-10-06,Cash,18.59,Paid
8133,8133,2024-09-23,Mobile Pay,30.76,Paid
8134,8134,2024-01-08,Mobile Pay,26.62,Refunded
8135,8135,2024-01-16,Card,11.96,Paid
8136,8136,2024-11-03,Cash,13.95,Refunded
8137,8137,2024-03-12,Cash,44.72,Paid
8138,8138,2024-12-12,Cash,34.63,Paid
8139,8139,2024-01-05,Card,16.29,Paid
8140,8140,2024-06-16,Card,17.79,Paid
8141,8141,2024-12-28,Card,22.62,Paid
8142,8142,2024-04-16,Cash,57.29,Paid
8143,8143,2024-03-10,Card,28.11,Paid
8144,8144,2024-04-05,Mobile Pay,27.11,Paid
8145,8145,2024-05-21,Mobile Pay,30.08,Paid
8146,8146,2024-05-21,Cash,17.94,Paid
8147,8147,2024-10-17,Card,23.06,Paid
8148,8148,2024-12-02,Mobile Pay,16.55,Paid
8149,8149,2024-04-20,Mobile Pay,48.31,Paid
8150,8150,2024-04-11,Card,26.58,Refunded
8151,8151,2024-03-06,Mobile Pay,43.17,Paid
8152,8152,2024-05-26,Mobile Pay,11.57,Paid
8153,8153,2024-07-04,Card,10.61,Paid
8154,8154,2024-12-22,Cash,12.74,Paid
8155,8155,2024-06-03,Card,20.17,Paid
8156,8156,2024-07-05,Mobile Pay,10.12,Paid
8157,8157,2024-10-04,Mobile Pay,34.91,Paid
8158,8158,2024-12-29,Mobile Pay,15.56,Paid
8159,8159,2024-08-23,Card,27.50,Paid
8160,8160,2024-06-05,Card,29.02,Paid
8161,8161,2024-03-19,Card,17.28,Paid
8162,8162,2024-04-20,Card,33.81,Paid
8163,8163,2024-07-05,Cash,34.18,Paid
8164,8164,2024-07-09,Mobile Pay,52.54,Refunded
8165,8165,2024-07-25,Cash,23.96,Refunded
8166,8166,2024-12-30,Card,31.23,Paid
8167,8167,2024-02-23,Cash,30.33,Paid
8168,8168,2024-04-02,Cash,16.48,Paid
8169,8169,2024-04-15,Mobile Pay,47.43,Refunded
8170,8170,2024-01-20,Mobile Pay,45.00,Paid
8171,8171,2024-01-04,Mobile Pay,10.61,Paid
8172,8172,2024-07-22,Cash,10.39,Paid
8173,8173,2024-07-12,Card,19.00,Paid
8174,8174,2024-10-23,Card,26.16,Refunded
8175,8175,2024-02-25,Mobile Pay,69.72,Paid
8176,8176,2024-10-14,Card,10.21,Paid
8177,8177,2024-12-04,Cash,13.63,Paid
8178,8178,2024-08-16,Card,15.55,Paid
8179,8179,2024-10-23,Cash,23.98,Refunded
8180,8180,2024-04-09,Mobile Pay,30.55,Refunded
8181,8181,2024-01-11,Card,35.63,Paid
8182,8182,2024-06-22,Mobile Pay,65.48,Paid
8183,8183,2024-05-10,Card,12.44,Paid
8184,8184,2024-04-18,Mobile Pay,15.88,Paid
8185,8185,2024-04-04,Cash,43.28,Refunded
8186,8186,2024-12-15,Mobile Pay,65.47,Paid
8187,8187,2024-06-11,Cash,8.71,Paid
8188,8188,2024-04-05,Cash,26.90,Paid
8189,8189,2024-06-12,Card,24.86,Refunded
8190,8190,2024-09-19,Mobile Pay,16.60,Paid
8191,8191,2024-07-23,Cash,19.71,Paid
8192,8192,2024-12-28,Card,31.89,Paid
8193,8193,2024-03-31,Card,25.53,Paid
8194,8194,2024-12-19,Card,15.14,Refunded
8195,8195,2024-01-20,Card,31.22,Paid
8196,8196,2024-05-23,Mobile Pay,16.18,Paid
8197,8197,2024-06-09,Card,46.19,Refunded
8198,8198,2024-11-11,Card,11.04,Paid
8199,8199,2024-12-05,Cash,39.14,Paid
8200,8200,2024-01-14,Cash,30.39,Paid
8201,8201,2024-02-01,Mobile Pay,18.96,Refunded
8202,8202,2024-04-07,Mobile Pay,18.50,Paid
8203,8203,2024-07-30,Card,51.56,Paid
8204,8204,2024-04-27,Card,17.00,Refunded
8205,8205,2024-06-23,Cash,15.11,Paid
8206,8206,2024-10-31,Card,31.31,Refunded
8207,8207,2024-06-01,Mobile Pay,32.60,Paid
8208,8208,2024-02-19,Card,15.93,Paid
8209,8209,2024-02-01,Cash,13.68,Paid
8210,8210,2024-07-21,Mobile Pay,27.60,Paid
8211,8211,2024-11-29,Mobile Pay,26.28,Paid
8212,8212,2024-03-17,Cash,34.68,Paid
8213,8213,2024-09-17,Cash,42.05,Paid
8214,8214,2024-07-27,Mobile Pay,21.26,Paid
8215,8215,2024-12-18,Card,46.23,Refunded
8216,8216,2024-12-06,Mobile Pay,15.97,Paid
8217,8217,2024-08-28,Mobile Pay,61.71,Paid
8218,8218,2024-02-03,Mobile Pay,56.60,Paid
8219,8219,2024-09-01,Cash,17.94,Paid
8220,8220,2024-03-18,Cash,19.97,Paid
8221,8221,2024-10-31,Mobile Pay,27.17,Paid
8222,8222,2024-08-07,Cash,36.22,Paid
8223,8223,2024-07-16,Cash,28.66,Paid
8224,8224,2024-09-11,Mobile Pay,15.07,Paid
8225,8225,2024-07-09,Mobile Pay,30.56,Paid
8226,8226,2024-04-25,Mobile Pay,44.88,Paid
8227,8227,2024-08-29,Mobile Pay,53.15,Paid
8228,8228,2024-02-04,Mobile Pay,34.43,Paid
8229,8229,2024-02-08,Cash,23.77,Paid
8230,8230,2024-06-06,Mobile Pay,29.85,Paid
8231,8231,2024-08-19,Cash,13.75,Paid
8232,8232,2024-04-17,Cash,38.73,Paid
8233,8233,2024-01-21,Cash,17.93,Paid
8234,8234,2024-10-13,Cash,29.82,Paid
8235,8235,2024-06-25,Mobile Pay,30.03,Paid
8236,8236,2024-12-03,Card,41.41,Refunded
8237,8237,2024-09-03,Mobile Pay,27.40,Paid
8238,8238,2024-12-05,Mobile Pay,26.70,Paid
8239,8239,2024-07-16,Cash,19.08,Paid
8240,8240,2024-07-13,Cash,33.30,Paid
8241,8241,2024-11-05,Mobile Pay,6.42,Paid
8242,8242,2024-09-26,Mobile Pay,36.14,Paid
8243,8243,2024-12-31,Cash,10.91,Paid
8244,8244,2024-04-10,Mobile Pay,14.90,Refunded
8245,8245,2024-01-29,Card,12.11,Paid
8246,8246,2024-07-29,Cash,33.23,Paid
8247,8247,2024-05-06,Cash,47.03,Paid
8248,8248,2024-12-18,Cash,17.66,Paid
8249,8249,2024-06-14,Card,29.79,Paid
8250,8250,2024-12-29,Cash,16.13,Paid
8251,8251,2024-05-17,Mobile Pay,34.22,Paid
8252,8252,2024-01-21,Mobile Pay,17.75,Paid
8253,8253,2024-11-15,Cash,13.38,Paid
8254,8254,2024-06-21,Mobile Pay,32.76,Paid
8255,8255,2024-03-27,Cash,33.82,Refunded
8256,8256,2024-08-09,Card,58.72,Paid
8257,8257,2024-03-17,Cash,16.88,Paid
8258,8258,2024-07-07,Card,41.05,Paid
8259,8259,2024-02-11,Mobile Pay,29.11,Paid
8260,8260,2024-12-30,Cash,23.21,Paid
8261,8261,2024-05-23,Card,20.95,Paid
8262,8262,2024-01-19,Mobile Pay,13.42,Paid
8263,8263,2024-05-13,Card,18.40,Refunded
8264,8264,2024-08-13,Cash,20.12,Paid
8265,8265,2024-11-22,Mobile Pay,15.60,Paid
8266,8266,2024-10-01,Card,43.57,Refunded
8267,8267,2024-11-21,Card,82.64,Paid
8268,8268,2024-04-23,Cash,14.47,Paid
8269,8269,2024-07-25,Mobile Pay,56.72,Paid
8270,8270,2024-09-26,Card,73.03,Refunded
8271,8271,2024-08-31,Mobile Pay,30.56,Paid
8272,8272,2024-04-09,Cash,23.47,Paid
8273,8273,2024-09-07,Mobile Pay,41.24,Paid
8274,8274,2024-07-19,Cash,17.34,Paid
8275,8275,2024-06-27,Cash,34.88,Paid
8276,8276,2024-10-04,Cash,58.57,Paid
8277,8277,2024-06-04,Card,24.75,Paid
8278,8278,2024-09-23,Mobile Pay,38.12,Paid
8279,8279,2024-10-02,Card,31.04,Paid
8280,8280,2024-03-16,Cash,27.08,Refunded
8281,8281,2024-08-31,Cash,50.10,Refunded
8282,8282,2024-03-02,Card,32.50,Paid
8283,8283,2024-06-23,Cash,21.90,Refunded
8284,8284,2024-11-20,Cash,5.50,Paid
8285,8285,2024-07-31,Card,21.14,Paid
8286,8286,2024-10-07,Mobile Pay,9.11,Paid
8287,8287,2024-10-23,Cash,21.72,Paid
8288,8288,2024-12-04,Mobile Pay,15.61,Paid
8289,8289,2024-12-24,Cash,8.63,Paid
8290,8290,2024-06-10,Cash,25.59,Paid
8291,8291,2024-05-26,Card,28.22,Refunded
8292,8292,2024-09-08,Card,19.35,Paid
8293,8293,2024-07-27,Card,38.77,Paid
8294,8294,2024-07-01,Card,32.58,Paid
8295,8295,2024-08-29,Mobile Pay,10.71,Refunded
8296,8296,2024-11-12,Cash,23.55,Paid
8297,8297,2024-01-14,Cash,7.34,Paid
8298,8298,2024-08-22,Card,22.12,Paid
8299,8299,2024-03-31,Cash,14.18,Paid
8300,8300,2024-07-26,Cash,11.42,Paid
8301,8301,2024-08-08,Cash,19.80,Paid
8302,8302,2024-11-29,Mobile Pay,16.79,Paid
8303,8303,2024-04-03,Cash,12.74,Refunded
8304,8304,2024-03-26,Mobile Pay,38.09,Refunded
8305,8305,2024-04-19,Cash,11.48,Paid
8306,8306,2024-07-29,Card,20.14,Paid
8307,8307,2024-03-28,Cash,39.16,Paid
8308,8308,2024-05-09,Card,74.00,Paid
8309,8309,2024-05-17,Card,20.87,Paid
8310,8310,2024-07-16,Card,26.91,Paid
8311,8311,2024-09-07,Card,13.74,Paid
8312,8312,2024-01-02,Mobile Pay,27.20,Paid
8313,8313,2024-03-10,Cash,77.18,Paid
8314,8314,2024-09-10,Card,25.54,Refunded
8315,8315,2024-11-09,Card,23.05,Paid
8316,8316,2024-06-21,Mobile Pay,22.65,Paid
8317,8317,2024-05-02,Cash,33.44,Paid
8318,8318,2024-01-03,Mobile Pay,36.53,Paid
8319,8319,2024-10-15,Card,15.07,Refunded
8320,8320,2024-03-23,Mobile Pay,21.04,Paid
8321,8321,2024-06-02,Cash,18.78,Refunded
8322,8322,2024-11-22,Card,30.56,Refunded
8323,8323,2024-04-11,Cash,23.78,Paid
8324,8324,2024-11-01,Card,15.75,Refunded
8325,8325,2024-03-05,Cash,25.86,Paid
8326,8326,2024-03-30,Card,10.36,Paid
8327,8327,2024-11-10,Card,34.58,Paid
8328,8328,2024-07-10,Card,21.50,Refunded
8329,8329,2024-01-07,Mobile Pay,11.91,Paid
8330,8330,2024-08-14,Cash,19.54,Refunded
8331,8331,2024-02-17,Cash,8.48,Paid
8332,8332,2024-12-10,Card,10.99,Paid
8333,8333,2024-02-08,Cash,10.86,Paid
8334,8334,2024-01-21,Card,25.54,Paid
8335,8335,2024-05-26,Mobile Pay,28.25,Paid
8336,8336,2024-09-28,Cash,39.86,Paid
8337,8337,2024-07-04,Mobile Pay,20.08,Paid
8338,8338,2024-03-10,Card,14.17,Paid
8339,8339,2024-02-24,Cash,16.92,Refunded
8340,8340,2024-06-14,Cash,53.97,Paid
8341,8341,2024-11-02,Mobile Pay,29.30,Refunded
8342,8342,2024-05-14,Mobile Pay,33.38,Paid
8343,8343,2024-06-18,Card,12.29,Refunded
8344,8344,2024-04-22,Cash,17.31,Paid
8345,8345,2024-09-28,Mobile Pay,24.85,Paid
8346,8346,2024-04-17,Card,41.14,Refunded
8347,8347,2024-01-08,Cash,15.35,Paid
8348,8348,2024-01-13,Card,30.64,Paid
8349,8349,2024-02-27,Cash,73.92,Paid
8350,8350,2024-06-11,Cash,25.59,Paid
8351,8351,2024-11-22,Card,20.36,Paid
8352,8352,2024-04-03,Card,24.94,Refunded
8353,8353,2024-04-14,Mobile Pay,28.82,Paid
8354,8354,2024-04-26,Cash,9.91,Paid
8355,8355,2024-12-30,Mobile Pay,25.39,Paid
8356,8356,2024-02-27,Mobile Pay,11.26,Paid
8357,8357,2024-11-16,Mobile Pay,19.21,Paid
8358,8358,2024-05-20,Card,13.84,Paid
8359,8359,2024-10-20,Card,38.26,Paid
8360,8360,2024-07-23,Mobile Pay,20.47,Refunded
8361,8361,2024-09-20,Card,22.86,Paid
8362,8362,2024-06-10,Cash,34.83,Paid
8363,8363,2024-12-15,Card,35.86,Paid
8364,8364,2024-01-16,Mobile Pay,48.60,Paid
8365,8365,2024-03-10,Card,34.80,Paid
8366,8366,2024-04-13,Cash,14.32,Paid
8367,8367,2024-03-04,Cash,13.06,Refunded
8368,8368,2024-11-18,Cash,31.95,Paid
8369,8369,2024-07-10,Mobile Pay,36.40,Paid
8370,8370,2024-05-14,Cash,30.89,Paid
8371,8371,2024-03-14,Cash,9.98,Paid
8372,8372,2024-05-21,Card,26.13,Paid
8373,8373,2024-04-26,Card,17.01,Paid
8374,8374,2024-07-31,Cash,31.29,Paid
8375,8375,2024-10-26,Mobile Pay,27.75,Refunded
8376,8376,2024-12-21,Mobile Pay,25.61,Paid
8377,8377,2024-12-08,Mobile Pay,16.20,Paid
8378,8378,2024-10-30,Mobile Pay,55.35,Refunded
8379,8379,2024-05-03,Mobile Pay,12.84,Paid
8380,8380,2024-12-29,Card,31.06,Paid
8381,8381,2024-06-14,Card,58.99,Paid
8382,8382,2024-10-29,Card,8.03,Paid
8383,8383,2024-10-05,Mobile Pay,35.67,Paid
8384,8384,2024-10-06,Card,27.53,Refunded
8385,8385,2024-12-04,Card,24.57,Paid
8386,8386,2024-09-12,Mobile Pay,28.58,Paid
8387,8387,2024-01-27,Mobile Pay,34.69,Refunded
8388,8388,2024-06-15,Cash,14.07,Paid
8389,8389,2024-10-22,Card,17.59,Paid
8390,8390,2024-02-11,Mobile Pay,13.86,Paid
8391,8391,2024-02-10,Mobile Pay,10.54,Paid
8392,8392,2024-07-02,Mobile Pay,11.49,Paid
8393,8393,2024-07-22,Mobile Pay,16.83,Refunded
8394,8394,2024-06-10,Cash,23.77,Paid
8395,8395,2024-05-01,Mobile Pay,21.08,Paid
8396,8396,2024-12-05,Mobile Pay,65.25,Paid
8397,8397,2024-06-21,Cash,34.94,Paid
8398,8398,2024-06-07,Cash,23.40,Paid
8399,8399,2024-06-29,Mobile Pay,20.91,Paid
8400,8400,2024-10-08,Card,10.90,Paid
8401,8401,2024-02-06,Card,17.96,Paid
8402,8402,2024-10-13,Card,18.13,Paid
8403,8403,2024-02-13,Cash,59.70,Refunded
8404,8404,2024-12-29,Card,23.79,Paid
8405,8405,2024-07-19,Card,14.91,Paid
8406,8406,2024-03-09,Mobile Pay,20.20,Paid
8407,8407,2024-06-27,Card,20.02,Paid
8408,8408,2024-01-26,Cash,28.19,Refunded
8409,8409,2024-10-10,Cash,38.97,Paid
8410,8410,2024-02-02,Mobile Pay,56.40,Refunded
8411,8411,2024-04-27,Card,19.94,Paid
8412,8412,2024-08-07,Cash,22.00,Paid
8413,8413,2024-11-04,Mobile Pay,16.88,Paid
8414,8414,2024-04-12,Cash,15.00,Paid
8415,8415,2024-12-21,Card,17.79,Paid
8416,8416,2024-05-27,Cash,29.87,Paid
8417,8417,2024-07-18,Card,17.09,Paid
8418,8418,2024-08-21,Cash,28.18,Paid
8419,8419,2024-06-11,Card,28.06,Refunded
8420,8420,2024-11-06,Card,71.58,Paid
8421,8421,2024-01-15,Mobile Pay,16.70,Paid
8422,8422,2024-02-03,Card,18.34,Refunded
8423,8423,2024-05-25,Mobile Pay,21.21,Paid
8424,8424,2024-04-24,Cash,25.30,Paid
8425,8425,2024-06-13,Mobile Pay,57.75,Paid
8426,8426,2024-02-29,Card,44.04,Paid
8427,8427,2024-04-24,Mobile Pay,31.51,Paid
8428,8428,2024-12-01,Cash,15.14,Paid
8429,8429,2024-04-06,Card,20.70,Paid
8430,8430,2024-09-09,Card,22.56,Paid
8431,8431,2024-01-03,Mobile Pay,10.32,Paid
8432,8432,2024-02-10,Card,40.84,Paid
8433,8433,2024-06-08,Mobile Pay,20.77,Paid
8434,8434,2024-02-15,Cash,26.92,Paid
8435,8435,2024-06-03,Card,35.40,Paid
8436,8436,2024-06-26,Cash,24.04,Paid
8437,8437,2024-07-29,Card,21.31,Paid
8438,8438,2024-09-20,Cash,23.66,Paid
8439,8439,2024-03-23,Cash,47.58,Paid
8440,8440,2024-10-05,Cash,20.38,Paid
8441,8441,2024-08-24,Mobile Pay,12.42,Paid
8442,8442,2024-08-10,Card,19.46,Refunded
8443,8443,2024-06-09,Card,33.72,Paid
8444,8444,2024-06-30,Mobile Pay,60.86,Paid
8445,8445,2024-03-31,Card,49.64,Refunded
8446,8446,2024-07-30,Card,22.24,Paid
8447,8447,2024-02-09,Cash,21.88,Paid
8448,8448,2024-03-01,Mobile Pay,17.84,Paid
8449,8449,2024-08-25,Card,14.03,Paid
8450,8450,2024-11-11,Mobile Pay,25.68,Paid
8451,8451,2024-12-08,Card,74.83,Paid
8452,8452,2024-07-05,Card,75.12,Paid
8453,8453,2024-03-26,Cash,59.96,Paid
8454,8454,2024-02-24,Card,62.74,Paid
8455,8455,2024-11-23,Mobile Pay,39.69,Paid
8456,8456,2024-08-08,Card,10.96,Paid
8457,8457,2024-01-09,Mobile Pay,26.57,Paid
8458,8458,2024-04-10,Mobile Pay,34.98,Paid
8459,8459,2024-11-17,Card,33.99,Refunded
8460,8460,2024-03-11,Mobile Pay,41.42,Paid
8461,8461,2024-04-20,Mobile Pay,20.78,Paid
8462,8462,2024-04-02,Card,43.14,Paid
8463,8463,2024-09-22,Cash,8.42,Paid
8464,8464,2024-09-09,Card,26.74,Paid
8465,8465,2024-04-30,Cash,12.22,Paid
8466,8466,2024-12-02,Card,27.78,Paid
8467,8467,2024-03-17,Cash,23.06,Refunded
8468,8468,2024-07-26,Cash,38.12,Paid
8469,8469,2024-05-02,Cash,36.76,Paid
8470,8470,2024-11-12,Mobile Pay,17.26,Paid
8471,8471,2024-09-18,Cash,10.86,Paid
8472,8472,2024-07-12,Cash,78.92,Paid
8473,8473,2024-03-06,Card,44.08,Paid
8474,8474,2024-08-09,Card,44.88,Refunded
8475,8475,2024-10-24,Cash,68.89,Refunded
8476,8476,2024-07-01,Mobile Pay,9.80,Paid
8477,8477,2024-08-06,Cash,24.72,Paid
8478,8478,2024-01-17,Card,10.54,Paid
8479,8479,2024-06-01,Cash,21.90,Paid
8480,8480,2024-09-07,Cash,30.77,Paid
8481,8481,2024-06-08,Cash,13.27,Paid
8482,8482,2024-04-10,Mobile Pay,27.62,Refunded
8483,8483,2024-06-12,Card,18.52,Paid
8484,8484,2024-07-18,Mobile Pay,31.32,Paid
8485,8485,2024-10-25,Cash,21.68,Refunded
8486,8486,2024-10-03,Cash,34.99,Paid
8487,8487,2024-07-22,Cash,31.55,Paid
8488,8488,2024-10-02,Card,16.78,Refunded
8489,8489,2024-06-22,Mobile Pay,11.05,Paid
8490,8490,2024-02-18,Mobile Pay,21.91,Paid
8491,8491,2024-01-28,Cash,21.13,Paid
8492,8492,2024-07-07,Mobile Pay,15.27,Paid
8493,8493,2024-11-06,Cash,20.38,Paid
8494,8494,2024-11-19,Cash,19.13,Paid
8495,8495,2024-12-02,Cash,75.97,Paid
8496,8496,2024-06-26,Cash,12.43,Paid
8497,8497,2024-12-27,Cash,32.82,Paid
8498,8498,2024-12-23,Mobile Pay,25.88,Paid
8499,8499,2024-08-25,Mobile Pay,12.72,Paid
8500,8500,2024-02-16,Cash,35.49,Paid
8501,8501,2024-01-05,Mobile Pay,30.38,Refunded
8502,8502,2024-05-11,Mobile Pay,65.36,Paid
8503,8503,2024-11-26,Mobile Pay,32.44,Paid
8504,8504,2024-12-11,Cash,25.54,Paid
8505,8505,2024-05-24,Mobile Pay,30.45,Paid
8506,8506,2024-05-10,Mobile Pay,16.36,Refunded
8507,8507,2024-05-24,Card,32.68,Refunded
8508,8508,2024-05-05,Card,21.00,Paid
8509,8509,2024-09-01,Card,21.42,Paid
8510,8510,2024-11-17,Card,14.66,Paid
8511,8511,2024-12-04,Cash,29.80,Paid
8512,8512,2024-01-21,Card,12.36,Paid
8513,8513,2024-03-29,Cash,94.95,Refunded
8514,8514,2024-03-31,Cash,10.19,Paid
8515,8515,2024-01-15,Mobile Pay,28.96,Paid
8516,8516,2024-07-07,Cash,13.17,Paid
8517,8517,2024-10-10,Card,17.74,Paid
8518,8518,2024-01-19,Mobile Pay,18.53,Paid
8519,8519,2024-09-09,Cash,30.05,Paid
8520,8520,2024-07-07,Mobile Pay,9.25,Paid
8521,8521,2024-07-02,Mobile Pay,55.54,Paid
8522,8522,2024-05-27,Mobile Pay,49.03,Paid
8523,8523,2024-06-29,Mobile Pay,17.89,Paid
8524,8524,2024-10-27,Cash,5.97,Paid
8525,8525,2024-02-09,Mobile Pay,11.06,Paid
8526,8526,2024-04-10,Mobile Pay,21.13,Refunded
8527,8527,2024-01-14,Card,38.21,Paid
8528,8528,2024-12-08,Cash,29.55,Paid
8529,8529,2024-08-21,Card,20.03,Refunded
8530,8530,2024-03-10,Cash,42.95,Paid
8531,8531,2024-06-09,Card,62.31,Paid
8532,8532,2024-10-23,Cash,37.49,Refunded
8533,8533,2024-08-04,Cash,28.22,Refunded
8534,8534,2024-01-25,Cash,8.20,Refunded
8535,8535,2024-10-31,Card,37.39,Paid
8536,8536,2024-10-12,Cash,12.36,Paid
8537,8537,2024-09-18,Cash,15.81,Paid
8538,8538,2024-02-12,Cash,25.78,Paid
8539,8539,2024-06-14,Mobile Pay,11.38,Refunded
8540,8540,2024-10-11,Cash,14.62,Paid
8541,8541,2024-01-15,Cash,36.62,Refunded
8542,8542,2024-09-09,Cash,16.56,Paid
8543,8543,2024-02-06,Cash,38.38,Paid
8544,8544,2024-04-12,Mobile Pay,30.51,Paid
8545,8545,2024-12-11,Mobile Pay,39.15,Paid
8546,8546,2024-01-01,Card,13.04,Paid
8547,8547,2024-04-06,Mobile Pay,25.01,Paid
8548,8548,2024-08-28,Card,35.64,Paid
8549,8549,2024-07-08,Cash,15.26,Paid
8550,8550,2024-11-12,Cash,42.37,Refunded
8551,8551,2024-11-14,Cash,23.66,Paid
8552,8552,2024-04-23,Mobile Pay,24.28,Refunded
8553,8553,2024-12-05,Cash,21.71,Refunded
8554,8554,2024-10-22,Card,77.41,Paid
8555,8555,2024-06-23,Mobile Pay,12.08,Paid
8556,8556,2024-07-27,Mobile Pay,16.13,Paid
8557,8557,2024-10-12,Mobile Pay,18.84,Refunded
8558,8558,2024-03-28,Mobile Pay,11.78,Refunded
8559,8559,2024-06-18,Mobile Pay,26.10,Refunded
8560,8560,2024-05-11,Card,18.88,Paid
8561,8561,2024-03-30,Card,19.50,Paid
8562,8562,2024-02-09,Card,19.18,Paid
8563,8563,2024-05-18,Mobile Pay,19.18,Paid
8564,8564,2024-04-16,Cash,31.64,Refunded
8565,8565,2024-06-15,Cash,19.46,Paid
8566,8566,2024-10-02,Cash,18.99,Paid
8567,8567,2024-02-01,Cash,23.98,Paid
8568,8568,2024-07-05,Card,18.64,Paid
8569,8569,2024-07-12,Card,18.85,Paid
8570,8570,2024-06-27,Card,19.31,Refunded
8571,8571,2025-01-01,Cash,52.26,Paid
8572,8572,2024-11-24,Cash,17.85,Paid
8573,8573,2024-04-07,Cash,14.56,Paid
8574,8574,2024-09-10,Mobile Pay,11.71,Paid
8575,8575,2024-06-19,Mobile Pay,20.08,Paid
8576,8576,2024-07-13,Cash,24.28,Paid
8577,8577,2024-08-14,Card,12.63,Paid
8578,8578,2024-02-05,Cash,21.42,Paid
8579,8579,2024-07-27,Mobile Pay,12.87,Paid
8580,8580,2024-06-23,Cash,19.73,Paid
8581,8581,2024-09-15,Card,18.29,Refunded
8582,8582,2024-05-02,Cash,27.35,Paid
8583,8583,2024-10-27,Cash,23.04,Paid
8584,8584,2024-06-26,Cash,22.37,Paid
8585,8585,2024-10-16,Mobile Pay,10.62,Refunded
8586,8586,2024-03-25,Mobile Pay,24.63,Paid
8587,8587,2024-12-23,Cash,42.03,Paid
8588,8588,2024-09-22,Cash,14.88,Refunded
8589,8589,2024-07-19,Cash,49.77,Paid
8590,8590,2024-01-25,Card,33.32,Paid
8591,8591,2024-06-28,Cash,29.40,Paid
8592,8592,2024-04-21,Card,15.68,Refunded
8593,8593,2024-05-02,Mobile Pay,59.87,Paid
8594,8594,2024-09-22,Cash,16.48,Paid
8595,8595,2024-08-12,Cash,22.88,Paid
8596,8596,2024-07-22,Cash,17.68,Refunded
8597,8597,2024-01-16,Card,10.29,Paid
8598,8598,2024-10-27,Mobile Pay,20.40,Paid
8599,8599,2024-07-04,Mobile Pay,22.09,Paid
8600,8600,2024-08-24,Card,50.90,Paid
8601,8601,2024-01-08,Card,53.48,Paid
8602,8602,2024-12-06,Card,26.09,Refunded
8603,8603,2024-06-03,Cash,23.52,Paid
8604,8604,2024-10-21,Mobile Pay,17.69,Paid
8605,8605,2024-05-06,Card,11.54,Paid
8606,8606,2024-01-17,Card,22.25,Refunded
8607,8607,2024-08-19,Card,36.84,Paid
8608,8608,2024-12-15,Mobile Pay,48.80,Refunded
8609,8609,2024-03-14,Card,38.18,Refunded
8610,8610,2024-12-09,Cash,60.15,Paid
8611,8611,2024-02-11,Cash,18.94,Paid
8612,8612,2024-11-13,Cash,19.77,Refunded
8613,8613,2024-06-04,Mobile Pay,12.23,Paid
8614,8614,2024-12-11,Mobile Pay,55.99,Paid
8615,8615,2024-10-31,Cash,25.98,Paid
8616,8616,2024-11-26,Mobile Pay,19.20,Paid
8617,8617,2024-09-18,Card,17.77,Refunded
8618,8618,2024-09-17,Mobile Pay,32.00,Paid
8619,8619,2024-03-09,Mobile Pay,38.12,Paid
8620,8620,2024-05-13,Card,15.81,Paid
8621,8621,2024-09-18,Cash,11.62,Paid
8622,8622,2024-06-04,Card,84.65,Refunded
8623,8623,2024-04-26,Mobile Pay,28.70,Paid
8624,8624,2024-10-19,Cash,27.98,Paid
8625,8625,2024-12-19,Mobile Pay,15.26,Paid
8626,8626,2024-09-24,Mobile Pay,13.14,Paid
8627,8627,2024-06-27,Cash,47.66,Paid
8628,8628,2024-01-05,Card,32.76,Paid
8629,8629,2024-08-21,Card,19.92,Paid
8630,8630,2024-07-17,Mobile Pay,92.81,Paid
8631,8631,2024-01-28,Mobile Pay,17.36,Paid
8632,8632,2024-09-24,Mobile Pay,24.71,Paid
8633,8633,2024-04-08,Card,7.18,Refunded
8634,8634,2024-07-09,Cash,24.73,Paid
8635,8635,2024-08-13,Mobile Pay,12.79,Paid
8636,8636,2024-06-02,Cash,12.51,Paid
8637,8637,2024-04-09,Card,21.56,Paid
8638,8638,2024-09-22,Cash,53.74,Paid
8639,8639,2024-08-10,Cash,34.39,Paid
8640,8640,2024-02-10,Cash,5.85,Paid
8641,8641,2024-11-27,Mobile Pay,11.57,Paid
8642,8642,2024-12-07,Mobile Pay,18.02,Refunded
8643,8643,2024-05-13,Mobile Pay,14.74,Paid
8644,8644,2024-09-29,Card,27.96,Paid
8645,8645,2024-05-24,Mobile Pay,7.86,Refunded
8646,8646,2024-09-19,Mobile Pay,21.96,Paid
8647,8647,2024-03-19,Mobile Pay,19.56,Paid
8648,8648,2024-03-13,Cash,36.34,Paid
8649,8649,2024-12-09,Mobile Pay,17.06,Paid
8650,8650,2024-11-06,Mobile Pay,43.78,Paid
8651,8651,2024-08-14,Cash,11.20,Paid
8652,8652,2024-03-29,Mobile Pay,22.95,Paid
8653,8653,2024-10-09,Mobile Pay,29.62,Paid
8654,8654,2024-11-16,Mobile Pay,25.78,Paid
8655,8655,2024-12-07,Cash,21.66,Paid
8656,8656,2024-06-25,Mobile Pay,17.33,Paid
8657,8657,2024-11-25,Card,40.33,Paid
8658,8658,2024-05-08,Cash,18.06,Paid
8659,8659,2024-08-05,Card,30.57,Paid
8660,8660,2024-04-29,Cash,26.88,Refunded
8661,8661,2024-08-07,Card,20.14,Paid
8662,8662,2024-09-28,Card,17.84,Paid
8663,8663,2024-09-20,Card,40.56,Paid
8664,8664,2024-12-03,Cash,40.25,Paid
8665,8665,2024-10-15,Card,17.90,Paid
8666,8666,2024-11-20,Cash,25.65,Paid
8667,8667,2024-07-10,Mobile Pay,16.84,Paid
8668,8668,2024-08-30,Cash,34.78,Paid
8669,8669,2024-02-12,Mobile Pay,26.94,Paid
8670,8670,2024-06-26,Cash,18.02,Paid
8671,8671,2024-03-21,Card,32.84,Paid
8672,8672,2024-07-16,Card,13.11,Paid
8673,8673,2024-12-12,Mobile Pay,35.20,Paid
8674,8674,2024-06-05,Mobile Pay,32.92,Refunded
8675,8675,2024-06-13,Card,16.41,Paid
8676,8676,2024-10-16,Card,31.94,Refunded
8677,8677,2024-02-07,Mobile Pay,9.84,Paid
8678,8678,2024-02-28,Mobile Pay,18.01,Refunded
8679,8679,2024-02-14,Mobile Pay,58.77,Paid
8680,8680,2024-10-23,Card,24.55,Paid
8681,8681,2024-03-15,Cash,18.15,Paid
8682,8682,2024-02-26,Cash,22.20,Paid
8683,8683,2024-07-22,Cash,33.27,Paid
8684,8684,2024-03-30,Mobile Pay,23.45,Refunded
8685,8685,2024-05-19,Cash,15.51,Paid
8686,8686,2024-02-17,Cash,30.12,Paid
8687,8687,2024-04-19,Mobile Pay,17.94,Paid
8688,8688,2024-10-25,Cash,33.24,Paid
8689,8689,2024-05-07,Card,38.01,Paid
8690,8690,2024-09-18,Cash,36.02,Paid
8691,8691,2024-02-11,Mobile Pay,8.40,Paid
8692,8692,2024-02-18,Card,11.24,Paid
8693,8693,2024-12-12,Mobile Pay,19.30,Paid
8694,8694,2024-05-17,Cash,16.93,Refunded
8695,8695,2024-01-19,Mobile Pay,13.92,Refunded
8696,8696,2024-03-21,Mobile Pay,12.63,Paid
8697,8697,2024-04-08,Card,35.67,Paid
8698,8698,2024-04-08,Card,32.27,Paid
8699,8699,2024-02-25,Card,47.72,Paid
8700,8700,2024-09-02,Mobile Pay,17.19,Paid
8701,8701,2024-11-01,Card,17.47,Paid
8702,8702,2024-01-31,Card,32.69,Paid
8703,8703,2024-01-19,Mobile Pay,19.50,Paid
8704,8704,2024-09-18,Card,22.47,Paid
8705,8705,2024-11-28,Card,52.72,Paid
8706,8706,2024-04-21,Card,48.70,Paid
8707,8707,2024-04-12,Mobile Pay,26.47,Refunded
8708,8708,2024-10-10,Mobile Pay,36.40,Paid
8709,8709,2024-12-03,Mobile Pay,22.16,Paid
8710,8710,2024-09-08,Cash,12.88,Paid
8711,8711,2024-08-06,Mobile Pay,42.83,Refunded
8712,8712,2024-11-08,Cash,38.76,Paid
8713,8713,2024-02-08,Card,33.60,Paid
8714,8714,2024-05-19,Card,7.88,Paid
8715,8715,2024-03-13,Cash,22.14,Paid
8716,8716,2024-10-13,Card,19.82,Paid
8717,8717,2024-06-03,Mobile Pay,67.29,Paid
8718,8718,2024-01-21,Cash,25.58,Paid
8719,8719,2024-07-23,Cash,26.85,Paid
8720,8720,2024-02-15,Mobile Pay,28.36,Paid
8721,8721,2024-10-23,Mobile Pay,58.95,Paid
8722,8722,2024-10-21,Mobile Pay,75.45,Paid
8723,8723,2024-12-15,Card,22.84,Paid
8724,8724,2024-05-24,Mobile Pay,10.06,Paid
8725,8725,2024-07-26,Cash,30.48,Paid
8726,8726,2024-09-25,Card,20.61,Paid
8727,8727,2024-08-22,Cash,68.54,Paid
8728,8728,2024-03-03,Card,23.84,Paid
8729,8729,2024-01-26,Cash,27.89,Refunded
8730,8730,2024-09-03,Mobile Pay,24.64,Paid
8731,8731,2024-06-07,Mobile Pay,42.88,Paid
8732,8732,2024-02-03,Card,22.88,Paid
8733,8733,2024-03-06,Mobile Pay,29.50,Paid
8734,8734,2024-05-09,Card,15.41,Refunded
8735,8735,2024-12-07,Card,52.91,Paid
8736,8736,2024-09-07,Cash,23.68,Paid
8737,8737,2024-01-12,Card,35.19,Paid
8738,8738,2024-10-02,Cash,10.11,Paid
8739,8739,2024-10-21,Card,38.29,Refunded
8740,8740,2024-10-18,Card,51.46,Paid
8741,8741,2024-11-21,Card,9.74,Paid
8742,8742,2024-03-03,Card,23.27,Paid
8743,8743,2024-04-22,Cash,24.52,Paid
8744,8744,2024-10-08,Card,58.85,Paid
8745,8745,2024-03-08,Mobile Pay,68.38,Paid
8746,8746,2024-01-21,Cash,37.73,Paid
8747,8747,2024-10-04,Cash,18.76,Refunded
8748,8748,2024-11-09,Cash,13.84,Paid
8749,8749,2024-02-24,Cash,14.52,Paid
8750,8750,2024-11-13,Cash,42.87,Paid
8751,8751,2024-10-02,Cash,38.08,Paid
8752,8752,2024-06-07,Cash,20.85,Refunded
8753,8753,2024-11-07,Mobile Pay,15.85,Paid
8754,8754,2024-08-25,Mobile Pay,39.21,Paid
8755,8755,2024-01-15,Mobile Pay,11.24,Refunded
8756,8756,2024-11-18,Card,16.55,Paid
8757,8757,2024-09-17,Mobile Pay,19.30,Paid
8758,8758,2024-08-24,Mobile Pay,28.87,Refunded
8759,8759,2024-03-10,Card,37.47,Paid
8760,8760,2024-10-14,Mobile Pay,43.71,Paid
8761,8761,2024-09-04,Card,32.63,Refunded
8762,8762,2024-04-02,Mobile Pay,16.50,Paid
8763,8763,2024-11-28,Cash,11.67,Paid
8764,8764,2024-02-19,Cash,14.40,Refunded
8765,8765,2024-11-18,Cash,24.07,Paid
8766,8766,2024-08-18,Cash,19.40,Paid
8767,8767,2024-11-07,Cash,28.59,Refunded
8768,8768,2024-09-22,Mobile Pay,72.18,Paid
8769,8769,2024-03-04,Mobile Pay,7.60,Paid
8770,8770,2024-12-14,Mobile Pay,24.22,Paid
8771,8771,2024-02-10,Cash,24.19,Paid
8772,8772,2024-04-18,Card,20.00,Paid
8773,8773,2024-07-07,Cash,24.11,Paid
8774,8774,2024-12-22,Card,25.98,Paid
8775,8775,2024-04-14,Mobile Pay,66.10,Refunded
8776,8776,2024-07-26,Mobile Pay,23.94,Paid
8777,8777,2024-05-15,Card,30.72,Paid
8778,8778,2024-09-23,Card,18.56,Paid
8779,8779,2024-01-27,Card,12.09,Paid
8780,8780,2024-09-03,Mobile Pay,21.14,Paid
8781,8781,2024-03-08,Card,64.64,Paid
8782,8782,2024-08-23,Cash,48.04,Paid
8783,8783,2024-11-05,Cash,11.88,Refunded
8784,8784,2024-11-08,Mobile Pay,27.90,Paid
8785,8785,2024-01-28,Card,33.06,Refunded
8786,8786,2024-08-25,Cash,30.57,Paid
8787,8787,2024-03-26,Mobile Pay,31.50,Paid
8788,8788,2024-10-24,Card,17.25,Refunded
8789,8789,2024-05-10,Card,26.43,Refunded
8790,8790,2024-12-26,Cash,39.25,Paid
8791,8791,2024-05-16,Card,26.62,Paid
8792,8792,2024-04-03,Mobile Pay,80.46,Refunded
8793,8793,2024-01-31,Mobile Pay,35.56,Paid
8794,8794,2024-07-16,Cash,20.50,Paid
8795,8795,2024-04-02,Mobile Pay,63.56,Paid
8796,8796,2024-04-07,Mobile Pay,37.22,Paid
8797,8797,2024-06-21,Cash,8.83,Paid
8798,8798,2024-10-07,Mobile Pay,19.97,Paid
8799,8799,2024-04-17,Cash,33.80,Paid
8800,8800,2024-07-27,Mobile Pay,10.95,Paid
8801,8801,2024-04-26,Card,24.24,Paid
8802,8802,2024-03-07,Cash,8.83,Paid
8803,8803,2024-08-06,Mobile Pay,34.84,Refunded
8804,8804,2024-08-31,Cash,64.17,Paid
8805,8805,2024-08-07,Cash,83.60,Paid
8806,8806,2024-08-13,Card,17.26,Refunded
8807,8807,2024-01-16,Card,11.90,Paid
8808,8808,2024-05-14,Cash,12.74,Paid
8809,8809,2024-07-18,Cash,20.33,Paid
8810,8810,2024-04-27,Mobile Pay,68.35,Paid
8811,8811,2024-05-15,Card,17.28,Paid
8812,8812,2024-07-04,Mobile Pay,23.40,Refunded
8813,8813,2024-02-05,Card,20.98,Paid
8814,8814,2024-03-08,Mobile Pay,34.16,Paid
8815,8815,2024-03-03,Card,15.56,Paid
8816,8816,2024-07-22,Cash,21.80,Paid
8817,8817,2024-12-14,Cash,18.96,Paid
8818,8818,2024-01-26,Mobile Pay,28.18,Paid
8819,8819,2024-05-17,Mobile Pay,31.73,Paid
8820,8820,2024-11-17,Mobile Pay,40.88,Paid
8821,8821,2024-02-04,Cash,7.83,Paid
8822,8822,2024-02-19,Mobile Pay,30.43,Paid
8823,8823,2024-07-20,Cash,52.20,Refunded
8824,8824,2024-02-11,Mobile Pay,21.48,Paid
8825,8825,2024-01-12,Mobile Pay,14.79,Paid
8826,8826,2024-04-15,Card,31.61,Refunded
8827,8827,2024-01-19,Card,14.04,Paid
8828,8828,2024-12-29,Card,14.09,Paid
8829,8829,2024-05-09,Card,7.71,Paid
8830,8830,2024-10-11,Cash,27.05,Paid
8831,8831,2024-06-01,Mobile Pay,27.56,Paid
8832,8832,2024-07-05,Cash,16.44,Paid
8833,8833,2024-10-15,Mobile Pay,27.76,Paid
8834,8834,2024-04-23,Card,21.87,Paid
8835,8835,2024-01-02,Mobile Pay,35.24,Paid
8836,8836,2024-11-25,Mobile Pay,40.84,Paid
8837,8837,2024-06-01,Card,27.61,Paid
8838,8838,2024-04-03,Mobile Pay,21.68,Paid
8839,8839,2024-03-09,Cash,31.53,Paid
8840,8840,2024-12-22,Cash,25.03,Refunded
8841,8841,2024-12-17,Cash,8.99,Paid
8842,8842,2024-04-04,Cash,31.00,Paid
8843,8843,2024-12-14,Card,14.41,Refunded
8844,8844,2024-09-04,Card,13.64,Paid
8845,8845,2024-12-07,Cash,10.31,Paid
8846,8846,2024-11-23,Card,22.47,Refunded
8847,8847,2024-06-22,Cash,20.90,Paid
8848,8848,2024-08-21,Mobile Pay,42.87,Paid
8849,8849,2024-04-09,Mobile Pay,17.66,Paid
8850,8850,2024-06-02,Mobile Pay,19.94,Paid
8851,8851,2024-04-19,Cash,17.25,Paid
8852,8852,2024-12-03,Mobile Pay,25.33,Paid
8853,8853,2024-05-04,Mobile Pay,21.80,Paid
8854,8854,2024-06-09,Cash,44.74,Paid
8855,8855,2024-06-04,Card,10.82,Refunded
8856,8856,2024-05-01,Card,27.37,Refunded
8857,8857,2024-12-25,Cash,10.04,Paid
8858,8858,2024-02-18,Card,13.67,Refunded
8859,8859,2024-03-05,Card,36.93,Paid
8860,8860,2024-01-04,Cash,37.17,Paid
8861,8861,2024-06-22,Card,47.40,Refunded
8862,8862,2024-05-08,Card,22.54,Paid
8863,8863,2024-12-15,Card,28.40,Paid
8864,8864,2024-11-07,Mobile Pay,17.28,Refunded
8865,8865,2024-12-21,Cash,7.26,Refunded
8866,8866,2024-12-24,Mobile Pay,16.86,Paid
8867,8867,2024-04-08,Cash,66.76,Paid
8868,8868,2024-02-09,Mobile Pay,28.42,Paid
8869,8869,2024-03-03,Mobile Pay,14.57,Paid
8870,8870,2024-01-20,Mobile Pay,24.91,Refunded
8871,8871,2024-12-03,Card,40.36,Paid
8872,8872,2024-08-26,Cash,9.89,Paid
8873,8873,2024-05-11,Card,23.47,Paid
8874,8874,2024-01-21,Cash,24.93,Paid
8875,8875,2024-02-18,Cash,16.20,Refunded
8876,8876,2024-11-16,Cash,16.21,Paid
8877,8877,2024-01-14,Mobile Pay,57.35,Paid
8878,8878,2024-10-01,Card,11.04,Paid
8879,8879,2024-03-07,Card,17.13,Paid
8880,8880,2024-08-12,Cash,20.32,Refunded
8881,8881,2024-08-27,Card,7.24,Paid
8882,8882,2024-05-26,Card,23.01,Paid
8883,8883,2024-01-05,Cash,13.82,Paid
8884,8884,2024-08-20,Card,32.42,Refunded
8885,8885,2024-03-16,Card,13.98,Paid
8886,8886,2024-02-03,Cash,23.42,Paid
8887,8887,2024-12-30,Cash,30.09,Paid
8888,8888,2024-12-24,Card,19.54,Paid
8889,8889,2024-08-16,Cash,43.64,Paid
8890,8890,2024-08-14,Mobile Pay,24.86,Paid
8891,8891,2024-06-16,Mobile Pay,13.12,Paid
8892,8892,2024-03-22,Mobile Pay,23.79,Paid
8893,8893,2024-03-16,Mobile Pay,12.03,Paid
8894,8894,2024-04-23,Card,61.17,Paid
8895,8895,2024-10-30,Card,61.52,Paid
8896,8896,2024-08-07,Card,26.48,Paid
8897,8897,2024-02-22,Cash,14.72,Paid
8898,8898,2024-02-11,Mobile Pay,54.54,Paid
8899,8899,2024-01-10,Cash,23.82,Paid
8900,8900,2024-06-18,Card,15.50,Paid
8901,8901,2024-04-27,Cash,25.01,Paid
8902,8902,2024-02-19,Card,12.92,Paid
8903,8903,2024-04-21,Cash,29.40,Paid
8904,8904,2024-06-08,Card,50.35,Paid
8905,8905,2024-08-19,Card,20.38,Paid
8906,8906,2024-10-25,Mobile Pay,28.01,Paid
8907,8907,2024-03-02,Mobile Pay,15.14,Paid
8908,8908,2024-08-27,Cash,7.81,Refunded
8909,8909,2024-01-31,Card,38.24,Paid
8910,8910,2024-08-20,Card,78.46,Paid
8911,8911,2024-09-01,Card,25.25,Paid
8912,8912,2024-01-29,Card,36.05,Refunded
8913,8913,2024-10-22,Cash,26.62,Paid
8914,8914,2024-10-23,Cash,19.80,Paid
8915,8915,2024-04-13,Cash,28.15,Paid
8916,8916,2024-03-02,Mobile Pay,6.78,Paid
8917,8917,2024-07-10,Mobile Pay,27.56,Paid
8918,8918,2024-07-04,Mobile Pay,61.23,Paid
8919,8919,2024-10-04,Cash,19.84,Paid
8920,8920,2024-02-03,Mobile Pay,63.42,Paid
8921,8921,2024-08-06,Mobile Pay,22.65,Paid
8922,8922,2024-03-07,Cash,24.13,Paid
8923,8923,2024-12-27,Cash,15.35,Paid
8924,8924,2024-08-21,Mobile Pay,15.83,Paid
8925,8925,2024-05-30,Cash,41.88,Paid
8926,8926,2024-11-20,Mobile Pay,33.30,Paid
8927,8927,2024-06-25,Cash,30.48,Paid
8928,8928,2024-03-16,Card,28.01,Refunded
8929,8929,2024-12-14,Cash,17.95,Refunded
8930,8930,2024-10-05,Card,26.93,Paid
8931,8931,2024-12-23,Cash,43.32,Refunded
8932,8932,2024-02-07,Card,18.67,Refunded
8933,8933,2024-09-24,Cash,17.44,Paid
8934,8934,2024-11-16,Mobile Pay,23.41,Refunded
8935,8935,2024-09-01,Cash,25.29,Paid
8936,8936,2024-12-13,Card,22.38,Paid
8937,8937,2024-06-30,Mobile Pay,51.81,Paid
8938,8938,2024-02-05,Card,23.47,Paid
8939,8939,2024-10-18,Cash,20.18,Paid
8940,8940,2024-04-06,Mobile Pay,53.91,Paid
8941,8941,2024-09-09,Cash,14.30,Paid
8942,8942,2024-08-06,Cash,52.78,Refunded
8943,8943,2024-07-22,Card,24.37,Paid
8944,8944,2024-10-03,Mobile Pay,30.55,Paid
8945,8945,2024-10-31,Mobile Pay,26.47,Paid
8946,8946,2024-12-22,Cash,80.57,Paid
8947,8947,2024-03-04,Mobile Pay,15.36,Paid
8948,8948,2024-10-29,Cash,58.83,Paid
8949,8949,2024-05-20,Card,21.40,Paid
8950,8950,2024-02-04,Cash,21.10,Paid
8951,8951,2024-04-11,Cash,8.43,Paid
8952,8952,2024-11-13,Cash,13.23,Paid
8953,8953,2024-07-31,Mobile Pay,17.46,Refunded
8954,8954,2024-07-14,Mobile Pay,24.26,Paid
8955,8955,2024-08-23,Cash,6.46,Paid
8956,8956,2024-09-18,Card,18.92,Refunded
8957,8957,2024-03-26,Cash,25.59,Paid
8958,8958,2024-04-05,Card,17.94,Paid
8959,8959,2024-03-17,Cash,16.56,Paid
8960,8960,2024-10-05,Card,15.92,Paid
8961,8961,2024-10-18,Mobile Pay,39.33,Paid
8962,8962,2024-12-29,Mobile Pay,27.05,Paid
8963,8963,2024-04-18,Mobile Pay,35.66,Paid
8964,8964,2024-08-21,Cash,18.95,Paid
8965,8965,2024-07-10,Cash,86.06,Refunded
8966,8966,2024-08-24,Cash,47.76,Paid
8967,8967,2024-07-09,Cash,55.72,Refunded
8968,8968,2024-03-04,Cash,23.95,Paid
8969,8969,2024-03-29,Card,10.97,Paid
8970,8970,2024-05-27,Card,31.82,Refunded
8971,8971,2024-02-13,Cash,10.72,Refunded
8972,8972,2024-06-21,Cash,10.66,Paid
8973,8973,2024-10-18,Card,9.18,Paid
8974,8974,2024-06-17,Mobile Pay,51.13,Paid
8975,8975,2024-07-27,Cash,11.29,Refunded
8976,8976,2024-05-30,Cash,54.72,Paid
8977,8977,2024-12-25,Mobile Pay,23.51,Paid
8978,8978,2024-02-21,Mobile Pay,21.40,Paid
8979,8979,2024-04-28,Mobile Pay,17.75,Paid
8980,8980,2024-12-22,Card,22.22,Paid
8981,8981,2024-08-08,Mobile Pay,26.72,Paid
8982,8982,2024-10-01,Card,15.35,Paid
8983,8983,2024-05-05,Mobile Pay,23.29,Paid
8984,8984,2024-04-24,Mobile Pay,25.68,Paid
8985,8985,2024-05-12,Card,33.28,Paid
8986,8986,2024-09-04,Mobile Pay,29.97,Paid
8987,8987,2024-03-28,Cash,24.77,Paid
8988,8988,2024-09-15,Cash,23.36,Refunded
8989,8989,2024-03-26,Cash,18.33,Paid
8990,8990,2024-01-14,Card,61.99,Paid
8991,8991,2024-08-18,Mobile Pay,28.92,Refunded
8992,8992,2024-04-05,Cash,16.86,Refunded
8993,8993,2024-08-31,Mobile Pay,20.54,Refunded
8994,8994,2024-09-24,Mobile Pay,21.64,Paid
8995,8995,2024-06-07,Mobile Pay,67.16,Paid
8996,8996,2024-05-04,Cash,13.88,Paid
8997,8997,2024-05-16,Card,65.22,Refunded
8998,8998,2024-04-22,Card,36.04,Refunded
8999,8999,2024-03-24,Card,12.42,Paid
9000,9000,2024-07-12,Cash,12.84,Refunded
9001,9001,2024-01-04,Mobile Pay,10.76,Refunded
9002,9002,2024-08-13,Cash,22.04,Paid
9003,9003,2024-03-08,Cash,31.29,Refunded
9004,9004,2024-04-06,Card,21.04,Paid
9005,9005,2024-02-28,Mobile Pay,21.57,Paid
9006,9006,2024-03-08,Card,16.58,Paid
9007,9007,2024-04-13,Card,34.36,Paid
9008,9008,2024-02-28,Cash,21.57,Paid
9009,9009,2024-10-30,Mobile Pay,21.53,Paid
9010,9010,2024-10-20,Card,15.96,Paid
9011,9011,2024-08-04,Card,23.60,Paid
9012,9012,2024-03-26,Mobile Pay,21.94,Paid
9013,9013,2024-09-04,Cash,20.56,Refunded
9014,9014,2024-10-17,Cash,88.46,Paid
9015,9015,2024-12-17,Cash,10.85,Refunded
9016,9016,2024-04-28,Cash,30.40,Paid
9017,9017,2024-05-07,Card,47.29,Paid
9018,9018,2024-10-14,Cash,22.41,Paid
9019,9019,2024-01-10,Mobile Pay,16.32,Refunded
9020,9020,2024-12-26,Cash,16.01,Refunded
9021,9021,2024-10-17,Cash,24.16,Refunded
9022,9022,2024-04-03,Cash,13.55,Paid
9023,9023,2024-06-14,Cash,31.22,Paid
9024,9024,2024-03-06,Card,22.38,Paid
9025,9025,2024-05-14,Card,21.42,Paid
9026,9026,2024-03-16,Cash,19.20,Paid
9027,9027,2024-04-23,Cash,45.81,Refunded
9028,9028,2024-06-29,Cash,43.54,Paid
9029,9029,2024-03-23,Card,37.66,Paid
9030,9030,2024-12-16,Card,31.03,Paid
9031,9031,2024-08-24,Card,27.03,Paid
9032,9032,2024-07-14,Mobile Pay,26.14,Paid
9033,9033,2024-03-13,Card,45.73,Paid
9034,9034,2024-03-07,Cash,13.39,Paid
9035,9035,2024-02-08,Card,75.02,Paid
9036,9036,2024-11-29,Cash,13.34,Paid
9037,9037,2024-09-22,Mobile Pay,27.68,Refunded
9038,9038,2024-04-20,Cash,19.70,Paid
9039,9039,2024-04-06,Mobile Pay,13.01,Refunded
9040,9040,2024-04-22,Mobile Pay,21.56,Paid
9041,9041,2024-03-09,Card,85.27,Paid
9042,9042,2024-12-03,Mobile Pay,24.53,Paid
9043,9043,2024-07-07,Card,14.62,Paid
9044,9044,2024-05-09,Mobile Pay,21.32,Paid
9045,9045,2024-05-18,Mobile Pay,48.58,Paid
9046,9046,2024-07-02,Cash,57.09,Refunded
9047,9047,2024-07-26,Card,24.39,Refunded
9048,9048,2024-03-21,Mobile Pay,71.72,Refunded
9049,9049,2024-08-16,Card,33.51,Paid
9050,9050,2024-10-26,Mobile Pay,34.51,Paid
9051,9051,2024-03-31,Mobile Pay,23.44,Paid
9052,9052,2024-07-01,Cash,27.18,Paid
9053,9053,2024-03-24,Mobile Pay,22.89,Paid
9054,9054,2024-07-02,Card,24.68,Paid
9055,9055,2024-08-12,Card,88.04,Paid
9056,9056,2024-11-04,Card,6.93,Refunded
9057,9057,2024-04-01,Card,15.03,Paid
9058,9058,2024-01-31,Mobile Pay,14.80,Paid
9059,9059,2024-06-23,Mobile Pay,40.21,Paid
9060,9060,2024-05-15,Mobile Pay,25.07,Paid
9061,9061,2024-02-16,Cash,41.21,Paid
9062,9062,2024-08-21,Card,15.74,Paid
9063,9063,2024-05-29,Mobile Pay,56.87,Paid
9064,9064,2024-05-12,Mobile Pay,19.25,Paid
9065,9065,2024-01-13,Card,15.73,Paid
9066,9066,2024-06-01,Cash,10.22,Paid
9067,9067,2024-09-02,Card,51.98,Paid
9068,9068,2024-10-30,Cash,27.80,Paid
9069,9069,2024-01-30,Cash,47.12,Paid
9070,9070,2024-12-21,Cash,25.91,Paid
9071,9071,2024-05-18,Cash,19.21,Refunded
9072,9072,2024-12-30,Card,48.38,Paid
9073,9073,2024-03-04,Card,34.06,Refunded
9074,9074,2024-02-25,Cash,22.65,Paid
9075,9075,2024-09-22,Card,15.82,Paid
9076,9076,2024-03-14,Cash,23.30,Paid
9077,9077,2024-07-06,Card,17.80,Paid
9078,9078,2024-09-30,Cash,30.99,Paid
9079,9079,2024-08-03,Card,26.87,Paid
9080,9080,2024-09-26,Mobile Pay,11.85,Paid
9081,9081,2024-05-25,Cash,15.65,Refunded
9082,9082,2024-05-14,Card,22.10,Paid
9083,9083,2024-10-06,Cash,26.02,Paid
9084,9084,2024-08-18,Card,26.48,Paid
9085,9085,2024-11-19,Mobile Pay,16.98,Paid
9086,9086,2024-02-09,Cash,19.67,Paid
9087,9087,2024-08-17,Cash,27.13,Paid
9088,9088,2024-10-30,Card,28.61,Paid
9089,9089,2024-03-12,Card,22.64,Refunded
9090,9090,2024-01-20,Cash,23.64,Paid
9091,9091,2024-02-29,Card,8.87,Paid
9092,9092,2024-08-30,Card,18.04,Paid
9093,9093,2024-01-09,Cash,27.45,Refunded
9094,9094,2024-04-14,Mobile Pay,12.11,Refunded
9095,9095,2024-06-13,Mobile Pay,30.65,Refunded
9096,9096,2024-04-08,Card,23.96,Refunded
9097,9097,2024-09-23,Cash,18.82,Paid
9098,9098,2024-11-07,Card,25.60,Paid
9099,9099,2024-10-09,Cash,8.60,Paid
9100,9100,2024-04-12,Mobile Pay,22.79,Paid
9101,9101,2024-03-09,Mobile Pay,24.33,Paid
9102,9102,2024-05-18,Mobile Pay,23.91,Paid
9103,9103,2024-01-28,Mobile Pay,20.19,Paid
9104,9104,2024-02-03,Mobile Pay,12.48,Refunded
9105,9105,2024-08-17,Cash,13.52,Paid
9106,9106,2024-12-17,Mobile Pay,15.48,Paid
9107,9107,2024-09-22,Card,30.53,Paid
9108,9108,2024-08-13,Mobile Pay,9.70,Paid
9109,9109,2024-03-21,Cash,21.32,Paid
9110,9110,2024-12-26,Mobile Pay,11.66,Refunded
9111,9111,2024-06-05,Cash,16.79,Paid
9112,9112,2024-10-09,Card,7.98,Refunded
9113,9113,2024-05-30,Card,13.74,Refunded
9114,9114,2024-12-18,Mobile Pay,42.03,Paid
9115,9115,2024-03-29,Cash,26.97,Paid
9116,9116,2024-07-26,Card,7.65,Paid
9117,9117,2024-01-10,Cash,21.05,Refunded
9118,9118,2024-04-24,Mobile Pay,76.27,Refunded
9119,9119,2024-04-13,Card,21.94,Refunded
9120,9120,2024-02-12,Mobile Pay,21.11,Refunded
9121,9121,2024-01-03,Cash,16.87,Paid
9122,9122,2024-08-21,Card,44.32,Refunded
9123,9123,2024-07-02,Mobile Pay,24.14,Paid
9124,9124,2024-09-01,Card,31.58,Refunded
9125,9125,2024-01-20,Card,20.70,Paid
9126,9126,2024-11-29,Card,33.13,Paid
9127,9127,2024-01-24,Cash,45.96,Paid
9128,9128,2024-03-01,Cash,9.70,Paid
9129,9129,2024-08-12,Card,14.09,Paid
9130,9130,2024-12-29,Card,15.43,Paid
9131,9131,2024-04-13,Mobile Pay,23.30,Refunded
9132,9132,2024-12-22,Mobile Pay,28.52,Refunded
9133,9133,2024-04-02,Cash,18.39,Refunded
9134,9134,2024-11-16,Card,15.47,Refunded
9135,9135,2024-11-15,Cash,55.51,Refunded
9136,9136,2024-12-15,Cash,16.06,Paid
9137,9137,2024-03-27,Mobile Pay,26.90,Paid
9138,9138,2024-08-06,Cash,45.05,Paid
9139,9139,2024-10-28,Card,25.23,Paid
9140,9140,2024-05-17,Mobile Pay,20.02,Paid
9141,9141,2024-04-11,Cash,15.80,Paid
9142,9142,2024-12-08,Card,63.03,Paid
9143,9143,2024-01-02,Mobile Pay,18.96,Paid
9144,9144,2024-11-02,Cash,32.07,Refunded
9145,9145,2024-02-19,Cash,25.70,Paid
9146,9146,2024-06-27,Card,22.11,Paid
9147,9147,2024-11-21,Mobile Pay,31.62,Paid
9148,9148,2024-05-20,Card,10.44,Paid
9149,9149,2024-11-16,Mobile Pay,39.31,Paid
9150,9150,2024-08-08,Card,14.71,Paid
9151,9151,2024-04-27,Card,10.32,Paid
9152,9152,2024-10-31,Card,24.19,Paid
9153,9153,2024-02-24,Card,31.47,Refunded
9154,9154,2024-07-29,Mobile Pay,21.43,Refunded
9155,9155,2024-05-25,Mobile Pay,16.29,Paid
9156,9156,2024-12-23,Cash,25.14,Refunded
9157,9157,2024-07-29,Cash,28.82,Paid
9158,9158,2024-06-24,Cash,23.94,Paid
9159,9159,2024-10-06,Mobile Pay,74.60,Paid
9160,9160,2024-02-16,Mobile Pay,20.08,Paid
9161,9161,2024-10-12,Card,9.04,Paid
9162,9162,2024-02-02,Cash,25.21,Paid
9163,9163,2024-07-17,Cash,28.96,Refunded
9164,9164,2024-04-25,Cash,33.20,Refunded
9165,9165,2024-01-12,Card,17.52,Paid
9166,9166,2024-06-21,Cash,12.76,Refunded
9167,9167,2024-10-14,Mobile Pay,15.46,Refunded
9168,9168,2024-01-05,Mobile Pay,9.51,Paid
9169,9169,2024-12-07,Card,17.29,Refunded
9170,9170,2024-03-18,Card,54.88,Refunded
9171,9171,2024-11-25,Mobile Pay,33.77,Paid
9172,9172,2024-03-10,Cash,48.13,Paid
9173,9173,2024-09-29,Mobile Pay,24.58,Paid
9174,9174,2024-08-17,Mobile Pay,40.92,Paid
9175,9175,2024-07-30,Card,11.44,Paid
9176,9176,2024-03-03,Mobile Pay,23.94,Paid
9177,9177,2024-04-16,Mobile Pay,22.32,Refunded
9178,9178,2024-02-01,Cash,82.52,Refunded
9179,9179,2024-08-30,Mobile Pay,24.05,Paid
9180,9180,2024-02-13,Cash,15.94,Paid
9181,9181,2024-05-30,Cash,32.72,Paid
9182,9182,2024-08-22,Card,28.17,Paid
9183,9183,2024-12-21,Card,18.49,Paid
9184,9184,2024-11-16,Cash,8.76,Paid
9185,9185,2024-08-29,Card,28.38,Paid
9186,9186,2024-04-13,Card,24.20,Paid
9187,9187,2024-01-29,Mobile Pay,24.02,Paid
9188,9188,2024-05-19,Cash,28.16,Paid
9189,9189,2024-07-01,Cash,34.61,Paid
9190,9190,2024-08-20,Mobile Pay,14.98,Paid
9191,9191,2024-09-19,Card,19.37,Paid
9192,9192,2024-05-23,Cash,40.94,Refunded
9193,9193,2024-03-06,Cash,25.92,Paid
9194,9194,2024-02-04,Cash,14.50,Paid
9195,9195,2024-05-09,Mobile Pay,6.68,Paid
9196,9196,2024-08-01,Cash,33.46,Paid
9197,9197,2024-05-20,Cash,51.19,Refunded
9198,9198,2024-01-30,Mobile Pay,17.62,Paid
9199,9199,2024-06-16,Card,45.44,Refunded
9200,9200,2024-04-09,Card,30.44,Paid
9201,9201,2024-04-02,Mobile Pay,23.28,Paid
9202,9202,2024-03-29,Mobile Pay,13.40,Paid
9203,9203,2024-05-06,Cash,22.20,Refunded
9204,9204,2024-03-10,Card,13.33,Paid
9205,9205,2024-05-17,Mobile Pay,16.23,Refunded
9206,9206,2024-08-01,Mobile Pay,16.79,Refunded
9207,9207,2024-05-03,Cash,81.89,Paid
9208,9208,2024-08-22,Mobile Pay,30.96,Paid
9209,9209,2024-09-03,Cash,28.34,Paid
9210,9210,2024-08-28,Cash,26.97,Paid
9211,9211,2024-04-21,Cash,16.06,Paid
9212,9212,2024-05-02,Mobile Pay,20.51,Paid
9213,9213,2024-09-09,Cash,70.34,Paid
9214,9214,2024-09-21,Mobile Pay,24.08,Paid
9215,9215,2024-11-13,Cash,20.34,Refunded
9216,9216,2024-01-31,Mobile Pay,26.23,Refunded
9217,9217,2024-03-21,Cash,30.69,Paid
9218,9218,2024-01-21,Mobile Pay,10.95,Paid
9219,9219,2024-12-18,Card,29.98,Paid
9220,9220,2024-08-25,Mobile Pay,30.32,Paid
9221,9221,2024-04-05,Cash,66.46,Refunded
9222,9222,2024-03-29,Mobile Pay,39.12,Paid
9223,9223,2024-02-04,Mobile Pay,9.32,Paid
9224,9224,2024-03-11,Mobile Pay,25.78,Paid
9225,9225,2024-07-22,Card,38.65,Paid
9226,9226,2024-07-15,Cash,60.26,Paid
9227,9227,2024-02-06,Mobile Pay,9.09,Paid
9228,9228,2024-10-04,Card,32.75,Paid
9229,9229,2024-10-06,Cash,18.03,Refunded
9230,9230,2024-11-19,Mobile Pay,34.41,Paid
9231,9231,2024-09-21,Mobile Pay,28.76,Refunded
9232,9232,2024-05-13,Mobile Pay,15.70,Paid
9233,9233,2024-03-28,Mobile Pay,31.41,Paid
9234,9234,2024-07-17,Cash,61.42,Paid
9235,9235,2024-04-11,Mobile Pay,40.13,Paid
9236,9236,2024-05-28,Cash,10.72,Paid
9237,9237,2024-10-24,Cash,28.92,Paid
9238,9238,2024-03-03,Mobile Pay,16.06,Paid
9239,9239,2024-08-06,Card,34.98,Paid
9240,9240,2024-01-06,Cash,19.43,Paid
9241,9241,2024-03-12,Mobile Pay,34.27,Paid
9242,9242,2024-11-08,Card,29.98,Paid
9243,9243,2024-04-08,Mobile Pay,41.65,Paid
9244,9244,2024-04-19,Cash,24.19,Paid
9245,9245,2024-08-26,Cash,18.88,Refunded
9246,9246,2024-07-02,Mobile Pay,17.06,Paid
9247,9247,2024-03-22,Mobile Pay,20.19,Paid
9248,9248,2024-11-19,Card,12.42,Paid
9249,9249,2024-06-18,Cash,22.76,Paid
9250,9250,2024-10-11,Mobile Pay,21.12,Paid
9251,9251,2024-05-09,Cash,43.68,Paid
9252,9252,2024-01-10,Cash,18.79,Paid
9253,9253,2024-12-07,Card,45.88,Paid
9254,9254,2024-12-26,Card,22.94,Paid
9255,9255,2024-07-05,Mobile Pay,37.51,Paid
9256,9256,2024-01-16,Card,17.53,Paid
9257,9257,2024-07-08,Card,28.58,Paid
9258,9258,2024-12-19,Mobile Pay,10.35,Paid
9259,9259,2024-01-14,Cash,22.87,Paid
9260,9260,2024-03-08,Cash,13.88,Paid
9261,9261,2024-07-28,Card,21.28,Paid
9262,9262,2024-12-29,Cash,23.88,Paid
9263,9263,2024-04-03,Cash,26.78,Paid
9264,9264,2024-05-23,Cash,70.28,Paid
9265,9265,2024-12-27,Card,25.69,Paid
9266,9266,2024-02-25,Mobile Pay,17.99,Paid
9267,9267,2024-08-01,Card,15.82,Paid
9268,9268,2024-04-08,Card,16.93,Paid
9269,9269,2024-12-19,Cash,36.26,Paid
9270,9270,2024-04-10,Cash,65.78,Refunded
9271,9271,2024-02-08,Mobile Pay,35.83,Paid
9272,9272,2024-10-21,Mobile Pay,77.14,Paid
9273,9273,2024-01-07,Card,34.64,Refunded
9274,9274,2024-11-10,Cash,35.96,Paid
9275,9275,2024-03-17,Card,16.85,Paid
9276,9276,2024-01-18,Card,33.58,Paid
9277,9277,2024-06-08,Cash,14.48,Paid
9278,9278,2024-08-01,Mobile Pay,22.33,Paid
9279,9279,2024-05-16,Cash,43.44,Refunded
9280,9280,2024-06-11,Cash,18.21,Paid
9281,9281,2024-09-29,Cash,89.06,Paid
9282,9282,2024-12-12,Mobile Pay,8.69,Refunded
9283,9283,2024-03-01,Cash,49.98,Paid
9284,9284,2024-02-22,Cash,17.47,Refunded
9285,9285,2024-05-17,Cash,32.20,Refunded
9286,9286,2024-02-12,Card,19.04,Paid
9287,9287,2024-02-01,Cash,34.67,Paid
9288,9288,2024-11-13,Mobile Pay,11.77,Paid
9289,9289,2024-07-22,Card,47.02,Paid
9290,9290,2024-05-28,Cash,21.90,Paid
9291,9291,2024-12-07,Mobile Pay,60.30,Paid
9292,9292,2024-08-30,Cash,28.22,Paid
9293,9293,2024-08-05,Cash,63.08,Refunded
9294,9294,2024-12-05,Card,48.72,Refunded
9295,9295,2024-07-10,Cash,23.10,Paid
9296,9296,2024-08-03,Cash,70.00,Paid
9297,9297,2024-03-24,Cash,17.36,Paid
9298,9298,2024-07-23,Card,4.97,Paid
9299,9299,2024-02-13,Cash,16.49,Paid
9300,9300,2024-10-17,Cash,37.30,Paid
9301,9301,2024-05-15,Mobile Pay,69.76,Refunded
9302,9302,2024-06-12,Cash,73.44,Paid
9303,9303,2024-07-10,Mobile Pay,33.83,Paid
9304,9304,2024-09-30,Cash,35.72,Paid
9305,9305,2024-08-08,Mobile Pay,43.04,Paid
9306,9306,2024-04-07,Cash,69.33,Paid
9307,9307,2024-05-21,Mobile Pay,56.38,Paid
9308,9308,2024-12-18,Card,49.14,Paid
9309,9309,2024-08-11,Card,44.10,Paid
9310,9310,2024-04-13,Cash,26.54,Refunded
9311,9311,2024-07-23,Card,12.02,Paid
9312,9312,2024-02-05,Card,8.94,Paid
9313,9313,2024-04-04,Mobile Pay,14.52,Paid
9314,9314,2024-09-05,Mobile Pay,15.48,Paid
9315,9315,2024-07-08,Mobile Pay,23.88,Refunded
9316,9316,2024-03-17,Card,80.01,Paid
9317,9317,2024-04-09,Mobile Pay,15.44,Paid
9318,9318,2024-08-02,Cash,52.62,Refunded
9319,9319,2024-11-10,Mobile Pay,29.68,Refunded
9320,9320,2024-07-17,Card,6.64,Refunded
9321,9321,2024-06-23,Cash,27.13,Paid
9322,9322,2024-12-08,Card,15.51,Refunded
9323,9323,2024-03-01,Mobile Pay,18.78,Paid
9324,9324,2024-06-16,Cash,19.87,Paid
9325,9325,2024-08-05,Mobile Pay,32.96,Paid
9326,9326,2025-01-02,Card,26.47,Paid
9327,9327,2024-02-28,Mobile Pay,41.31,Paid
9328,9328,2024-06-17,Cash,12.89,Paid
9329,9329,2024-11-30,Mobile Pay,19.43,Paid
9330,9330,2024-08-10,Mobile Pay,59.98,Refunded
9331,9331,2024-08-28,Cash,23.13,Paid
9332,9332,2024-01-13,Cash,29.24,Paid
9333,9333,2024-02-16,Cash,16.50,Paid
9334,9334,2024-08-16,Card,61.70,Paid
9335,9335,2024-10-12,Card,23.44,Refunded
9336,9336,2024-10-06,Cash,16.91,Paid
9337,9337,2024-06-04,Card,24.06,Paid
9338,9338,2024-12-07,Mobile Pay,26.36,Paid
9339,9339,2024-04-27,Card,16.89,Paid
9340,9340,2024-07-04,Card,20.58,Paid
9341,9341,2024-04-22,Card,14.21,Paid
9342,9342,2024-02-03,Card,17.66,Paid
9343,9343,2024-05-28,Mobile Pay,58.51,Paid
9344,9344,2024-10-28,Card,58.51,Paid
9345,9345,2024-03-29,Card,29.60,Paid
9346,9346,2024-07-29,Card,21.78,Paid
9347,9347,2024-11-03,Mobile Pay,19.74,Paid
9348,9348,2024-11-11,Mobile Pay,37.58,Paid
9349,9349,2024-06-22,Card,45.16,Paid
9350,9350,2024-04-29,Mobile Pay,72.70,Paid
9351,9351,2024-09-24,Mobile Pay,25.26,Paid
9352,9352,2024-03-12,Cash,25.25,Paid
9353,9353,2024-03-14,Cash,10.09,Refunded
9354,9354,2024-11-04,Card,15.27,Paid
9355,9355,2024-09-09,Mobile Pay,37.14,Paid
9356,9356,2024-12-09,Mobile Pay,57.45,Paid
9357,9357,2024-10-30,Card,99.58,Paid
9358,9358,2024-11-24,Mobile Pay,23.72,Paid
9359,9359,2024-09-24,Mobile Pay,12.05,Paid
9360,9360,2024-04-22,Card,33.62,Paid
9361,9361,2024-04-20,Cash,41.15,Paid
9362,9362,2024-09-29,Card,14.78,Paid
9363,9363,2024-07-09,Cash,68.43,Refunded
9364,9364,2024-04-27,Mobile Pay,22.44,Paid
9365,9365,2024-12-31,Cash,15.49,Paid
9366,9366,2024-10-30,Mobile Pay,15.79,Paid
9367,9367,2024-12-24,Cash,26.91,Paid
9368,9368,2024-08-31,Cash,51.87,Paid
9369,9369,2024-08-24,Card,17.13,Paid
9370,9370,2024-12-15,Mobile Pay,47.09,Paid
9371,9371,2024-11-05,Card,22.42,Paid
9372,9372,2024-06-27,Mobile Pay,26.20,Paid
9373,9373,2024-11-13,Mobile Pay,46.98,Paid
9374,9374,2024-10-01,Mobile Pay,30.56,Refunded
9375,9375,2024-10-14,Card,54.82,Paid
9376,9376,2024-03-26,Card,28.28,Paid
9377,9377,2024-03-01,Cash,14.07,Refunded
9378,9378,2024-12-11,Cash,23.04,Paid
9379,9379,2024-05-15,Cash,23.41,Paid
9380,9380,2024-02-04,Mobile Pay,18.34,Paid
9381,9381,2024-03-21,Cash,25.34,Paid
9382,9382,2024-02-12,Mobile Pay,66.23,Paid
9383,9383,2024-06-13,Card,24.41,Paid
9384,9384,2024-03-25,Card,14.69,Paid
9385,9385,2024-01-30,Cash,23.37,Paid
9386,9386,2024-08-10,Mobile Pay,23.99,Paid
9387,9387,2024-10-10,Mobile Pay,97.37,Paid
9388,9388,2024-04-24,Mobile Pay,27.78,Refunded
9389,9389,2024-05-19,Card,23.08,Paid
9390,9390,2024-05-31,Mobile Pay,19.90,Paid
9391,9391,2024-11-05,Mobile Pay,39.32,Paid
9392,9392,2024-02-05,Cash,41.07,Paid
9393,9393,2024-03-27,Cash,34.50,Refunded
9394,9394,2024-03-05,Cash,24.56,Paid
9395,9395,2024-12-31,Mobile Pay,11.72,Paid
9396,9396,2024-10-23,Card,22.47,Paid
9397,9397,2024-08-17,Mobile Pay,20.60,Paid
9398,9398,2024-07-21,Mobile Pay,24.17,Refunded
9399,9399,2024-05-30,Card,28.15,Refunded
9400,9400,2024-09-26,Cash,18.40,Paid
9401,9401,2024-08-09,Mobile Pay,15.17,Paid
9402,9402,2024-01-19,Cash,22.15,Paid
9403,9403,2024-08-13,Cash,16.35,Refunded
9404,9404,2024-09-08,Card,43.36,Paid
9405,9405,2024-05-06,Mobile Pay,25.90,Paid
9406,9406,2024-08-28,Card,16.38,Paid
9407,9407,2024-02-12,Cash,22.94,Paid
9408,9408,2024-07-04,Card,28.26,Paid
9409,9409,2024-10-29,Cash,24.98,Refunded
9410,9410,2024-08-12,Mobile Pay,65.32,Paid
9411,9411,2024-01-12,Card,44.59,Paid
9412,9412,2024-05-03,Card,70.88,Paid
9413,9413,2024-09-28,Mobile Pay,10.87,Paid
9414,9414,2024-09-22,Card,16.18,Paid
9415,9415,2024-06-26,Mobile Pay,12.65,Paid
9416,9416,2024-01-12,Cash,14.83,Paid
9417,9417,2024-01-15,Card,19.02,Refunded
9418,9418,2024-08-20,Cash,22.34,Refunded
9419,9419,2024-09-14,Mobile Pay,30.68,Paid
9420,9420,2024-09-02,Mobile Pay,24.23,Paid
9421,9421,2024-09-30,Cash,42.18,Paid
9422,9422,2024-10-29,Cash,9.85,Paid
9423,9423,2024-06-07,Card,41.34,Paid
9424,9424,2024-09-17,Card,20.59,Paid
9425,9425,2024-03-16,Card,28.05,Refunded
9426,9426,2024-09-20,Mobile Pay,27.40,Paid
9427,9427,2024-02-10,Card,21.82,Refunded
9428,9428,2024-10-08,Mobile Pay,12.94,Refunded
9429,9429,2024-12-12,Card,28.57,Paid
9430,9430,2024-03-17,Cash,22.38,Paid
9431,9431,2024-02-19,Card,8.81,Paid
9432,9432,2024-02-17,Card,14.15,Paid
9433,9433,2024-04-25,Cash,25.23,Paid
9434,9434,2024-08-13,Mobile Pay,73.71,Paid
9435,9435,2024-07-17,Card,33.38,Paid
9436,9436,2024-10-09,Mobile Pay,22.19,Paid
9437,9437,2024-04-21,Mobile Pay,20.33,Paid
9438,9438,2024-03-10,Cash,14.87,Paid
9439,9439,2024-02-16,Mobile Pay,8.80,Refunded
9440,9440,2024-05-06,Mobile Pay,27.36,Paid
9441,9441,2024-05-19,Cash,49.18,Paid
9442,9442,2024-08-11,Cash,28.29,Paid
9443,9443,2024-06-11,Cash,19.58,Paid
9444,9444,2024-04-11,Cash,32.42,Paid
9445,9445,2024-11-23,Card,15.98,Paid
9446,9446,2024-03-24,Card,12.46,Paid
9447,9447,2024-03-19,Card,24.50,Paid
9448,9448,2024-12-25,Cash,22.35,Paid
9449,9449,2024-08-15,Cash,17.35,Paid
9450,9450,2024-05-09,Card,33.31,Paid
9451,9451,2024-11-10,Mobile Pay,14.14,Refunded
9452,9452,2024-10-28,Mobile Pay,14.02,Paid
9453,9453,2024-12-20,Cash,7.99,Paid
9454,9454,2024-03-22,Cash,13.29,Paid
9455,9455,2024-09-13,Cash,29.41,Paid
9456,9456,2024-04-29,Card,18.34,Paid
9457,9457,2024-01-04,Cash,12.24,Paid
9458,9458,2024-09-24,Cash,17.83,Paid
9459,9459,2024-06-09,Card,33.46,Paid
9460,9460,2024-07-16,Card,26.88,Paid
9461,9461,2024-04-23,Mobile Pay,21.48,Refunded
9462,9462,2024-09-27,Mobile Pay,10.51,Refunded
9463,9463,2024-03-12,Card,11.56,Paid
9464,9464,2024-12-18,Cash,25.69,Paid
9465,9465,2024-08-21,Mobile Pay,14.49,Paid
9466,9466,2024-04-12,Mobile Pay,48.07,Paid
9467,9467,2024-04-07,Card,53.07,Paid
9468,9468,2024-12-16,Cash,20.03,Paid
9469,9469,2024-01-06,Cash,22.23,Paid
9470,9470,2024-03-12,Cash,25.76,Paid
9471,9471,2024-07-06,Card,17.52,Paid
9472,9472,2024-05-11,Card,47.67,Paid
9473,9473,2024-08-07,Card,21.64,Paid
9474,9474,2024-08-01,Cash,61.10,Paid
9475,9475,2024-03-14,Card,28.16,Refunded
9476,9476,2024-03-15,Mobile Pay,12.02,Paid
9477,9477,2024-09-30,Card,20.99,Paid
9478,9478,2024-12-29,Card,6.04,Refunded
9479,9479,2024-06-09,Mobile Pay,12.42,Paid
9480,9480,2024-09-29,Cash,16.62,Paid
9481,9481,2024-11-04,Card,83.89,Refunded
9482,9482,2024-06-14,Mobile Pay,78.56,Refunded
9483,9483,2024-12-15,Card,22.00,Paid
9484,9484,2024-11-01,Cash,36.92,Refunded
9485,9485,2024-03-13,Cash,48.86,Refunded
9486,9486,2024-11-18,Card,14.83,Paid
9487,9487,2024-09-25,Card,16.95,Paid
9488,9488,2024-01-05,Card,81.26,Paid
9489,9489,2024-11-09,Cash,29.47,Paid
9490,9490,2024-07-12,Mobile Pay,83.20,Paid
9491,9491,2024-11-21,Mobile Pay,50.36,Refunded
9492,9492,2024-04-07,Mobile Pay,12.66,Paid
9493,9493,2024-06-07,Mobile Pay,28.83,Paid
9494,9494,2024-04-21,Card,23.73,Paid
9495,9495,2024-01-21,Card,32.81,Paid
9496,9496,2024-02-05,Cash,20.82,Paid
9497,9497,2024-05-03,Cash,12.13,Paid
9498,9498,2024-09-18,Cash,19.32,Refunded
9499,9499,2024-04-10,Mobile Pay,26.71,Paid
9500,9500,2024-12-03,Mobile Pay,25.01,Refunded
9501,9501,2024-02-01,Cash,17.55,Paid
9502,9502,2024-10-25,Mobile Pay,10.43,Paid
9503,9503,2024-07-16,Cash,20.94,Paid
9504,9504,2024-05-16,Card,15.20,Paid
9505,9505,2024-06-18,Cash,23.25,Paid
9506,9506,2024-06-04,Card,11.25,Paid
9507,9507,2024-06-21,Card,29.38,Paid
9508,9508,2024-05-04,Mobile Pay,51.42,Paid
9509,9509,2024-11-19,Cash,17.63,Paid
9510,9510,2024-03-29,Cash,30.65,Refunded
9511,9511,2024-05-20,Card,9.84,Paid
9512,9512,2024-12-18,Card,18.11,Paid
9513,9513,2024-03-14,Cash,21.81,Paid
9514,9514,2024-12-15,Mobile Pay,12.80,Refunded
9515,9515,2024-08-28,Card,30.03,Paid
9516,9516,2024-10-19,Card,7.31,Refunded
9517,9517,2024-07-18,Card,31.55,Refunded
9518,9518,2024-10-30,Cash,19.26,Paid
9519,9519,2024-01-17,Cash,28.53,Paid
9520,9520,2024-11-20,Cash,12.99,Paid
9521,9521,2024-04-23,Card,23.50,Refunded
9522,9522,2024-12-08,Card,20.81,Paid
9523,9523,2024-12-21,Card,20.38,Paid
9524,9524,2024-03-12,Mobile Pay,15.71,Refunded
9525,9525,2024-06-10,Card,22.16,Paid
9526,9526,2024-10-18,Cash,31.35,Paid
9527,9527,2024-01-17,Cash,16.24,Paid
9528,9528,2024-01-03,Mobile Pay,14.25,Paid
9529,9529,2024-10-10,Cash,37.56,Paid
9530,9530,2024-01-29,Mobile Pay,15.70,Paid
9531,9531,2024-10-16,Card,23.62,Paid
9532,9532,2024-08-30,Mobile Pay,16.50,Refunded
9533,9533,2024-06-17,Cash,27.44,Refunded
9534,9534,2024-06-12,Card,46.27,Paid
9535,9535,2024-04-14,Cash,33.85,Refunded
9536,9536,2024-07-03,Mobile Pay,11.38,Paid
9537,9537,2024-04-13,Mobile Pay,19.74,Refunded
9538,9538,2024-03-29,Card,27.31,Paid
9539,9539,2024-12-12,Card,11.03,Paid
9540,9540,2024-12-24,Card,21.21,Paid
9541,9541,2024-04-25,Mobile Pay,26.31,Paid
9542,9542,2024-01-24,Mobile Pay,16.46,Paid
9543,9543,2024-08-19,Mobile Pay,12.66,Paid
9544,9544,2024-08-05,Mobile Pay,63.92,Refunded
9545,9545,2024-03-29,Card,12.22,Paid
9546,9546,2024-09-23,Cash,12.41,Paid
9547,9547,2024-01-23,Card,35.14,Paid
9548,9548,2024-07-09,Card,27.85,Paid
9549,9549,2024-06-17,Mobile Pay,15.90,Paid
9550,9550,2024-07-08,Mobile Pay,30.26,Paid
9551,9551,2024-04-13,Card,10.73,Paid
9552,9552,2024-04-26,Mobile Pay,10.48,Paid
9553,9553,2024-03-04,Mobile Pay,28.49,Refunded
9554,9554,2024-01-05,Card,26.27,Refunded
9555,9555,2024-04-16,Card,73.30,Paid
9556,9556,2024-08-17,Card,10.64,Paid
9557,9557,2024-04-18,Card,32.86,Refunded
9558,9558,2024-10-29,Card,35.57,Paid
9559,9559,2024-02-20,Mobile Pay,20.81,Paid
9560,9560,2024-11-01,Mobile Pay,21.19,Paid
9561,9561,2024-08-31,Mobile Pay,8.46,Paid
9562,9562,2024-04-01,Cash,59.66,Paid
9563,9563,2024-09-30,Mobile Pay,9.75,Paid
9564,9564,2024-11-02,Cash,26.69,Paid
9565,9565,2024-09-14,Cash,32.16,Paid
9566,9566,2024-07-01,Mobile Pay,9.29,Paid
9567,9567,2024-06-08,Mobile Pay,14.45,Paid
9568,9568,2024-12-21,Mobile Pay,39.09,Paid
9569,9569,2024-08-02,Cash,13.92,Paid
9570,9570,2024-05-24,Card,41.31,Paid
9571,9571,2024-04-22,Mobile Pay,24.97,Refunded
9572,9572,2024-07-17,Mobile Pay,16.18,Refunded
9573,9573,2024-06-02,Cash,13.97,Paid
9574,9574,2024-05-21,Cash,18.12,Paid
9575,9575,2024-12-25,Cash,14.24,Paid
9576,9576,2024-02-05,Card,54.68,Paid
9577,9577,2024-12-10,Cash,23.51,Refunded
9578,9578,2024-07-20,Card,15.89,Paid
9579,9579,2024-02-19,Mobile Pay,23.26,Paid
9580,9580,2024-04-28,Mobile Pay,46.03,Refunded
9581,9581,2024-10-22,Cash,29.65,Paid
9582,9582,2024-03-31,Card,22.34,Refunded
9583,9583,2024-07-08,Cash,26.98,Paid
9584,9584,2024-09-20,Cash,19.70,Paid
9585,9585,2024-04-07,Card,18.08,Paid
9586,9586,2024-08-09,Cash,38.38,Paid
9587,9587,2024-10-04,Mobile Pay,44.92,Paid
9588,9588,2024-08-10,Cash,23.21,Refunded
9589,9589,2024-08-05,Cash,64.93,Paid
9590,9590,2024-11-23,Card,11.30,Paid
9591,9591,2024-02-17,Mobile Pay,53.72,Paid
9592,9592,2024-06-30,Card,36.73,Refunded
9593,9593,2024-06-03,Mobile Pay,19.36,Paid
9594,9594,2024-07-27,Card,51.34,Paid
9595,9595,2024-09-03,Card,20.17,Paid
9596,9596,2024-03-10,Mobile Pay,29.84,Paid
9597,9597,2024-02-03,Cash,21.54,Paid
9598,9598,2024-08-15,Card,12.68,Refunded
9599,9599,2024-05-18,Card,11.93,Refunded
9600,9600,2024-06-09,Mobile Pay,16.61,Paid
9601,9601,2024-02-04,Card,12.60,Paid
9602,9602,2024-09-19,Mobile Pay,47.52,Paid
9603,9603,2024-07-16,Card,21.01,Paid
9604,9604,2024-04-03,Mobile Pay,44.42,Paid
9605,9605,2024-11-24,Cash,29.66,Paid
9606,9606,2024-10-28,Cash,22.64,Paid
9607,9607,2024-11-30,Mobile Pay,41.77,Paid
9608,9608,2024-11-02,Card,14.60,Paid
9609,9609,2024-08-23,Mobile Pay,25.80,Paid
9610,9610,2024-02-16,Card,35.21,Refunded
9611,9611,2024-06-21,Mobile Pay,33.00,Paid
9612,9612,2024-05-20,Card,9.61,Paid
9613,9613,2024-06-12,Cash,12.62,Paid
9614,9614,2024-05-09,Card,12.43,Paid
9615,9615,2024-02-29,Cash,54.87,Paid
9616,9616,2024-05-31,Card,34.71,Refunded
9617,9617,2024-06-26,Cash,29.58,Paid
9618,9618,2024-10-18,Mobile Pay,31.05,Paid
9619,9619,2024-10-26,Mobile Pay,26.45,Paid
9620,9620,2024-09-29,Mobile Pay,7.62,Paid
9621,9621,2024-02-24,Mobile Pay,44.16,Refunded
9622,9622,2024-02-16,Mobile Pay,16.34,Paid
9623,9623,2024-12-10,Card,14.05,Paid
9624,9624,2024-08-25,Mobile Pay,13.74,Refunded
9625,9625,2024-06-13,Mobile Pay,17.34,Paid
9626,9626,2024-01-10,Card,24.68,Paid
9627,9627,2024-10-09,Cash,37.72,Paid
9628,9628,2024-09-25,Mobile Pay,31.51,Paid
9629,9629,2024-01-04,Card,9.05,Refunded
9630,9630,2024-01-29,Card,19.78,Paid
9631,9631,2024-04-13,Card,14.56,Paid
9632,9632,2024-03-15,Cash,41.35,Paid
9633,9633,2024-02-22,Mobile Pay,11.11,Paid
9634,9634,2024-04-02,Cash,10.43,Paid
9635,9635,2024-09-04,Mobile Pay,18.42,Paid
9636,9636,2024-07-19,Cash,29.26,Paid
9637,9637,2024-10-16,Mobile Pay,20.88,Paid
9638,9638,2024-01-21,Mobile Pay,93.30,Paid
9639,9639,2024-04-06,Cash,18.03,Paid
9640,9640,2024-06-27,Card,12.62,Refunded
9641,9641,2024-04-02,Card,46.66,Paid
9642,9642,2024-03-13,Cash,10.95,Refunded
9643,9643,2024-08-23,Card,21.60,Paid
9644,9644,2024-08-20,Card,15.35,Paid
9645,9645,2024-05-14,Card,49.30,Paid
9646,9646,2024-03-18,Card,24.44,Paid
9647,9647,2024-12-03,Cash,21.02,Paid
9648,9648,2024-11-17,Mobile Pay,85.67,Refunded
9649,9649,2024-07-09,Cash,21.68,Paid
9650,9650,2024-03-31,Cash,8.66,Paid
9651,9651,2024-11-08,Card,7.43,Paid
9652,9652,2024-02-20,Cash,14.28,Paid
9653,9653,2024-02-27,Mobile Pay,23.63,Paid
9654,9654,2024-09-27,Mobile Pay,17.89,Paid
9655,9655,2024-01-05,Card,23.44,Refunded
9656,9656,2024-10-05,Mobile Pay,34.07,Paid
9657,9657,2024-01-09,Card,23.60,Paid
9658,9658,2024-05-06,Card,11.29,Paid
9659,9659,2024-06-18,Mobile Pay,10.14,Paid
9660,9660,2024-01-27,Mobile Pay,16.36,Refunded
9661,9661,2024-02-26,Cash,24.08,Paid
9662,9662,2024-10-17,Mobile Pay,11.75,Paid
9663,9663,2024-09-05,Cash,16.08,Paid
9664,9664,2024-04-21,Card,18.32,Paid
9665,9665,2024-04-29,Mobile Pay,11.81,Paid
9666,9666,2024-03-11,Mobile Pay,68.09,Paid
9667,9667,2024-01-30,Card,66.74,Paid
9668,9668,2024-11-06,Mobile Pay,8.63,Refunded
9669,9669,2024-10-14,Card,20.97,Paid
9670,9670,2024-04-07,Mobile Pay,47.96,Refunded
9671,9671,2024-02-11,Mobile Pay,69.46,Paid
9672,9672,2024-02-18,Mobile Pay,41.01,Paid
9673,9673,2024-07-24,Card,25.41,Paid
9674,9674,2024-07-19,Cash,16.65,Paid
9675,9675,2024-05-06,Card,31.63,Paid
9676,9676,2024-11-27,Mobile Pay,27.78,Paid
9677,9677,2024-07-04,Card,53.95,Paid
9678,9678,2024-10-01,Mobile Pay,25.81,Paid
9679,9679,2024-12-28,Cash,53.70,Refunded
9680,9680,2024-04-29,Mobile Pay,53.01,Refunded
9681,9681,2024-08-26,Mobile Pay,63.55,Paid
9682,9682,2024-05-18,Cash,10.49,Paid
9683,9683,2024-09-20,Cash,22.39,Paid
9684,9684,2024-11-07,Mobile Pay,14.49,Paid
9685,9685,2024-12-19,Mobile Pay,11.30,Paid
9686,9686,2024-04-10,Card,7.75,Paid
9687,9687,2024-08-28,Cash,13.74,Paid
9688,9688,2024-06-20,Mobile Pay,32.08,Paid
9689,9689,2024-12-05,Card,32.78,Paid
9690,9690,2024-10-01,Mobile Pay,25.38,Paid
9691,9691,2024-04-29,Mobile Pay,17.18,Paid
9692,9692,2024-01-09,Card,44.50,Paid
9693,9693,2024-08-09,Card,51.32,Paid
9694,9694,2024-09-20,Cash,34.49,Paid
9695,9695,2024-06-19,Mobile Pay,38.46,Paid
9696,9696,2024-06-08,Card,22.34,Paid
9697,9697,2024-10-14,Mobile Pay,10.63,Paid
9698,9698,2024-06-12,Cash,17.78,Paid
9699,9699,2024-04-27,Cash,22.92,Paid
9700,9700,2024-04-12,Cash,18.67,Paid
9701,9701,2024-09-27,Cash,11.37,Paid
9702,9702,2024-10-19,Cash,19.61,Paid
9703,9703,2024-12-10,Mobile Pay,12.39,Paid
9704,9704,2024-10-19,Cash,27.58,Paid
9705,9705,2024-04-29,Mobile Pay,20.74,Paid
9706,9706,2024-02-19,Cash,28.13,Paid
9707,9707,2024-11-12,Mobile Pay,34.87,Refunded
9708,9708,2024-09-01,Mobile Pay,9.19,Paid
9709,9709,2024-07-28,Card,49.10,Refunded
9710,9710,2024-01-02,Mobile Pay,25.51,Paid
9711,9711,2024-10-17,Cash,20.81,Refunded
9712,9712,2024-10-16,Cash,33.29,Paid
9713,9713,2024-11-29,Mobile Pay,11.88,Paid
9714,9714,2024-08-05,Mobile Pay,23.96,Refunded
9715,9715,2024-12-03,Card,18.87,Paid
9716,9716,2024-01-12,Mobile Pay,27.36,Refunded
9717,9717,2024-04-24,Cash,17.95,Paid
9718,9718,2024-08-30,Cash,16.86,Paid
9719,9719,2024-03-27,Card,41.76,Paid
9720,9720,2024-09-08,Card,10.72,Paid
9721,9721,2024-11-21,Mobile Pay,25.86,Refunded
9722,9722,2024-04-27,Card,35.78,Paid
9723,9723,2024-03-10,Mobile Pay,33.31,Paid
9724,9724,2024-03-18,Card,22.46,Refunded
9725,9725,2024-07-31,Card,25.67,Refunded
9726,9726,2024-02-06,Cash,21.92,Paid
9727,9727,2024-08-27,Card,10.39,Paid
9728,9728,2024-06-06,Cash,39.34,Paid
9729,9729,2024-10-09,Mobile Pay,22.92,Paid
9730,9730,2024-04-26,Cash,28.80,Refunded
9731,9731,2024-01-16,Cash,23.99,Paid
9732,9732,2024-09-19,Cash,21.65,Paid
9733,9733,2024-08-17,Card,67.98,Paid
9734,9734,2024-05-24,Mobile Pay,23.14,Paid
9735,9735,2024-07-24,Mobile Pay,26.31,Refunded
9736,9736,2024-01-31,Cash,28.62,Paid
9737,9737,2024-03-14,Mobile Pay,20.76,Refunded
9738,9738,2024-09-19,Card,8.87,Paid
9739,9739,2024-08-10,Card,18.09,Paid
9740,9740,2024-02-20,Mobile Pay,25.74,Paid
9741,9741,2024-05-01,Mobile Pay,13.92,Refunded
9742,9742,2024-05-05,Mobile Pay,22.09,Refunded
9743,9743,2024-08-09,Cash,35.82,Paid
9744,9744,2024-10-20,Mobile Pay,8.86,Paid
9745,9745,2024-07-30,Cash,12.48,Paid
9746,9746,2024-11-18,Mobile Pay,20.02,Paid
9747,9747,2024-12-20,Cash,37.93,Paid
9748,9748,2024-02-17,Mobile Pay,54.88,Paid
9749,9749,2024-08-15,Card,17.66,Paid
9750,9750,2024-06-18,Cash,15.13,Paid
9751,9751,2024-08-20,Card,15.91,Refunded
9752,9752,2024-11-27,Cash,28.24,Refunded
9753,9753,2024-12-29,Mobile Pay,60.30,Paid
9754,9754,2024-10-01,Mobile Pay,10.04,Refunded
9755,9755,2024-11-02,Mobile Pay,41.70,Paid
9756,9756,2024-05-26,Cash,15.01,Paid
9757,9757,2024-11-04,Mobile Pay,21.30,Paid
9758,9758,2024-03-29,Card,10.61,Paid
9759,9759,2024-10-09,Mobile Pay,69.57,Paid
9760,9760,2024-07-05,Mobile Pay,17.56,Refunded
9761,9761,2024-12-14,Mobile Pay,24.71,Refunded
9762,9762,2024-12-02,Cash,9.28,Paid
9763,9763,2024-10-29,Cash,17.92,Paid
9764,9764,2024-07-30,Card,25.32,Paid
9765,9765,2024-04-30,Cash,21.40,Refunded
9766,9766,2024-05-11,Cash,58.44,Paid
9767,9767,2024-04-30,Mobile Pay,20.47,Paid
9768,9768,2024-09-21,Card,15.65,Paid
9769,9769,2024-01-13,Cash,55.32,Paid
9770,9770,2024-12-02,Card,59.85,Paid
9771,9771,2024-09-29,Card,12.97,Paid
9772,9772,2024-01-13,Cash,25.72,Paid
9773,9773,2024-06-26,Cash,18.43,Paid
9774,9774,2024-03-11,Mobile Pay,48.01,Refunded
9775,9775,2024-12-29,Cash,9.52,Paid
9776,9776,2024-02-27,Card,7.81,Paid
9777,9777,2024-11-24,Card,17.05,Refunded
9778,9778,2024-02-25,Cash,29.52,Paid
9779,9779,2024-12-01,Cash,23.40,Paid
9780,9780,2024-02-01,Mobile Pay,13.65,Refunded
9781,9781,2024-08-19,Mobile Pay,20.97,Paid
9782,9782,2024-07-22,Card,19.44,Refunded
9783,9783,2024-03-01,Cash,26.39,Paid
9784,9784,2024-10-10,Cash,13.64,Refunded
9785,9785,2024-09-21,Mobile Pay,34.64,Paid
9786,9786,2024-02-16,Cash,19.05,Refunded
9787,9787,2024-02-06,Mobile Pay,19.80,Paid
9788,9788,2024-05-23,Mobile Pay,16.52,Paid
9789,9789,2024-05-15,Cash,16.70,Paid
9790,9790,2024-03-13,Card,23.67,Refunded
9791,9791,2024-10-03,Cash,10.53,Paid
9792,9792,2024-10-20,Mobile Pay,25.16,Paid
9793,9793,2024-05-18,Card,26.09,Paid
9794,9794,2024-12-03,Cash,52.83,Paid
9795,9795,2024-01-24,Mobile Pay,27.56,Paid
9796,9796,2024-11-06,Card,39.77,Paid
9797,9797,2024-11-04,Mobile Pay,19.58,Refunded
9798,9798,2024-03-14,Card,31.51,Paid
9799,9799,2024-08-22,Mobile Pay,16.56,Paid
9800,9800,2024-01-20,Card,39.70,Paid
9801,9801,2024-06-14,Cash,35.17,Paid
9802,9802,2024-05-12,Cash,15.68,Paid
9803,9803,2024-01-24,Card,35.94,Paid
9804,9804,2024-02-24,Cash,21.40,Paid
9805,9805,2024-11-04,Card,17.38,Paid
9806,9806,2024-03-15,Mobile Pay,30.00,Paid
9807,9807,2024-06-14,Cash,20.71,Paid
9808,9808,2024-02-07,Card,22.74,Paid
9809,9809,2024-08-23,Card,68.22,Paid
9810,9810,2024-09-19,Cash,38.16,Paid
9811,9811,2024-11-09,Mobile Pay,12.00,Refunded
9812,9812,2024-07-02,Mobile Pay,9.27,Paid
9813,9813,2024-06-27,Mobile Pay,9.35,Paid
9814,9814,2024-02-10,Cash,23.54,Refunded
9815,9815,2024-01-20,Mobile Pay,42.22,Paid
9816,9816,2024-12-09,Card,19.27,Paid
9817,9817,2024-12-31,Cash,14.87,Paid
9818,9818,2024-11-26,Cash,12.67,Paid
9819,9819,2024-08-18,Cash,15.69,Paid
9820,9820,2024-01-12,Card,28.31,Paid
9821,9821,2024-06-09,Cash,16.32,Refunded
9822,9822,2024-08-28,Cash,21.47,Paid
9823,9823,2024-02-10,Mobile Pay,16.90,Paid
9824,9824,2024-10-21,Card,32.74,Paid
9825,9825,2024-10-07,Card,11.36,Paid
9826,9826,2024-03-15,Cash,41.94,Refunded
9827,9827,2024-11-20,Mobile Pay,15.25,Paid
9828,9828,2024-08-21,Cash,11.83,Paid
9829,9829,2024-04-15,Cash,15.78,Paid
9830,9830,2024-07-20,Card,79.18,Refunded
9831,9831,2024-11-27,Cash,8.82,Paid
9832,9832,2024-06-07,Card,28.50,Paid
9833,9833,2024-11-24,Card,26.38,Paid
9834,9834,2024-04-21,Mobile Pay,58.45,Paid
9835,9835,2024-03-06,Mobile Pay,23.29,Paid
9836,9836,2024-07-17,Card,20.17,Paid
9837,9837,2024-11-18,Mobile Pay,20.37,Paid
9838,9838,2024-12-19,Card,25.60,Paid
9839,9839,2024-02-25,Mobile Pay,23.58,Paid
9840,9840,2024-08-21,Mobile Pay,8.99,Paid
9841,9841,2024-07-08,Cash,19.76,Paid
9842,9842,2024-04-20,Card,28.64,Refunded
9843,9843,2024-01-29,Mobile Pay,22.06,Refunded
9844,9844,2024-07-16,Card,10.11,Refunded
9845,9845,2024-01-03,Cash,19.09,Refunded
9846,9846,2024-06-08,Mobile Pay,20.48,Paid
9847,9847,2024-07-16,Cash,33.65,Paid
9848,9848,2024-11-10,Card,19.56,Paid
9849,9849,2024-10-28,Cash,18.58,Paid
9850,9850,2024-01-19,Cash,22.91,Paid
9851,9851,2024-07-24,Mobile Pay,10.87,Paid
9852,9852,2024-11-24,Mobile Pay,54.02,Paid
9853,9853,2024-04-28,Cash,64.27,Paid
9854,9854,2024-03-31,Mobile Pay,22.15,Paid
9855,9855,2024-02-02,Cash,22.29,Paid
9856,9856,2024-02-22,Mobile Pay,21.78,Paid
9857,9857,2024-07-22,Card,24.09,Paid
9858,9858,2024-01-15,Mobile Pay,24.06,Refunded
9859,9859,2024-01-08,Mobile Pay,13.35,Paid
9860,9860,2024-11-24,Cash,30.78,Paid
9861,9861,2025-01-01,Card,22.36,Paid
9862,9862,2024-07-04,Mobile Pay,48.80,Paid
9863,9863,2025-01-01,Card,32.49,Paid
9864,9864,2024-07-20,Card,9.52,Paid
9865,9865,2024-11-04,Card,13.77,Refunded
9866,9866,2024-06-03,Card,27.70,Refunded
9867,9867,2024-08-01,Card,27.74,Paid
9868,9868,2024-12-08,Cash,28.83,Paid
9869,9869,2024-12-12,Cash,14.98,Paid
9870,9870,2024-07-12,Cash,49.30,Paid
9871,9871,2024-07-04,Cash,21.05,Refunded
9872,9872,2024-07-19,Card,10.56,Refunded
9873,9873,2024-06-19,Mobile Pay,18.39,Paid
9874,9874,2024-07-06,Mobile Pay,16.68,Paid
9875,9875,2024-12-25,Card,23.30,Refunded
9876,9876,2024-10-15,Mobile Pay,20.26,Paid
9877,9877,2024-01-15,Mobile Pay,33.77,Paid
9878,9878,2024-09-13,Cash,19.27,Refunded
9879,9879,2024-08-16,Card,20.05,Paid
9880,9880,2024-03-23,Mobile Pay,29.63,Paid
9881,9881,2024-08-29,Card,35.66,Paid
9882,9882,2024-04-21,Mobile Pay,23.24,Paid
9883,9883,2024-05-15,Cash,24.59,Paid
9884,9884,2024-04-14,Card,19.98,Paid
9885,9885,2024-06-10,Card,43.05,Paid
9886,9886,2024-03-18,Mobile Pay,18.00,Paid
9887,9887,2024-08-19,Card,63.96,Paid
9888,9888,2024-09-18,Mobile Pay,20.34,Paid
9889,9889,2024-08-05,Mobile Pay,22.17,Paid
9890,9890,2024-10-21,Mobile Pay,29.11,Refunded
9891,9891,2024-12-29,Mobile Pay,8.96,Paid
9892,9892,2024-11-11,Mobile Pay,14.90,Refunded
9893,9893,2024-05-01,Cash,35.88,Paid
9894,9894,2024-01-23,Card,21.14,Paid
9895,9895,2024-12-12,Card,29.30,Paid
9896,9896,2024-06-25,Mobile Pay,42.73,Paid
9897,9897,2024-08-20,Cash,13.60,Paid
9898,9898,2024-11-10,Mobile Pay,12.19,Paid
9899,9899,2024-12-16,Cash,19.77,Paid
9900,9900,2024-12-03,Mobile Pay,16.24,Refunded
9901,9901,2024-07-21,Card,42.87,Paid
9902,9902,2024-12-15,Cash,33.88,Paid
9903,9903,2024-11-09,Mobile Pay,22.07,Paid
9904,9904,2024-12-16,Mobile Pay,28.55,Paid
9905,9905,2024-10-31,Mobile Pay,21.94,Paid
9906,9906,2024-08-01,Cash,15.20,Paid
9907,9907,2024-05-11,Card,16.48,Refunded
9908,9908,2024-10-11,Cash,35.14,Refunded
9909,9909,2024-02-25,Mobile Pay,19.30,Paid
9910,9910,2024-08-08,Mobile Pay,21.80,Refunded
9911,9911,2024-07-09,Cash,10.32,Paid
9912,9912,2024-11-30,Mobile Pay,39.19,Paid
9913,9913,2024-01-28,Mobile Pay,22.31,Refunded
9914,9914,2024-05-17,Mobile Pay,11.18,Paid
9915,9915,2024-07-21,Mobile Pay,24.09,Paid
9916,9916,2024-02-27,Card,25.44,Paid
9917,9917,2024-05-23,Mobile Pay,71.21,Paid
9918,9918,2024-04-30,Mobile Pay,15.56,Refunded
9919,9919,2024-04-03,Card,62.99,Paid
9920,9920,2024-08-01,Mobile Pay,24.14,Paid
9921,9921,2024-10-21,Card,16.20,Paid
9922,9922,2024-10-29,Mobile Pay,18.80,Paid
9923,9923,2024-07-12,Mobile Pay,67.70,Paid
9924,9924,2024-09-28,Card,14.74,Paid
9925,9925,2024-02-10,Mobile Pay,24.82,Paid
9926,9926,2024-11-10,Card,13.36,Paid
9927,9927,2024-04-01,Cash,18.06,Paid
9928,9928,2024-12-27,Cash,15.49,Refunded
9929,9929,2024-09-14,Mobile Pay,107.42,Paid
9930,9930,2024-06-20,Cash,22.73,Refunded
9931,9931,2024-06-22,Mobile Pay,19.89,Refunded
9932,9932,2024-03-13,Card,29.26,Refunded
9933,9933,2024-06-16,Mobile Pay,27.06,Paid
9934,9934,2024-04-14,Mobile Pay,7.49,Refunded
9935,9935,2024-01-18,Cash,24.46,Paid
9936,9936,2024-04-16,Cash,31.59,Paid
9937,9937,2024-06-20,Card,43.10,Paid
9938,9938,2024-12-07,Card,15.89,Paid
9939,9939,2024-08-27,Cash,18.65,Paid
9940,9940,2024-06-30,Card,18.48,Paid
9941,9941,2024-06-30,Card,18.65,Paid
9942,9942,2024-09-15,Cash,35.68,Refunded
9943,9943,2024-03-24,Cash,39.41,Paid
9944,9944,2024-02-19,Card,10.11,Paid
9945,9945,2024-08-31,Card,37.27,Paid
9946,9946,2024-10-30,Mobile Pay,33.54,Paid
9947,9947,2024-08-31,Mobile Pay,55.51,Paid
9948,9948,2024-02-10,Card,46.94,Paid
9949,9949,2024-11-13,Cash,32.80,Paid
9950,9950,2024-07-31,Cash,24.11,Refunded
9951,9951,2024-10-28,Mobile Pay,26.71,Paid
9952,9952,2024-03-07,Card,55.94,Paid
9953,9953,2024-10-20,Card,40.74,Refunded
9954,9954,2024-12-16,Card,29.74,Paid
9955,9955,2024-01-07,Mobile Pay,56.29,Refunded
9956,9956,2024-07-28,Card,21.85,Paid
9957,9957,2024-12-20,Mobile Pay,53.34,Paid
9958,9958,2024-02-16,Mobile Pay,32.54,Refunded
9959,9959,2024-02-17,Mobile Pay,12.39,Paid
9960,9960,2024-01-26,Mobile Pay,33.19,Paid
9961,9961,2024-05-30,Mobile Pay,27.45,Paid
9962,9962,2024-05-06,Card,15.88,Paid
9963,9963,2024-10-02,Card,26.93,Paid
9964,9964,2024-12-23,Cash,49.24,Paid
9965,9965,2024-11-09,Mobile Pay,28.30,Paid
9966,9966,2024-06-04,Card,30.75,Refunded
9967,9967,2024-03-10,Mobile Pay,79.71,Paid
9968,9968,2024-11-24,Cash,27.71,Paid
9969,9969,2024-02-10,Mobile Pay,33.06,Paid
9970,9970,2024-05-17,Card,25.74,Paid
9971,9971,2024-09-02,Mobile Pay,12.73,Paid
9972,9972,2024-02-27,Cash,54.95,Paid
9973,9973,2024-04-13,Cash,13.25,Refunded
9974,9974,2024-08-14,Cash,41.03,Paid
9975,9975,2024-04-04,Mobile Pay,16.57,Paid
9976,9976,2024-10-13,Cash,13.00,Paid
9977,9977,2024-06-21,Cash,9.32,Paid
9978,9978,2024-01-17,Card,30.26,Paid
9979,9979,2024-05-07,Card,38.35,Refunded
9980,9980,2024-08-04,Mobile Pay,23.97,Paid
9981,9981,2024-06-23,Card,37.70,Paid
9982,9982,2024-06-02,Cash,34.18,Paid
9983,9983,2024-05-20,Mobile Pay,27.69,Paid
9984,9984,2024-03-21,Card,74.32,Paid
9985,9985,2024-06-29,Cash,33.28,Paid
9986,9986,2024-04-05,Mobile Pay,11.50,Refunded
9987,9987,2024-10-27,Cash,27.85,Paid
9988,9988,2024-10-29,Mobile Pay,14.60,Refunded
9989,9989,2024-09-30,Cash,70.84,Paid
9990,9990,2024-01-22,Cash,21.76,Paid
9991,9991,2024-11-19,Cash,31.68,Paid
9992,9992,2024-07-03,Cash,22.53,Paid
9993,9993,2024-04-20,Mobile Pay,36.01,Paid
9994,9994,2024-10-01,Card,22.17,Refunded
9995,9995,2024-12-20,Mobile Pay,24.45,Paid
9996,9996,2024-11-22,Mobile Pay,26.38,Paid
9997,9997,2024-11-03,Card,39.86,Refunded
9998,9998,2024-01-22,Mobile Pay,28.74,Paid
9999,9999,2024-01-03,Card,27.31,Refunded
10000,10000,2024-06-10,Cash,12.99,Paid
10001,10001,2024-08-04,Cash,10.32,Paid
10002,10002,2024-07-12,Card,12.26,Refunded
10003,10003,2024-03-22,Card,12.69,Paid
10004,10004,2024-03-29,Card,13.64,Paid
10005,10005,2024-08-09,Cash,39.53,Paid
10006,10006,2024-08-27,Mobile Pay,31.88,Paid
10007,10007,2024-05-04,Mobile Pay,12.98,Paid
10008,10008,2024-06-12,Mobile Pay,12.37,Paid
10009,10009,2024-06-24,Cash,67.33,Paid
10010,10010,2024-06-14,Cash,24.19,Paid
10011,10011,2024-04-04,Card,13.04,Paid
10012,10012,2024-01-20,Mobile Pay,44.54,Paid
10013,10013,2024-02-18,Cash,34.66,Refunded
10014,10014,2024-01-29,Card,15.96,Paid
10015,10015,2024-01-06,Card,31.14,Paid
10016,10016,2024-12-29,Card,35.68,Paid
10017,10017,2024-04-26,Mobile Pay,30.04,Refunded
10018,10018,2024-11-05,Card,18.91,Paid
10019,10019,2024-09-23,Cash,23.72,Paid
10020,10020,2024-07-05,Cash,17.15,Paid
10021,10021,2024-11-12,Card,28.63,Paid
10022,10022,2024-02-19,Card,27.23,Paid
10023,10023,2024-10-03,Mobile Pay,19.49,Paid
10024,10024,2024-05-03,Card,32.66,Refunded
10025,10025,2024-08-05,Card,36.12,Refunded
10026,10026,2024-07-31,Mobile Pay,15.90,Paid
10027,10027,2024-11-15,Mobile Pay,35.44,Refunded
10028,10028,2024-10-02,Mobile Pay,22.67,Paid
10029,10029,2024-08-23,Card,27.69,Paid
10030,10030,2024-10-09,Mobile Pay,33.19,Paid
10031,10031,2024-06-06,Mobile Pay,23.16,Paid
10032,10032,2024-07-21,Mobile Pay,29.95,Paid
10033,10033,2024-10-27,Cash,36.47,Paid
10034,10034,2024-05-18,Cash,15.20,Refunded
10035,10035,2024-04-13,Card,28.15,Refunded
10036,10036,2024-05-25,Mobile Pay,22.78,Paid
10037,10037,2024-12-04,Cash,11.66,Paid
10038,10038,2024-10-28,Card,43.99,Paid
10039,10039,2024-10-16,Mobile Pay,29.51,Paid
10040,10040,2024-11-02,Cash,17.65,Paid
10041,10041,2024-12-25,Card,27.19,Paid
10042,10042,2024-05-24,Card,23.50,Paid
10043,10043,2024-01-16,Card,24.64,Paid
10044,10044,2024-10-02,Mobile Pay,20.24,Paid
10045,10045,2024-06-08,Cash,16.77,Refunded
10046,10046,2024-12-08,Card,43.33,Paid
10047,10047,2024-08-15,Mobile Pay,32.18,Paid
10048,10048,2024-11-09,Mobile Pay,39.55,Paid
10049,10049,2024-08-27,Card,23.50,Paid
10050,10050,2024-02-22,Cash,32.00,Refunded
10051,10051,2024-10-21,Card,20.94,Paid
10052,10052,2024-10-14,Card,42.79,Refunded
10053,10053,2024-11-12,Mobile Pay,22.32,Refunded
10054,10054,2024-09-30,Cash,7.62,Paid
10055,10055,2024-10-23,Cash,16.57,Paid
10056,10056,2024-02-05,Cash,24.04,Paid
10057,10057,2024-06-05,Cash,23.46,Refunded
10058,10058,2024-06-19,Cash,46.59,Paid
10059,10059,2024-07-30,Cash,10.01,Paid
10060,10060,2024-02-18,Mobile Pay,14.01,Refunded
10061,10061,2024-09-23,Mobile Pay,16.27,Paid
10062,10062,2024-02-06,Cash,28.54,Refunded
10063,10063,2024-01-21,Cash,19.88,Paid
10064,10064,2024-07-30,Cash,12.89,Refunded
10065,10065,2024-05-05,Card,21.35,Paid
10066,10066,2024-07-21,Mobile Pay,17.86,Paid
10067,10067,2024-01-26,Card,15.68,Refunded
10068,10068,2024-01-25,Cash,21.82,Paid
10069,10069,2024-10-16,Card,21.68,Paid
10070,10070,2024-10-04,Cash,9.83,Refunded
10071,10071,2024-05-18,Card,23.31,Paid
10072,10072,2024-09-12,Cash,12.33,Paid
10073,10073,2024-08-05,Card,33.12,Paid
10074,10074,2024-07-31,Card,31.33,Refunded
10075,10075,2024-08-05,Card,47.90,Paid
10076,10076,2024-11-27,Card,61.07,Paid
10077,10077,2024-07-30,Cash,33.15,Refunded
10078,10078,2024-09-26,Card,11.08,Paid
10079,10079,2024-11-21,Mobile Pay,33.02,Paid
10080,10080,2024-03-21,Cash,18.54,Refunded
10081,10081,2024-02-08,Card,8.53,Paid
10082,10082,2024-08-12,Card,28.53,Paid
10083,10083,2024-09-15,Card,17.05,Refunded
10084,10084,2024-02-14,Card,36.45,Paid
10085,10085,2024-04-28,Cash,17.18,Paid
10086,10086,2024-02-02,Card,32.47,Refunded
10087,10087,2024-03-20,Card,19.74,Paid
10088,10088,2024-08-05,Card,22.34,Paid
10089,10089,2024-02-27,Mobile Pay,22.16,Paid
10090,10090,2024-03-29,Cash,9.16,Refunded
10091,10091,2024-12-29,Mobile Pay,22.13,Refunded
10092,10092,2024-05-07,Mobile Pay,17.37,Paid
10093,10093,2024-02-04,Cash,66.10,Paid
10094,10094,2024-12-11,Mobile Pay,59.54,Paid
10095,10095,2024-06-17,Card,18.52,Paid
10096,10096,2024-09-02,Cash,16.21,Paid
10097,10097,2024-09-07,Cash,33.42,Paid
10098,10098,2024-10-13,Cash,14.94,Paid
10099,10099,2024-04-09,Card,29.96,Refunded
10100,10100,2024-11-04,Card,44.36,Paid
10101,10101,2024-09-08,Mobile Pay,11.95,Paid
10102,10102,2024-12-14,Cash,19.06,Paid
10103,10103,2024-07-17,Cash,29.96,Paid
10104,10104,2024-07-02,Card,14.80,Paid
10105,10105,2024-02-29,Cash,42.92,Paid
10106,10106,2024-09-30,Card,13.42,Refunded
10107,10107,2024-06-29,Card,40.26,Paid
10108,10108,2024-02-03,Card,41.56,Paid
10109,10109,2024-11-11,Cash,22.17,Paid
10110,10110,2024-05-10,Mobile Pay,14.74,Paid
10111,10111,2024-08-18,Card,26.96,Paid
10112,10112,2024-06-16,Cash,21.40,Paid
10113,10113,2024-10-24,Card,47.39,Paid
10114,10114,2024-10-22,Cash,15.35,Refunded
10115,10115,2024-07-06,Cash,19.28,Paid
10116,10116,2024-04-26,Card,11.11,Refunded
10117,10117,2024-05-14,Mobile Pay,28.00,Paid
10118,10118,2024-01-21,Cash,9.57,Paid
10119,10119,2024-01-28,Cash,46.14,Paid
10120,10120,2024-02-03,Mobile Pay,29.80,Paid
10121,10121,2024-05-13,Mobile Pay,15.98,Paid
10122,10122,2024-10-08,Mobile Pay,33.54,Paid
10123,10123,2024-11-02,Card,26.77,Paid
10124,10124,2024-01-29,Cash,55.83,Paid
10125,10125,2024-02-07,Cash,27.51,Paid
10126,10126,2024-07-07,Cash,25.74,Paid
10127,10127,2024-02-27,Mobile Pay,14.08,Paid
10128,10128,2024-08-30,Mobile Pay,14.35,Paid
10129,10129,2024-09-07,Mobile Pay,12.64,Paid
10130,10130,2024-03-14,Card,21.84,Paid
10131,10131,2024-07-25,Mobile Pay,39.58,Refunded
10132,10132,2024-07-29,Card,13.37,Paid
10133,10133,2024-05-09,Mobile Pay,29.66,Paid
10134,10134,2024-10-18,Mobile Pay,11.45,Refunded
10135,10135,2024-05-01,Mobile Pay,26.96,Paid
10136,10136,2024-12-07,Cash,31.44,Paid
10137,10137,2024-05-20,Card,13.58,Paid
10138,10138,2024-11-07,Card,14.10,Paid
10139,10139,2024-05-05,Card,39.68,Refunded
10140,10140,2024-08-29,Card,42.55,Paid
10141,10141,2024-04-15,Mobile Pay,24.47,Paid
10142,10142,2024-10-09,Cash,22.82,Paid
10143,10143,2024-11-16,Mobile Pay,52.40,Paid
10144,10144,2024-11-04,Card,19.10,Paid
10145,10145,2024-12-30,Mobile Pay,26.77,Refunded
10146,10146,2024-10-27,Mobile Pay,28.24,Refunded
10147,10147,2024-12-27,Cash,20.46,Paid
10148,10148,2024-08-16,Card,60.12,Paid
10149,10149,2024-03-29,Cash,26.42,Refunded
10150,10150,2024-05-06,Card,23.93,Refunded
10151,10151,2024-01-24,Mobile Pay,38.97,Paid
10152,10152,2024-03-13,Mobile Pay,31.09,Paid
10153,10153,2024-08-28,Cash,48.57,Refunded
10154,10154,2024-12-13,Cash,22.18,Refunded
10155,10155,2024-03-18,Mobile Pay,41.79,Paid
10156,10156,2024-11-22,Mobile Pay,34.01,Paid
10157,10157,2024-06-14,Mobile Pay,21.80,Paid
10158,10158,2024-01-11,Card,38.88,Paid
10159,10159,2024-04-02,Cash,11.64,Paid
10160,10160,2024-01-07,Mobile Pay,33.45,Paid
10161,10161,2024-05-29,Mobile Pay,8.87,Paid
10162,10162,2024-03-15,Card,34.34,Paid
10163,10163,2024-07-14,Card,23.61,Paid
10164,10164,2024-12-16,Card,24.31,Paid
10165,10165,2024-06-01,Mobile Pay,12.53,Refunded
10166,10166,2024-04-06,Mobile Pay,23.42,Paid
10167,10167,2024-07-07,Mobile Pay,35.87,Paid
10168,10168,2024-11-24,Card,39.21,Paid
10169,10169,2024-04-03,Cash,10.25,Paid
10170,10170,2024-04-01,Card,44.58,Refunded
10171,10171,2024-02-03,Mobile Pay,9.02,Paid
10172,10172,2024-08-19,Cash,19.26,Paid
10173,10173,2024-08-15,Mobile Pay,23.53,Refunded
10174,10174,2024-03-18,Cash,135.34,Refunded
10175,10175,2024-11-14,Cash,30.28,Paid
10176,10176,2024-06-28,Cash,11.94,Paid
10177,10177,2024-08-09,Cash,25.95,Refunded
10178,10178,2024-01-14,Cash,27.22,Paid
10179,10179,2024-01-19,Mobile Pay,22.75,Paid
10180,10180,2024-06-29,Cash,69.96,Paid
10181,10181,2024-08-04,Card,32.68,Refunded
10182,10182,2024-10-18,Card,9.95,Refunded
10183,10183,2024-08-24,Mobile Pay,59.62,Paid
10184,10184,2024-11-14,Mobile Pay,70.06,Refunded
10185,10185,2024-04-25,Card,22.14,Refunded
10186,10186,2024-10-09,Mobile Pay,19.38,Paid
10187,10187,2024-06-18,Mobile Pay,25.39,Paid
10188,10188,2024-09-30,Card,14.34,Paid
10189,10189,2024-12-30,Card,27.73,Refunded
10190,10190,2024-06-18,Cash,72.21,Paid
10191,10191,2024-08-29,Cash,25.17,Paid
10192,10192,2024-08-11,Card,18.54,Paid
10193,10193,2024-01-30,Cash,16.37,Paid
10194,10194,2024-01-13,Card,26.75,Paid
10195,10195,2025-01-01,Cash,51.24,Paid
10196,10196,2024-04-04,Cash,27.17,Paid
10197,10197,2024-08-11,Cash,20.66,Paid
10198,10198,2024-03-21,Card,58.01,Paid
10199,10199,2024-07-18,Cash,18.69,Paid
10200,10200,2024-05-01,Card,17.91,Paid
10201,10201,2024-01-24,Cash,38.10,Paid
10202,10202,2024-05-16,Mobile Pay,29.84,Paid
10203,10203,2024-12-28,Card,30.77,Refunded
10204,10204,2024-03-17,Mobile Pay,47.86,Paid
10205,10205,2024-03-01,Cash,28.90,Paid
10206,10206,2024-11-15,Card,26.86,Paid
10207,10207,2024-03-24,Cash,12.11,Paid
10208,10208,2024-07-25,Cash,30.22,Paid
10209,10209,2024-11-20,Mobile Pay,14.17,Paid
10210,10210,2024-10-30,Cash,12.62,Refunded
10211,10211,2024-12-27,Card,20.29,Paid
10212,10212,2024-06-15,Card,23.84,Paid
10213,10213,2024-03-17,Card,31.41,Refunded
10214,10214,2024-03-05,Mobile Pay,17.72,Paid
10215,10215,2024-04-28,Cash,41.98,Paid
10216,10216,2024-05-16,Mobile Pay,18.58,Paid
10217,10217,2024-01-13,Cash,19.45,Paid
10218,10218,2024-01-06,Card,20.60,Paid
10219,10219,2024-08-14,Mobile Pay,21.52,Paid
10220,10220,2024-03-14,Cash,19.89,Refunded
10221,10221,2024-10-21,Card,20.98,Paid
10222,10222,2024-03-02,Card,21.25,Paid
10223,10223,2024-07-30,Cash,14.47,Paid
10224,10224,2024-04-25,Cash,39.62,Paid
10225,10225,2024-12-15,Cash,23.74,Paid
10226,10226,2024-08-20,Card,36.52,Refunded
10227,10227,2024-10-21,Mobile Pay,14.30,Paid
10228,10228,2024-09-30,Mobile Pay,26.78,Paid
10229,10229,2024-07-06,Cash,23.94,Paid
10230,10230,2024-05-09,Card,24.22,Paid
10231,10231,2024-09-13,Card,30.62,Refunded
10232,10232,2024-07-07,Mobile Pay,32.66,Paid
10233,10233,2024-09-24,Cash,11.20,Refunded
10234,10234,2024-12-16,Card,26.51,Paid
10235,10235,2024-02-16,Mobile Pay,14.42,Paid
10236,10236,2024-09-07,Card,33.18,Paid
10237,10237,2024-04-14,Mobile Pay,37.80,Paid
10238,10238,2024-04-22,Cash,45.74,Refunded
10239,10239,2024-08-04,Card,21.06,Paid
10240,10240,2024-04-01,Card,12.94,Refunded
10241,10241,2024-11-29,Card,17.82,Paid
10242,10242,2024-10-31,Cash,15.37,Refunded
10243,10243,2024-09-26,Card,20.67,Paid
10244,10244,2024-05-03,Card,38.28,Refunded
10245,10245,2024-06-24,Cash,33.31,Refunded
10246,10246,2024-09-22,Cash,8.65,Paid
10247,10247,2024-06-06,Cash,19.97,Refunded
10248,10248,2024-09-02,Card,36.93,Paid
10249,10249,2024-09-18,Card,26.35,Paid
10250,10250,2024-05-12,Cash,24.80,Paid
10251,10251,2024-10-12,Mobile Pay,24.82,Paid
10252,10252,2024-11-06,Card,21.28,Paid
10253,10253,2024-04-03,Mobile Pay,24.07,Paid
10254,10254,2024-10-29,Mobile Pay,48.20,Refunded
10255,10255,2024-06-27,Cash,19.92,Paid
10256,10256,2024-05-15,Cash,5.47,Paid
10257,10257,2024-03-15,Cash,35.04,Paid
10258,10258,2024-02-20,Cash,16.54,Paid
10259,10259,2024-09-30,Mobile Pay,20.24,Paid
10260,10260,2024-01-29,Card,24.28,Paid
10261,10261,2024-11-23,Mobile Pay,13.95,Paid
10262,10262,2024-02-28,Cash,47.86,Refunded
10263,10263,2024-10-28,Cash,32.30,Paid
10264,10264,2024-10-01,Cash,18.45,Paid
10265,10265,2024-05-19,Mobile Pay,28.74,Paid
10266,10266,2024-03-06,Mobile Pay,20.42,Paid
10267,10267,2024-08-29,Mobile Pay,17.93,Paid
10268,10268,2024-07-02,Card,33.04,Paid
10269,10269,2024-02-23,Mobile Pay,34.13,Paid
10270,10270,2024-12-15,Cash,32.89,Paid
10271,10271,2024-06-05,Mobile Pay,40.16,Refunded
10272,10272,2024-10-02,Card,12.98,Paid
10273,10273,2024-12-16,Mobile Pay,8.41,Paid
10274,10274,2024-01-13,Mobile Pay,9.19,Refunded
10275,10275,2024-11-17,Mobile Pay,28.87,Paid
10276,10276,2024-05-05,Mobile Pay,14.02,Refunded
10277,10277,2024-03-10,Mobile Pay,24.93,Refunded
10278,10278,2024-09-19,Card,34.55,Paid
10279,10279,2024-06-16,Card,62.85,Paid
10280,10280,2024-11-26,Mobile Pay,38.94,Refunded
10281,10281,2024-10-26,Card,25.21,Paid
10282,10282,2024-09-21,Mobile Pay,33.23,Refunded
10283,10283,2024-08-26,Card,19.71,Paid
10284,10284,2024-06-09,Card,30.86,Paid
10285,10285,2024-09-24,Card,46.14,Paid
10286,10286,2024-10-03,Cash,17.40,Paid
10287,10287,2024-08-24,Mobile Pay,16.44,Paid
10288,10288,2024-08-17,Cash,20.08,Paid
10289,10289,2024-02-13,Cash,18.08,Paid
10290,10290,2024-02-04,Mobile Pay,19.28,Paid
10291,10291,2024-06-29,Cash,17.21,Paid
10292,10292,2024-07-09,Mobile Pay,74.66,Paid
10293,10293,2024-05-02,Card,10.19,Paid
10294,10294,2024-06-05,Cash,19.46,Refunded
10295,10295,2024-04-27,Card,19.95,Paid
10296,10296,2024-12-14,Cash,8.56,Paid
10297,10297,2024-03-26,Card,14.02,Refunded
10298,10298,2024-10-12,Mobile Pay,21.37,Paid
10299,10299,2024-05-09,Cash,33.34,Paid
10300,10300,2024-09-19,Card,20.93,Paid
10301,10301,2024-08-13,Card,17.57,Paid
10302,10302,2024-05-30,Cash,20.03,Refunded
10303,10303,2024-12-07,Cash,14.68,Refunded
10304,10304,2024-08-18,Card,28.90,Paid
10305,10305,2024-10-07,Mobile Pay,18.97,Paid
10306,10306,2024-05-04,Mobile Pay,83.07,Paid
10307,10307,2024-03-12,Mobile Pay,17.36,Paid
10308,10308,2024-10-24,Mobile Pay,22.03,Refunded
10309,10309,2024-10-15,Cash,15.79,Paid
10310,10310,2024-11-12,Cash,15.10,Paid
10311,10311,2024-05-25,Card,18.86,Paid
10312,10312,2024-09-19,Mobile Pay,34.86,Refunded
10313,10313,2024-12-26,Mobile Pay,12.60,Refunded
10314,10314,2024-04-21,Mobile Pay,26.38,Refunded
10315,10315,2024-01-21,Card,13.51,Paid
10316,10316,2024-03-08,Mobile Pay,11.75,Refunded
10317,10317,2024-09-23,Card,40.58,Paid
10318,10318,2024-06-16,Card,56.23,Paid
10319,10319,2024-12-08,Mobile Pay,83.96,Paid
10320,10320,2024-11-22,Mobile Pay,22.46,Paid
10321,10321,2024-03-09,Mobile Pay,47.21,Refunded
10322,10322,2024-11-19,Card,35.07,Paid
10323,10323,2024-01-29,Cash,26.52,Paid
10324,10324,2024-03-14,Card,18.42,Refunded
10325,10325,2024-02-21,Mobile Pay,32.71,Paid
10326,10326,2024-08-04,Mobile Pay,20.67,Refunded
10327,10327,2024-07-08,Mobile Pay,6.12,Paid
10328,10328,2024-10-13,Mobile Pay,8.13,Paid
10329,10329,2024-05-05,Card,11.74,Paid
10330,10330,2024-05-23,Cash,19.82,Paid
10331,10331,2024-12-30,Mobile Pay,23.65,Paid
10332,10332,2024-05-31,Mobile Pay,61.21,Paid
10333,10333,2024-07-31,Card,19.28,Paid
10334,10334,2024-08-15,Mobile Pay,22.56,Refunded
10335,10335,2024-10-10,Card,24.82,Refunded
10336,10336,2024-09-18,Mobile Pay,24.95,Paid
10337,10337,2024-04-04,Card,23.08,Paid
10338,10338,2024-09-26,Card,30.78,Paid
10339,10339,2024-10-08,Mobile Pay,7.89,Paid
10340,10340,2024-11-01,Mobile Pay,40.15,Paid
10341,10341,2024-01-25,Cash,32.33,Paid
10342,10342,2024-10-05,Mobile Pay,47.24,Paid
10343,10343,2024-03-01,Card,15.94,Paid
10344,10344,2024-01-10,Cash,15.73,Paid
10345,10345,2024-07-13,Cash,30.21,Paid
10346,10346,2024-04-30,Card,27.23,Paid
10347,10347,2024-09-24,Card,45.50,Refunded
10348,10348,2024-02-28,Cash,24.66,Paid
10349,10349,2024-12-22,Cash,41.99,Paid
10350,10350,2024-06-17,Mobile Pay,23.20,Paid
10351,10351,2024-11-30,Card,14.96,Paid
10352,10352,2024-10-24,Card,52.58,Refunded
10353,10353,2024-10-28,Card,43.58,Refunded
10354,10354,2024-09-04,Mobile Pay,50.73,Paid
10355,10355,2024-11-04,Cash,22.29,Paid
10356,10356,2024-09-10,Mobile Pay,18.18,Paid
10357,10357,2024-10-21,Mobile Pay,13.70,Refunded
10358,10358,2024-10-13,Card,42.27,Paid
10359,10359,2024-02-26,Cash,19.83,Refunded
10360,10360,2024-12-03,Cash,16.58,Paid
10361,10361,2024-04-07,Mobile Pay,25.51,Refunded
10362,10362,2024-02-01,Card,21.64,Paid
10363,10363,2024-05-28,Mobile Pay,37.90,Paid
10364,10364,2024-07-20,Mobile Pay,6.66,Paid
10365,10365,2024-05-16,Mobile Pay,28.51,Paid
10366,10366,2024-01-25,Card,32.05,Paid
10367,10367,2024-01-11,Mobile Pay,23.74,Paid
10368,10368,2024-05-31,Card,24.15,Paid
10369,10369,2024-12-18,Cash,44.32,Paid
10370,10370,2024-02-08,Cash,18.43,Paid
10371,10371,2024-09-19,Card,57.34,Refunded
10372,10372,2024-03-06,Mobile Pay,40.12,Paid
10373,10373,2024-02-16,Card,7.11,Paid
10374,10374,2024-06-01,Cash,29.61,Paid
10375,10375,2024-01-28,Card,28.22,Paid
10376,10376,2024-03-04,Cash,23.86,Paid
10377,10377,2024-06-25,Card,22.02,Paid
10378,10378,2024-11-01,Cash,55.70,Paid
10379,10379,2024-01-18,Card,21.84,Paid
10380,10380,2024-07-07,Mobile Pay,42.92,Paid
10381,10381,2024-06-13,Mobile Pay,30.67,Paid
10382,10382,2024-05-22,Cash,74.20,Paid
10383,10383,2024-10-29,Mobile Pay,18.97,Paid
10384,10384,2024-01-06,Mobile Pay,50.97,Paid
10385,10385,2024-06-03,Card,27.88,Paid
10386,10386,2024-08-10,Cash,11.71,Refunded
10387,10387,2024-12-31,Card,20.46,Paid
10388,10388,2024-09-21,Cash,18.24,Paid
10389,10389,2024-10-22,Cash,14.80,Paid
10390,10390,2024-04-22,Card,24.88,Paid
10391,10391,2024-01-06,Cash,13.31,Paid
10392,10392,2024-09-28,Cash,78.40,Paid
10393,10393,2024-08-31,Mobile Pay,25.43,Paid
10394,10394,2024-07-27,Cash,21.42,Paid
10395,10395,2024-04-02,Card,32.34,Paid
10396,10396,2024-10-24,Mobile Pay,8.09,Refunded
10397,10397,2024-03-03,Mobile Pay,10.89,Paid
10398,10398,2024-10-23,Cash,22.68,Paid
10399,10399,2024-06-30,Mobile Pay,76.28,Paid
10400,10400,2024-08-13,Card,21.10,Paid
10401,10401,2024-11-06,Card,18.61,Paid
10402,10402,2024-03-05,Mobile Pay,50.07,Refunded
10403,10403,2024-01-14,Mobile Pay,33.49,Paid
10404,10404,2024-04-07,Cash,84.56,Refunded
10405,10405,2024-12-06,Mobile Pay,42.83,Paid
10406,10406,2024-09-17,Mobile Pay,24.78,Paid
10407,10407,2024-08-15,Mobile Pay,30.43,Refunded
10408,10408,2024-01-23,Cash,21.78,Refunded
10409,10409,2024-03-15,Card,45.84,Paid
10410,10410,2024-11-28,Card,74.58,Paid
10411,10411,2024-11-05,Mobile Pay,18.46,Refunded
10412,10412,2024-08-01,Card,40.56,Paid
10413,10413,2024-05-02,Card,23.02,Paid
10414,10414,2024-06-13,Mobile Pay,19.10,Paid
10415,10415,2024-11-12,Cash,32.24,Paid
10416,10416,2024-07-31,Card,12.31,Refunded
10417,10417,2024-11-21,Cash,13.56,Refunded
10418,10418,2024-03-02,Card,24.21,Paid
10419,10419,2024-08-17,Card,25.22,Refunded
10420,10420,2024-01-13,Card,24.85,Paid
10421,10421,2025-01-01,Cash,15.60,Paid
10422,10422,2024-03-21,Cash,48.89,Paid
10423,10423,2024-09-01,Cash,33.27,Paid
10424,10424,2024-10-02,Mobile Pay,23.00,Refunded
10425,10425,2024-01-22,Card,29.08,Paid
10426,10426,2024-07-22,Card,14.24,Paid
10427,10427,2024-10-22,Cash,39.87,Paid
10428,10428,2024-09-15,Mobile Pay,27.30,Refunded
10429,10429,2024-05-12,Card,10.26,Paid
10430,10430,2024-07-08,Card,19.91,Refunded
10431,10431,2024-05-12,Mobile Pay,15.92,Paid
10432,10432,2024-10-05,Mobile Pay,55.45,Paid
10433,10433,2024-11-25,Card,11.92,Paid
10434,10434,2024-04-26,Cash,31.10,Paid
10435,10435,2024-11-29,Cash,12.97,Paid
10436,10436,2024-10-20,Card,10.30,Paid
10437,10437,2024-08-14,Mobile Pay,30.56,Paid
10438,10438,2024-11-28,Mobile Pay,51.99,Refunded
10439,10439,2024-03-14,Card,21.70,Refunded
10440,10440,2024-09-15,Cash,7.16,Paid
10441,10441,2024-07-30,Mobile Pay,11.66,Paid
10442,10442,2024-12-29,Cash,35.18,Paid
10443,10443,2024-07-29,Mobile Pay,25.72,Paid
10444,10444,2024-08-08,Card,24.30,Paid
10445,10445,2024-04-19,Card,45.76,Refunded
10446,10446,2024-06-16,Mobile Pay,17.15,Paid
10447,10447,2024-08-03,Card,34.92,Refunded
10448,10448,2024-01-10,Card,34.71,Paid
10449,10449,2024-01-16,Card,38.60,Paid
10450,10450,2024-12-27,Cash,19.09,Refunded
10451,10451,2024-04-27,Mobile Pay,21.65,Refunded
10452,10452,2024-05-29,Card,20.56,Refunded
10453,10453,2024-11-07,Cash,12.45,Paid
10454,10454,2024-09-07,Mobile Pay,24.08,Paid
10455,10455,2024-04-10,Card,7.45,Paid
10456,10456,2024-06-30,Card,66.88,Paid
10457,10457,2025-01-02,Mobile Pay,22.01,Refunded
10458,10458,2024-01-20,Cash,12.36,Paid
10459,10459,2024-09-19,Card,32.88,Refunded
10460,10460,2025-01-02,Mobile Pay,43.82,Refunded
10461,10461,2024-01-15,Card,22.56,Paid
10462,10462,2024-12-30,Cash,18.47,Paid
10463,10463,2024-01-31,Mobile Pay,33.70,Paid
10464,10464,2024-02-17,Mobile Pay,63.96,Paid
10465,10465,2024-08-19,Mobile Pay,40.27,Paid
10466,10466,2024-12-14,Mobile Pay,52.16,Paid
10467,10467,2024-09-25,Cash,52.55,Paid
10468,10468,2024-06-05,Cash,47.81,Refunded
10469,10469,2024-05-10,Card,8.69,Paid
10470,10470,2024-12-11,Mobile Pay,21.80,Paid
10471,10471,2024-01-14,Cash,14.45,Refunded
10472,10472,2024-05-11,Card,16.58,Paid
10473,10473,2024-11-09,Cash,29.13,Paid
10474,10474,2024-02-01,Cash,15.94,Refunded
10475,10475,2024-03-13,Cash,5.76,Paid
10476,10476,2024-05-21,Card,20.48,Paid
10477,10477,2024-11-16,Mobile Pay,31.05,Paid
10478,10478,2024-03-18,Mobile Pay,16.38,Paid
10479,10479,2024-08-17,Cash,32.73,Paid
10480,10480,2024-11-12,Card,34.20,Paid
10481,10481,2024-10-23,Card,27.05,Paid
10482,10482,2024-07-30,Mobile Pay,57.14,Refunded
10483,10483,2024-06-06,Mobile Pay,8.67,Paid
10484,10484,2024-06-06,Card,69.16,Paid
10485,10485,2024-02-23,Card,33.06,Paid
10486,10486,2024-08-09,Cash,15.66,Refunded
10487,10487,2024-06-23,Cash,13.07,Paid
10488,10488,2024-06-20,Mobile Pay,36.86,Paid
10489,10489,2024-07-10,Card,20.26,Paid
10490,10490,2024-06-11,Mobile Pay,29.13,Refunded
10491,10491,2024-07-23,Cash,7.08,Paid
10492,10492,2024-12-11,Card,13.77,Paid
10493,10493,2024-10-23,Mobile Pay,18.71,Paid
10494,10494,2024-12-28,Card,15.87,Refunded
10495,10495,2024-03-19,Card,24.92,Paid
10496,10496,2024-06-12,Card,37.94,Paid
10497,10497,2024-05-24,Card,25.30,Paid
10498,10498,2024-05-21,Cash,13.86,Paid
10499,10499,2024-06-25,Mobile Pay,11.60,Paid
10500,10500,2024-01-17,Card,14.19,Paid
10501,10501,2024-11-04,Card,11.70,Paid
10502,10502,2024-08-29,Card,24.05,Paid
10503,10503,2024-01-31,Card,17.98,Paid
10504,10504,2024-03-27,Cash,23.60,Paid
10505,10505,2024-01-26,Cash,10.16,Paid
10506,10506,2024-04-06,Mobile Pay,31.58,Paid
10507,10507,2024-03-06,Card,17.54,Paid
10508,10508,2024-02-10,Cash,29.28,Paid
10509,10509,2024-09-26,Cash,20.74,Refunded
10510,10510,2024-05-14,Mobile Pay,24.09,Paid
10511,10511,2024-02-12,Cash,34.33,Paid
10512,10512,2024-11-29,Mobile Pay,25.49,Paid
10513,10513,2024-03-13,Cash,27.92,Paid
10514,10514,2024-08-26,Card,21.95,Paid
10515,10515,2024-12-07,Card,30.23,Paid
10516,10516,2024-01-30,Cash,16.30,Paid
10517,10517,2024-08-01,Mobile Pay,44.59,Paid
10518,10518,2024-02-25,Card,33.88,Refunded
10519,10519,2024-11-30,Cash,27.34,Paid
10520,10520,2024-05-03,Card,16.55,Paid
10521,10521,2024-09-24,Cash,16.14,Paid
10522,10522,2024-01-16,Cash,42.43,Refunded
10523,10523,2024-01-09,Cash,9.86,Paid
10524,10524,2024-04-19,Card,15.17,Paid
10525,10525,2024-06-29,Card,16.59,Paid
10526,10526,2024-04-16,Cash,30.38,Paid
10527,10527,2024-10-30,Cash,21.53,Paid
10528,10528,2024-08-21,Cash,36.73,Paid
10529,10529,2024-05-14,Mobile Pay,31.61,Paid
10530,10530,2024-02-01,Cash,29.11,Refunded
10531,10531,2024-01-04,Cash,30.46,Paid
10532,10532,2024-09-27,Mobile Pay,80.61,Refunded
10533,10533,2024-11-02,Mobile Pay,49.40,Refunded
10534,10534,2024-11-19,Cash,34.41,Paid
10535,10535,2024-12-25,Mobile Pay,10.69,Refunded
10536,10536,2024-02-02,Mobile Pay,49.67,Paid
10537,10537,2024-07-25,Card,13.37,Paid
10538,10538,2024-09-26,Cash,42.80,Paid
10539,10539,2024-08-04,Card,17.68,Paid
10540,10540,2024-09-07,Cash,25.95,Paid
10541,10541,2024-03-16,Card,22.42,Paid
10542,10542,2024-01-11,Cash,21.96,Refunded
10543,10543,2024-10-17,Mobile Pay,12.34,Refunded
10544,10544,2024-05-27,Card,30.11,Paid
10545,10545,2024-06-29,Cash,61.53,Paid
10546,10546,2024-10-20,Card,35.67,Paid
10547,10547,2024-11-30,Card,17.56,Paid
10548,10548,2024-12-22,Cash,48.14,Refunded
10549,10549,2024-08-10,Cash,21.45,Paid
10550,10550,2024-12-19,Card,24.20,Paid
10551,10551,2024-05-01,Card,28.35,Paid
10552,10552,2024-07-24,Mobile Pay,54.41,Refunded
10553,10553,2024-11-05,Card,30.10,Paid
10554,10554,2024-06-23,Mobile Pay,20.53,Paid
10555,10555,2024-09-12,Cash,15.75,Refunded
10556,10556,2024-03-29,Card,22.21,Refunded
10557,10557,2024-11-29,Cash,20.59,Paid
10558,10558,2024-03-23,Card,14.75,Paid
10559,10559,2024-02-05,Cash,60.63,Paid
10560,10560,2024-10-17,Card,16.99,Paid
10561,10561,2024-10-16,Cash,12.22,Paid
10562,10562,2024-10-13,Card,20.22,Refunded
10563,10563,2024-04-01,Card,16.56,Paid
10564,10564,2024-08-01,Cash,27.00,Refunded
10565,10565,2024-08-04,Cash,13.87,Paid
10566,10566,2024-12-16,Cash,32.38,Paid
10567,10567,2024-08-31,Mobile Pay,17.59,Paid
10568,10568,2024-05-04,Card,13.54,Paid
10569,10569,2024-11-18,Mobile Pay,50.36,Paid
10570,10570,2024-09-30,Cash,26.82,Paid
10571,10571,2024-10-10,Cash,30.81,Paid
10572,10572,2024-01-11,Cash,26.82,Paid
10573,10573,2024-01-26,Mobile Pay,26.69,Paid
10574,10574,2024-12-31,Card,24.98,Paid
10575,10575,2024-12-29,Card,47.59,Paid
10576,10576,2024-10-04,Cash,27.95,Paid
10577,10577,2024-03-02,Card,21.45,Refunded
10578,10578,2024-05-10,Cash,14.10,Paid
10579,10579,2024-05-18,Cash,20.14,Paid
10580,10580,2024-09-05,Mobile Pay,23.02,Refunded
10581,10581,2024-01-26,Cash,69.16,Paid
10582,10582,2024-10-05,Cash,13.35,Paid
10583,10583,2024-08-19,Card,15.60,Paid
10584,10584,2024-12-16,Cash,35.10,Paid
10585,10585,2024-12-05,Cash,8.94,Paid
10586,10586,2024-02-11,Card,53.40,Paid
10587,10587,2024-05-11,Card,24.34,Refunded
10588,10588,2024-11-26,Card,46.21,Paid
10589,10589,2024-05-17,Cash,8.00,Paid
10590,10590,2024-07-18,Mobile Pay,51.74,Paid
10591,10591,2024-05-07,Card,68.04,Refunded
10592,10592,2024-09-16,Mobile Pay,18.16,Paid
10593,10593,2024-03-08,Card,10.22,Paid
10594,10594,2024-07-05,Mobile Pay,73.10,Paid
10595,10595,2024-10-07,Card,27.64,Paid
10596,10596,2025-01-01,Card,25.46,Paid
10597,10597,2024-07-09,Card,32.91,Paid
10598,10598,2024-05-01,Mobile Pay,73.08,Paid
10599,10599,2024-04-16,Cash,12.17,Paid
10600,10600,2024-03-24,Mobile Pay,12.57,Paid
10601,10601,2024-09-30,Mobile Pay,14.53,Paid
10602,10602,2024-06-25,Mobile Pay,33.04,Paid
10603,10603,2024-09-06,Card,30.26,Paid
10604,10604,2024-06-17,Card,10.79,Paid
10605,10605,2024-07-22,Card,10.14,Paid
10606,10606,2024-04-20,Card,17.95,Refunded
10607,10607,2024-11-06,Mobile Pay,37.59,Paid
10608,10608,2024-12-16,Mobile Pay,13.08,Paid
10609,10609,2024-01-11,Cash,85.45,Refunded
10610,10610,2024-02-15,Card,48.00,Paid
10611,10611,2024-06-14,Cash,8.95,Paid
10612,10612,2024-03-26,Card,40.11,Paid
10613,10613,2024-04-24,Card,22.38,Paid
10614,10614,2024-10-10,Card,11.72,Paid
10615,10615,2024-08-28,Mobile Pay,10.17,Paid
10616,10616,2024-08-08,Card,36.36,Refunded
10617,10617,2024-05-10,Cash,28.06,Paid
10618,10618,2024-06-22,Card,32.10,Paid
10619,10619,2024-08-04,Mobile Pay,8.78,Paid
10620,10620,2024-07-06,Cash,9.57,Paid
10621,10621,2024-01-12,Cash,8.86,Paid
10622,10622,2024-12-06,Card,11.63,Refunded
10623,10623,2024-10-15,Card,11.62,Paid
10624,10624,2024-04-21,Card,24.56,Paid
10625,10625,2024-09-27,Cash,31.09,Paid
10626,10626,2024-03-18,Mobile Pay,40.55,Paid
10627,10627,2024-07-14,Card,19.54,Refunded
10628,10628,2024-10-11,Cash,12.18,Paid
10629,10629,2024-06-09,Mobile Pay,22.23,Paid
10630,10630,2024-12-22,Card,24.85,Paid
10631,10631,2024-03-03,Card,20.40,Refunded
10632,10632,2024-10-08,Card,57.18,Paid
10633,10633,2024-11-11,Card,38.35,Paid
10634,10634,2024-02-13,Cash,13.73,Paid
10635,10635,2024-04-06,Mobile Pay,43.82,Paid
10636,10636,2024-01-20,Card,23.70,Refunded
10637,10637,2024-06-30,Mobile Pay,13.08,Paid
10638,10638,2024-09-07,Card,10.66,Paid
10639,10639,2024-05-20,Card,30.60,Paid
10640,10640,2024-09-21,Card,9.91,Refunded
10641,10641,2024-05-15,Mobile Pay,25.67,Paid
10642,10642,2024-06-23,Mobile Pay,54.05,Paid
10643,10643,2024-06-06,Mobile Pay,33.49,Refunded
10644,10644,2024-10-20,Mobile Pay,31.00,Paid
10645,10645,2024-03-06,Card,23.16,Paid
10646,10646,2024-05-08,Mobile Pay,25.66,Refunded
10647,10647,2024-09-06,Card,24.34,Paid
10648,10648,2024-05-01,Card,41.66,Paid
10649,10649,2024-07-20,Mobile Pay,35.81,Paid
10650,10650,2024-08-06,Cash,9.38,Paid
10651,10651,2024-12-12,Card,24.33,Paid
10652,10652,2024-10-31,Card,38.43,Paid
10653,10653,2024-03-27,Mobile Pay,31.60,Paid
10654,10654,2024-02-26,Card,23.99,Refunded
10655,10655,2024-05-31,Card,49.30,Paid
10656,10656,2024-11-27,Mobile Pay,30.65,Refunded
10657,10657,2024-06-10,Card,23.40,Paid
10658,10658,2024-06-03,Mobile Pay,36.19,Paid
10659,10659,2024-08-10,Card,22.52,Paid
10660,10660,2024-03-04,Mobile Pay,15.40,Paid
10661,10661,2024-04-06,Cash,15.47,Paid
10662,10662,2024-11-26,Cash,63.20,Paid
10663,10663,2024-02-24,Cash,22.62,Paid
10664,10664,2024-04-11,Cash,28.42,Paid
10665,10665,2024-10-23,Cash,8.23,Refunded
10666,10666,2024-09-25,Card,11.82,Paid
10667,10667,2024-03-10,Cash,11.61,Paid
10668,10668,2024-05-17,Card,21.31,Paid
10669,10669,2024-09-10,Card,23.65,Paid
10670,10670,2024-04-25,Mobile Pay,25.65,Paid
10671,10671,2024-01-25,Mobile Pay,27.72,Paid
10672,10672,2024-08-02,Card,9.06,Paid
10673,10673,2024-06-09,Card,37.01,Paid
10674,10674,2024-08-26,Mobile Pay,38.28,Paid
10675,10675,2024-10-02,Card,17.48,Paid
10676,10676,2024-01-07,Mobile Pay,40.42,Paid
10677,10677,2024-04-05,Cash,13.30,Refunded
10678,10678,2024-09-23,Card,38.21,Refunded
10679,10679,2024-12-17,Mobile Pay,18.04,Paid
10680,10680,2024-08-26,Cash,16.62,Paid
10681,10681,2024-05-23,Mobile Pay,36.47,Paid
10682,10682,2024-08-01,Mobile Pay,16.13,Paid
10683,10683,2024-09-08,Card,63.91,Refunded
10684,10684,2024-07-09,Cash,49.10,Refunded
10685,10685,2024-05-22,Cash,20.28,Refunded
10686,10686,2024-03-03,Cash,12.28,Paid
10687,10687,2024-07-09,Mobile Pay,19.85,Paid
10688,10688,2024-03-31,Card,38.94,Paid
10689,10689,2024-11-21,Mobile Pay,42.40,Paid
10690,10690,2024-07-30,Mobile Pay,33.66,Paid
10691,10691,2024-03-26,Cash,13.41,Paid
10692,10692,2024-09-24,Cash,18.75,Paid
10693,10693,2024-12-15,Card,20.71,Refunded
10694,10694,2024-09-21,Card,20.20,Paid
10695,10695,2024-08-17,Cash,14.36,Refunded
10696,10696,2024-04-27,Card,12.49,Paid
10697,10697,2024-05-09,Card,33.60,Paid
10698,10698,2025-01-02,Mobile Pay,11.25,Refunded
10699,10699,2024-10-05,Cash,11.70,Refunded
10700,10700,2024-08-19,Card,24.15,Paid
10701,10701,2024-01-26,Mobile Pay,18.86,Paid
10702,10702,2024-10-09,Cash,15.96,Refunded
10703,10703,2024-01-10,Card,29.37,Paid
10704,10704,2024-12-05,Mobile Pay,35.36,Paid
10705,10705,2024-05-10,Card,15.60,Paid
10706,10706,2024-11-14,Card,9.84,Refunded
10707,10707,2024-06-18,Cash,27.34,Paid
10708,10708,2024-07-19,Mobile Pay,13.78,Paid
10709,10709,2024-05-23,Cash,25.13,Paid
10710,10710,2024-05-14,Cash,26.78,Paid
10711,10711,2024-09-29,Card,16.16,Paid
10712,10712,2024-11-24,Mobile Pay,18.91,Paid
10713,10713,2024-06-02,Card,23.11,Paid
10714,10714,2024-02-17,Cash,9.44,Paid
10715,10715,2024-05-24,Mobile Pay,22.17,Paid
10716,10716,2024-09-14,Cash,33.05,Refunded
10717,10717,2024-04-03,Mobile Pay,27.10,Refunded
10718,10718,2024-04-20,Cash,18.45,Paid
10719,10719,2024-02-26,Cash,40.00,Paid
10720,10720,2024-03-24,Card,32.91,Paid
10721,10721,2024-01-16,Card,21.04,Paid
10722,10722,2024-03-04,Card,58.23,Paid
10723,10723,2024-09-25,Cash,37.83,Paid
10724,10724,2024-08-06,Cash,21.20,Paid
10725,10725,2024-06-07,Cash,22.39,Paid
10726,10726,2024-09-30,Cash,14.00,Paid
10727,10727,2024-07-09,Mobile Pay,20.86,Refunded
10728,10728,2024-03-25,Card,46.63,Paid
10729,10729,2024-05-21,Mobile Pay,21.61,Refunded
10730,10730,2024-09-02,Card,33.05,Paid
10731,10731,2024-03-26,Cash,29.42,Paid
10732,10732,2024-11-06,Card,30.79,Refunded
10733,10733,2024-04-12,Cash,17.86,Paid
10734,10734,2024-08-16,Card,16.40,Refunded
10735,10735,2024-11-23,Mobile Pay,28.40,Paid
10736,10736,2024-12-05,Cash,11.95,Paid
10737,10737,2024-06-04,Mobile Pay,24.68,Paid
10738,10738,2024-01-01,Mobile Pay,44.80,Paid
10739,10739,2024-04-21,Card,23.36,Paid
10740,10740,2024-04-04,Cash,57.70,Paid
10741,10741,2024-11-03,Card,15.15,Paid
10742,10742,2024-11-30,Mobile Pay,17.66,Refunded
10743,10743,2024-02-18,Mobile Pay,34.16,Paid
10744,10744,2024-09-09,Mobile Pay,20.77,Paid
10745,10745,2024-09-07,Cash,20.79,Refunded
10746,10746,2024-03-31,Cash,19.69,Paid
10747,10747,2024-11-15,Cash,39.40,Paid
10748,10748,2024-06-06,Mobile Pay,12.36,Paid
10749,10749,2024-03-07,Mobile Pay,19.06,Paid
10750,10750,2024-03-30,Card,9.85,Paid
10751,10751,2024-11-08,Mobile Pay,8.54,Paid
10752,10752,2024-05-21,Mobile Pay,18.06,Paid
10753,10753,2024-01-08,Card,31.23,Refunded
10754,10754,2024-04-16,Card,28.00,Refunded
10755,10755,2024-06-17,Card,33.80,Paid
10756,10756,2024-01-10,Mobile Pay,18.95,Paid
10757,10757,2024-11-27,Mobile Pay,19.32,Paid
10758,10758,2024-12-29,Mobile Pay,10.89,Paid
10759,10759,2024-06-11,Card,23.89,Paid
10760,10760,2024-12-09,Card,16.78,Paid
10761,10761,2024-12-27,Card,60.76,Paid
10762,10762,2024-05-10,Card,35.12,Paid
10763,10763,2024-07-29,Card,17.94,Refunded
10764,10764,2024-11-27,Card,17.11,Paid
10765,10765,2024-12-29,Card,12.02,Refunded
10766,10766,2024-07-07,Mobile Pay,60.88,Paid
10767,10767,2024-04-26,Cash,15.45,Paid
10768,10768,2024-02-27,Mobile Pay,26.65,Refunded
10769,10769,2024-05-04,Card,19.92,Paid
10770,10770,2024-09-21,Cash,15.42,Paid
10771,10771,2024-08-17,Mobile Pay,48.33,Refunded
10772,10772,2024-03-27,Mobile Pay,20.87,Paid
10773,10773,2024-03-30,Card,43.86,Paid
10774,10774,2024-10-18,Mobile Pay,48.96,Refunded
10775,10775,2024-03-21,Cash,28.14,Paid
10776,10776,2024-08-13,Card,20.47,Paid
10777,10777,2024-04-16,Cash,8.70,Paid
10778,10778,2024-12-31,Cash,10.40,Paid
10779,10779,2024-11-26,Cash,21.15,Paid
10780,10780,2024-01-04,Mobile Pay,25.16,Paid
10781,10781,2024-03-07,Cash,40.30,Paid
10782,10782,2024-10-27,Mobile Pay,28.65,Paid
10783,10783,2024-06-23,Card,28.09,Paid
10784,10784,2024-08-31,Mobile Pay,26.06,Paid
10785,10785,2024-06-11,Cash,43.60,Paid
10786,10786,2024-07-23,Mobile Pay,26.87,Paid
10787,10787,2024-05-01,Card,36.61,Paid
10788,10788,2024-04-12,Mobile Pay,16.46,Paid
10789,10789,2024-06-15,Card,16.46,Paid
10790,10790,2024-10-18,Cash,37.89,Paid
10791,10791,2024-10-24,Card,22.75,Paid
10792,10792,2024-08-03,Card,34.91,Paid
10793,10793,2024-02-25,Mobile Pay,26.26,Refunded
10794,10794,2024-09-10,Cash,22.24,Paid
10795,10795,2024-07-13,Cash,9.90,Refunded
10796,10796,2024-01-08,Cash,16.32,Paid
10797,10797,2024-06-09,Mobile Pay,15.03,Paid
10798,10798,2024-05-31,Mobile Pay,19.84,Paid
10799,10799,2024-11-11,Cash,26.22,Paid
10800,10800,2024-03-04,Cash,16.96,Paid
10801,10801,2024-07-17,Mobile Pay,16.46,Paid
10802,10802,2024-05-05,Mobile Pay,41.73,Refunded
10803,10803,2024-11-30,Card,27.58,Paid
10804,10804,2024-04-25,Card,20.00,Paid
10805,10805,2024-09-24,Card,22.23,Paid
10806,10806,2024-10-19,Mobile Pay,7.82,Paid
10807,10807,2024-02-27,Cash,15.23,Paid
10808,10808,2024-06-24,Cash,30.26,Paid
10809,10809,2024-07-10,Mobile Pay,13.04,Paid
10810,10810,2024-05-24,Mobile Pay,30.46,Paid
10811,10811,2024-12-22,Card,37.06,Paid
10812,10812,2024-09-04,Cash,57.24,Paid
10813,10813,2024-12-17,Cash,21.62,Refunded
10814,10814,2024-09-22,Card,21.19,Paid
10815,10815,2024-12-22,Mobile Pay,21.45,Refunded
10816,10816,2024-05-10,Card,52.20,Paid
10817,10817,2024-07-17,Cash,18.65,Paid
10818,10818,2024-06-13,Card,24.57,Paid
10819,10819,2024-08-03,Mobile Pay,8.62,Refunded
10820,10820,2024-01-17,Cash,15.43,Refunded
10821,10821,2024-07-21,Mobile Pay,22.63,Refunded
10822,10822,2024-12-01,Card,12.87,Refunded
10823,10823,2024-01-23,Card,16.65,Refunded
10824,10824,2024-11-04,Card,11.95,Paid
10825,10825,2024-07-20,Card,53.34,Paid
10826,10826,2024-09-19,Mobile Pay,98.16,Paid
10827,10827,2024-10-08,Cash,23.34,Paid
10828,10828,2024-08-21,Mobile Pay,25.39,Paid
10829,10829,2024-03-18,Cash,21.00,Paid
10830,10830,2024-12-17,Card,27.97,Paid
10831,10831,2024-08-07,Card,45.18,Paid
10832,10832,2024-07-27,Cash,26.03,Paid
10833,10833,2024-06-14,Card,21.10,Refunded
10834,10834,2024-01-18,Mobile Pay,15.72,Paid
10835,10835,2024-10-12,Card,23.68,Paid
10836,10836,2024-10-09,Mobile Pay,12.75,Paid
10837,10837,2024-01-30,Mobile Pay,32.81,Paid
10838,10838,2024-11-23,Mobile Pay,9.00,Paid
10839,10839,2024-06-26,Card,10.30,Refunded
10840,10840,2024-05-16,Card,11.22,Paid
10841,10841,2024-04-10,Mobile Pay,32.93,Paid
10842,10842,2024-05-08,Cash,30.80,Paid
10843,10843,2024-07-11,Cash,21.03,Paid
10844,10844,2024-11-16,Cash,61.85,Paid
10845,10845,2024-06-23,Cash,10.47,Paid
10846,10846,2024-11-18,Mobile Pay,6.51,Refunded
10847,10847,2024-03-07,Cash,13.07,Paid
10848,10848,2024-05-21,Mobile Pay,20.90,Paid
10849,10849,2024-09-18,Mobile Pay,23.75,Paid
10850,10850,2024-06-10,Card,11.15,Paid
10851,10851,2024-03-18,Cash,40.61,Paid
10852,10852,2024-03-01,Card,24.19,Paid
10853,10853,2024-10-10,Card,27.60,Refunded
10854,10854,2024-07-21,Cash,27.84,Paid
10855,10855,2024-07-18,Card,28.03,Paid
10856,10856,2024-08-10,Cash,31.54,Paid
10857,10857,2024-09-28,Cash,24.09,Paid
10858,10858,2024-07-28,Mobile Pay,70.98,Paid
10859,10859,2024-05-10,Mobile Pay,33.93,Paid
10860,10860,2024-05-09,Mobile Pay,13.86,Paid
10861,10861,2024-10-12,Cash,53.91,Paid
10862,10862,2024-10-22,Card,18.54,Paid
10863,10863,2024-07-02,Card,35.55,Paid
10864,10864,2024-02-29,Cash,48.64,Refunded
10865,10865,2024-02-22,Mobile Pay,30.94,Paid
10866,10866,2024-09-02,Card,12.93,Refunded
10867,10867,2024-02-22,Mobile Pay,21.03,Refunded
10868,10868,2024-03-14,Card,24.11,Refunded
10869,10869,2024-09-02,Cash,18.18,Paid
10870,10870,2024-09-29,Cash,8.52,Paid
10871,10871,2024-10-24,Mobile Pay,25.38,Paid
10872,10872,2024-09-24,Cash,19.17,Paid
10873,10873,2024-02-11,Mobile Pay,13.05,Paid
10874,10874,2024-02-18,Mobile Pay,34.33,Paid
10875,10875,2024-02-16,Card,9.15,Paid
10876,10876,2024-11-14,Card,28.57,Refunded
10877,10877,2024-02-23,Cash,24.18,Refunded
10878,10878,2024-05-20,Mobile Pay,33.70,Paid
10879,10879,2024-07-19,Cash,18.36,Paid
10880,10880,2024-07-29,Card,23.22,Refunded
10881,10881,2024-07-22,Mobile Pay,29.36,Paid
10882,10882,2024-09-25,Mobile Pay,53.63,Paid
10883,10883,2024-06-28,Cash,19.42,Paid
10884,10884,2024-10-08,Cash,29.47,Refunded
10885,10885,2024-12-20,Card,28.65,Paid
10886,10886,2024-09-29,Cash,51.79,Paid
10887,10887,2024-03-20,Mobile Pay,30.75,Paid
10888,10888,2024-04-16,Card,47.27,Paid
10889,10889,2024-06-24,Cash,16.10,Paid
10890,10890,2024-04-29,Card,6.22,Paid
10891,10891,2024-04-26,Mobile Pay,27.95,Refunded
10892,10892,2024-10-06,Mobile Pay,26.70,Paid
10893,10893,2024-11-26,Card,57.17,Paid
10894,10894,2024-04-04,Cash,46.94,Refunded
10895,10895,2024-01-13,Card,17.90,Refunded
10896,10896,2024-02-21,Cash,28.34,Paid
10897,10897,2024-05-26,Mobile Pay,65.12,Paid
10898,10898,2024-03-22,Card,29.04,Paid
10899,10899,2024-07-15,Cash,18.50,Paid
10900,10900,2024-02-23,Card,25.53,Paid
10901,10901,2024-06-06,Cash,19.83,Paid
10902,10902,2024-09-16,Mobile Pay,26.72,Paid
10903,10903,2024-08-26,Cash,43.18,Paid
10904,10904,2024-10-29,Mobile Pay,43.71,Paid
10905,10905,2024-02-01,Cash,13.93,Paid
10906,10906,2024-06-15,Card,68.74,Paid
10907,10907,2024-12-09,Card,29.90,Paid
10908,10908,2024-12-11,Cash,26.88,Refunded
10909,10909,2024-06-09,Mobile Pay,9.18,Paid
10910,10910,2024-05-04,Card,10.32,Refunded
10911,10911,2024-05-13,Mobile Pay,40.30,Paid
10912,10912,2024-05-13,Cash,22.88,Paid
10913,10913,2024-04-05,Card,22.92,Paid
10914,10914,2024-03-22,Cash,13.13,Paid
10915,10915,2024-08-28,Cash,22.72,Refunded
10916,10916,2024-04-14,Mobile Pay,12.80,Refunded
10917,10917,2024-04-21,Cash,23.66,Refunded
10918,10918,2024-07-23,Card,11.93,Refunded
10919,10919,2024-11-11,Card,25.01,Paid
10920,10920,2024-11-10,Cash,33.13,Paid
10921,10921,2024-04-18,Mobile Pay,21.20,Paid
10922,10922,2024-03-29,Mobile Pay,20.04,Paid
10923,10923,2024-02-19,Mobile Pay,17.10,Paid
10924,10924,2024-08-28,Card,32.05,Refunded
10925,10925,2024-09-04,Card,71.28,Paid
10926,10926,2024-06-09,Cash,27.24,Refunded
10927,10927,2024-03-16,Card,17.99,Paid
10928,10928,2024-03-12,Card,13.38,Paid
10929,10929,2024-11-20,Cash,31.55,Paid
10930,10930,2024-03-08,Mobile Pay,61.42,Paid
10931,10931,2024-08-15,Mobile Pay,34.13,Paid
10932,10932,2024-04-01,Card,30.28,Paid
10933,10933,2024-01-28,Card,10.50,Paid
10934,10934,2024-01-09,Mobile Pay,34.49,Paid
10935,10935,2024-11-07,Card,36.93,Refunded
10936,10936,2024-01-24,Mobile Pay,28.79,Refunded
10937,10937,2024-02-09,Card,54.42,Refunded
10938,10938,2024-05-04,Mobile Pay,18.29,Paid
10939,10939,2024-12-31,Card,40.75,Paid
10940,10940,2024-07-29,Mobile Pay,46.99,Paid
10941,10941,2024-07-07,Mobile Pay,48.79,Paid
10942,10942,2024-10-21,Card,33.69,Paid
10943,10943,2024-04-04,Card,15.67,Paid
10944,10944,2024-02-27,Cash,31.60,Paid
10945,10945,2024-01-19,Mobile Pay,10.82,Paid
10946,10946,2024-03-29,Mobile Pay,15.83,Refunded
10947,10947,2024-03-23,Cash,25.73,Paid
10948,10948,2024-08-08,Cash,19.74,Paid
10949,10949,2024-12-02,Cash,18.08,Paid
10950,10950,2024-06-15,Mobile Pay,15.14,Paid
10951,10951,2024-02-08,Cash,13.53,Paid
10952,10952,2024-09-15,Cash,29.61,Paid
10953,10953,2024-05-26,Card,17.72,Paid
10954,10954,2024-10-22,Cash,23.46,Paid
10955,10955,2024-02-23,Cash,15.28,Paid
10956,10956,2024-06-18,Mobile Pay,24.20,Paid
10957,10957,2024-09-27,Mobile Pay,31.82,Refunded
10958,10958,2024-12-24,Cash,24.40,Refunded
10959,10959,2024-01-06,Mobile Pay,24.13,Refunded
10960,10960,2024-05-30,Mobile Pay,11.72,Paid
10961,10961,2024-12-24,Card,19.56,Paid
10962,10962,2024-05-30,Card,34.66,Paid
10963,10963,2024-11-24,Mobile Pay,34.70,Paid
10964,10964,2024-06-18,Card,23.72,Paid
10965,10965,2024-02-24,Mobile Pay,32.93,Paid
10966,10966,2024-04-24,Card,15.57,Paid
10967,10967,2024-02-25,Cash,19.78,Paid
10968,10968,2024-07-30,Cash,32.01,Paid
10969,10969,2024-10-14,Cash,42.31,Paid
10970,10970,2024-06-22,Mobile Pay,10.39,Paid
10971,10971,2024-08-27,Mobile Pay,12.42,Refunded
10972,10972,2024-03-26,Cash,19.79,Paid
10973,10973,2024-01-21,Mobile Pay,33.17,Paid
10974,10974,2024-08-24,Cash,13.12,Paid
10975,10975,2024-09-19,Card,7.89,Paid
10976,10976,2024-08-19,Mobile Pay,20.20,Refunded
10977,10977,2024-07-20,Mobile Pay,37.50,Refunded
10978,10978,2024-04-30,Card,13.14,Paid
10979,10979,2024-12-31,Cash,22.92,Paid
10980,10980,2024-02-22,Cash,37.76,Paid
10981,10981,2024-09-19,Cash,24.72,Paid
10982,10982,2024-07-18,Card,57.65,Paid
10983,10983,2024-07-26,Cash,8.68,Paid
10984,10984,2024-04-30,Cash,64.33,Refunded
10985,10985,2024-05-17,Card,40.60,Refunded
10986,10986,2024-02-24,Mobile Pay,23.48,Refunded
10987,10987,2024-06-26,Cash,25.55,Paid
10988,10988,2024-05-31,Card,32.12,Paid
10989,10989,2024-02-25,Card,27.79,Paid
10990,10990,2024-04-18,Card,56.98,Paid
10991,10991,2024-09-12,Card,53.26,Paid
10992,10992,2024-06-12,Card,17.18,Paid
10993,10993,2024-04-15,Mobile Pay,15.26,Refunded
10994,10994,2024-02-17,Cash,38.74,Refunded
10995,10995,2024-08-17,Mobile Pay,53.98,Paid
10996,10996,2024-01-07,Cash,16.26,Refunded
10997,10997,2024-07-23,Mobile Pay,22.29,Paid
10998,10998,2024-07-15,Mobile Pay,45.73,Refunded
10999,10999,2024-06-06,Card,8.00,Paid
11000,11000,2024-09-25,Cash,38.29,Paid
11001,11001,2024-04-05,Cash,44.04,Paid
11002,11002,2024-04-30,Card,16.29,Refunded
11003,11003,2024-07-03,Card,34.78,Refunded
11004,11004,2024-10-21,Cash,13.09,Paid
11005,11005,2024-05-20,Mobile Pay,18.80,Paid
11006,11006,2024-04-25,Mobile Pay,79.41,Paid
11007,11007,2024-08-31,Card,23.94,Paid
11008,11008,2024-06-19,Card,25.10,Paid
11009,11009,2024-10-12,Cash,45.55,Refunded
11010,11010,2024-02-26,Card,30.52,Paid
11011,11011,2024-06-27,Mobile Pay,31.40,Paid
11012,11012,2024-09-14,Card,27.80,Paid
11013,11013,2024-09-20,Card,24.09,Refunded
11014,11014,2024-11-06,Mobile Pay,23.26,Paid
11015,11015,2024-10-11,Mobile Pay,18.04,Paid
11016,11016,2024-12-08,Mobile Pay,14.30,Refunded
11017,11017,2024-02-14,Cash,60.16,Paid
11018,11018,2024-07-20,Cash,9.28,Refunded
11019,11019,2024-03-09,Card,72.18,Refunded
11020,11020,2024-01-13,Cash,29.69,Paid
11021,11021,2024-11-18,Mobile Pay,14.86,Paid
11022,11022,2024-11-01,Mobile Pay,7.47,Paid
11023,11023,2024-12-09,Card,113.92,Refunded
11024,11024,2024-01-23,Cash,21.97,Paid
11025,11025,2024-07-29,Cash,28.74,Refunded
11026,11026,2024-11-25,Mobile Pay,7.43,Paid
11027,11027,2024-04-10,Card,26.30,Paid
11028,11028,2024-06-03,Cash,14.82,Paid
11029,11029,2024-05-13,Mobile Pay,53.47,Paid
11030,11030,2024-02-12,Cash,42.24,Paid
11031,11031,2024-11-03,Cash,21.19,Refunded
11032,11032,2024-12-18,Mobile Pay,22.30,Paid
11033,11033,2024-06-07,Mobile Pay,55.14,Paid
11034,11034,2024-02-12,Card,21.60,Paid
11035,11035,2024-05-18,Cash,34.30,Paid
11036,11036,2024-10-09,Card,29.85,Paid
11037,11037,2024-12-12,Mobile Pay,19.02,Paid
11038,11038,2024-12-11,Cash,48.33,Paid
11039,11039,2024-01-04,Cash,29.13,Paid
11040,11040,2024-02-15,Cash,28.97,Paid
11041,11041,2024-09-05,Cash,38.37,Paid
11042,11042,2024-05-06,Card,23.21,Refunded
11043,11043,2024-01-17,Card,28.77,Paid
11044,11044,2024-02-06,Mobile Pay,13.62,Paid
11045,11045,2024-08-16,Mobile Pay,18.51,Paid
11046,11046,2024-08-26,Mobile Pay,11.22,Paid
11047,11047,2024-11-22,Mobile Pay,5.58,Paid
11048,11048,2024-08-25,Card,17.85,Paid
11049,11049,2024-06-20,Card,17.08,Refunded
11050,11050,2024-11-28,Card,15.89,Paid
11051,11051,2024-10-17,Cash,10.86,Paid
11052,11052,2024-02-04,Card,10.27,Paid
11053,11053,2024-07-02,Mobile Pay,22.61,Paid
11054,11054,2024-10-04,Card,14.46,Paid
11055,11055,2024-01-10,Mobile Pay,13.06,Paid
11056,11056,2024-08-20,Mobile Pay,42.25,Paid
11057,11057,2024-12-25,Mobile Pay,25.55,Refunded
11058,11058,2024-04-08,Card,28.32,Paid
11059,11059,2024-06-19,Cash,32.30,Paid
11060,11060,2024-05-22,Cash,25.66,Paid
11061,11061,2024-01-04,Cash,27.40,Refunded
11062,11062,2024-02-04,Mobile Pay,40.51,Paid
11063,11063,2024-06-22,Cash,55.12,Refunded
11064,11064,2024-07-16,Mobile Pay,47.03,Paid
11065,11065,2024-07-23,Cash,33.34,Paid
11066,11066,2024-09-05,Card,33.60,Refunded
11067,11067,2024-08-11,Mobile Pay,12.11,Paid
11068,11068,2024-10-22,Card,18.16,Refunded
11069,11069,2024-10-09,Card,11.83,Paid
11070,11070,2024-07-10,Card,26.56,Paid
11071,11071,2024-04-25,Mobile Pay,19.48,Refunded
11072,11072,2024-02-24,Mobile Pay,13.91,Paid
11073,11073,2024-12-28,Card,20.04,Paid
11074,11074,2024-04-12,Cash,26.81,Refunded
11075,11075,2024-07-12,Card,28.00,Paid
11076,11076,2024-06-30,Card,21.48,Paid
11077,11077,2024-12-11,Cash,35.05,Paid
11078,11078,2024-02-06,Cash,24.82,Paid
11079,11079,2024-06-21,Card,10.74,Paid
11080,11080,2024-05-28,Card,24.52,Paid
11081,11081,2024-10-03,Card,15.80,Refunded
11082,11082,2024-06-11,Cash,29.79,Paid
11083,11083,2024-11-13,Cash,49.48,Refunded
11084,11084,2024-11-28,Cash,31.10,Paid
11085,11085,2024-11-26,Mobile Pay,26.19,Paid
11086,11086,2024-09-23,Mobile Pay,17.06,Paid
11087,11087,2024-12-25,Mobile Pay,10.08,Paid
11088,11088,2024-03-31,Cash,21.93,Paid
11089,11089,2024-11-08,Mobile Pay,17.49,Paid
11090,11090,2024-02-13,Mobile Pay,20.77,Paid
11091,11091,2024-02-15,Card,19.56,Refunded
11092,11092,2024-04-12,Mobile Pay,13.85,Paid
11093,11093,2024-04-24,Card,23.62,Paid
11094,11094,2024-01-14,Card,18.43,Paid
11095,11095,2024-07-11,Cash,16.38,Refunded
11096,11096,2024-08-17,Mobile Pay,43.13,Refunded
11097,11097,2024-04-24,Cash,12.71,Paid
11098,11098,2024-12-06,Cash,20.05,Paid
11099,11099,2024-02-11,Cash,16.02,Paid
11100,11100,2024-12-27,Cash,17.59,Paid
11101,11101,2024-04-28,Card,36.46,Paid
11102,11102,2024-06-07,Card,19.81,Paid
11103,11103,2024-02-14,Mobile Pay,7.37,Paid
11104,11104,2024-08-19,Card,13.93,Paid
11105,11105,2024-10-08,Card,23.46,Refunded
11106,11106,2024-03-02,Cash,32.33,Paid
11107,11107,2024-03-13,Card,34.32,Paid
11108,11108,2024-04-13,Cash,14.00,Paid
11109,11109,2024-10-01,Card,37.20,Paid
11110,11110,2024-12-27,Mobile Pay,35.31,Paid
11111,11111,2024-03-31,Mobile Pay,23.28,Paid
11112,11112,2024-01-01,Mobile Pay,16.24,Paid
11113,11113,2024-03-12,Mobile Pay,14.53,Paid
11114,11114,2024-08-10,Mobile Pay,22.10,Paid
11115,11115,2024-08-03,Card,28.52,Paid
11116,11116,2024-06-19,Mobile Pay,24.10,Paid
11117,11117,2024-01-24,Cash,33.37,Paid
11118,11118,2024-09-09,Mobile Pay,17.95,Paid
11119,11119,2024-06-11,Cash,22.39,Paid
11120,11120,2024-10-12,Mobile Pay,23.46,Paid
11121,11121,2024-03-24,Mobile Pay,10.52,Paid
11122,11122,2024-08-27,Cash,21.09,Paid
11123,11123,2024-04-17,Mobile Pay,15.88,Refunded
11124,11124,2024-12-29,Mobile Pay,20.15,Paid
11125,11125,2024-09-23,Mobile Pay,9.06,Paid
11126,11126,2024-03-04,Cash,62.26,Paid
11127,11127,2024-12-16,Mobile Pay,18.42,Paid
11128,11128,2024-08-03,Mobile Pay,12.47,Paid
11129,11129,2024-06-22,Card,21.79,Paid
11130,11130,2024-11-11,Card,37.26,Paid
11131,11131,2024-06-08,Card,19.53,Paid
11132,11132,2024-04-10,Cash,28.78,Refunded
11133,11133,2024-01-26,Mobile Pay,14.21,Paid
11134,11134,2024-09-07,Mobile Pay,17.36,Paid
11135,11135,2024-07-25,Cash,18.26,Refunded
11136,11136,2024-09-24,Mobile Pay,10.18,Refunded
11137,11137,2024-04-04,Card,7.30,Paid
11138,11138,2024-05-15,Card,23.62,Paid
11139,11139,2024-02-24,Cash,10.31,Paid
11140,11140,2024-12-21,Card,15.96,Paid
11141,11141,2024-07-08,Card,60.33,Paid
11142,11142,2024-12-24,Card,18.79,Paid
11143,11143,2024-04-23,Mobile Pay,16.08,Paid
11144,11144,2024-06-21,Card,14.05,Refunded
11145,11145,2024-03-28,Card,20.87,Refunded
11146,11146,2024-07-08,Card,29.30,Paid
11147,11147,2024-01-15,Card,15.21,Refunded
11148,11148,2024-05-07,Card,37.56,Paid
11149,11149,2024-06-01,Cash,54.52,Paid
11150,11150,2024-06-08,Mobile Pay,22.46,Paid
11151,11151,2024-03-16,Cash,31.37,Paid
11152,11152,2024-05-11,Cash,15.77,Paid
11153,11153,2024-10-15,Card,25.64,Refunded
11154,11154,2024-01-31,Mobile Pay,42.47,Refunded
11155,11155,2024-11-14,Card,36.13,Paid
11156,11156,2024-06-22,Card,19.78,Paid
11157,11157,2024-09-08,Card,22.33,Paid
11158,11158,2024-04-13,Mobile Pay,45.49,Paid
11159,11159,2024-03-15,Card,45.19,Paid
11160,11160,2024-07-30,Mobile Pay,52.66,Paid
11161,11161,2024-04-04,Cash,14.48,Paid
11162,11162,2024-06-21,Mobile Pay,28.83,Paid
11163,11163,2024-01-20,Card,16.16,Refunded
11164,11164,2024-10-22,Mobile Pay,9.51,Paid
11165,11165,2024-05-27,Mobile Pay,28.62,Refunded
11166,11166,2024-03-17,Cash,13.22,Paid
11167,11167,2024-02-15,Mobile Pay,73.45,Paid
11168,11168,2024-10-27,Card,28.97,Paid
11169,11169,2024-09-27,Mobile Pay,31.60,Refunded
11170,11170,2024-12-26,Mobile Pay,7.02,Paid
11171,11171,2024-05-14,Mobile Pay,19.52,Paid
11172,11172,2024-11-01,Card,28.19,Paid
11173,11173,2024-02-04,Cash,27.40,Paid
11174,11174,2024-03-26,Cash,22.43,Paid
11175,11175,2024-01-09,Cash,43.48,Paid
11176,11176,2024-12-08,Cash,34.89,Paid
11177,11177,2024-04-15,Card,24.07,Refunded
11178,11178,2024-05-25,Mobile Pay,24.01,Paid
11179,11179,2024-08-14,Cash,20.42,Paid
11180,11180,2024-06-02,Mobile Pay,30.77,Paid
11181,11181,2024-05-14,Mobile Pay,41.63,Refunded
11182,11182,2024-05-20,Card,31.59,Paid
11183,11183,2024-10-11,Mobile Pay,46.34,Paid
11184,11184,2024-03-15,Card,38.91,Paid
11185,11185,2024-03-02,Card,46.71,Paid
11186,11186,2024-07-10,Card,25.10,Paid
11187,11187,2024-11-01,Card,55.76,Paid
11188,11188,2024-03-27,Mobile Pay,13.99,Refunded
11189,11189,2024-02-06,Card,22.31,Refunded
11190,11190,2024-12-29,Card,57.30,Paid
11191,11191,2024-11-23,Cash,26.64,Paid
11192,11192,2024-03-26,Card,24.34,Paid
11193,11193,2024-01-20,Mobile Pay,20.28,Paid
11194,11194,2024-01-30,Cash,30.94,Paid
11195,11195,2024-04-22,Mobile Pay,12.11,Paid
11196,11196,2024-05-13,Card,16.42,Paid
11197,11197,2024-07-28,Card,19.88,Refunded
11198,11198,2024-03-20,Cash,20.85,Paid
11199,11199,2024-11-27,Card,30.98,Paid
11200,11200,2024-01-11,Mobile Pay,36.07,Paid
11201,11201,2024-02-06,Card,38.76,Paid
11202,11202,2024-04-25,Mobile Pay,22.08,Paid
11203,11203,2024-11-28,Mobile Pay,26.20,Paid
11204,11204,2024-03-06,Mobile Pay,46.43,Refunded
11205,11205,2024-01-11,Cash,8.90,Paid
11206,11206,2024-09-15,Card,23.95,Paid
11207,11207,2024-05-31,Mobile Pay,8.12,Paid
11208,11208,2024-09-25,Card,8.27,Paid
11209,11209,2024-03-04,Mobile Pay,18.54,Refunded
11210,11210,2024-02-15,Cash,37.53,Paid
11211,11211,2024-07-06,Mobile Pay,20.83,Paid
11212,11212,2024-10-08,Card,34.78,Refunded
11213,11213,2024-02-24,Mobile Pay,13.05,Paid
11214,11214,2024-09-03,Mobile Pay,19.01,Paid
11215,11215,2024-06-20,Card,19.15,Paid
11216,11216,2024-11-05,Cash,9.50,Paid
11217,11217,2024-11-24,Card,62.88,Paid
11218,11218,2024-03-16,Cash,51.78,Paid
11219,11219,2024-08-31,Mobile Pay,60.58,Paid
11220,11220,2024-04-20,Mobile Pay,31.97,Paid
11221,11221,2024-06-16,Cash,18.65,Paid
11222,11222,2024-02-26,Cash,21.50,Paid
11223,11223,2024-10-12,Cash,39.52,Paid
11224,11224,2024-07-14,Mobile Pay,20.73,Paid
11225,11225,2024-03-30,Card,38.85,Paid
11226,11226,2024-09-28,Card,20.51,Paid
11227,11227,2024-06-13,Cash,13.79,Paid
11228,11228,2024-01-10,Mobile Pay,75.23,Paid
11229,11229,2024-04-08,Mobile Pay,17.77,Paid
11230,11230,2024-01-31,Mobile Pay,31.41,Paid
11231,11231,2024-10-26,Cash,17.06,Refunded
11232,11232,2024-02-28,Card,18.48,Paid
11233,11233,2024-08-20,Mobile Pay,11.63,Paid
11234,11234,2024-10-09,Mobile Pay,44.75,Paid
11235,11235,2024-07-14,Cash,25.48,Refunded
11236,11236,2024-03-23,Mobile Pay,12.23,Paid
11237,11237,2024-01-27,Card,27.17,Paid
11238,11238,2024-03-26,Card,39.70,Paid
11239,11239,2024-09-04,Mobile Pay,13.83,Paid
11240,11240,2024-01-31,Mobile Pay,10.72,Refunded
11241,11241,2024-07-04,Cash,18.15,Refunded
11242,11242,2024-05-03,Card,30.07,Paid
11243,11243,2024-10-07,Cash,19.60,Paid
11244,11244,2024-04-12,Mobile Pay,10.60,Paid
11245,11245,2024-12-06,Mobile Pay,9.94,Paid
11246,11246,2024-10-26,Card,12.34,Paid
11247,11247,2024-10-10,Cash,31.13,Paid
11248,11248,2024-12-06,Mobile Pay,29.64,Refunded
11249,11249,2024-09-27,Cash,29.16,Paid
11250,11250,2024-10-08,Mobile Pay,24.78,Paid
11251,11251,2024-02-20,Cash,10.36,Paid
11252,11252,2024-05-01,Cash,13.78,Paid
11253,11253,2024-10-07,Cash,16.55,Paid
11254,11254,2024-06-16,Mobile Pay,17.35,Paid
11255,11255,2024-01-12,Card,32.72,Paid
11256,11256,2024-01-28,Card,9.93,Refunded
11257,11257,2024-09-13,Mobile Pay,18.47,Paid
11258,11258,2024-06-12,Cash,64.46,Paid
11259,11259,2024-05-02,Card,32.16,Paid
11260,11260,2024-11-08,Card,18.05,Paid
11261,11261,2024-11-08,Card,18.04,Paid
11262,11262,2024-08-09,Mobile Pay,49.34,Paid
11263,11263,2024-08-31,Card,14.38,Paid
11264,11264,2024-10-01,Cash,20.75,Refunded
11265,11265,2024-02-11,Card,13.00,Paid
11266,11266,2024-07-01,Card,37.65,Paid
11267,11267,2024-12-23,Card,23.18,Paid
11268,11268,2024-04-11,Cash,18.83,Paid
11269,11269,2024-02-26,Mobile Pay,14.28,Paid
11270,11270,2024-04-06,Cash,28.84,Paid
11271,11271,2024-05-01,Mobile Pay,18.67,Paid
11272,11272,2024-10-18,Cash,20.47,Paid
11273,11273,2024-03-08,Mobile Pay,87.38,Paid
11274,11274,2024-12-05,Cash,29.26,Paid
11275,11275,2024-12-24,Cash,35.73,Paid
11276,11276,2024-04-12,Card,30.89,Refunded
11277,11277,2024-01-02,Cash,47.80,Refunded
11278,11278,2024-02-21,Mobile Pay,19.33,Paid
11279,11279,2024-10-04,Cash,15.13,Paid
11280,11280,2024-04-28,Cash,25.67,Paid
11281,11281,2024-12-24,Card,39.34,Paid
11282,11282,2024-09-03,Card,31.98,Refunded
11283,11283,2024-08-21,Mobile Pay,8.30,Refunded
11284,11284,2024-01-03,Mobile Pay,9.89,Paid
11285,11285,2024-12-31,Mobile Pay,97.69,Refunded
11286,11286,2024-03-30,Card,70.60,Refunded
11287,11287,2024-06-24,Card,12.63,Paid
11288,11288,2024-04-30,Card,18.90,Paid
11289,11289,2024-08-23,Cash,62.62,Paid
11290,11290,2024-01-19,Card,11.44,Refunded
11291,11291,2024-12-30,Cash,56.15,Paid
11292,11292,2024-05-16,Mobile Pay,10.36,Paid
11293,11293,2024-01-05,Card,24.62,Paid
11294,11294,2024-12-09,Cash,49.23,Paid
11295,11295,2024-10-07,Card,35.74,Paid
11296,11296,2024-01-25,Mobile Pay,27.60,Paid
11297,11297,2024-05-09,Mobile Pay,33.83,Paid
11298,11298,2024-01-30,Card,14.68,Paid
11299,11299,2024-04-15,Cash,17.16,Paid
11300,11300,2024-02-27,Mobile Pay,42.48,Paid
11301,11301,2024-02-25,Mobile Pay,45.89,Paid
11302,11302,2024-08-22,Card,37.02,Refunded
11303,11303,2024-07-18,Card,50.33,Refunded
11304,11304,2024-11-08,Cash,17.67,Paid
11305,11305,2024-01-23,Mobile Pay,39.97,Refunded
11306,11306,2024-04-06,Card,19.26,Refunded
11307,11307,2024-11-04,Card,36.64,Paid
11308,11308,2024-05-01,Card,36.76,Paid
11309,11309,2024-03-10,Card,14.20,Paid
11310,11310,2024-09-10,Mobile Pay,69.80,Paid
11311,11311,2024-01-19,Mobile Pay,19.15,Paid
11312,11312,2024-05-21,Cash,99.72,Paid
11313,11313,2024-11-14,Mobile Pay,19.35,Paid
11314,11314,2024-08-14,Mobile Pay,28.78,Paid
11315,11315,2024-06-01,Cash,61.29,Paid
11316,11316,2024-07-31,Mobile Pay,9.65,Paid
11317,11317,2024-01-27,Cash,17.78,Paid
11318,11318,2024-10-27,Card,15.35,Refunded
11319,11319,2024-08-21,Mobile Pay,42.78,Paid
11320,11320,2024-02-16,Mobile Pay,17.21,Paid
11321,11321,2024-06-27,Mobile Pay,32.38,Paid
11322,11322,2024-05-20,Cash,7.86,Refunded
11323,11323,2024-01-28,Mobile Pay,13.76,Refunded
11324,11324,2024-07-12,Card,24.38,Paid
11325,11325,2024-01-26,Mobile Pay,38.52,Paid
11326,11326,2024-06-02,Cash,14.93,Paid
11327,11327,2024-09-13,Mobile Pay,32.28,Refunded
11328,11328,2024-08-23,Cash,22.18,Paid
11329,11329,2024-04-30,Mobile Pay,21.00,Paid
11330,11330,2024-12-26,Mobile Pay,15.16,Refunded
11331,11331,2024-03-17,Mobile Pay,20.28,Paid
11332,11332,2024-01-03,Card,8.40,Paid
11333,11333,2024-12-02,Card,52.20,Paid
11334,11334,2024-03-12,Mobile Pay,22.43,Paid
11335,11335,2024-06-26,Mobile Pay,8.57,Paid
11336,11336,2024-06-11,Mobile Pay,21.46,Paid
11337,11337,2024-03-21,Mobile Pay,8.74,Paid
11338,11338,2024-06-12,Mobile Pay,53.12,Refunded
11339,11339,2024-11-21,Mobile Pay,21.96,Refunded
11340,11340,2024-07-12,Card,28.89,Paid
11341,11341,2024-12-03,Mobile Pay,7.57,Paid
11342,11342,2024-06-23,Cash,31.11,Paid
11343,11343,2024-02-21,Cash,26.11,Refunded
11344,11344,2024-04-16,Cash,27.22,Refunded
11345,11345,2024-07-13,Card,19.04,Paid
11346,11346,2024-05-02,Card,31.69,Paid
11347,11347,2024-12-11,Mobile Pay,21.16,Refunded
11348,11348,2024-02-20,Cash,36.11,Paid
11349,11349,2024-02-03,Mobile Pay,25.27,Paid
11350,11350,2024-08-17,Cash,20.28,Paid
11351,11351,2024-03-08,Card,14.49,Paid
11352,11352,2024-11-04,Cash,63.54,Paid
11353,11353,2024-10-10,Mobile Pay,13.13,Paid
11354,11354,2024-11-06,Mobile Pay,23.65,Refunded
11355,11355,2024-09-26,Cash,46.73,Paid
11356,11356,2024-03-23,Card,27.53,Paid
11357,11357,2024-11-14,Card,8.15,Refunded
11358,11358,2024-04-13,Card,20.13,Paid
11359,11359,2024-01-25,Cash,60.32,Paid
11360,11360,2024-12-01,Cash,27.45,Paid
11361,11361,2024-03-26,Mobile Pay,7.46,Paid
11362,11362,2024-06-27,Cash,26.20,Refunded
11363,11363,2024-04-23,Card,20.52,Paid
11364,11364,2024-07-02,Mobile Pay,37.02,Paid
11365,11365,2024-06-06,Cash,27.07,Paid
11366,11366,2024-06-10,Cash,9.65,Paid
11367,11367,2024-04-25,Mobile Pay,21.16,Paid
11368,11368,2024-08-21,Cash,47.69,Refunded
11369,11369,2024-03-12,Cash,24.04,Refunded
11370,11370,2024-11-08,Cash,49.38,Paid
11371,11371,2024-06-05,Cash,26.82,Paid
11372,11372,2024-09-04,Cash,27.03,Paid
11373,11373,2024-05-25,Mobile Pay,17.73,Paid
11374,11374,2024-09-26,Card,19.58,Paid
11375,11375,2024-03-20,Mobile Pay,82.13,Paid
11376,11376,2024-08-30,Card,25.59,Paid
11377,11377,2024-05-19,Cash,27.54,Refunded
11378,11378,2024-01-31,Card,22.25,Refunded
11379,11379,2024-02-20,Card,65.69,Paid
11380,11380,2024-05-23,Mobile Pay,58.15,Paid
11381,11381,2024-05-19,Card,24.41,Paid
11382,11382,2024-06-14,Mobile Pay,41.10,Paid
11383,11383,2024-11-07,Mobile Pay,15.87,Refunded
11384,11384,2024-11-05,Card,16.33,Paid
11385,11385,2024-09-30,Card,37.21,Paid
11386,11386,2024-12-03,Mobile Pay,12.41,Refunded
11387,11387,2024-09-24,Mobile Pay,7.29,Paid
11388,11388,2024-07-01,Card,22.33,Paid
11389,11389,2024-06-03,Cash,19.28,Paid
11390,11390,2024-03-11,Mobile Pay,13.39,Paid
11391,11391,2024-09-28,Card,72.52,Paid
11392,11392,2024-10-12,Cash,28.27,Refunded
11393,11393,2024-05-08,Mobile Pay,31.16,Paid
11394,11394,2024-03-15,Cash,42.89,Paid
11395,11395,2024-01-18,Mobile Pay,38.17,Paid
11396,11396,2024-12-15,Card,41.28,Paid
11397,11397,2024-09-12,Mobile Pay,13.68,Paid
11398,11398,2024-11-15,Mobile Pay,24.12,Paid
11399,11399,2024-11-03,Cash,27.04,Paid
11400,11400,2024-03-26,Mobile Pay,53.12,Paid
11401,11401,2024-02-22,Card,41.28,Paid
11402,11402,2024-10-03,Mobile Pay,27.50,Paid
11403,11403,2024-06-03,Card,23.00,Refunded
11404,11404,2024-11-06,Card,50.89,Paid
11405,11405,2024-08-26,Mobile Pay,26.29,Paid
11406,11406,2024-07-01,Card,34.32,Paid
11407,11407,2024-11-09,Card,24.44,Paid
11408,11408,2024-05-01,Mobile Pay,14.15,Paid
11409,11409,2024-02-02,Cash,12.03,Refunded
11410,11410,2024-12-01,Card,47.85,Paid
11411,11411,2024-07-15,Cash,6.81,Paid
11412,11412,2024-06-24,Card,7.25,Paid
11413,11413,2024-09-05,Cash,30.27,Paid
11414,11414,2024-09-14,Cash,14.97,Refunded
11415,11415,2024-09-13,Cash,29.45,Paid
11416,11416,2024-06-14,Card,19.95,Paid
11417,11417,2024-04-13,Mobile Pay,10.87,Refunded
11418,11418,2024-07-01,Mobile Pay,13.24,Paid
11419,11419,2024-01-17,Cash,13.78,Paid
11420,11420,2024-10-04,Card,20.22,Paid
11421,11421,2024-05-03,Cash,13.30,Paid
11422,11422,2024-06-21,Mobile Pay,31.31,Paid
11423,11423,2024-03-20,Cash,35.73,Refunded
11424,11424,2024-03-31,Mobile Pay,19.98,Paid
11425,11425,2024-10-08,Card,19.13,Paid
11426,11426,2024-02-01,Card,26.90,Paid
11427,11427,2024-11-13,Mobile Pay,27.50,Paid
11428,11428,2024-01-23,Card,25.50,Paid
11429,11429,2024-03-08,Card,42.19,Paid
11430,11430,2024-02-16,Mobile Pay,54.06,Paid
11431,11431,2024-04-18,Card,21.78,Paid
11432,11432,2024-07-23,Mobile Pay,7.47,Paid
11433,11433,2024-03-04,Mobile Pay,12.20,Paid
11434,11434,2024-12-27,Mobile Pay,27.22,Refunded
11435,11435,2024-08-03,Cash,26.42,Paid
11436,11436,2024-10-18,Mobile Pay,8.67,Refunded
11437,11437,2024-06-08,Card,33.08,Refunded
11438,11438,2024-12-14,Mobile Pay,16.60,Paid
11439,11439,2024-01-03,Cash,26.22,Paid
11440,11440,2024-07-10,Card,20.16,Paid
11441,11441,2024-11-27,Mobile Pay,30.90,Refunded
11442,11442,2024-05-03,Cash,30.91,Paid
11443,11443,2024-11-19,Cash,28.04,Refunded
11444,11444,2024-01-27,Cash,21.16,Paid
11445,11445,2024-09-14,Cash,12.82,Paid
11446,11446,2024-01-17,Mobile Pay,58.72,Paid
11447,11447,2024-10-16,Cash,11.92,Paid
11448,11448,2024-06-26,Mobile Pay,24.50,Paid
11449,11449,2024-02-25,Cash,17.78,Refunded
11450,11450,2024-11-05,Card,34.48,Paid
11451,11451,2024-08-24,Cash,26.66,Refunded
11452,11452,2024-10-05,Card,9.25,Paid
11453,11453,2024-05-25,Mobile Pay,40.36,Paid
11454,11454,2024-10-13,Cash,34.48,Paid
11455,11455,2024-12-23,Cash,12.08,Paid
11456,11456,2024-03-13,Mobile Pay,55.48,Paid
11457,11457,2024-06-23,Cash,18.48,Paid
11458,11458,2024-10-30,Cash,32.10,Refunded
11459,11459,2024-02-09,Card,11.37,Refunded
11460,11460,2024-10-22,Cash,12.24,Paid
11461,11461,2024-04-17,Cash,21.41,Paid
11462,11462,2024-01-01,Cash,33.66,Paid
11463,11463,2024-07-09,Mobile Pay,31.34,Paid
11464,11464,2024-04-25,Mobile Pay,22.72,Paid
11465,11465,2024-05-24,Mobile Pay,36.97,Refunded
11466,11466,2024-02-10,Card,54.32,Paid
11467,11467,2024-04-13,Mobile Pay,19.85,Paid
11468,11468,2024-05-11,Cash,18.43,Refunded
11469,11469,2024-03-09,Mobile Pay,30.16,Refunded
11470,11470,2024-08-23,Mobile Pay,19.65,Paid
11471,11471,2024-07-07,Mobile Pay,37.42,Paid
11472,11472,2024-01-19,Card,62.11,Paid
11473,11473,2024-01-26,Cash,16.91,Paid
11474,11474,2024-05-18,Card,29.03,Paid
11475,11475,2024-09-21,Card,33.40,Paid
11476,11476,2024-05-29,Card,27.36,Paid
11477,11477,2024-10-25,Cash,39.26,Paid
11478,11478,2024-03-10,Card,9.24,Paid
11479,11479,2024-04-30,Cash,23.83,Paid
11480,11480,2024-07-02,Mobile Pay,49.72,Paid
11481,11481,2024-08-19,Cash,12.90,Paid
11482,11482,2024-09-21,Card,8.65,Paid
11483,11483,2024-07-23,Mobile Pay,40.14,Refunded
11484,11484,2024-11-22,Card,34.47,Paid
11485,11485,2024-06-14,Cash,22.00,Paid
11486,11486,2024-11-25,Cash,72.44,Paid
11487,11487,2024-07-22,Cash,34.08,Paid
11488,11488,2024-11-01,Mobile Pay,16.43,Paid
11489,11489,2025-01-02,Card,33.89,Refunded
11490,11490,2024-08-05,Card,9.27,Paid
11491,11491,2024-08-19,Mobile Pay,45.28,Paid
11492,11492,2024-05-02,Card,55.13,Refunded
11493,11493,2024-07-28,Card,7.58,Paid
11494,11494,2024-12-02,Card,38.85,Paid
11495,11495,2024-08-11,Cash,77.81,Paid
11496,11496,2024-10-25,Mobile Pay,88.73,Paid
11497,11497,2024-01-22,Card,45.34,Paid
11498,11498,2024-05-06,Card,27.32,Paid
11499,11499,2024-06-07,Mobile Pay,66.71,Paid
11500,11500,2024-12-23,Mobile Pay,45.65,Paid
11501,11501,2024-07-23,Mobile Pay,25.71,Refunded
11502,11502,2024-01-26,Card,24.72,Paid
11503,11503,2024-11-11,Cash,18.66,Paid
11504,11504,2024-03-27,Mobile Pay,20.56,Paid
11505,11505,2024-12-20,Mobile Pay,35.50,Paid
11506,11506,2024-08-28,Cash,20.29,Paid
11507,11507,2024-01-31,Mobile Pay,17.05,Refunded
11508,11508,2024-11-10,Cash,25.88,Paid
11509,11509,2024-03-11,Cash,128.06,Refunded
11510,11510,2024-08-11,Mobile Pay,14.72,Paid
11511,11511,2024-06-16,Cash,34.34,Paid
11512,11512,2024-12-03,Card,33.81,Paid
11513,11513,2024-08-28,Cash,41.37,Refunded
11514,11514,2024-12-28,Mobile Pay,21.13,Paid
11515,11515,2024-11-05,Mobile Pay,20.64,Paid
11516,11516,2024-12-15,Card,41.24,Paid
11517,11517,2024-09-12,Mobile Pay,24.02,Paid
11518,11518,2024-10-08,Mobile Pay,33.39,Refunded
11519,11519,2024-12-11,Card,28.97,Paid
11520,11520,2024-03-03,Cash,65.34,Refunded
11521,11521,2024-04-29,Card,22.23,Refunded
11522,11522,2024-01-31,Cash,34.91,Paid
11523,11523,2024-05-29,Card,62.24,Paid
11524,11524,2024-11-28,Mobile Pay,47.95,Refunded
11525,11525,2024-07-28,Mobile Pay,33.06,Paid
11526,11526,2024-03-29,Mobile Pay,17.94,Paid
11527,11527,2024-09-13,Mobile Pay,23.83,Paid
11528,11528,2024-08-01,Mobile Pay,27.69,Paid
11529,11529,2024-04-30,Card,30.00,Paid
11530,11530,2024-03-02,Cash,19.21,Paid
11531,11531,2024-06-19,Cash,29.76,Paid
11532,11532,2024-02-03,Card,19.77,Paid
11533,11533,2024-02-07,Mobile Pay,20.60,Paid
11534,11534,2024-03-12,Card,9.92,Refunded
11535,11535,2024-10-09,Mobile Pay,48.03,Refunded
11536,11536,2024-12-30,Card,21.87,Paid
11537,11537,2024-09-15,Card,22.41,Paid
11538,11538,2024-02-23,Mobile Pay,19.92,Paid
11539,11539,2024-10-23,Mobile Pay,32.10,Paid
11540,11540,2024-02-22,Cash,15.49,Paid
11541,11541,2024-12-22,Card,69.83,Paid
11542,11542,2024-10-21,Mobile Pay,44.61,Paid
11543,11543,2024-11-15,Cash,17.46,Paid
11544,11544,2024-01-29,Mobile Pay,11.71,Paid
11545,11545,2024-09-06,Mobile Pay,34.10,Paid
11546,11546,2024-11-01,Mobile Pay,29.32,Paid
11547,11547,2024-02-07,Cash,16.07,Paid
11548,11548,2024-07-07,Mobile Pay,12.65,Paid
11549,11549,2024-03-25,Card,51.85,Paid
11550,11550,2024-07-29,Card,11.92,Refunded
11551,11551,2024-04-22,Cash,34.11,Refunded
11552,11552,2024-11-15,Cash,17.84,Paid
11553,11553,2024-02-15,Card,27.80,Paid
11554,11554,2024-07-21,Mobile Pay,16.58,Paid
11555,11555,2024-06-15,Mobile Pay,28.26,Paid
11556,11556,2024-05-28,Cash,44.12,Paid
11557,11557,2024-04-24,Cash,10.31,Paid
11558,11558,2024-03-03,Cash,27.34,Refunded
11559,11559,2024-01-24,Card,28.51,Refunded
11560,11560,2024-01-06,Card,16.46,Paid
11561,11561,2024-07-06,Cash,25.57,Refunded
11562,11562,2024-08-07,Cash,21.26,Refunded
11563,11563,2024-09-18,Mobile Pay,21.76,Paid
11564,11564,2024-02-15,Card,10.01,Refunded
11565,11565,2024-03-25,Cash,20.13,Paid
11566,11566,2024-10-18,Cash,22.88,Refunded
11567,11567,2024-10-23,Mobile Pay,59.60,Paid
11568,11568,2024-11-10,Card,46.18,Paid
11569,11569,2024-12-19,Card,22.89,Paid
11570,11570,2024-01-28,Cash,64.39,Paid
11571,11571,2024-06-17,Card,11.45,Paid
11572,11572,2024-09-18,Card,24.91,Refunded
11573,11573,2024-05-10,Cash,44.60,Paid
11574,11574,2024-07-02,Cash,25.12,Paid
11575,11575,2024-02-14,Cash,15.43,Paid
11576,11576,2024-10-24,Card,26.70,Paid
11577,11577,2024-01-11,Mobile Pay,23.38,Paid
11578,11578,2024-12-23,Cash,23.87,Paid
11579,11579,2024-03-01,Mobile Pay,23.33,Paid
11580,11580,2024-11-01,Mobile Pay,13.11,Paid
11581,11581,2024-02-21,Card,14.34,Paid
11582,11582,2024-06-17,Card,22.57,Paid
11583,11583,2024-10-17,Mobile Pay,59.07,Paid
11584,11584,2024-01-31,Card,20.27,Paid
11585,11585,2024-05-07,Mobile Pay,12.32,Paid
11586,11586,2024-10-01,Cash,57.51,Refunded
11587,11587,2024-02-08,Cash,17.39,Paid
11588,11588,2024-07-08,Mobile Pay,42.79,Paid
11589,11589,2024-04-29,Cash,13.08,Paid
11590,11590,2024-08-16,Cash,95.59,Paid
11591,11591,2024-01-08,Card,21.62,Paid
11592,11592,2024-04-19,Cash,13.21,Refunded
11593,11593,2024-07-19,Mobile Pay,10.84,Refunded
11594,11594,2024-07-10,Mobile Pay,19.10,Refunded
11595,11595,2024-07-30,Mobile Pay,26.87,Refunded
11596,11596,2024-03-14,Mobile Pay,11.06,Refunded
11597,11597,2024-11-18,Card,16.68,Paid
11598,11598,2024-09-01,Mobile Pay,10.48,Paid
11599,11599,2024-06-30,Cash,10.28,Paid
11600,11600,2024-09-07,Cash,22.36,Refunded
11601,11601,2024-09-13,Mobile Pay,19.18,Paid
11602,11602,2024-12-26,Cash,17.34,Paid
11603,11603,2024-02-20,Card,18.41,Paid
11604,11604,2024-09-25,Card,8.83,Paid
11605,11605,2024-12-21,Cash,63.02,Paid
11606,11606,2024-10-15,Cash,80.31,Paid
11607,11607,2024-05-15,Mobile Pay,20.27,Paid
11608,11608,2024-05-05,Mobile Pay,9.13,Paid
11609,11609,2024-11-27,Card,74.20,Paid
11610,11610,2024-02-22,Mobile Pay,33.11,Paid
11611,11611,2024-09-13,Card,21.00,Paid
11612,11612,2024-04-28,Cash,15.37,Paid
11613,11613,2024-05-12,Card,25.68,Refunded
11614,11614,2024-06-03,Card,83.60,Paid
11615,11615,2024-02-14,Cash,21.75,Paid
11616,11616,2024-10-23,Cash,50.65,Paid
11617,11617,2024-11-24,Card,22.44,Paid
11618,11618,2024-12-31,Card,29.21,Paid
11619,11619,2024-07-05,Cash,30.22,Paid
11620,11620,2024-02-05,Mobile Pay,32.73,Paid
11621,11621,2024-01-17,Mobile Pay,15.92,Paid
11622,11622,2024-11-01,Mobile Pay,24.69,Paid
11623,11623,2024-02-24,Cash,14.46,Refunded
11624,11624,2024-11-23,Mobile Pay,59.29,Paid
11625,11625,2024-05-24,Card,19.42,Refunded
11626,11626,2024-12-15,Cash,14.99,Paid
11627,11627,2024-12-07,Card,34.77,Paid
11628,11628,2024-08-23,Card,10.96,Paid
11629,11629,2024-03-19,Mobile Pay,30.10,Paid
11630,11630,2024-01-24,Mobile Pay,36.71,Paid
11631,11631,2024-06-23,Mobile Pay,41.66,Paid
11632,11632,2024-02-28,Mobile Pay,37.39,Paid
11633,11633,2024-08-31,Mobile Pay,8.11,Refunded
11634,11634,2024-12-05,Mobile Pay,14.46,Paid
11635,11635,2024-08-31,Card,19.62,Refunded
11636,11636,2024-10-15,Cash,30.79,Paid
11637,11637,2024-12-22,Mobile Pay,42.71,Refunded
11638,11638,2024-06-12,Cash,9.30,Refunded
11639,11639,2024-02-20,Cash,19.14,Paid
11640,11640,2024-11-29,Cash,16.61,Paid
11641,11641,2024-01-09,Mobile Pay,17.32,Refunded
11642,11642,2024-04-12,Card,35.46,Paid
11643,11643,2024-09-27,Cash,16.20,Refunded
11644,11644,2024-02-19,Card,66.93,Paid
11645,11645,2024-09-19,Cash,15.88,Paid
11646,11646,2024-12-30,Card,35.07,Paid
11647,11647,2024-06-20,Card,56.67,Paid
11648,11648,2024-02-19,Mobile Pay,7.25,Paid
11649,11649,2024-01-14,Mobile Pay,25.65,Paid
11650,11650,2024-04-19,Cash,19.06,Paid
11651,11651,2024-07-09,Mobile Pay,24.31,Paid
11652,11652,2024-04-14,Cash,33.37,Refunded
11653,11653,2024-06-23,Mobile Pay,23.10,Refunded
11654,11654,2024-06-26,Cash,46.76,Refunded
11655,11655,2024-10-28,Card,28.64,Paid
11656,11656,2024-07-25,Mobile Pay,12.65,Paid
11657,11657,2024-08-15,Mobile Pay,21.75,Paid
11658,11658,2024-05-19,Mobile Pay,16.31,Paid
11659,11659,2024-03-24,Card,38.41,Paid
11660,11660,2024-04-03,Card,17.20,Paid
11661,11661,2024-12-05,Card,19.60,Refunded
11662,11662,2024-03-10,Mobile Pay,20.47,Paid
11663,11663,2024-09-27,Mobile Pay,32.40,Refunded
11664,11664,2024-09-26,Card,7.85,Paid
11665,11665,2024-09-10,Mobile Pay,26.83,Paid
11666,11666,2024-04-03,Mobile Pay,10.67,Paid
11667,11667,2024-03-07,Mobile Pay,58.05,Paid
11668,11668,2024-04-30,Mobile Pay,57.35,Paid
11669,11669,2024-09-03,Mobile Pay,31.46,Paid
11670,11670,2024-04-27,Cash,58.94,Refunded
11671,11671,2024-01-11,Cash,15.45,Paid
11672,11672,2024-01-07,Card,19.52,Paid
11673,11673,2024-06-10,Mobile Pay,24.77,Paid
11674,11674,2024-08-13,Card,15.24,Paid
11675,11675,2024-08-01,Card,40.26,Refunded
11676,11676,2024-09-02,Mobile Pay,8.95,Refunded
11677,11677,2024-02-12,Cash,17.03,Paid
11678,11678,2024-11-10,Cash,53.53,Refunded
11679,11679,2024-09-12,Cash,73.61,Paid
11680,11680,2024-06-29,Mobile Pay,25.01,Paid
11681,11681,2024-10-18,Cash,16.60,Paid
11682,11682,2024-06-10,Mobile Pay,21.25,Paid
11683,11683,2024-01-05,Mobile Pay,7.44,Paid
11684,11684,2024-10-27,Mobile Pay,15.84,Paid
11685,11685,2025-01-01,Mobile Pay,33.26,Paid
11686,11686,2024-02-29,Cash,13.01,Paid
11687,11687,2024-02-04,Mobile Pay,43.20,Paid
11688,11688,2024-11-04,Card,11.38,Paid
11689,11689,2024-11-27,Cash,15.59,Paid
11690,11690,2024-06-13,Card,14.34,Paid
11691,11691,2024-03-31,Card,22.02,Paid
11692,11692,2024-06-20,Card,18.15,Paid
11693,11693,2024-03-27,Mobile Pay,16.82,Paid
11694,11694,2024-06-21,Cash,22.90,Paid
11695,11695,2024-06-22,Mobile Pay,51.29,Paid
11696,11696,2024-10-20,Mobile Pay,27.89,Paid
11697,11697,2024-04-26,Mobile Pay,56.51,Paid
11698,11698,2024-10-24,Cash,31.19,Paid
11699,11699,2024-11-08,Card,20.03,Paid
11700,11700,2024-05-23,Cash,26.38,Paid
11701,11701,2024-04-05,Card,34.40,Refunded
11702,11702,2024-02-23,Cash,20.10,Refunded
11703,11703,2024-01-30,Cash,32.40,Paid
11704,11704,2024-02-11,Cash,35.02,Paid
11705,11705,2024-03-09,Cash,10.10,Paid
11706,11706,2024-11-27,Card,14.40,Paid
11707,11707,2024-05-18,Cash,16.98,Refunded
11708,11708,2024-09-05,Card,51.45,Paid
11709,11709,2024-04-18,Cash,17.97,Paid
11710,11710,2024-03-29,Mobile Pay,36.64,Paid
11711,11711,2024-08-23,Cash,20.59,Paid
11712,11712,2024-10-11,Mobile Pay,23.84,Paid
11713,11713,2024-08-13,Mobile Pay,25.82,Paid
11714,11714,2024-01-25,Mobile Pay,20.22,Paid
11715,11715,2024-10-08,Card,13.66,Paid
11716,11716,2024-04-09,Card,19.91,Paid
11717,11717,2024-04-22,Cash,22.13,Paid
11718,11718,2024-01-05,Mobile Pay,34.39,Paid
11719,11719,2024-07-24,Card,18.96,Paid
11720,11720,2024-07-28,Cash,37.93,Paid
11721,11721,2024-07-01,Mobile Pay,10.47,Paid
11722,11722,2024-10-01,Cash,24.56,Refunded
11723,11723,2024-04-30,Cash,34.66,Refunded
11724,11724,2024-01-04,Cash,15.27,Paid
11725,11725,2024-02-20,Card,21.35,Refunded
11726,11726,2024-12-05,Cash,64.73,Refunded
11727,11727,2024-02-16,Card,34.40,Refunded
11728,11728,2024-06-08,Card,31.11,Paid
11729,11729,2024-01-15,Card,39.08,Paid
11730,11730,2024-10-25,Mobile Pay,42.29,Paid
11731,11731,2024-12-21,Mobile Pay,32.04,Paid
11732,11732,2024-10-18,Card,53.67,Paid
11733,11733,2024-12-19,Mobile Pay,31.38,Paid
11734,11734,2024-08-25,Card,33.24,Paid
11735,11735,2024-10-02,Card,42.16,Paid
11736,11736,2024-08-28,Mobile Pay,21.74,Paid
11737,11737,2024-10-09,Mobile Pay,40.57,Paid
11738,11738,2024-07-20,Mobile Pay,14.92,Paid
11739,11739,2024-06-23,Cash,20.66,Refunded
11740,11740,2024-12-17,Card,35.90,Paid
11741,11741,2024-01-15,Cash,20.94,Paid
11742,11742,2024-01-27,Cash,20.46,Paid
11743,11743,2024-01-02,Cash,32.41,Paid
11744,11744,2024-07-04,Mobile Pay,33.14,Paid
11745,11745,2024-10-07,Card,47.32,Paid
11746,11746,2024-12-01,Card,16.80,Refunded
11747,11747,2024-11-02,Cash,28.82,Paid
11748,11748,2024-07-10,Mobile Pay,11.14,Refunded
11749,11749,2024-04-27,Cash,19.50,Paid
11750,11750,2024-10-29,Mobile Pay,47.44,Paid
11751,11751,2024-09-10,Card,34.50,Paid
11752,11752,2024-12-21,Cash,29.12,Paid
11753,11753,2024-10-13,Mobile Pay,33.88,Paid
11754,11754,2024-11-28,Mobile Pay,62.69,Paid
11755,11755,2024-02-27,Cash,41.07,Paid
11756,11756,2024-09-28,Mobile Pay,22.94,Refunded
11757,11757,2024-03-22,Cash,33.28,Paid
11758,11758,2024-07-19,Card,39.46,Paid
11759,11759,2024-03-29,Mobile Pay,21.96,Paid
11760,11760,2024-06-30,Mobile Pay,11.76,Paid
11761,11761,2024-12-09,Card,22.50,Paid
11762,11762,2024-12-17,Mobile Pay,36.51,Paid
11763,11763,2024-08-12,Card,17.73,Paid
11764,11764,2024-02-26,Cash,25.91,Refunded
11765,11765,2024-11-17,Card,7.43,Paid
11766,11766,2024-12-24,Mobile Pay,5.68,Paid
11767,11767,2024-08-06,Card,26.60,Paid
11768,11768,2024-09-10,Cash,70.74,Paid
11769,11769,2024-04-03,Card,76.15,Paid
11770,11770,2024-04-07,Mobile Pay,26.58,Refunded
11771,11771,2024-11-04,Cash,23.64,Paid
11772,11772,2024-07-28,Mobile Pay,8.52,Paid
11773,11773,2024-05-01,Cash,21.62,Paid
11774,11774,2024-03-20,Cash,29.35,Paid
11775,11775,2024-10-03,Mobile Pay,22.28,Paid
11776,11776,2024-05-13,Mobile Pay,22.81,Paid
11777,11777,2024-05-16,Card,22.13,Paid
11778,11778,2024-12-05,Card,63.46,Paid
11779,11779,2024-06-12,Cash,16.69,Refunded
11780,11780,2024-09-20,Mobile Pay,33.89,Paid
11781,11781,2024-01-10,Mobile Pay,17.75,Paid
11782,11782,2024-01-31,Card,13.14,Paid
11783,11783,2024-04-11,Cash,19.62,Paid
11784,11784,2024-07-11,Card,20.36,Paid
11785,11785,2024-01-31,Card,17.93,Paid
11786,11786,2024-03-24,Cash,47.79,Refunded
11787,11787,2024-06-15,Cash,18.54,Paid
11788,11788,2024-09-01,Mobile Pay,15.14,Paid
11789,11789,2024-03-12,Mobile Pay,10.32,Paid
11790,11790,2024-08-26,Mobile Pay,39.88,Paid
11791,11791,2024-04-21,Mobile Pay,21.97,Refunded
11792,11792,2024-10-10,Card,9.93,Paid
11793,11793,2024-08-02,Card,12.29,Paid
11794,11794,2024-12-13,Mobile Pay,19.10,Paid
11795,11795,2024-08-16,Mobile Pay,56.84,Paid
11796,11796,2024-10-16,Card,31.58,Paid
11797,11797,2024-07-14,Cash,22.97,Paid
11798,11798,2024-01-22,Mobile Pay,25.77,Paid
11799,11799,2024-04-26,Mobile Pay,32.90,Paid
11800,11800,2024-10-12,Card,20.30,Paid
11801,11801,2024-09-01,Mobile Pay,17.25,Paid
11802,11802,2024-04-14,Card,17.09,Paid
11803,11803,2024-06-17,Card,22.46,Paid
11804,11804,2024-02-01,Cash,17.86,Paid
11805,11805,2024-01-29,Cash,36.40,Paid
11806,11806,2024-04-14,Mobile Pay,22.95,Paid
11807,11807,2024-12-09,Cash,34.04,Refunded
11808,11808,2024-06-10,Mobile Pay,30.22,Paid
11809,11809,2024-03-19,Mobile Pay,26.67,Paid
11810,11810,2024-04-12,Mobile Pay,50.24,Paid
11811,11811,2024-10-24,Mobile Pay,72.32,Paid
11812,11812,2024-08-18,Card,59.72,Paid
11813,11813,2024-09-23,Cash,21.63,Paid
11814,11814,2024-05-04,Mobile Pay,19.42,Paid
11815,11815,2025-01-01,Card,15.77,Refunded
11816,11816,2024-09-16,Mobile Pay,37.17,Paid
11817,11817,2024-11-25,Card,9.94,Paid
11818,11818,2024-06-15,Mobile Pay,33.82,Paid
11819,11819,2024-08-24,Mobile Pay,69.76,Refunded
11820,11820,2024-09-15,Cash,23.51,Paid
11821,11821,2024-07-17,Mobile Pay,25.28,Paid
11822,11822,2024-02-23,Card,38.34,Paid
11823,11823,2024-02-10,Cash,25.35,Paid
11824,11824,2024-12-15,Mobile Pay,19.94,Paid
11825,11825,2024-02-29,Card,35.26,Paid
11826,11826,2024-08-18,Mobile Pay,27.77,Paid
11827,11827,2024-11-05,Mobile Pay,36.86,Paid
11828,11828,2024-07-07,Mobile Pay,10.27,Paid
11829,11829,2024-01-04,Mobile Pay,42.10,Paid
11830,11830,2024-03-11,Cash,49.94,Paid
11831,11831,2024-08-16,Cash,14.64,Paid
11832,11832,2024-01-29,Card,55.54,Paid
11833,11833,2024-10-15,Card,71.44,Paid
11834,11834,2024-10-04,Cash,17.00,Paid
11835,11835,2024-07-27,Card,35.01,Paid
11836,11836,2024-11-12,Cash,30.87,Paid
11837,11837,2024-01-29,Card,39.86,Paid
11838,11838,2024-03-02,Cash,38.94,Paid
11839,11839,2024-06-05,Mobile Pay,100.85,Paid
11840,11840,2024-01-29,Card,60.29,Paid
11841,11841,2024-02-06,Cash,38.30,Paid
11842,11842,2024-12-09,Mobile Pay,42.04,Paid
11843,11843,2024-06-16,Cash,27.62,Paid
11844,11844,2024-05-17,Mobile Pay,83.76,Paid
11845,11845,2024-07-02,Card,15.96,Refunded
11846,11846,2024-06-01,Mobile Pay,43.86,Paid
11847,11847,2024-12-31,Card,17.86,Paid
11848,11848,2024-05-20,Card,30.14,Paid
11849,11849,2024-03-01,Mobile Pay,28.57,Paid
11850,11850,2024-03-06,Mobile Pay,65.00,Refunded
11851,11851,2024-12-20,Mobile Pay,57.28,Paid
11852,11852,2024-09-29,Cash,25.89,Paid
11853,11853,2024-04-12,Mobile Pay,29.83,Paid
11854,11854,2024-11-22,Card,15.86,Paid
11855,11855,2024-03-20,Card,20.45,Refunded
11856,11856,2024-10-15,Card,19.64,Refunded
11857,11857,2024-02-04,Mobile Pay,17.78,Paid
11858,11858,2024-01-26,Cash,52.94,Paid
11859,11859,2024-08-16,Card,108.20,Paid
11860,11860,2024-03-27,Card,10.31,Paid
11861,11861,2024-03-03,Mobile Pay,17.40,Paid
11862,11862,2024-09-14,Mobile Pay,27.19,Paid
11863,11863,2024-01-30,Mobile Pay,7.93,Paid
11864,11864,2024-06-05,Mobile Pay,75.88,Paid
11865,11865,2024-12-23,Card,25.90,Paid
11866,11866,2024-03-27,Mobile Pay,23.83,Refunded
11867,11867,2024-09-07,Mobile Pay,19.00,Paid
11868,11868,2024-04-16,Mobile Pay,14.04,Paid
11869,11869,2024-08-28,Cash,20.15,Paid
11870,11870,2024-06-14,Cash,30.62,Paid
11871,11871,2024-03-20,Cash,18.11,Paid
11872,11872,2024-11-08,Mobile Pay,11.73,Paid
11873,11873,2024-07-13,Card,7.74,Paid
11874,11874,2024-04-22,Card,25.38,Paid
11875,11875,2024-09-09,Cash,12.50,Paid
11876,11876,2024-05-30,Mobile Pay,12.95,Paid
11877,11877,2024-02-19,Mobile Pay,15.58,Paid
11878,11878,2024-07-11,Mobile Pay,19.85,Paid
11879,11879,2024-08-08,Mobile Pay,27.88,Paid
11880,11880,2024-03-23,Cash,21.23,Paid
11881,11881,2024-01-08,Cash,28.24,Paid
11882,11882,2024-03-29,Mobile Pay,16.54,Paid
11883,11883,2024-08-11,Cash,15.52,Paid
11884,11884,2024-01-09,Card,21.73,Refunded
11885,11885,2024-05-21,Mobile Pay,31.91,Paid
11886,11886,2024-03-23,Mobile Pay,49.16,Refunded
11887,11887,2024-11-22,Card,24.07,Refunded
11888,11888,2024-11-27,Cash,8.61,Paid
11889,11889,2024-10-13,Card,19.16,Paid
11890,11890,2024-06-26,Mobile Pay,18.26,Paid
11891,11891,2024-07-01,Cash,43.46,Paid
11892,11892,2024-03-06,Card,31.99,Paid
11893,11893,2024-07-11,Card,16.30,Paid
11894,11894,2024-07-12,Mobile Pay,21.59,Paid
11895,11895,2024-07-14,Cash,28.32,Paid
11896,11896,2024-05-06,Mobile Pay,40.26,Paid
11897,11897,2024-09-16,Cash,65.76,Paid
11898,11898,2024-04-12,Cash,35.53,Paid
11899,11899,2024-08-17,Mobile Pay,15.26,Refunded
11900,11900,2024-12-01,Mobile Pay,18.89,Paid
11901,11901,2024-09-12,Cash,26.06,Refunded
11902,11902,2024-03-03,Card,32.73,Refunded
11903,11903,2024-03-23,Mobile Pay,66.21,Paid
11904,11904,2024-10-05,Cash,29.87,Paid
11905,11905,2024-10-14,Card,24.25,Refunded
11906,11906,2024-11-09,Mobile Pay,17.86,Paid
11907,11907,2024-09-15,Mobile Pay,13.79,Refunded
11908,11908,2024-09-09,Mobile Pay,23.29,Paid
11909,11909,2024-10-27,Cash,17.93,Paid
11910,11910,2024-05-26,Cash,11.77,Paid
11911,11911,2024-10-12,Card,11.33,Paid
11912,11912,2024-04-04,Mobile Pay,20.15,Refunded
11913,11913,2024-05-17,Cash,29.53,Paid
11914,11914,2024-05-16,Mobile Pay,40.48,Paid
11915,11915,2024-03-14,Cash,34.49,Paid
11916,11916,2024-06-18,Cash,14.91,Paid
11917,11917,2024-04-17,Mobile Pay,31.34,Paid
11918,11918,2024-07-29,Cash,23.71,Paid
11919,11919,2024-10-19,Card,9.77,Paid
11920,11920,2024-03-14,Cash,30.50,Paid
11921,11921,2024-10-15,Card,35.66,Paid
11922,11922,2024-05-15,Mobile Pay,50.67,Paid
11923,11923,2024-05-29,Cash,19.03,Paid
11924,11924,2024-01-03,Mobile Pay,50.18,Refunded
11925,11925,2024-06-27,Cash,14.75,Paid
11926,11926,2024-10-23,Cash,44.16,Paid
11927,11927,2024-06-25,Mobile Pay,15.06,Paid
11928,11928,2024-02-12,Cash,22.46,Paid
11929,11929,2024-09-14,Cash,11.62,Paid
11930,11930,2024-07-10,Cash,24.03,Paid
11931,11931,2024-03-26,Card,14.81,Paid
11932,11932,2024-08-18,Cash,29.23,Paid
11933,11933,2024-12-23,Mobile Pay,14.51,Paid
11934,11934,2024-05-13,Card,11.95,Paid
11935,11935,2024-12-11,Mobile Pay,22.59,Refunded
11936,11936,2024-01-06,Mobile Pay,16.19,Paid
11937,11937,2024-04-05,Card,24.98,Paid
11938,11938,2024-09-20,Card,23.91,Paid
11939,11939,2024-04-20,Cash,50.56,Paid
11940,11940,2024-10-24,Mobile Pay,18.97,Paid
11941,11941,2024-06-26,Mobile Pay,15.24,Paid
11942,11942,2024-05-25,Cash,24.32,Paid
11943,11943,2024-04-28,Cash,22.58,Paid
11944,11944,2024-09-20,Cash,57.50,Paid
11945,11945,2024-10-22,Cash,23.15,Paid
11946,11946,2024-09-23,Card,25.65,Paid
11947,11947,2024-05-24,Cash,20.13,Paid
11948,11948,2024-06-06,Mobile Pay,20.24,Paid
11949,11949,2024-02-06,Card,34.42,Paid
11950,11950,2024-12-14,Mobile Pay,19.90,Paid
11951,11951,2024-09-30,Mobile Pay,20.98,Paid
11952,11952,2024-08-06,Mobile Pay,9.92,Paid
11953,11953,2024-07-27,Mobile Pay,22.58,Paid
11954,11954,2024-09-10,Mobile Pay,24.04,Paid
11955,11955,2024-06-16,Card,18.39,Paid
11956,11956,2024-12-13,Cash,34.80,Paid
11957,11957,2024-02-07,Cash,24.36,Paid
11958,11958,2024-02-21,Cash,39.07,Refunded
11959,11959,2024-02-13,Card,53.12,Paid
11960,11960,2024-01-18,Mobile Pay,19.30,Refunded
11961,11961,2024-03-30,Cash,15.30,Paid
11962,11962,2024-08-04,Cash,10.83,Paid
11963,11963,2024-08-22,Mobile Pay,12.96,Paid
11964,11964,2024-07-04,Card,14.32,Paid
11965,11965,2024-03-01,Cash,26.01,Refunded
11966,11966,2024-06-02,Card,26.85,Paid
11967,11967,2024-09-25,Cash,16.18,Paid
11968,11968,2024-01-22,Mobile Pay,28.92,Paid
11969,11969,2024-03-27,Mobile Pay,19.48,Refunded
11970,11970,2024-04-11,Cash,12.76,Paid
11971,11971,2024-09-16,Cash,31.75,Paid
11972,11972,2024-03-11,Cash,15.16,Paid
11973,11973,2024-02-13,Cash,35.49,Paid
11974,11974,2024-05-29,Cash,67.86,Paid
11975,11975,2024-01-21,Card,20.96,Paid
11976,11976,2024-02-08,Mobile Pay,13.14,Refunded
11977,11977,2024-03-05,Cash,24.09,Paid
11978,11978,2024-01-08,Cash,46.38,Paid
11979,11979,2024-07-08,Cash,25.64,Paid
11980,11980,2024-06-16,Cash,71.89,Paid
11981,11981,2024-01-16,Cash,35.31,Paid
11982,11982,2024-11-21,Mobile Pay,12.21,Refunded
11983,11983,2024-02-22,Cash,29.20,Paid
11984,11984,2024-12-07,Card,27.50,Refunded
11985,11985,2024-02-08,Card,15.85,Paid
11986,11986,2024-03-31,Card,22.98,Paid
11987,11987,2024-03-06,Card,45.96,Refunded
11988,11988,2024-07-16,Cash,12.90,Paid
11989,11989,2024-09-13,Cash,73.64,Refunded
11990,11990,2024-09-02,Mobile Pay,22.51,Refunded
11991,11991,2024-10-06,Card,23.34,Refunded
11992,11992,2024-05-11,Mobile Pay,7.78,Paid
11993,11993,2024-08-21,Mobile Pay,41.25,Paid
11994,11994,2024-05-31,Mobile Pay,30.50,Paid
11995,11995,2024-09-05,Cash,33.27,Refunded
11996,11996,2024-11-11,Card,37.50,Paid
11997,11997,2024-07-30,Card,47.25,Refunded
11998,11998,2024-07-07,Card,28.51,Paid
11999,11999,2024-01-21,Mobile Pay,32.90,Paid
12000,12000,2024-05-25,Card,65.53,Paid
12001,12001,2024-04-25,Card,39.86,Paid
12002,12002,2024-10-15,Mobile Pay,12.12,Paid
12003,12003,2024-07-05,Card,45.37,Paid
12004,12004,2024-03-03,Mobile Pay,18.97,Paid
12005,12005,2024-05-16,Card,20.42,Paid
12006,12006,2024-03-12,Card,13.01,Paid
12007,12007,2024-05-21,Card,17.18,Paid
12008,12008,2024-10-08,Cash,24.94,Paid
12009,12009,2024-07-24,Card,26.42,Paid
12010,12010,2024-06-01,Cash,21.22,Paid
12011,12011,2024-04-01,Mobile Pay,6.47,Paid
12012,12012,2024-01-13,Card,21.16,Paid
12013,12013,2024-10-15,Cash,16.41,Paid
12014,12014,2024-01-06,Cash,20.99,Paid
12015,12015,2024-06-18,Card,12.92,Paid
12016,12016,2024-03-31,Cash,31.93,Paid
12017,12017,2024-07-04,Cash,57.56,Paid
12018,12018,2024-07-14,Cash,11.99,Paid
12019,12019,2024-09-20,Cash,21.26,Paid
12020,12020,2024-12-09,Cash,24.97,Paid
12021,12021,2024-09-26,Cash,8.47,Paid
12022,12022,2024-08-04,Mobile Pay,23.36,Paid
12023,12023,2024-06-06,Mobile Pay,34.74,Paid
12024,12024,2024-05-21,Cash,14.32,Paid
12025,12025,2024-01-24,Card,38.89,Paid
12026,12026,2024-09-30,Card,41.18,Paid
12027,12027,2024-04-23,Mobile Pay,25.33,Refunded
12028,12028,2024-09-26,Cash,40.64,Paid
12029,12029,2024-09-04,Mobile Pay,14.72,Paid
12030,12030,2024-08-25,Cash,21.02,Paid
12031,12031,2024-10-14,Mobile Pay,34.07,Paid
12032,12032,2024-06-16,Mobile Pay,15.27,Refunded
12033,12033,2024-01-08,Cash,33.86,Paid
12034,12034,2024-02-17,Mobile Pay,19.74,Paid
12035,12035,2024-07-09,Mobile Pay,21.77,Paid
12036,12036,2024-06-07,Mobile Pay,30.68,Paid
12037,12037,2024-08-08,Mobile Pay,22.16,Paid
12038,12038,2024-05-04,Cash,27.01,Refunded
12039,12039,2024-11-16,Card,32.89,Paid
12040,12040,2024-11-16,Mobile Pay,13.95,Paid
12041,12041,2024-06-29,Cash,20.07,Refunded
12042,12042,2024-01-29,Mobile Pay,52.82,Paid
12043,12043,2024-08-07,Cash,24.72,Paid
12044,12044,2024-06-19,Cash,67.20,Paid
12045,12045,2024-09-01,Mobile Pay,18.20,Paid
12046,12046,2024-04-30,Mobile Pay,32.30,Paid
12047,12047,2024-04-16,Cash,26.77,Refunded
12048,12048,2024-06-29,Cash,18.54,Paid
12049,12049,2024-04-22,Card,17.59,Paid
12050,12050,2024-08-27,Card,34.01,Paid
12051,12051,2024-02-18,Mobile Pay,22.41,Paid
12052,12052,2024-05-05,Mobile Pay,15.90,Paid
12053,12053,2024-12-02,Card,20.26,Paid
12054,12054,2024-05-28,Card,14.61,Paid
12055,12055,2024-04-09,Cash,24.05,Refunded
12056,12056,2024-01-11,Cash,14.77,Paid
12057,12057,2024-08-19,Cash,20.22,Paid
12058,12058,2024-11-03,Card,9.33,Paid
12059,12059,2024-04-16,Cash,11.95,Paid
12060,12060,2024-10-25,Card,13.56,Paid
12061,12061,2024-10-28,Mobile Pay,22.56,Refunded
12062,12062,2024-06-23,Mobile Pay,65.42,Paid
12063,12063,2024-03-17,Cash,38.63,Paid
12064,12064,2024-04-18,Card,27.24,Paid
12065,12065,2024-10-19,Mobile Pay,30.56,Paid
12066,12066,2024-02-02,Card,29.00,Paid
12067,12067,2024-07-21,Cash,47.01,Refunded
12068,12068,2024-08-08,Mobile Pay,20.23,Paid
12069,12069,2024-06-20,Cash,19.29,Paid
12070,12070,2024-10-21,Mobile Pay,12.12,Paid
12071,12071,2024-06-16,Cash,30.27,Paid
12072,12072,2024-01-30,Mobile Pay,37.53,Paid
12073,12073,2024-08-22,Card,14.96,Paid
12074,12074,2024-12-17,Mobile Pay,24.12,Paid
12075,12075,2024-02-02,Mobile Pay,8.66,Refunded
12076,12076,2024-01-13,Cash,24.25,Paid
12077,12077,2024-05-17,Cash,19.84,Paid
12078,12078,2024-10-04,Card,33.48,Paid
12079,12079,2024-09-10,Mobile Pay,14.71,Paid
12080,12080,2024-10-23,Mobile Pay,13.66,Paid
12081,12081,2024-08-22,Card,8.60,Paid
12082,12082,2024-12-04,Card,30.73,Refunded
12083,12083,2024-11-21,Mobile Pay,31.75,Paid
12084,12084,2024-01-31,Cash,14.35,Paid
12085,12085,2024-03-09,Card,20.60,Paid
12086,12086,2024-10-01,Card,17.89,Paid
12087,12087,2024-11-06,Mobile Pay,37.18,Paid
12088,12088,2024-02-23,Card,12.04,Paid
12089,12089,2024-07-02,Card,36.53,Paid
12090,12090,2024-03-29,Cash,10.99,Paid
12091,12091,2024-03-26,Card,18.30,Paid
12092,12092,2024-09-27,Cash,12.09,Paid
12093,12093,2024-09-16,Card,48.90,Paid
12094,12094,2024-09-22,Card,31.86,Paid
12095,12095,2024-11-28,Mobile Pay,22.72,Paid
12096,12096,2024-11-29,Card,26.69,Paid
12097,12097,2024-07-01,Mobile Pay,34.81,Paid
12098,12098,2024-09-01,Cash,26.48,Paid
12099,12099,2024-04-02,Cash,33.90,Paid
12100,12100,2024-06-27,Card,10.77,Paid
12101,12101,2024-10-27,Card,28.49,Refunded
12102,12102,2024-12-11,Cash,10.90,Refunded
12103,12103,2024-04-22,Card,54.34,Paid
12104,12104,2024-06-07,Cash,25.09,Paid
12105,12105,2024-08-17,Cash,11.34,Paid
12106,12106,2024-03-31,Card,57.76,Paid
12107,12107,2024-11-12,Cash,60.68,Refunded
12108,12108,2024-01-27,Cash,40.61,Paid
12109,12109,2024-05-30,Card,45.11,Refunded
12110,12110,2024-06-10,Mobile Pay,13.29,Paid
12111,12111,2024-12-18,Mobile Pay,29.19,Paid
12112,12112,2024-12-11,Mobile Pay,33.04,Paid
12113,12113,2024-12-23,Card,13.77,Paid
12114,12114,2024-11-29,Cash,25.09,Refunded
12115,12115,2024-02-10,Mobile Pay,44.23,Paid
12116,12116,2024-01-23,Mobile Pay,32.78,Paid
12117,12117,2024-09-18,Cash,18.82,Refunded
12118,12118,2024-11-17,Cash,16.86,Paid
12119,12119,2024-06-28,Cash,22.62,Paid
12120,12120,2024-03-13,Mobile Pay,28.73,Paid
12121,12121,2024-07-29,Mobile Pay,53.01,Paid
12122,12122,2024-03-29,Card,30.98,Paid
12123,12123,2024-06-21,Cash,10.52,Paid
12124,12124,2024-04-10,Cash,18.06,Paid
12125,12125,2024-04-19,Card,23.32,Paid
12126,12126,2024-10-31,Mobile Pay,13.39,Refunded
12127,12127,2024-05-08,Mobile Pay,17.70,Paid
12128,12128,2024-11-10,Cash,24.71,Paid
12129,12129,2024-05-29,Card,41.57,Refunded
12130,12130,2024-03-28,Mobile Pay,76.75,Paid
12131,12131,2024-11-24,Card,11.16,Refunded
12132,12132,2024-07-22,Cash,17.76,Refunded
12133,12133,2024-05-28,Cash,9.79,Paid
12134,12134,2024-03-02,Mobile Pay,16.72,Paid
12135,12135,2024-09-10,Cash,29.31,Paid
12136,12136,2024-04-20,Cash,81.00,Paid
12137,12137,2024-09-24,Cash,54.56,Paid
12138,12138,2024-12-07,Cash,18.64,Paid
12139,12139,2024-11-13,Mobile Pay,26.59,Paid
12140,12140,2024-02-14,Mobile Pay,28.36,Paid
12141,12141,2024-11-11,Cash,26.84,Paid
12142,12142,2024-09-18,Cash,61.80,Paid
12143,12143,2024-09-04,Card,27.58,Paid
12144,12144,2024-03-15,Card,29.07,Refunded
12145,12145,2024-11-02,Cash,52.84,Paid
12146,12146,2024-12-22,Cash,34.42,Paid
12147,12147,2024-08-03,Card,43.26,Paid
12148,12148,2024-04-02,Cash,24.52,Paid
12149,12149,2024-08-25,Mobile Pay,19.52,Refunded
12150,12150,2024-02-25,Card,11.43,Paid
12151,12151,2024-04-08,Mobile Pay,18.71,Paid
12152,12152,2024-12-08,Mobile Pay,10.58,Paid
12153,12153,2024-10-22,Cash,23.34,Refunded
12154,12154,2024-07-18,Cash,15.12,Paid
12155,12155,2024-12-19,Mobile Pay,13.45,Paid
12156,12156,2024-11-08,Cash,38.88,Paid
12157,12157,2024-08-10,Cash,23.63,Paid
12158,12158,2024-06-01,Mobile Pay,30.19,Paid
12159,12159,2024-01-08,Mobile Pay,17.62,Refunded
12160,12160,2024-11-25,Mobile Pay,21.04,Refunded
12161,12161,2024-04-30,Cash,25.57,Paid
12162,12162,2024-07-26,Mobile Pay,23.89,Paid
12163,12163,2024-03-02,Card,23.95,Paid
12164,12164,2024-08-06,Mobile Pay,40.69,Paid
12165,12165,2024-04-23,Cash,16.13,Paid
12166,12166,2024-01-16,Card,14.16,Paid
12167,12167,2024-12-08,Cash,88.23,Refunded
12168,12168,2024-10-19,Cash,31.47,Paid
12169,12169,2024-09-12,Mobile Pay,26.06,Paid
12170,12170,2024-03-09,Mobile Pay,22.71,Paid
12171,12171,2024-06-21,Cash,83.84,Paid
12172,12172,2024-02-11,Mobile Pay,25.98,Refunded
12173,12173,2024-06-15,Cash,31.37,Paid
12174,12174,2024-06-24,Card,11.09,Paid
12175,12175,2024-12-15,Cash,19.76,Paid
12176,12176,2024-05-15,Card,15.49,Paid
12177,12177,2024-11-25,Card,36.04,Paid
12178,12178,2024-02-27,Card,29.66,Paid
12179,12179,2024-11-03,Card,34.80,Paid
12180,12180,2024-04-10,Mobile Pay,29.35,Paid
12181,12181,2024-10-25,Card,31.52,Refunded
12182,12182,2024-08-18,Cash,14.08,Paid
12183,12183,2024-03-17,Mobile Pay,8.24,Paid
12184,12184,2024-11-17,Card,15.71,Refunded
12185,12185,2024-04-18,Cash,29.36,Paid
12186,12186,2024-11-10,Cash,39.54,Paid
12187,12187,2024-02-10,Card,14.05,Paid
12188,12188,2024-02-25,Card,43.72,Paid
12189,12189,2024-05-30,Card,16.78,Paid
12190,12190,2024-09-02,Mobile Pay,15.43,Refunded
12191,12191,2024-10-06,Mobile Pay,18.62,Paid
12192,12192,2024-05-11,Cash,30.78,Refunded
12193,12193,2024-05-02,Card,17.77,Paid
12194,12194,2024-05-18,Cash,13.53,Paid
12195,12195,2024-03-04,Mobile Pay,29.56,Paid
12196,12196,2024-05-08,Mobile Pay,20.43,Paid
12197,12197,2024-08-14,Card,64.22,Refunded
12198,12198,2024-06-03,Cash,17.07,Paid
12199,12199,2024-01-19,Card,35.27,Paid
12200,12200,2024-06-25,Mobile Pay,24.50,Paid
12201,12201,2024-03-16,Cash,24.27,Paid
12202,12202,2024-08-06,Mobile Pay,45.87,Paid
12203,12203,2024-07-01,Cash,22.36,Paid
12204,12204,2024-11-08,Mobile Pay,7.46,Refunded
12205,12205,2024-12-05,Cash,63.54,Paid
12206,12206,2024-08-03,Mobile Pay,13.61,Refunded
12207,12207,2024-03-25,Mobile Pay,31.98,Paid
12208,12208,2024-04-13,Mobile Pay,30.53,Paid
12209,12209,2024-05-05,Cash,40.52,Paid
12210,12210,2024-02-08,Mobile Pay,46.78,Paid
12211,12211,2024-05-17,Cash,11.88,Refunded
12212,12212,2024-07-02,Mobile Pay,31.88,Paid
12213,12213,2024-05-11,Mobile Pay,18.19,Paid
12214,12214,2024-08-14,Mobile Pay,14.01,Refunded
12215,12215,2024-10-03,Mobile Pay,27.02,Paid
12216,12216,2024-01-24,Card,27.79,Paid
12217,12217,2024-02-29,Card,41.56,Paid
12218,12218,2024-01-31,Card,12.56,Paid
12219,12219,2024-08-31,Card,11.70,Paid
12220,12220,2024-06-19,Card,31.84,Paid
12221,12221,2024-03-03,Mobile Pay,6.33,Paid
12222,12222,2024-08-04,Card,22.36,Paid
12223,12223,2024-03-28,Card,42.85,Refunded
12224,12224,2024-02-20,Cash,19.72,Paid
12225,12225,2024-07-22,Cash,21.89,Paid
12226,12226,2024-10-24,Card,61.40,Paid
12227,12227,2024-06-12,Card,20.24,Paid
12228,12228,2024-07-15,Cash,9.92,Paid
12229,12229,2024-06-18,Mobile Pay,62.49,Paid
12230,12230,2024-07-25,Cash,19.47,Refunded
12231,12231,2024-09-30,Mobile Pay,74.84,Paid
12232,12232,2024-08-25,Card,50.05,Paid
12233,12233,2024-07-10,Card,33.95,Paid
12234,12234,2024-04-25,Card,49.30,Paid
12235,12235,2024-10-11,Cash,23.89,Paid
12236,12236,2024-01-12,Card,14.10,Paid
12237,12237,2024-09-06,Cash,46.92,Paid
12238,12238,2024-01-09,Mobile Pay,31.84,Paid
12239,12239,2024-03-11,Mobile Pay,29.49,Paid
12240,12240,2024-03-05,Card,17.82,Paid
12241,12241,2024-12-22,Cash,9.54,Paid
12242,12242,2024-11-26,Cash,39.02,Paid
12243,12243,2024-09-06,Cash,17.88,Paid
12244,12244,2024-01-29,Cash,28.48,Paid
12245,12245,2024-10-19,Mobile Pay,36.39,Paid
12246,12246,2024-10-10,Mobile Pay,14.54,Paid
12247,12247,2024-06-11,Mobile Pay,36.20,Paid
12248,12248,2024-01-21,Cash,14.63,Paid
12249,12249,2024-09-24,Cash,79.62,Refunded
12250,12250,2024-11-06,Card,23.18,Refunded
12251,12251,2024-02-17,Mobile Pay,26.60,Paid
12252,12252,2024-09-12,Mobile Pay,16.28,Paid
12253,12253,2024-08-04,Card,27.31,Refunded
12254,12254,2024-03-27,Cash,13.13,Paid
12255,12255,2024-02-22,Cash,22.74,Paid
12256,12256,2024-07-16,Mobile Pay,34.44,Paid
12257,12257,2025-01-01,Mobile Pay,47.42,Refunded
12258,12258,2024-09-10,Card,31.56,Paid
12259,12259,2024-02-04,Mobile Pay,29.69,Paid
12260,12260,2024-07-25,Cash,28.36,Refunded
12261,12261,2024-04-03,Mobile Pay,36.24,Paid
12262,12262,2024-01-05,Card,10.14,Refunded
12263,12263,2024-07-08,Card,18.60,Refunded
12264,12264,2024-01-21,Mobile Pay,11.06,Paid
12265,12265,2024-05-31,Card,41.84,Paid
12266,12266,2024-09-15,Cash,37.26,Paid
12267,12267,2024-08-20,Cash,38.25,Paid
12268,12268,2024-10-16,Cash,12.40,Paid
12269,12269,2024-12-08,Mobile Pay,49.22,Paid
12270,12270,2024-12-13,Mobile Pay,18.46,Paid
12271,12271,2024-02-06,Card,15.86,Paid
12272,12272,2024-07-29,Card,67.88,Paid
12273,12273,2024-05-09,Mobile Pay,19.16,Paid
12274,12274,2024-03-16,Cash,32.03,Paid
12275,12275,2024-08-28,Mobile Pay,46.88,Paid
12276,12276,2024-08-07,Cash,23.16,Refunded
12277,12277,2024-04-28,Mobile Pay,55.42,Paid
12278,12278,2024-07-31,Card,22.09,Paid
12279,12279,2024-02-20,Card,13.27,Paid
12280,12280,2024-10-11,Mobile Pay,23.43,Paid
12281,12281,2024-11-30,Card,24.18,Paid
12282,12282,2024-07-17,Mobile Pay,70.43,Refunded
12283,12283,2024-04-06,Card,14.87,Paid
12284,12284,2024-09-01,Card,19.74,Paid
12285,12285,2024-01-24,Card,14.07,Refunded
12286,12286,2024-04-22,Mobile Pay,19.93,Refunded
12287,12287,2024-08-09,Mobile Pay,36.06,Paid
12288,12288,2024-12-24,Mobile Pay,21.44,Paid
12289,12289,2024-11-13,Cash,24.24,Paid
12290,12290,2024-02-14,Cash,31.14,Paid
12291,12291,2024-01-07,Card,40.04,Refunded
12292,12292,2024-06-23,Cash,23.58,Paid
12293,12293,2024-02-10,Card,34.10,Paid
12294,12294,2024-08-18,Card,22.68,Refunded
12295,12295,2024-03-25,Card,10.70,Refunded
12296,12296,2024-09-19,Cash,33.14,Paid
12297,12297,2024-07-31,Card,35.65,Paid
12298,12298,2024-06-23,Card,37.64,Paid
12299,12299,2024-08-16,Cash,23.97,Paid
12300,12300,2024-07-21,Card,25.00,Paid
12301,12301,2024-09-21,Card,22.60,Paid
12302,12302,2024-01-16,Card,49.25,Paid
12303,12303,2024-08-25,Card,8.29,Paid
12304,12304,2024-04-28,Card,43.66,Paid
12305,12305,2024-09-07,Cash,22.97,Paid
12306,12306,2024-10-23,Cash,39.04,Paid
12307,12307,2024-07-11,Cash,32.68,Paid
12308,12308,2024-10-03,Cash,42.21,Paid
12309,12309,2024-06-22,Cash,58.14,Refunded
12310,12310,2024-07-18,Mobile Pay,16.81,Paid
12311,12311,2024-01-02,Mobile Pay,18.24,Paid
12312,12312,2024-02-29,Card,14.22,Paid
12313,12313,2024-01-03,Cash,21.82,Refunded
12314,12314,2024-03-25,Card,19.92,Refunded
12315,12315,2024-10-30,Mobile Pay,8.43,Paid
12316,12316,2024-08-24,Card,28.44,Paid
12317,12317,2024-03-03,Cash,33.36,Paid
12318,12318,2024-07-21,Mobile Pay,8.01,Paid
12319,12319,2024-11-04,Card,66.62,Paid
12320,12320,2024-01-23,Cash,17.93,Paid
12321,12321,2024-12-31,Mobile Pay,56.22,Paid
12322,12322,2024-02-18,Mobile Pay,13.49,Paid
12323,12323,2024-10-06,Cash,19.31,Paid
12324,12324,2024-01-29,Card,29.54,Paid
12325,12325,2024-10-21,Mobile Pay,9.88,Paid
12326,12326,2024-03-15,Cash,40.16,Paid
12327,12327,2024-05-20,Card,10.55,Paid
12328,12328,2024-03-11,Mobile Pay,26.46,Refunded
12329,12329,2024-02-02,Mobile Pay,28.90,Refunded
12330,12330,2024-08-19,Card,33.20,Paid
12331,12331,2024-07-24,Mobile Pay,25.58,Paid
12332,12332,2024-07-21,Mobile Pay,45.13,Paid
12333,12333,2024-05-20,Cash,19.30,Refunded
12334,12334,2024-05-07,Card,15.31,Paid
12335,12335,2024-09-12,Card,22.78,Refunded
12336,12336,2024-11-01,Card,20.09,Paid
12337,12337,2024-09-15,Cash,17.31,Paid
12338,12338,2024-10-29,Mobile Pay,33.88,Paid
12339,12339,2024-01-14,Card,20.93,Paid
12340,12340,2024-02-26,Mobile Pay,10.27,Paid
12341,12341,2024-07-13,Mobile Pay,17.66,Paid
12342,12342,2024-11-19,Cash,35.75,Paid
12343,12343,2024-03-26,Card,23.25,Paid
12344,12344,2024-10-20,Mobile Pay,26.17,Paid
12345,12345,2024-05-08,Card,25.39,Paid
12346,12346,2024-09-07,Cash,8.78,Paid
12347,12347,2024-02-18,Mobile Pay,8.14,Paid
12348,12348,2024-04-13,Mobile Pay,24.23,Paid
12349,12349,2024-07-26,Mobile Pay,16.02,Refunded
12350,12350,2024-05-25,Cash,70.86,Paid
12351,12351,2024-02-12,Cash,39.41,Refunded
12352,12352,2024-07-04,Cash,8.18,Paid
12353,12353,2024-09-29,Cash,13.14,Paid
12354,12354,2024-03-25,Cash,33.62,Paid
12355,12355,2024-08-17,Mobile Pay,15.51,Paid
12356,12356,2024-11-10,Card,34.59,Paid
12357,12357,2024-07-14,Card,27.57,Paid
12358,12358,2024-07-25,Cash,24.03,Refunded
12359,12359,2024-12-28,Mobile Pay,17.83,Refunded
12360,12360,2024-07-16,Card,15.15,Paid
12361,12361,2024-02-06,Mobile Pay,13.43,Paid
12362,12362,2024-03-19,Card,21.28,Paid
12363,12363,2024-07-25,Mobile Pay,24.15,Paid
12364,12364,2024-02-29,Mobile Pay,28.06,Paid
12365,12365,2024-11-21,Mobile Pay,74.49,Paid
12366,12366,2024-11-19,Mobile Pay,25.38,Paid
12367,12367,2024-09-23,Mobile Pay,50.29,Paid
12368,12368,2024-07-23,Mobile Pay,33.88,Paid
12369,12369,2024-03-28,Cash,32.92,Paid
12370,12370,2024-09-03,Card,10.06,Refunded
12371,12371,2024-03-15,Cash,32.95,Refunded
12372,12372,2024-12-18,Mobile Pay,11.45,Paid
12373,12373,2024-08-21,Cash,30.24,Paid
12374,12374,2024-09-19,Cash,22.30,Paid
12375,12375,2024-03-01,Card,35.84,Paid
12376,12376,2024-02-26,Card,38.02,Paid
12377,12377,2024-12-14,Cash,16.32,Paid
12378,12378,2024-09-12,Mobile Pay,12.49,Paid
12379,12379,2024-10-10,Card,32.73,Refunded
12380,12380,2024-03-22,Mobile Pay,21.26,Paid
12381,12381,2024-10-21,Card,24.68,Refunded
12382,12382,2024-05-08,Card,42.76,Refunded
12383,12383,2024-05-22,Mobile Pay,50.11,Paid
12384,12384,2024-09-28,Card,13.75,Paid
12385,12385,2024-01-12,Cash,52.39,Paid
12386,12386,2024-10-03,Mobile Pay,49.39,Paid
12387,12387,2024-09-10,Card,19.53,Paid
12388,12388,2024-06-05,Card,43.94,Paid
12389,12389,2024-07-17,Mobile Pay,11.66,Paid
12390,12390,2024-05-23,Mobile Pay,11.70,Paid
12391,12391,2024-05-25,Cash,25.44,Paid
12392,12392,2024-09-01,Cash,13.35,Paid
12393,12393,2024-08-27,Cash,18.03,Paid
12394,12394,2024-01-15,Mobile Pay,11.65,Refunded
12395,12395,2024-05-17,Mobile Pay,24.95,Paid
12396,12396,2024-10-17,Card,20.37,Refunded
12397,12397,2024-03-07,Cash,27.18,Refunded
12398,12398,2024-02-23,Cash,33.73,Paid
12399,12399,2024-05-17,Mobile Pay,36.32,Refunded
12400,12400,2024-08-09,Mobile Pay,39.45,Paid
12401,12401,2024-08-06,Card,17.16,Paid
12402,12402,2024-10-21,Cash,31.57,Refunded
12403,12403,2024-11-20,Mobile Pay,21.81,Paid
12404,12404,2024-03-12,Cash,22.96,Paid
12405,12405,2024-01-06,Mobile Pay,59.77,Paid
12406,12406,2024-07-03,Mobile Pay,20.04,Refunded
12407,12407,2024-11-14,Mobile Pay,21.62,Paid
12408,12408,2024-06-28,Mobile Pay,16.76,Refunded
12409,12409,2024-06-18,Mobile Pay,13.36,Paid
12410,12410,2024-09-06,Cash,21.98,Paid
12411,12411,2024-04-03,Cash,30.02,Refunded
12412,12412,2024-03-31,Cash,39.36,Paid
12413,12413,2024-02-29,Card,34.88,Paid
12414,12414,2024-12-21,Card,29.03,Paid
12415,12415,2024-07-10,Card,16.98,Refunded
12416,12416,2024-07-20,Card,11.58,Paid
12417,12417,2024-07-26,Cash,45.86,Refunded
12418,12418,2024-09-05,Card,24.42,Paid
12419,12419,2024-02-16,Card,22.74,Paid
12420,12420,2024-11-15,Card,17.82,Paid
12421,12421,2024-04-23,Card,30.40,Paid
12422,12422,2024-10-14,Card,28.60,Paid
12423,12423,2024-08-17,Mobile Pay,46.47,Paid
12424,12424,2024-12-17,Card,30.87,Paid
12425,12425,2024-11-21,Mobile Pay,35.90,Paid
12426,12426,2024-11-24,Mobile Pay,23.56,Paid
12427,12427,2024-02-20,Cash,16.82,Paid
12428,12428,2024-11-13,Card,41.70,Paid
12429,12429,2024-07-13,Cash,6.48,Paid
12430,12430,2024-03-04,Cash,22.82,Paid
12431,12431,2024-06-02,Mobile Pay,26.20,Refunded
12432,12432,2024-04-30,Card,13.72,Paid
12433,12433,2024-01-09,Cash,25.44,Paid
12434,12434,2024-07-22,Mobile Pay,33.64,Paid
12435,12435,2024-04-22,Mobile Pay,36.43,Paid
12436,12436,2024-04-08,Card,26.00,Paid
12437,12437,2024-08-07,Mobile Pay,9.72,Paid
12438,12438,2024-11-18,Cash,44.71,Paid
12439,12439,2024-02-10,Card,31.66,Paid
12440,12440,2024-08-30,Card,56.44,Paid
12441,12441,2024-02-01,Mobile Pay,31.93,Paid
12442,12442,2024-03-21,Card,66.07,Refunded
12443,12443,2024-08-02,Cash,16.26,Paid
12444,12444,2024-12-18,Cash,27.73,Paid
12445,12445,2024-09-11,Mobile Pay,13.14,Paid
12446,12446,2024-01-03,Card,16.03,Paid
12447,12447,2024-03-24,Cash,12.84,Refunded
12448,12448,2024-02-19,Cash,25.94,Refunded
12449,12449,2024-12-22,Mobile Pay,7.83,Refunded
12450,12450,2024-06-22,Mobile Pay,20.06,Paid
12451,12451,2024-05-28,Card,15.36,Paid
12452,12452,2024-08-19,Card,28.56,Refunded
12453,12453,2024-05-07,Card,9.64,Paid
12454,12454,2024-03-04,Mobile Pay,39.43,Paid
12455,12455,2024-10-29,Cash,13.82,Paid
12456,12456,2024-12-03,Card,33.48,Paid
12457,12457,2024-09-03,Card,17.81,Paid
12458,12458,2024-05-14,Mobile Pay,15.02,Paid
12459,12459,2024-10-09,Cash,24.28,Paid
12460,12460,2024-01-23,Card,18.23,Paid
12461,12461,2024-05-27,Cash,23.27,Paid
12462,12462,2024-05-21,Cash,17.68,Refunded
12463,12463,2024-04-30,Card,6.92,Refunded
12464,12464,2024-05-06,Card,30.58,Paid
12465,12465,2024-02-04,Mobile Pay,32.85,Refunded
12466,12466,2024-11-11,Cash,12.82,Paid
12467,12467,2024-12-27,Card,25.31,Paid
12468,12468,2024-12-07,Mobile Pay,18.14,Refunded
12469,12469,2024-10-22,Cash,17.91,Refunded
12470,12470,2024-10-03,Mobile Pay,20.94,Paid
12471,12471,2024-09-23,Cash,34.60,Paid
12472,12472,2024-06-22,Card,10.45,Refunded
12473,12473,2024-10-03,Mobile Pay,54.55,Paid
12474,12474,2024-07-10,Cash,23.10,Paid
12475,12475,2024-10-23,Card,17.50,Paid
12476,12476,2024-07-25,Cash,22.32,Paid
12477,12477,2024-10-07,Card,63.54,Paid
12478,12478,2024-09-06,Cash,26.76,Paid
12479,12479,2024-09-12,Card,10.29,Paid
12480,12480,2024-08-18,Card,20.33,Paid
12481,12481,2024-05-12,Mobile Pay,15.59,Paid
12482,12482,2024-01-19,Cash,55.98,Refunded
12483,12483,2024-08-06,Card,28.95,Paid
12484,12484,2024-12-04,Cash,9.68,Paid
12485,12485,2024-09-16,Card,30.10,Paid
12486,12486,2024-04-09,Card,21.49,Refunded
12487,12487,2024-02-11,Mobile Pay,12.67,Paid
12488,12488,2024-02-19,Mobile Pay,40.47,Paid
12489,12489,2024-09-11,Cash,40.62,Paid
12490,12490,2024-10-06,Card,59.91,Refunded
12491,12491,2024-06-23,Cash,12.15,Paid
12492,12492,2024-10-27,Mobile Pay,14.38,Refunded
12493,12493,2024-03-28,Cash,19.60,Paid
12494,12494,2024-10-18,Cash,21.68,Refunded
12495,12495,2024-03-11,Card,17.36,Refunded
12496,12496,2024-12-02,Card,15.46,Paid
12497,12497,2024-11-23,Cash,42.05,Paid
12498,12498,2024-09-08,Cash,36.01,Paid
12499,12499,2024-09-29,Cash,36.06,Paid
12500,12500,2024-09-16,Card,13.00,Paid
12501,12501,2024-04-20,Card,56.09,Paid
12502,12502,2024-10-02,Card,33.03,Refunded
12503,12503,2024-02-10,Cash,13.98,Paid
12504,12504,2024-06-11,Cash,26.11,Refunded
12505,12505,2024-06-13,Card,13.48,Paid
12506,12506,2024-10-08,Mobile Pay,77.94,Paid
12507,12507,2024-03-28,Mobile Pay,14.74,Paid
12508,12508,2024-05-31,Card,12.10,Paid
12509,12509,2024-01-31,Cash,24.86,Paid
12510,12510,2024-09-14,Cash,21.71,Paid
12511,12511,2024-12-23,Card,28.09,Paid
12512,12512,2024-02-05,Card,57.34,Paid
12513,12513,2024-11-03,Cash,26.48,Paid
12514,12514,2024-11-24,Cash,15.01,Refunded
12515,12515,2024-08-26,Card,23.28,Paid
12516,12516,2024-07-15,Card,18.30,Paid
12517,12517,2024-11-08,Card,39.61,Paid
12518,12518,2024-03-26,Mobile Pay,41.37,Refunded
12519,12519,2024-05-13,Mobile Pay,27.79,Paid
12520,12520,2024-07-27,Mobile Pay,35.57,Paid
12521,12521,2024-08-08,Cash,5.68,Paid
12522,12522,2024-01-31,Cash,60.38,Paid
12523,12523,2024-04-11,Cash,42.32,Paid
12524,12524,2024-02-11,Cash,21.73,Refunded
12525,12525,2024-03-12,Mobile Pay,36.75,Paid
12526,12526,2024-05-02,Cash,13.76,Paid
12527,12527,2024-12-24,Mobile Pay,38.88,Refunded
12528,12528,2024-12-24,Mobile Pay,22.90,Paid
12529,12529,2024-11-15,Cash,17.99,Paid
12530,12530,2024-10-31,Cash,23.61,Paid
12531,12531,2024-01-03,Mobile Pay,10.21,Paid
12532,12532,2024-05-02,Mobile Pay,6.85,Paid
12533,12533,2024-11-21,Cash,17.51,Paid
12534,12534,2024-01-31,Cash,23.68,Paid
12535,12535,2024-09-04,Cash,27.47,Refunded
12536,12536,2024-10-11,Cash,27.81,Paid
12537,12537,2024-10-11,Card,23.82,Refunded
12538,12538,2024-01-25,Mobile Pay,9.47,Paid
12539,12539,2024-08-21,Card,10.95,Refunded
12540,12540,2024-10-14,Mobile Pay,6.85,Paid
12541,12541,2024-11-27,Mobile Pay,17.83,Paid
12542,12542,2024-08-06,Card,20.54,Paid
12543,12543,2024-03-25,Card,9.28,Paid
12544,12544,2024-05-28,Card,18.73,Paid
12545,12545,2024-07-26,Mobile Pay,27.27,Paid
12546,12546,2024-08-18,Mobile Pay,13.64,Paid
12547,12547,2024-10-01,Mobile Pay,12.38,Paid
12548,12548,2024-10-18,Card,17.94,Paid
12549,12549,2024-09-14,Cash,55.24,Paid
12550,12550,2024-02-09,Card,24.70,Refunded
12551,12551,2024-12-09,Cash,17.58,Paid
12552,12552,2024-10-09,Card,11.99,Paid
12553,12553,2024-08-13,Mobile Pay,22.46,Paid
12554,12554,2024-03-31,Mobile Pay,21.77,Paid
12555,12555,2024-05-29,Card,9.86,Paid
12556,12556,2024-06-09,Mobile Pay,33.58,Refunded
12557,12557,2024-08-16,Mobile Pay,19.16,Paid
12558,12558,2024-02-07,Cash,47.86,Paid
12559,12559,2024-05-16,Card,25.28,Paid
12560,12560,2024-06-14,Cash,42.39,Paid
12561,12561,2024-08-08,Cash,44.81,Paid
12562,12562,2024-05-28,Mobile Pay,27.13,Paid
12563,12563,2024-10-05,Cash,32.99,Refunded
12564,12564,2024-03-19,Cash,14.48,Refunded
12565,12565,2024-09-19,Cash,25.09,Paid
12566,12566,2024-07-26,Cash,30.11,Paid
12567,12567,2024-08-25,Cash,10.61,Paid
12568,12568,2024-01-19,Mobile Pay,27.86,Paid
12569,12569,2024-09-22,Card,24.74,Refunded
12570,12570,2024-08-13,Card,20.91,Refunded
12571,12571,2024-08-13,Cash,68.36,Paid
12572,12572,2024-09-11,Mobile Pay,7.57,Paid
12573,12573,2024-06-02,Card,23.37,Paid
12574,12574,2024-07-16,Cash,24.83,Refunded
12575,12575,2024-06-05,Card,62.99,Paid
12576,12576,2024-03-18,Mobile Pay,19.78,Refunded
12577,12577,2024-04-26,Cash,35.21,Paid
12578,12578,2024-06-08,Cash,16.08,Paid
12579,12579,2024-04-11,Card,43.51,Refunded
12580,12580,2024-08-22,Mobile Pay,35.96,Paid
12581,12581,2024-01-08,Card,16.57,Paid
12582,12582,2024-09-29,Mobile Pay,34.62,Refunded
12583,12583,2024-02-26,Card,62.76,Paid
12584,12584,2024-02-06,Cash,24.47,Paid
12585,12585,2024-06-29,Cash,24.88,Paid
12586,12586,2024-06-13,Mobile Pay,48.61,Paid
12587,12587,2024-04-08,Mobile Pay,24.71,Paid
12588,12588,2024-03-26,Cash,17.70,Paid
12589,12589,2024-05-04,Card,19.18,Paid
12590,12590,2024-08-30,Card,30.91,Refunded
12591,12591,2024-08-29,Mobile Pay,33.41,Paid
12592,12592,2024-05-05,Mobile Pay,38.54,Paid
12593,12593,2024-02-18,Mobile Pay,15.96,Paid
12594,12594,2024-02-21,Card,29.45,Refunded
12595,12595,2024-11-25,Card,28.61,Paid
12596,12596,2024-07-22,Cash,11.98,Paid
12597,12597,2024-08-02,Cash,8.65,Paid
12598,12598,2024-10-03,Card,17.47,Paid
12599,12599,2024-04-28,Cash,71.30,Paid
12600,12600,2024-07-12,Cash,20.64,Refunded
12601,12601,2024-07-06,Mobile Pay,29.85,Refunded
12602,12602,2024-09-02,Card,22.23,Paid
12603,12603,2024-07-23,Mobile Pay,15.74,Paid
12604,12604,2024-09-02,Mobile Pay,32.40,Paid
12605,12605,2024-11-13,Mobile Pay,29.05,Refunded
12606,12606,2024-08-22,Mobile Pay,29.80,Paid
12607,12607,2024-10-10,Card,13.67,Paid
12608,12608,2024-06-03,Mobile Pay,31.68,Refunded
12609,12609,2024-02-05,Cash,22.13,Refunded
12610,12610,2024-07-03,Card,16.70,Paid
12611,12611,2024-07-18,Cash,27.72,Paid
12612,12612,2024-10-31,Mobile Pay,36.32,Paid
12613,12613,2024-08-10,Cash,20.23,Paid
12614,12614,2024-01-20,Mobile Pay,79.80,Paid
12615,12615,2024-10-15,Cash,9.11,Paid
12616,12616,2024-07-12,Card,24.17,Paid
12617,12617,2024-01-30,Card,23.36,Refunded
12618,12618,2024-07-07,Cash,55.14,Paid
12619,12619,2024-09-22,Mobile Pay,22.89,Refunded
12620,12620,2024-02-01,Card,25.87,Refunded
12621,12621,2024-09-26,Card,85.20,Paid
12622,12622,2024-03-07,Cash,20.98,Paid
12623,12623,2024-01-08,Card,11.44,Paid
12624,12624,2024-11-14,Mobile Pay,41.24,Refunded
12625,12625,2024-04-06,Cash,21.46,Refunded
12626,12626,2024-01-05,Cash,19.52,Refunded
12627,12627,2024-08-05,Card,32.46,Paid
12628,12628,2024-02-23,Card,42.04,Paid
12629,12629,2024-03-16,Mobile Pay,21.74,Paid
12630,12630,2024-10-15,Cash,19.30,Paid
12631,12631,2024-08-25,Cash,23.17,Refunded
12632,12632,2024-09-03,Mobile Pay,15.80,Paid
12633,12633,2024-05-29,Card,52.27,Paid
12634,12634,2024-02-03,Cash,41.45,Paid
12635,12635,2024-02-21,Card,27.45,Paid
12636,12636,2024-02-24,Card,34.19,Paid
12637,12637,2024-01-18,Mobile Pay,30.78,Paid
12638,12638,2024-10-13,Card,19.42,Paid
12639,12639,2024-03-14,Card,20.33,Paid
12640,12640,2024-11-09,Card,43.68,Refunded
12641,12641,2024-09-25,Mobile Pay,8.42,Paid
12642,12642,2024-06-22,Mobile Pay,12.62,Refunded
12643,12643,2024-01-24,Cash,15.67,Paid
12644,12644,2024-08-29,Cash,20.43,Paid
12645,12645,2024-06-24,Mobile Pay,23.50,Paid
12646,12646,2024-06-17,Card,12.86,Paid
12647,12647,2024-11-21,Mobile Pay,16.13,Paid
12648,12648,2024-11-02,Mobile Pay,38.25,Paid
12649,12649,2024-03-07,Cash,58.46,Paid
12650,12650,2024-02-08,Mobile Pay,15.04,Refunded
12651,12651,2024-01-12,Card,22.02,Paid
12652,12652,2024-09-28,Card,23.06,Paid
12653,12653,2024-02-17,Card,40.79,Refunded
12654,12654,2024-09-24,Cash,28.07,Paid
12655,12655,2024-06-21,Mobile Pay,49.51,Refunded
12656,12656,2024-07-13,Card,19.95,Paid
12657,12657,2024-05-12,Card,16.73,Paid
12658,12658,2024-11-20,Card,23.76,Paid
12659,12659,2024-04-22,Card,27.04,Paid
12660,12660,2024-01-31,Mobile Pay,24.04,Paid
12661,12661,2024-06-14,Mobile Pay,31.43,Paid
12662,12662,2024-09-23,Card,53.79,Paid
12663,12663,2024-09-19,Card,18.25,Paid
12664,12664,2024-07-18,Cash,13.01,Refunded
12665,12665,2024-05-15,Card,37.78,Paid
12666,12666,2024-07-02,Cash,25.40,Paid
12667,12667,2024-10-25,Cash,27.66,Paid
12668,12668,2024-01-31,Mobile Pay,30.98,Paid
12669,12669,2024-07-23,Mobile Pay,61.20,Paid
12670,12670,2024-05-04,Cash,18.83,Paid
12671,12671,2024-10-26,Card,29.76,Paid
12672,12672,2024-03-04,Mobile Pay,28.21,Paid
12673,12673,2024-06-15,Card,20.84,Paid
12674,12674,2024-08-10,Card,36.86,Paid
12675,12675,2024-07-02,Mobile Pay,16.75,Paid
12676,12676,2024-09-10,Cash,17.78,Paid
12677,12677,2024-07-11,Mobile Pay,13.16,Refunded
12678,12678,2024-07-07,Card,20.24,Refunded
12679,12679,2024-06-30,Card,9.09,Paid
12680,12680,2024-05-14,Mobile Pay,14.94,Paid
12681,12681,2024-02-16,Cash,10.97,Paid
12682,12682,2024-04-26,Card,43.58,Paid
12683,12683,2024-09-24,Card,30.63,Paid
12684,12684,2024-03-08,Cash,7.54,Paid
12685,12685,2024-09-29,Cash,44.60,Paid
12686,12686,2024-11-10,Cash,39.83,Paid
12687,12687,2024-05-01,Card,25.64,Paid
12688,12688,2024-10-20,Cash,20.87,Paid
12689,12689,2024-04-03,Card,14.20,Refunded
12690,12690,2024-03-30,Cash,22.30,Paid
12691,12691,2024-10-15,Cash,25.43,Paid
12692,12692,2024-01-24,Cash,33.47,Refunded
12693,12693,2024-05-20,Mobile Pay,30.94,Paid
12694,12694,2024-02-09,Card,28.21,Paid
12695,12695,2024-03-15,Card,8.26,Paid
12696,12696,2024-05-04,Mobile Pay,7.89,Paid
12697,12697,2024-11-05,Card,22.28,Paid
12698,12698,2024-11-22,Cash,14.94,Paid
12699,12699,2024-10-14,Cash,14.21,Paid
12700,12700,2024-11-14,Card,40.19,Paid
12701,12701,2024-12-23,Card,39.96,Paid
12702,12702,2024-11-04,Card,32.86,Paid
12703,12703,2024-01-09,Mobile Pay,43.44,Paid
12704,12704,2024-09-04,Cash,25.34,Paid
12705,12705,2024-07-22,Cash,13.49,Paid
12706,12706,2024-02-27,Mobile Pay,10.98,Paid
12707,12707,2024-11-02,Cash,33.30,Paid
12708,12708,2024-04-10,Mobile Pay,26.26,Paid
12709,12709,2024-01-11,Card,29.63,Paid
12710,12710,2024-07-19,Card,32.40,Paid
12711,12711,2024-01-10,Mobile Pay,30.98,Paid
12712,12712,2024-06-25,Mobile Pay,37.09,Paid
12713,12713,2024-09-23,Cash,28.32,Paid
12714,12714,2024-04-12,Card,16.52,Paid
12715,12715,2024-09-16,Card,9.68,Refunded
12716,12716,2024-09-16,Card,9.43,Paid
12717,12717,2024-08-16,Card,48.54,Paid
12718,12718,2024-11-15,Mobile Pay,8.25,Paid
12719,12719,2024-07-27,Mobile Pay,32.36,Paid
12720,12720,2024-04-13,Mobile Pay,38.77,Paid
12721,12721,2024-07-26,Card,22.73,Refunded
12722,12722,2024-10-14,Cash,64.65,Paid
12723,12723,2024-11-04,Card,14.83,Paid
12724,12724,2024-10-07,Cash,29.83,Paid
12725,12725,2024-12-09,Mobile Pay,36.35,Paid
12726,12726,2024-10-22,Mobile Pay,27.96,Refunded
12727,12727,2024-05-19,Mobile Pay,14.69,Paid
12728,12728,2024-08-04,Card,28.04,Refunded
12729,12729,2024-01-16,Mobile Pay,8.81,Paid
12730,12730,2024-07-16,Mobile Pay,9.62,Paid
12731,12731,2024-08-26,Card,24.00,Paid
12732,12732,2024-07-30,Mobile Pay,14.13,Paid
12733,12733,2024-10-07,Cash,16.29,Paid
12734,12734,2024-02-27,Mobile Pay,68.66,Paid
12735,12735,2024-07-05,Card,16.30,Paid
12736,12736,2024-05-10,Card,21.69,Paid
12737,12737,2024-01-03,Card,24.10,Paid
12738,12738,2024-12-16,Card,28.42,Refunded
12739,12739,2024-06-07,Mobile Pay,26.38,Paid
12740,12740,2024-01-05,Cash,19.58,Paid
12741,12741,2024-02-03,Card,19.24,Paid
12742,12742,2024-01-16,Mobile Pay,18.55,Paid
12743,12743,2024-12-01,Card,48.07,Paid
12744,12744,2024-04-20,Mobile Pay,50.34,Paid
12745,12745,2024-02-13,Mobile Pay,14.74,Paid
12746,12746,2024-08-05,Cash,20.95,Paid
12747,12747,2024-12-29,Cash,14.08,Paid
12748,12748,2024-06-09,Card,21.12,Refunded
12749,12749,2024-03-19,Cash,17.68,Refunded
12750,12750,2024-07-27,Cash,21.84,Paid
12751,12751,2024-11-18,Cash,21.67,Paid
12752,12752,2025-01-02,Card,7.01,Paid
12753,12753,2024-12-07,Cash,16.91,Refunded
12754,12754,2024-05-14,Card,10.06,Refunded
12755,12755,2024-03-20,Mobile Pay,36.28,Paid
12756,12756,2024-05-28,Cash,37.73,Paid
12757,12757,2024-03-29,Cash,21.73,Paid
12758,12758,2024-05-25,Cash,28.40,Paid
12759,12759,2024-05-28,Cash,32.20,Paid
12760,12760,2024-02-04,Mobile Pay,22.26,Refunded
12761,12761,2024-01-28,Cash,80.82,Paid
12762,12762,2024-03-09,Mobile Pay,55.13,Paid
12763,12763,2024-03-11,Card,15.92,Refunded
12764,12764,2024-12-18,Card,19.62,Paid
12765,12765,2024-03-03,Cash,29.12,Paid
12766,12766,2024-08-27,Card,54.19,Refunded
12767,12767,2024-11-09,Card,22.70,Paid
12768,12768,2024-11-27,Mobile Pay,24.71,Paid
12769,12769,2024-10-16,Cash,20.88,Paid
12770,12770,2024-05-08,Card,17.22,Paid
12771,12771,2024-11-18,Mobile Pay,23.51,Paid
12772,12772,2024-06-03,Cash,16.23,Paid
12773,12773,2024-08-19,Card,43.28,Paid
12774,12774,2024-04-09,Cash,8.95,Paid
12775,12775,2024-09-01,Mobile Pay,22.52,Paid
12776,12776,2024-07-02,Mobile Pay,24.90,Paid
12777,12777,2024-07-13,Card,77.84,Paid
12778,12778,2024-05-10,Mobile Pay,49.58,Paid
12779,12779,2024-12-18,Card,17.89,Paid
12780,12780,2024-10-19,Cash,23.78,Paid
12781,12781,2024-07-04,Card,25.24,Paid
12782,12782,2024-01-27,Card,6.49,Paid
12783,12783,2024-01-12,Card,15.22,Paid
12784,12784,2024-12-11,Cash,12.33,Paid
12785,12785,2024-09-22,Card,9.76,Refunded
12786,12786,2024-12-22,Mobile Pay,53.32,Paid
12787,12787,2024-09-13,Card,23.18,Refunded
12788,12788,2024-03-15,Cash,15.56,Refunded
12789,12789,2024-03-16,Card,21.33,Paid
12790,12790,2024-12-13,Card,26.18,Paid
12791,12791,2024-12-28,Card,33.26,Refunded
12792,12792,2024-05-18,Mobile Pay,22.71,Paid
12793,12793,2024-05-04,Card,10.42,Paid
12794,12794,2024-11-17,Mobile Pay,15.51,Paid
12795,12795,2024-07-24,Cash,14.82,Paid
12796,12796,2024-05-10,Mobile Pay,104.19,Paid
12797,12797,2024-08-27,Cash,9.84,Paid
12798,12798,2024-01-27,Card,13.79,Refunded
12799,12799,2024-09-01,Card,18.70,Paid
12800,12800,2024-12-07,Card,19.61,Paid
12801,12801,2024-08-21,Card,18.17,Paid
12802,12802,2024-06-01,Cash,17.95,Paid
12803,12803,2024-09-12,Cash,30.54,Paid
12804,12804,2024-05-29,Cash,22.88,Paid
12805,12805,2024-05-25,Cash,17.66,Refunded
12806,12806,2024-04-19,Cash,14.40,Paid
12807,12807,2024-11-06,Mobile Pay,42.74,Paid
12808,12808,2024-09-24,Mobile Pay,20.57,Paid
12809,12809,2024-04-13,Mobile Pay,24.38,Refunded
12810,12810,2024-05-28,Cash,53.61,Paid
12811,12811,2024-11-29,Cash,8.59,Paid
12812,12812,2024-02-20,Cash,83.94,Paid
12813,12813,2024-10-26,Cash,59.40,Refunded
12814,12814,2024-12-20,Cash,10.42,Paid
12815,12815,2024-12-03,Cash,56.43,Refunded
12816,12816,2024-11-24,Cash,26.07,Paid
12817,12817,2024-04-26,Card,36.44,Paid
12818,12818,2024-07-10,Cash,28.38,Paid
12819,12819,2024-10-31,Mobile Pay,25.32,Paid
12820,12820,2024-02-28,Mobile Pay,11.11,Paid
12821,12821,2024-10-12,Mobile Pay,20.92,Paid
12822,12822,2024-05-08,Card,29.30,Paid
12823,12823,2024-10-08,Card,26.43,Paid
12824,12824,2024-08-22,Cash,8.96,Paid
12825,12825,2024-07-06,Card,23.58,Refunded
12826,12826,2024-11-17,Card,9.40,Refunded
12827,12827,2024-09-10,Card,34.70,Paid
12828,12828,2024-02-13,Card,15.84,Refunded
12829,12829,2024-06-02,Cash,32.45,Paid
12830,12830,2024-09-06,Mobile Pay,14.64,Paid
12831,12831,2024-06-05,Mobile Pay,16.79,Refunded
12832,12832,2024-06-22,Card,16.74,Paid
12833,12833,2024-10-19,Mobile Pay,12.71,Paid
12834,12834,2024-03-21,Card,46.91,Paid
12835,12835,2024-04-26,Cash,23.56,Paid
12836,12836,2024-06-16,Card,23.14,Paid
12837,12837,2024-09-27,Cash,30.70,Paid
12838,12838,2024-02-27,Mobile Pay,33.00,Refunded
12839,12839,2024-12-14,Cash,12.30,Paid
12840,12840,2024-11-29,Mobile Pay,14.44,Refunded
12841,12841,2024-03-24,Mobile Pay,20.83,Paid
12842,12842,2024-02-12,Card,12.72,Paid
12843,12843,2024-11-13,Card,17.10,Paid
12844,12844,2024-09-28,Card,30.49,Paid
12845,12845,2024-02-16,Mobile Pay,13.22,Paid
12846,12846,2024-02-05,Mobile Pay,32.96,Refunded
12847,12847,2024-12-21,Mobile Pay,18.92,Paid
12848,12848,2024-10-23,Cash,36.76,Paid
12849,12849,2024-03-26,Mobile Pay,19.45,Paid
12850,12850,2024-11-22,Mobile Pay,33.30,Refunded
12851,12851,2024-02-09,Cash,77.49,Paid
12852,12852,2024-07-19,Cash,23.63,Refunded
12853,12853,2024-04-08,Card,40.65,Paid
12854,12854,2024-01-31,Cash,66.36,Paid
12855,12855,2024-05-28,Cash,10.92,Paid
12856,12856,2024-03-11,Cash,11.95,Paid
12857,12857,2024-12-11,Card,18.14,Paid
12858,12858,2024-07-20,Card,17.78,Paid
12859,12859,2024-12-13,Cash,21.87,Paid
12860,12860,2024-05-22,Cash,43.94,Paid
12861,12861,2024-07-11,Mobile Pay,21.88,Paid
12862,12862,2024-03-14,Card,16.16,Paid
12863,12863,2024-07-08,Cash,49.15,Paid
12864,12864,2024-05-02,Cash,8.41,Paid
12865,12865,2024-05-03,Card,45.79,Paid
12866,12866,2024-06-09,Mobile Pay,33.16,Paid
12867,12867,2024-06-11,Mobile Pay,23.57,Paid
12868,12868,2024-04-02,Mobile Pay,59.21,Paid
12869,12869,2024-06-17,Cash,13.32,Paid
12870,12870,2024-12-01,Cash,35.15,Paid
12871,12871,2024-01-11,Card,20.38,Paid
12872,12872,2024-12-26,Cash,10.99,Paid
12873,12873,2024-08-20,Mobile Pay,15.86,Paid
12874,12874,2024-12-14,Cash,7.42,Paid
12875,12875,2024-08-02,Cash,36.10,Refunded
12876,12876,2024-12-01,Mobile Pay,93.32,Paid
12877,12877,2024-06-11,Mobile Pay,49.04,Paid
12878,12878,2024-08-24,Mobile Pay,15.87,Paid
12879,12879,2024-02-26,Mobile Pay,36.66,Paid
12880,12880,2024-04-21,Mobile Pay,20.50,Paid
12881,12881,2024-11-11,Cash,10.57,Paid
12882,12882,2024-02-14,Card,8.93,Paid
12883,12883,2024-02-29,Mobile Pay,73.52,Paid
12884,12884,2024-06-23,Cash,52.15,Paid
12885,12885,2024-05-01,Card,31.83,Refunded
12886,12886,2024-03-20,Card,11.64,Paid
12887,12887,2024-02-08,Mobile Pay,28.23,Refunded
12888,12888,2024-04-26,Card,20.29,Refunded
12889,12889,2024-02-21,Card,20.92,Paid
12890,12890,2024-02-09,Card,12.45,Paid
12891,12891,2024-04-08,Cash,32.96,Refunded
12892,12892,2024-03-29,Cash,33.72,Paid
12893,12893,2024-09-10,Card,21.14,Paid
12894,12894,2024-02-19,Cash,17.46,Paid
12895,12895,2024-10-03,Cash,15.64,Paid
12896,12896,2024-01-21,Cash,38.95,Paid
12897,12897,2024-11-28,Card,11.57,Paid
12898,12898,2024-12-14,Card,53.04,Paid
12899,12899,2024-07-22,Cash,43.46,Refunded
12900,12900,2024-02-26,Mobile Pay,24.22,Paid
12901,12901,2024-12-26,Cash,13.93,Paid
12902,12902,2024-01-01,Mobile Pay,6.81,Paid
12903,12903,2024-01-07,Card,40.62,Paid
12904,12904,2024-01-23,Card,66.36,Paid
12905,12905,2024-08-13,Card,27.26,Paid
12906,12906,2024-06-11,Card,33.10,Paid
12907,12907,2024-09-21,Mobile Pay,18.99,Paid
12908,12908,2024-06-19,Card,17.20,Paid
12909,12909,2024-01-12,Card,19.40,Refunded
12910,12910,2024-11-03,Cash,20.96,Paid
12911,12911,2024-02-11,Mobile Pay,23.51,Refunded
12912,12912,2024-08-04,Cash,36.44,Paid
12913,12913,2024-06-20,Card,33.40,Paid
12914,12914,2024-07-25,Card,19.16,Paid
12915,12915,2024-09-12,Cash,13.53,Paid
12916,12916,2024-07-17,Cash,23.22,Paid
12917,12917,2024-03-24,Mobile Pay,29.44,Paid
12918,12918,2024-12-31,Mobile Pay,47.72,Paid
12919,12919,2024-04-22,Mobile Pay,38.39,Paid
12920,12920,2024-04-17,Cash,24.08,Paid
12921,12921,2024-08-03,Card,27.76,Paid
12922,12922,2024-11-13,Mobile Pay,11.09,Paid
12923,12923,2024-12-13,Cash,30.54,Refunded
12924,12924,2024-09-13,Card,58.18,Paid
12925,12925,2024-08-04,Card,30.23,Paid
12926,12926,2024-12-03,Card,8.25,Paid
12927,12927,2024-02-12,Cash,38.05,Paid
12928,12928,2024-07-16,Card,35.68,Paid
12929,12929,2024-07-11,Card,13.30,Paid
12930,12930,2024-04-13,Cash,26.40,Refunded
12931,12931,2024-01-25,Cash,64.13,Paid
12932,12932,2024-09-05,Card,11.67,Refunded
12933,12933,2024-02-17,Cash,12.24,Paid
12934,12934,2024-03-16,Card,5.91,Paid
12935,12935,2024-05-16,Mobile Pay,56.04,Paid
12936,12936,2024-07-17,Card,50.21,Refunded
12937,12937,2024-03-24,Cash,27.78,Paid
12938,12938,2024-09-02,Card,16.88,Paid
12939,12939,2024-07-12,Mobile Pay,76.10,Paid
12940,12940,2024-05-05,Card,33.31,Paid
12941,12941,2024-10-07,Mobile Pay,30.39,Refunded
12942,12942,2024-08-03,Cash,15.92,Paid
12943,12943,2024-01-10,Cash,16.66,Paid
12944,12944,2024-07-08,Cash,60.48,Paid
12945,12945,2024-11-01,Cash,13.80,Refunded
12946,12946,2024-07-20,Cash,12.84,Paid
12947,12947,2024-04-30,Cash,10.68,Refunded
12948,12948,2024-10-20,Card,40.60,Paid
12949,12949,2024-06-15,Card,31.36,Paid
12950,12950,2024-12-23,Cash,45.48,Paid
12951,12951,2024-11-29,Cash,24.62,Paid
12952,12952,2024-08-06,Cash,30.88,Paid
12953,12953,2024-12-11,Cash,25.17,Paid
12954,12954,2024-10-12,Card,20.77,Paid
12955,12955,2024-10-24,Card,25.04,Paid
12956,12956,2024-01-06,Cash,10.60,Paid
12957,12957,2024-12-27,Mobile Pay,32.87,Refunded
12958,12958,2024-06-30,Cash,21.41,Paid
12959,12959,2024-01-06,Card,19.44,Paid
12960,12960,2024-06-16,Mobile Pay,7.40,Paid
12961,12961,2024-03-18,Mobile Pay,20.36,Paid
12962,12962,2024-11-14,Mobile Pay,16.61,Paid
12963,12963,2024-12-02,Cash,51.67,Paid
12964,12964,2024-10-06,Card,39.29,Refunded
12965,12965,2024-05-20,Mobile Pay,48.66,Paid
12966,12966,2024-12-27,Cash,37.77,Paid
12967,12967,2024-08-20,Cash,28.98,Paid
12968,12968,2024-03-02,Mobile Pay,22.98,Paid
12969,12969,2024-12-28,Card,24.97,Paid
12970,12970,2024-07-22,Mobile Pay,15.14,Refunded
12971,12971,2024-02-02,Cash,36.45,Paid
12972,12972,2024-12-23,Card,24.09,Refunded
12973,12973,2024-06-25,Mobile Pay,18.33,Paid
12974,12974,2024-12-18,Cash,42.55,Refunded
12975,12975,2024-07-26,Card,9.54,Paid
12976,12976,2024-08-24,Cash,46.24,Paid
12977,12977,2024-10-30,Card,14.24,Paid
12978,12978,2024-11-02,Cash,7.22,Paid
12979,12979,2024-05-08,Card,29.41,Paid
12980,12980,2024-09-08,Card,24.84,Paid
12981,12981,2024-01-15,Card,33.41,Paid
12982,12982,2024-02-03,Mobile Pay,19.01,Paid
12983,12983,2024-08-18,Card,16.11,Paid
12984,12984,2025-01-01,Cash,21.21,Paid
12985,12985,2024-03-28,Cash,15.31,Paid
12986,12986,2024-12-31,Card,24.39,Refunded
12987,12987,2024-12-11,Mobile Pay,25.55,Paid
12988,12988,2024-03-18,Mobile Pay,23.37,Refunded
12989,12989,2024-04-07,Card,34.51,Paid
12990,12990,2024-06-01,Card,40.24,Paid
12991,12991,2024-02-09,Mobile Pay,42.36,Paid
12992,12992,2024-11-20,Cash,18.46,Paid
12993,12993,2024-07-07,Card,27.46,Paid
12994,12994,2024-11-04,Cash,19.60,Paid
12995,12995,2024-04-02,Card,16.20,Paid
12996,12996,2024-05-11,Card,5.98,Paid
12997,12997,2024-12-05,Card,34.24,Paid
12998,12998,2024-01-06,Mobile Pay,41.84,Paid
12999,12999,2024-08-12,Card,26.95,Paid
13000,13000,2024-07-09,Cash,32.28,Paid
13001,13001,2024-01-31,Cash,47.05,Refunded
13002,13002,2024-04-07,Card,24.96,Refunded
13003,13003,2024-03-13,Cash,21.34,Paid
13004,13004,2024-01-03,Card,15.83,Paid
13005,13005,2024-11-22,Card,51.20,Refunded
13006,13006,2024-10-08,Card,33.24,Paid
13007,13007,2024-05-25,Cash,35.23,Paid
13008,13008,2024-09-21,Cash,13.52,Paid
13009,13009,2024-02-04,Card,26.09,Paid
13010,13010,2024-06-20,Cash,37.27,Paid
13011,13011,2024-07-24,Card,41.85,Paid
13012,13012,2024-11-18,Cash,14.13,Paid
13013,13013,2024-10-14,Cash,23.52,Refunded
13014,13014,2024-02-01,Card,19.58,Refunded
13015,13015,2024-07-30,Cash,31.16,Paid
13016,13016,2024-03-04,Card,16.49,Paid
13017,13017,2024-03-10,Cash,21.88,Paid
13018,13018,2024-03-07,Mobile Pay,27.97,Refunded
13019,13019,2024-05-26,Cash,32.71,Paid
13020,13020,2024-08-19,Card,8.50,Paid
13021,13021,2024-07-03,Mobile Pay,8.45,Paid
13022,13022,2024-01-04,Mobile Pay,34.59,Refunded
13023,13023,2024-04-21,Card,20.42,Paid
13024,13024,2024-09-01,Cash,33.67,Refunded
13025,13025,2024-06-18,Cash,25.81,Paid
13026,13026,2024-02-29,Card,26.96,Refunded
13027,13027,2024-10-21,Cash,20.84,Refunded
13028,13028,2024-04-11,Card,19.78,Paid
13029,13029,2024-10-05,Cash,38.87,Paid
13030,13030,2024-02-10,Cash,26.09,Paid
13031,13031,2024-07-01,Card,19.32,Paid
13032,13032,2024-07-20,Card,14.99,Paid
13033,13033,2024-10-19,Card,22.50,Paid
13034,13034,2024-02-20,Card,23.98,Paid
13035,13035,2024-03-22,Mobile Pay,27.79,Paid
13036,13036,2024-08-19,Mobile Pay,72.45,Paid
13037,13037,2024-01-11,Mobile Pay,5.93,Paid
13038,13038,2024-08-29,Cash,37.92,Paid
13039,13039,2024-11-14,Card,8.83,Paid
13040,13040,2024-05-24,Mobile Pay,62.94,Paid
13041,13041,2024-11-16,Cash,22.00,Paid
13042,13042,2024-09-08,Mobile Pay,29.38,Paid
13043,13043,2024-09-09,Card,7.68,Paid
13044,13044,2024-05-13,Card,20.42,Paid
13045,13045,2024-04-15,Cash,18.44,Paid
13046,13046,2024-05-25,Cash,21.86,Paid
13047,13047,2024-12-03,Mobile Pay,24.44,Paid
13048,13048,2024-01-10,Mobile Pay,30.87,Refunded
13049,13049,2024-11-18,Cash,54.11,Paid
13050,13050,2024-11-18,Card,56.70,Paid
13051,13051,2024-07-25,Cash,19.44,Refunded
13052,13052,2024-05-26,Cash,48.62,Paid
13053,13053,2024-03-08,Card,22.60,Paid
13054,13054,2024-12-29,Cash,25.30,Paid
13055,13055,2024-12-18,Mobile Pay,21.23,Paid
13056,13056,2024-03-29,Mobile Pay,23.91,Refunded
13057,13057,2024-04-03,Card,20.41,Paid
13058,13058,2024-10-01,Card,25.08,Paid
13059,13059,2024-12-27,Card,26.32,Paid
13060,13060,2024-04-19,Mobile Pay,9.52,Paid
13061,13061,2024-04-30,Mobile Pay,22.56,Paid
13062,13062,2024-04-21,Mobile Pay,14.42,Paid
13063,13063,2024-04-10,Mobile Pay,13.12,Paid
13064,13064,2024-07-13,Cash,27.43,Paid
13065,13065,2024-08-16,Cash,21.24,Paid
13066,13066,2024-08-17,Mobile Pay,53.14,Paid
13067,13067,2024-12-16,Cash,27.11,Refunded
13068,13068,2024-06-07,Mobile Pay,28.55,Paid
13069,13069,2024-10-11,Card,8.63,Paid
13070,13070,2024-11-27,Mobile Pay,24.86,Paid
13071,13071,2024-07-08,Mobile Pay,18.46,Paid
13072,13072,2024-04-10,Card,7.84,Refunded
13073,13073,2024-06-10,Mobile Pay,25.52,Paid
13074,13074,2024-03-20,Card,20.02,Paid
13075,13075,2024-02-09,Card,24.94,Paid
13076,13076,2024-09-20,Cash,22.35,Paid
13077,13077,2024-02-14,Card,11.89,Paid
13078,13078,2024-09-02,Mobile Pay,71.88,Paid
13079,13079,2024-07-11,Mobile Pay,69.62,Paid
13080,13080,2024-03-20,Cash,15.78,Paid
13081,13081,2024-11-28,Cash,26.49,Refunded
13082,13082,2024-03-26,Card,45.62,Paid
13083,13083,2024-12-24,Mobile Pay,17.90,Paid
13084,13084,2024-07-25,Mobile Pay,16.91,Refunded
13085,13085,2024-11-25,Card,15.90,Paid
13086,13086,2024-02-06,Cash,8.97,Paid
13087,13087,2024-01-19,Cash,24.85,Paid
13088,13088,2024-01-10,Cash,18.71,Paid
13089,13089,2024-03-30,Cash,21.89,Paid
13090,13090,2024-01-18,Cash,8.62,Paid
13091,13091,2024-11-22,Mobile Pay,9.88,Paid
13092,13092,2024-09-12,Card,7.20,Paid
13093,13093,2024-01-10,Cash,26.20,Paid
13094,13094,2024-03-10,Cash,24.32,Paid
13095,13095,2024-04-30,Cash,20.17,Paid
13096,13096,2024-06-22,Card,20.11,Refunded
13097,13097,2024-09-12,Cash,18.64,Paid
13098,13098,2024-09-25,Card,67.76,Paid
13099,13099,2024-04-10,Mobile Pay,15.61,Refunded
13100,13100,2024-09-03,Cash,49.76,Paid
13101,13101,2024-11-23,Cash,30.20,Paid
13102,13102,2024-09-01,Cash,28.39,Paid
13103,13103,2024-12-09,Mobile Pay,27.62,Paid
13104,13104,2024-01-05,Mobile Pay,53.02,Refunded
13105,13105,2024-06-16,Mobile Pay,51.76,Refunded
13106,13106,2024-10-16,Card,27.43,Paid
13107,13107,2024-03-01,Card,18.82,Paid
13108,13108,2024-07-17,Card,34.99,Refunded
13109,13109,2024-07-08,Card,20.45,Paid
13110,13110,2024-07-08,Mobile Pay,12.97,Paid
13111,13111,2024-12-13,Cash,60.55,Paid
13112,13112,2024-05-11,Card,15.70,Paid
13113,13113,2024-10-05,Mobile Pay,23.27,Paid
13114,13114,2024-11-22,Card,18.18,Paid
13115,13115,2024-08-01,Card,13.50,Paid
13116,13116,2024-11-02,Mobile Pay,26.98,Paid
13117,13117,2024-04-12,Cash,22.43,Paid
13118,13118,2024-07-13,Card,13.00,Paid
13119,13119,2024-12-12,Card,35.77,Refunded
13120,13120,2024-08-04,Card,31.11,Paid
13121,13121,2024-11-17,Mobile Pay,63.72,Paid
13122,13122,2024-10-10,Cash,9.42,Refunded
13123,13123,2024-04-01,Mobile Pay,63.70,Paid
13124,13124,2024-09-23,Cash,11.36,Paid
13125,13125,2024-12-04,Mobile Pay,17.20,Paid
13126,13126,2024-03-24,Cash,23.28,Paid
13127,13127,2024-10-11,Mobile Pay,29.49,Paid
13128,13128,2024-02-07,Cash,16.37,Paid
13129,13129,2024-02-05,Mobile Pay,24.70,Paid
13130,13130,2024-06-28,Cash,18.06,Paid
13131,13131,2024-03-19,Card,38.09,Paid
13132,13132,2024-05-12,Card,51.94,Paid
13133,13133,2024-01-25,Mobile Pay,33.35,Paid
13134,13134,2024-03-20,Cash,31.11,Paid
13135,13135,2024-02-03,Mobile Pay,17.74,Paid
13136,13136,2024-08-04,Card,27.27,Paid
13137,13137,2024-09-04,Mobile Pay,31.54,Paid
13138,13138,2024-09-26,Cash,85.02,Refunded
13139,13139,2024-04-12,Mobile Pay,11.68,Paid
13140,13140,2024-08-03,Cash,78.10,Refunded
13141,13141,2024-05-20,Card,14.24,Paid
13142,13142,2024-06-25,Cash,25.14,Refunded
13143,13143,2024-07-08,Mobile Pay,38.73,Paid
13144,13144,2024-07-11,Mobile Pay,37.66,Paid
13145,13145,2024-12-21,Mobile Pay,14.64,Paid
13146,13146,2024-11-23,Card,18.10,Paid
13147,13147,2024-02-07,Cash,15.90,Refunded
13148,13148,2024-03-26,Mobile Pay,27.40,Refunded
13149,13149,2024-01-11,Card,47.38,Paid
13150,13150,2024-08-07,Cash,10.48,Paid
13151,13151,2024-03-24,Cash,16.64,Refunded
13152,13152,2024-03-27,Card,30.52,Paid
13153,13153,2024-11-20,Card,31.07,Paid
13154,13154,2024-05-07,Cash,84.02,Paid
13155,13155,2024-07-24,Cash,17.90,Refunded
13156,13156,2024-01-21,Cash,73.44,Paid
13157,13157,2024-02-20,Card,14.79,Paid
13158,13158,2024-03-02,Card,19.58,Paid
13159,13159,2024-07-27,Card,70.92,Paid
13160,13160,2024-01-27,Cash,20.90,Paid
13161,13161,2024-02-27,Mobile Pay,39.97,Paid
13162,13162,2024-11-02,Card,6.98,Paid
13163,13163,2024-07-06,Cash,21.42,Paid
13164,13164,2024-06-20,Card,19.41,Refunded
13165,13165,2024-01-30,Cash,38.27,Paid
13166,13166,2024-06-04,Mobile Pay,35.61,Paid
13167,13167,2024-12-27,Mobile Pay,24.82,Paid
13168,13168,2024-06-10,Card,28.92,Paid
13169,13169,2024-09-06,Cash,36.87,Paid
13170,13170,2024-12-11,Mobile Pay,27.28,Refunded
13171,13171,2024-07-10,Card,11.15,Paid
13172,13172,2024-03-15,Cash,56.44,Paid
13173,13173,2024-10-14,Card,16.76,Refunded
13174,13174,2024-07-07,Cash,31.64,Paid
13175,13175,2024-12-28,Mobile Pay,19.35,Paid
13176,13176,2024-07-07,Mobile Pay,22.09,Paid
13177,13177,2024-10-29,Mobile Pay,21.36,Paid
13178,13178,2024-03-27,Mobile Pay,25.06,Refunded
13179,13179,2024-01-20,Cash,27.46,Paid
13180,13180,2024-05-22,Cash,14.14,Paid
13181,13181,2024-03-03,Card,22.93,Paid
13182,13182,2024-12-11,Card,40.99,Paid
13183,13183,2024-02-14,Mobile Pay,38.87,Paid
13184,13184,2024-08-30,Card,66.35,Paid
13185,13185,2024-04-08,Card,19.35,Refunded
13186,13186,2024-08-15,Mobile Pay,27.03,Paid
13187,13187,2024-04-19,Cash,19.44,Refunded
13188,13188,2024-08-22,Card,6.72,Refunded
13189,13189,2024-09-25,Cash,19.69,Paid
13190,13190,2024-10-03,Cash,12.83,Paid
13191,13191,2024-02-09,Mobile Pay,21.63,Paid
13192,13192,2024-11-16,Cash,15.39,Paid
13193,13193,2024-03-01,Mobile Pay,16.44,Paid
13194,13194,2024-06-18,Mobile Pay,31.26,Paid
13195,13195,2024-11-07,Mobile Pay,32.52,Paid
13196,13196,2024-11-20,Card,25.65,Refunded
13197,13197,2024-01-10,Mobile Pay,13.59,Refunded
13198,13198,2024-03-23,Mobile Pay,28.26,Paid
13199,13199,2024-07-13,Mobile Pay,16.34,Paid
13200,13200,2024-02-19,Card,26.81,Refunded
13201,13201,2024-11-01,Card,30.76,Refunded
13202,13202,2024-11-16,Card,12.49,Paid
13203,13203,2024-02-21,Mobile Pay,37.92,Paid
13204,13204,2024-12-20,Cash,9.29,Paid
13205,13205,2024-09-15,Mobile Pay,26.52,Paid
13206,13206,2024-12-06,Cash,8.62,Paid
13207,13207,2024-06-26,Cash,74.00,Refunded
13208,13208,2024-11-13,Mobile Pay,17.62,Paid
13209,13209,2024-07-18,Mobile Pay,41.17,Paid
13210,13210,2024-08-18,Cash,33.82,Refunded
13211,13211,2024-11-17,Mobile Pay,24.67,Paid
13212,13212,2024-07-12,Card,22.15,Paid
13213,13213,2024-08-17,Card,59.03,Refunded
13214,13214,2024-11-14,Cash,19.24,Paid
13215,13215,2024-10-06,Mobile Pay,17.35,Paid
13216,13216,2024-02-16,Cash,27.04,Paid
13217,13217,2024-09-24,Cash,45.14,Paid
13218,13218,2024-02-05,Mobile Pay,38.04,Refunded
13219,13219,2024-11-14,Card,15.24,Paid
13220,13220,2024-12-04,Mobile Pay,25.96,Refunded
13221,13221,2024-09-05,Mobile Pay,10.76,Paid
13222,13222,2024-07-25,Card,21.96,Paid
13223,13223,2024-04-20,Mobile Pay,38.48,Refunded
13224,13224,2024-01-05,Mobile Pay,21.50,Paid
13225,13225,2024-10-08,Mobile Pay,38.42,Paid
13226,13226,2024-08-27,Mobile Pay,25.07,Paid
13227,13227,2024-06-04,Card,29.10,Paid
13228,13228,2024-10-18,Mobile Pay,24.30,Paid
13229,13229,2024-01-25,Cash,72.96,Paid
13230,13230,2024-10-14,Mobile Pay,27.93,Paid
13231,13231,2024-04-16,Card,13.32,Refunded
13232,13232,2024-08-08,Cash,15.28,Refunded
13233,13233,2024-01-13,Card,11.23,Paid
13234,13234,2024-05-31,Cash,18.47,Paid
13235,13235,2024-08-03,Mobile Pay,25.42,Paid
13236,13236,2024-02-28,Mobile Pay,30.20,Paid
13237,13237,2024-02-10,Card,25.68,Paid
13238,13238,2024-04-22,Card,20.26,Paid
13239,13239,2024-07-05,Mobile Pay,14.11,Paid
13240,13240,2024-04-20,Card,21.37,Paid
13241,13241,2024-07-31,Card,16.64,Refunded
13242,13242,2024-06-28,Cash,22.32,Paid
13243,13243,2024-07-24,Mobile Pay,20.88,Refunded
13244,13244,2024-11-28,Card,21.93,Paid
13245,13245,2024-04-24,Card,7.18,Paid
13246,13246,2024-10-19,Mobile Pay,18.26,Paid
13247,13247,2024-11-25,Cash,9.69,Paid
13248,13248,2024-12-30,Cash,20.22,Paid
13249,13249,2024-09-15,Cash,50.79,Paid
13250,13250,2024-12-17,Card,33.74,Refunded
13251,13251,2024-06-07,Cash,39.68,Paid
13252,13252,2024-03-31,Mobile Pay,13.96,Refunded
13253,13253,2024-11-28,Card,13.89,Paid
13254,13254,2024-01-03,Cash,39.69,Paid
13255,13255,2024-03-07,Cash,30.00,Paid
13256,13256,2024-10-29,Card,10.73,Refunded
13257,13257,2024-09-10,Mobile Pay,52.36,Paid
13258,13258,2024-02-03,Mobile Pay,32.84,Refunded
13259,13259,2024-07-26,Mobile Pay,29.56,Paid
13260,13260,2024-08-30,Mobile Pay,10.72,Refunded
13261,13261,2024-05-28,Cash,68.86,Paid
13262,13262,2024-07-19,Mobile Pay,19.15,Paid
13263,13263,2024-10-03,Card,13.46,Paid
13264,13264,2024-09-05,Card,22.78,Paid
13265,13265,2024-03-19,Cash,26.62,Refunded
13266,13266,2024-06-14,Mobile Pay,21.56,Paid
13267,13267,2024-05-24,Mobile Pay,22.01,Paid
13268,13268,2024-04-09,Mobile Pay,24.21,Paid
13269,13269,2024-05-09,Card,20.04,Paid
13270,13270,2024-06-16,Mobile Pay,21.07,Paid
13271,13271,2024-04-19,Card,72.19,Paid
13272,13272,2024-03-08,Mobile Pay,25.19,Refunded
13273,13273,2024-11-12,Cash,26.98,Paid
13274,13274,2024-04-17,Cash,30.14,Paid
13275,13275,2024-10-24,Cash,85.76,Paid
13276,13276,2024-10-26,Mobile Pay,16.51,Refunded
13277,13277,2024-09-09,Cash,52.51,Paid
13278,13278,2024-02-03,Cash,11.51,Paid
13279,13279,2024-09-19,Mobile Pay,24.31,Paid
13280,13280,2024-05-06,Mobile Pay,25.64,Paid
13281,13281,2024-06-14,Card,35.27,Paid
13282,13282,2024-07-12,Cash,29.55,Paid
13283,13283,2024-06-07,Card,29.05,Paid
13284,13284,2024-01-14,Cash,25.78,Paid
13285,13285,2024-03-15,Cash,23.36,Paid
13286,13286,2024-11-10,Cash,30.31,Paid
13287,13287,2024-10-01,Card,15.89,Paid
13288,13288,2024-11-23,Cash,9.15,Paid
13289,13289,2024-06-22,Mobile Pay,10.89,Paid
13290,13290,2024-09-08,Card,26.96,Paid
13291,13291,2024-06-22,Mobile Pay,28.01,Paid
13292,13292,2024-01-22,Mobile Pay,28.94,Paid
13293,13293,2024-09-20,Cash,23.85,Paid
13294,13294,2024-05-14,Mobile Pay,32.58,Paid
13295,13295,2024-11-04,Cash,10.54,Paid
13296,13296,2024-06-06,Cash,12.96,Refunded
13297,13297,2024-07-11,Mobile Pay,15.08,Paid
13298,13298,2024-01-17,Card,30.83,Paid
13299,13299,2024-12-30,Cash,14.77,Refunded
13300,13300,2024-08-29,Mobile Pay,26.74,Refunded
13301,13301,2024-10-22,Cash,16.60,Paid
13302,13302,2024-08-28,Mobile Pay,79.95,Paid
13303,13303,2024-11-22,Mobile Pay,81.36,Paid
13304,13304,2024-02-23,Cash,31.43,Paid
13305,13305,2024-10-04,Cash,26.76,Paid
13306,13306,2024-02-20,Cash,10.00,Paid
13307,13307,2024-05-23,Mobile Pay,15.06,Paid
13308,13308,2024-04-27,Cash,12.86,Paid
13309,13309,2024-05-13,Card,27.34,Refunded
13310,13310,2024-01-23,Cash,16.35,Paid
13311,13311,2024-01-29,Card,97.87,Paid
13312,13312,2024-03-08,Cash,15.54,Paid
13313,13313,2024-08-07,Cash,35.36,Paid
13314,13314,2024-11-05,Mobile Pay,21.16,Paid
13315,13315,2024-01-31,Cash,10.83,Paid
13316,13316,2024-10-19,Cash,67.08,Paid
13317,13317,2024-07-14,Card,26.25,Paid
13318,13318,2024-12-19,Card,9.35,Paid
13319,13319,2024-08-10,Mobile Pay,9.29,Paid
13320,13320,2024-11-25,Cash,19.50,Paid
13321,13321,2024-09-30,Card,42.95,Paid
13322,13322,2024-01-28,Cash,17.04,Refunded
13323,13323,2024-05-26,Card,37.15,Paid
13324,13324,2024-11-11,Cash,23.76,Refunded
13325,13325,2024-03-03,Mobile Pay,39.81,Paid
13326,13326,2024-01-17,Cash,52.45,Paid
13327,13327,2024-01-17,Card,35.96,Paid
13328,13328,2024-07-19,Cash,16.13,Refunded
13329,13329,2024-08-18,Mobile Pay,21.00,Paid
13330,13330,2024-11-17,Card,28.64,Refunded
13331,13331,2024-03-12,Cash,9.53,Refunded
13332,13332,2024-01-18,Card,17.35,Refunded
13333,13333,2024-03-17,Cash,23.10,Paid
13334,13334,2024-01-08,Mobile Pay,5.78,Paid
13335,13335,2024-02-13,Cash,18.82,Paid
13336,13336,2024-03-03,Cash,10.90,Refunded
13337,13337,2024-11-07,Cash,36.45,Paid
13338,13338,2024-08-19,Mobile Pay,18.88,Paid
13339,13339,2024-07-06,Card,19.67,Paid
13340,13340,2024-09-04,Mobile Pay,55.80,Paid
13341,13341,2024-07-30,Mobile Pay,14.66,Paid
13342,13342,2024-05-29,Cash,26.06,Paid
13343,13343,2024-03-01,Card,12.78,Refunded
13344,13344,2024-07-01,Card,23.23,Paid
13345,13345,2024-06-12,Mobile Pay,14.25,Paid
13346,13346,2024-07-07,Card,34.24,Paid
13347,13347,2024-02-16,Card,8.44,Paid
13348,13348,2024-05-24,Card,21.09,Refunded
13349,13349,2024-08-17,Card,57.54,Paid
13350,13350,2024-06-20,Mobile Pay,20.28,Paid
13351,13351,2024-10-16,Cash,20.08,Paid
13352,13352,2024-06-15,Cash,10.61,Refunded
13353,13353,2024-01-18,Cash,43.36,Paid
13354,13354,2024-08-04,Card,14.30,Paid
13355,13355,2024-03-01,Card,9.71,Paid
13356,13356,2024-02-01,Card,30.49,Paid
13357,13357,2024-05-27,Mobile Pay,39.62,Paid
13358,13358,2024-11-08,Cash,27.16,Paid
13359,13359,2024-05-10,Card,26.81,Paid
13360,13360,2024-05-17,Mobile Pay,34.56,Paid
13361,13361,2024-11-26,Mobile Pay,16.53,Paid
13362,13362,2024-12-29,Card,27.92,Paid
13363,13363,2024-01-12,Mobile Pay,19.34,Paid
13364,13364,2024-02-14,Cash,21.36,Paid
13365,13365,2024-05-03,Mobile Pay,28.12,Refunded
13366,13366,2024-11-09,Card,29.09,Paid
13367,13367,2024-03-09,Card,20.30,Paid
13368,13368,2024-04-06,Cash,26.21,Refunded
13369,13369,2024-05-21,Cash,14.07,Paid
13370,13370,2024-04-14,Card,25.42,Paid
13371,13371,2024-07-29,Cash,25.02,Paid
13372,13372,2024-02-29,Cash,38.22,Paid
13373,13373,2024-04-26,Card,20.85,Paid
13374,13374,2024-12-17,Cash,18.61,Paid
13375,13375,2024-09-20,Cash,39.15,Paid
13376,13376,2024-02-08,Cash,15.75,Paid
13377,13377,2024-07-12,Card,18.74,Paid
13378,13378,2024-01-27,Cash,24.65,Paid
13379,13379,2024-05-15,Cash,6.59,Paid
13380,13380,2024-03-12,Mobile Pay,17.93,Paid
13381,13381,2024-10-22,Cash,10.07,Paid
13382,13382,2024-05-27,Cash,28.83,Refunded
13383,13383,2024-09-04,Cash,47.51,Paid
13384,13384,2024-05-28,Mobile Pay,34.55,Paid
13385,13385,2024-06-27,Mobile Pay,31.59,Paid
13386,13386,2024-01-11,Card,58.33,Paid
13387,13387,2024-02-15,Mobile Pay,5.90,Paid
13388,13388,2024-04-25,Card,18.65,Paid
13389,13389,2024-02-09,Mobile Pay,50.26,Paid
13390,13390,2024-05-05,Cash,17.01,Paid
13391,13391,2024-09-10,Card,7.75,Paid
13392,13392,2024-07-21,Card,14.87,Paid
13393,13393,2024-07-14,Card,14.57,Paid
13394,13394,2024-12-23,Cash,25.78,Paid
13395,13395,2024-04-29,Cash,40.08,Refunded
13396,13396,2024-03-22,Cash,50.08,Paid
13397,13397,2024-08-22,Mobile Pay,31.80,Paid
13398,13398,2024-02-29,Mobile Pay,39.93,Paid
13399,13399,2024-05-17,Card,23.30,Refunded
13400,13400,2024-01-17,Mobile Pay,48.24,Paid
13401,13401,2024-12-13,Cash,17.90,Refunded
13402,13402,2024-12-19,Mobile Pay,15.68,Refunded
13403,13403,2024-02-12,Card,50.15,Refunded
13404,13404,2024-10-23,Cash,52.83,Paid
13405,13405,2024-11-07,Card,19.15,Paid
13406,13406,2024-11-28,Card,28.34,Paid
13407,13407,2024-07-02,Card,12.57,Paid
13408,13408,2024-01-04,Card,19.38,Refunded
13409,13409,2024-01-15,Mobile Pay,14.48,Paid
13410,13410,2024-10-23,Mobile Pay,52.14,Refunded
13411,13411,2024-05-21,Card,11.96,Paid
13412,13412,2024-11-18,Card,12.97,Refunded
13413,13413,2024-10-04,Card,28.88,Paid
13414,13414,2024-09-22,Card,24.00,Refunded
13415,13415,2024-09-05,Card,21.00,Paid
13416,13416,2024-11-01,Card,9.93,Paid
13417,13417,2024-06-16,Cash,23.47,Paid
13418,13418,2024-10-30,Cash,25.40,Paid
13419,13419,2024-11-19,Card,44.03,Paid
13420,13420,2024-11-17,Mobile Pay,22.69,Paid
13421,13421,2024-03-01,Card,22.34,Paid
13422,13422,2024-06-15,Mobile Pay,46.65,Paid
13423,13423,2024-12-30,Cash,18.78,Paid
13424,13424,2024-08-23,Mobile Pay,21.46,Paid
13425,13425,2024-02-25,Card,22.70,Paid
13426,13426,2024-08-21,Card,38.87,Paid
13427,13427,2024-10-22,Mobile Pay,23.14,Paid
13428,13428,2024-03-05,Cash,27.50,Paid
13429,13429,2024-11-28,Cash,30.68,Paid
13430,13430,2024-02-10,Mobile Pay,21.52,Refunded
13431,13431,2024-06-27,Card,11.91,Paid
13432,13432,2024-02-06,Cash,27.54,Paid
13433,13433,2024-01-21,Cash,38.74,Paid
13434,13434,2024-07-05,Card,42.71,Paid
13435,13435,2024-04-12,Cash,13.57,Paid
13436,13436,2024-12-15,Card,35.95,Paid
13437,13437,2024-12-14,Card,30.64,Paid
13438,13438,2024-09-15,Cash,18.16,Paid
13439,13439,2024-03-10,Mobile Pay,37.22,Refunded
13440,13440,2024-06-10,Cash,32.95,Paid
13441,13441,2024-04-16,Mobile Pay,10.03,Refunded
13442,13442,2024-02-21,Mobile Pay,100.27,Paid
13443,13443,2024-02-25,Cash,11.54,Paid
13444,13444,2024-05-21,Card,26.70,Paid
13445,13445,2024-11-09,Cash,29.67,Paid
13446,13446,2024-01-19,Mobile Pay,14.80,Paid
13447,13447,2024-09-28,Card,25.14,Paid
13448,13448,2025-01-01,Cash,15.96,Refunded
13449,13449,2024-05-12,Mobile Pay,12.18,Paid
13450,13450,2024-03-29,Mobile Pay,89.60,Paid
13451,13451,2024-08-21,Mobile Pay,16.58,Paid
13452,13452,2024-06-29,Card,19.40,Paid
13453,13453,2024-04-29,Cash,9.53,Paid
13454,13454,2024-07-13,Cash,36.40,Paid
13455,13455,2024-11-24,Cash,50.77,Paid
13456,13456,2024-08-20,Mobile Pay,14.24,Paid
13457,13457,2024-09-30,Card,18.27,Refunded
13458,13458,2024-02-08,Card,33.71,Paid
13459,13459,2024-06-11,Cash,14.15,Paid
13460,13460,2024-05-11,Mobile Pay,32.16,Paid
13461,13461,2024-12-30,Cash,15.17,Paid
13462,13462,2024-12-17,Cash,34.26,Paid
13463,13463,2024-04-25,Card,19.47,Paid
13464,13464,2024-02-18,Cash,18.20,Paid
13465,13465,2024-06-23,Mobile Pay,38.40,Paid
13466,13466,2024-10-16,Cash,10.95,Refunded
13467,13467,2024-02-25,Card,64.54,Paid
13468,13468,2024-07-05,Cash,27.92,Paid
13469,13469,2024-10-31,Card,22.36,Refunded
13470,13470,2024-03-30,Mobile Pay,30.43,Paid
13471,13471,2024-04-27,Mobile Pay,19.87,Paid
13472,13472,2024-12-28,Cash,31.49,Paid
13473,13473,2024-11-23,Card,39.79,Paid
13474,13474,2024-12-18,Mobile Pay,33.68,Refunded
13475,13475,2024-06-02,Card,14.81,Refunded
13476,13476,2024-07-13,Cash,36.76,Refunded
13477,13477,2024-02-04,Cash,30.67,Paid
13478,13478,2024-10-24,Mobile Pay,22.64,Paid
13479,13479,2024-12-05,Card,22.82,Paid
13480,13480,2024-06-16,Cash,11.36,Refunded
13481,13481,2024-08-11,Mobile Pay,24.93,Paid
13482,13482,2024-07-22,Mobile Pay,11.35,Paid
13483,13483,2024-05-05,Cash,25.63,Paid
13484,13484,2024-01-19,Cash,29.78,Paid
13485,13485,2024-10-08,Mobile Pay,45.90,Paid
13486,13486,2024-05-06,Cash,35.02,Paid
13487,13487,2024-02-12,Card,33.92,Paid
13488,13488,2024-04-27,Cash,52.09,Refunded
13489,13489,2024-06-27,Mobile Pay,16.66,Refunded
13490,13490,2024-07-10,Mobile Pay,16.75,Refunded
13491,13491,2024-12-06,Card,24.52,Paid
13492,13492,2024-09-28,Card,16.19,Paid
13493,13493,2024-11-18,Cash,29.60,Refunded
13494,13494,2024-03-19,Cash,22.77,Refunded
13495,13495,2024-05-17,Mobile Pay,20.15,Paid
13496,13496,2024-03-30,Cash,40.64,Paid
13497,13497,2024-05-09,Cash,46.96,Paid
13498,13498,2024-09-20,Card,8.52,Paid
13499,13499,2024-09-12,Card,27.20,Paid
13500,13500,2024-06-20,Mobile Pay,30.91,Paid
13501,13501,2024-08-26,Mobile Pay,22.58,Refunded
13502,13502,2024-09-13,Cash,24.46,Paid
13503,13503,2024-07-27,Mobile Pay,29.96,Paid
13504,13504,2024-12-08,Mobile Pay,10.93,Paid
13505,13505,2024-07-17,Mobile Pay,12.39,Refunded
13506,13506,2024-02-12,Mobile Pay,15.42,Paid
13507,13507,2024-08-02,Mobile Pay,22.28,Paid
13508,13508,2024-04-13,Card,24.62,Paid
13509,13509,2024-09-22,Mobile Pay,12.49,Paid
13510,13510,2024-07-20,Mobile Pay,20.27,Paid
13511,13511,2024-11-17,Card,29.19,Refunded
13512,13512,2024-10-15,Cash,16.12,Paid
13513,13513,2024-08-10,Mobile Pay,10.81,Paid
13514,13514,2024-06-21,Mobile Pay,17.19,Paid
13515,13515,2024-05-12,Cash,20.04,Paid
13516,13516,2024-04-26,Card,27.55,Refunded
13517,13517,2024-06-08,Card,31.33,Paid
13518,13518,2024-12-20,Card,26.60,Paid
13519,13519,2024-04-12,Cash,23.77,Paid
13520,13520,2024-02-12,Mobile Pay,9.70,Paid
13521,13521,2024-11-01,Mobile Pay,23.22,Paid
13522,13522,2024-10-11,Mobile Pay,25.80,Paid
13523,13523,2024-04-07,Cash,25.70,Paid
13524,13524,2024-03-15,Card,26.47,Paid
13525,13525,2024-09-18,Cash,44.56,Paid
13526,13526,2024-10-29,Cash,27.88,Refunded
13527,13527,2024-11-22,Mobile Pay,29.73,Refunded
13528,13528,2024-11-09,Card,48.33,Paid
13529,13529,2024-05-27,Mobile Pay,19.52,Paid
13530,13530,2024-07-19,Cash,26.78,Refunded
13531,13531,2024-06-22,Cash,29.30,Refunded
13532,13532,2024-11-30,Cash,23.95,Paid
13533,13533,2024-11-10,Card,35.98,Paid
13534,13534,2024-05-13,Cash,15.24,Paid
13535,13535,2024-02-27,Mobile Pay,11.13,Paid
13536,13536,2024-01-22,Card,22.83,Paid
13537,13537,2024-12-07,Card,28.54,Paid
13538,13538,2024-05-04,Mobile Pay,25.76,Paid
13539,13539,2024-10-12,Cash,34.70,Refunded
13540,13540,2024-04-28,Card,12.95,Refunded
13541,13541,2024-12-28,Card,22.86,Paid
13542,13542,2024-01-04,Card,58.55,Paid
13543,13543,2024-10-15,Cash,6.79,Paid
13544,13544,2024-12-28,Mobile Pay,7.95,Paid
13545,13545,2024-05-05,Mobile Pay,23.99,Paid
13546,13546,2024-03-08,Card,24.28,Paid
13547,13547,2024-03-29,Mobile Pay,32.84,Paid
13548,13548,2024-02-17,Card,18.82,Refunded
13549,13549,2024-03-18,Mobile Pay,15.19,Paid
13550,13550,2024-08-05,Cash,63.73,Refunded
13551,13551,2024-10-18,Card,19.33,Paid
13552,13552,2024-04-06,Cash,19.18,Paid
13553,13553,2024-02-03,Cash,29.87,Paid
13554,13554,2024-06-07,Cash,26.99,Refunded
13555,13555,2024-11-26,Cash,32.11,Paid
13556,13556,2024-06-24,Mobile Pay,23.40,Paid
13557,13557,2024-12-23,Mobile Pay,27.99,Paid
13558,13558,2024-04-12,Card,17.98,Paid
13559,13559,2024-11-15,Mobile Pay,34.61,Refunded
13560,13560,2024-03-30,Card,24.80,Refunded
13561,13561,2024-03-26,Cash,14.00,Refunded
13562,13562,2024-05-04,Cash,34.89,Paid
13563,13563,2024-01-08,Mobile Pay,17.51,Paid
13564,13564,2024-11-20,Cash,25.32,Paid
13565,13565,2024-07-30,Card,13.76,Paid
13566,13566,2024-07-21,Cash,17.66,Paid
13567,13567,2024-11-06,Card,49.25,Paid
13568,13568,2024-12-26,Cash,21.57,Paid
13569,13569,2024-12-20,Card,20.97,Paid
13570,13570,2024-12-22,Mobile Pay,22.04,Refunded
13571,13571,2024-06-26,Card,18.73,Paid
13572,13572,2024-01-20,Card,20.45,Refunded
13573,13573,2024-03-27,Cash,32.99,Refunded
13574,13574,2024-09-27,Card,16.72,Paid
13575,13575,2024-03-15,Cash,26.53,Paid
13576,13576,2024-10-08,Cash,13.74,Refunded
13577,13577,2024-06-12,Card,18.65,Paid
13578,13578,2024-04-21,Card,24.58,Paid
13579,13579,2024-03-24,Card,18.98,Paid
13580,13580,2024-07-22,Mobile Pay,12.82,Paid
13581,13581,2024-05-01,Mobile Pay,22.72,Refunded
13582,13582,2024-05-18,Card,37.99,Paid
13583,13583,2024-01-31,Card,63.06,Paid
13584,13584,2024-05-11,Card,59.35,Paid
13585,13585,2024-10-10,Cash,21.08,Paid
13586,13586,2024-10-03,Card,40.09,Refunded
13587,13587,2024-02-01,Mobile Pay,7.40,Paid
13588,13588,2024-05-31,Mobile Pay,21.20,Paid
13589,13589,2024-05-26,Card,22.11,Paid
13590,13590,2024-10-18,Cash,8.25,Refunded
13591,13591,2024-07-09,Cash,16.33,Paid
13592,13592,2024-10-18,Mobile Pay,23.99,Paid
13593,13593,2024-04-25,Cash,38.07,Refunded
13594,13594,2024-02-16,Card,34.88,Paid
13595,13595,2024-05-26,Card,10.11,Paid
13596,13596,2024-06-29,Cash,67.78,Paid
13597,13597,2024-02-25,Cash,24.75,Refunded
13598,13598,2024-03-03,Card,29.52,Paid
13599,13599,2024-01-16,Card,15.41,Paid
13600,13600,2024-07-24,Card,14.74,Refunded
13601,13601,2024-11-09,Mobile Pay,20.69,Paid
13602,13602,2024-11-26,Cash,10.57,Paid
13603,13603,2024-01-15,Cash,24.48,Paid
13604,13604,2024-01-06,Mobile Pay,8.13,Paid
13605,13605,2024-05-18,Cash,26.73,Paid
13606,13606,2024-07-26,Card,47.94,Paid
13607,13607,2024-11-25,Mobile Pay,35.76,Paid
13608,13608,2024-03-17,Cash,13.56,Paid
13609,13609,2024-08-07,Mobile Pay,30.72,Refunded
13610,13610,2024-08-03,Cash,9.56,Refunded
13611,13611,2024-05-26,Card,35.52,Paid
13612,13612,2024-08-03,Cash,42.97,Paid
13613,13613,2024-10-06,Mobile Pay,59.04,Paid
13614,13614,2024-12-07,Card,32.20,Paid
13615,13615,2024-03-28,Card,12.39,Paid
13616,13616,2024-08-15,Cash,15.88,Paid
13617,13617,2024-12-23,Card,33.75,Paid
13618,13618,2024-03-20,Cash,36.32,Paid
13619,13619,2024-10-28,Cash,54.17,Paid
13620,13620,2024-01-21,Mobile Pay,16.28,Paid
13621,13621,2024-05-01,Mobile Pay,10.37,Refunded
13622,13622,2024-08-12,Cash,17.69,Refunded
13623,13623,2024-01-13,Mobile Pay,23.96,Refunded
13624,13624,2024-11-20,Mobile Pay,10.05,Paid
13625,13625,2024-11-18,Cash,32.14,Paid
13626,13626,2024-02-08,Card,7.02,Paid
13627,13627,2024-07-06,Cash,47.97,Paid
13628,13628,2024-03-17,Mobile Pay,24.53,Paid
13629,13629,2024-10-11,Cash,28.58,Paid
13630,13630,2024-09-16,Mobile Pay,35.87,Paid
13631,13631,2024-08-22,Card,9.51,Paid
13632,13632,2024-12-20,Card,29.60,Paid
13633,13633,2024-12-24,Card,7.60,Paid
13634,13634,2024-09-09,Cash,9.72,Paid
13635,13635,2024-08-06,Mobile Pay,30.76,Paid
13636,13636,2024-09-10,Mobile Pay,23.88,Paid
13637,13637,2024-01-03,Mobile Pay,14.04,Paid
13638,13638,2024-02-14,Cash,29.30,Paid
13639,13639,2024-07-27,Card,34.04,Paid
13640,13640,2024-02-18,Cash,36.84,Paid
13641,13641,2024-06-21,Card,14.69,Paid
13642,13642,2024-06-06,Cash,22.54,Paid
13643,13643,2024-10-19,Cash,73.40,Paid
13644,13644,2024-04-28,Card,51.36,Paid
13645,13645,2024-04-10,Mobile Pay,51.71,Refunded
13646,13646,2024-12-15,Card,6.47,Paid
13647,13647,2024-11-18,Cash,54.16,Paid
13648,13648,2024-08-08,Mobile Pay,27.78,Paid
13649,13649,2024-12-09,Card,20.95,Paid
13650,13650,2024-12-11,Cash,19.20,Paid
13651,13651,2024-09-22,Mobile Pay,13.46,Paid
13652,13652,2024-07-17,Mobile Pay,43.90,Paid
13653,13653,2024-05-13,Mobile Pay,23.07,Refunded
13654,13654,2024-04-26,Card,47.63,Paid
13655,13655,2024-11-25,Card,25.16,Paid
13656,13656,2024-05-31,Card,55.80,Paid
13657,13657,2024-03-26,Card,10.64,Paid
13658,13658,2024-04-24,Card,48.52,Paid
13659,13659,2024-02-04,Cash,39.61,Paid
13660,13660,2024-01-17,Card,15.63,Paid
13661,13661,2024-07-01,Mobile Pay,56.18,Refunded
13662,13662,2024-11-01,Card,40.68,Paid
13663,13663,2024-02-03,Card,16.93,Refunded
13664,13664,2024-03-31,Card,14.70,Refunded
13665,13665,2024-09-08,Mobile Pay,9.06,Paid
13666,13666,2024-11-11,Card,18.77,Paid
13667,13667,2024-01-10,Cash,19.84,Paid
13668,13668,2024-04-14,Card,12.41,Paid
13669,13669,2024-12-09,Cash,10.21,Paid
13670,13670,2024-08-01,Cash,24.19,Refunded
13671,13671,2024-09-22,Card,21.58,Paid
13672,13672,2024-06-17,Cash,24.66,Paid
13673,13673,2024-10-16,Card,10.48,Paid
13674,13674,2024-11-25,Mobile Pay,28.95,Paid
13675,13675,2024-11-25,Cash,34.10,Paid
13676,13676,2024-05-05,Card,49.88,Paid
13677,13677,2024-11-16,Cash,65.62,Paid
13678,13678,2024-05-28,Card,16.73,Paid
13679,13679,2024-10-15,Card,19.08,Refunded
13680,13680,2024-08-05,Cash,14.74,Paid
13681,13681,2024-01-25,Cash,19.73,Refunded
13682,13682,2024-04-10,Cash,52.99,Refunded
13683,13683,2024-10-03,Cash,25.24,Paid
13684,13684,2024-06-19,Card,33.10,Paid
13685,13685,2024-05-11,Cash,8.61,Paid
13686,13686,2024-12-10,Mobile Pay,21.58,Paid
13687,13687,2024-06-19,Card,69.22,Paid
13688,13688,2024-05-22,Cash,7.55,Paid
13689,13689,2024-12-16,Cash,25.80,Paid
13690,13690,2024-10-03,Cash,9.56,Paid
13691,13691,2024-04-10,Mobile Pay,17.42,Paid
13692,13692,2024-09-16,Card,47.69,Paid
13693,13693,2024-03-31,Card,8.41,Refunded
13694,13694,2024-03-28,Card,28.83,Paid
13695,13695,2024-04-24,Card,9.04,Paid
13696,13696,2024-11-02,Mobile Pay,8.81,Refunded
13697,13697,2024-02-06,Mobile Pay,63.63,Paid
13698,13698,2024-12-16,Cash,44.43,Paid
13699,13699,2024-01-05,Card,39.96,Paid
13700,13700,2024-01-14,Card,14.84,Refunded
13701,13701,2024-08-18,Mobile Pay,80.60,Paid
13702,13702,2024-12-11,Mobile Pay,41.22,Paid
13703,13703,2024-09-29,Card,30.16,Paid
13704,13704,2024-01-29,Mobile Pay,30.18,Refunded
13705,13705,2024-12-10,Cash,25.88,Refunded
13706,13706,2024-12-21,Mobile Pay,34.11,Refunded
13707,13707,2024-11-06,Mobile Pay,28.55,Paid
13708,13708,2024-11-16,Cash,43.41,Paid
13709,13709,2024-08-03,Mobile Pay,70.01,Paid
13710,13710,2024-09-06,Cash,16.88,Paid
13711,13711,2024-11-15,Card,10.34,Paid
13712,13712,2024-05-19,Mobile Pay,23.71,Paid
13713,13713,2024-07-10,Mobile Pay,12.24,Paid
13714,13714,2024-07-15,Mobile Pay,28.40,Refunded
13715,13715,2024-10-22,Cash,36.03,Paid
13716,13716,2024-06-30,Mobile Pay,14.31,Paid
13717,13717,2024-03-25,Cash,29.14,Paid
13718,13718,2024-08-03,Cash,33.49,Paid
13719,13719,2024-12-08,Card,54.50,Paid
13720,13720,2024-09-19,Mobile Pay,29.88,Paid
13721,13721,2024-06-02,Mobile Pay,85.18,Paid
13722,13722,2024-06-21,Card,15.86,Paid
13723,13723,2024-06-18,Cash,22.14,Paid
13724,13724,2024-09-22,Cash,50.30,Refunded
13725,13725,2024-09-05,Cash,22.63,Paid
13726,13726,2024-04-09,Card,11.15,Paid
13727,13727,2024-12-27,Card,20.21,Paid
13728,13728,2024-05-26,Mobile Pay,12.58,Refunded
13729,13729,2024-02-04,Cash,14.17,Paid
13730,13730,2024-06-25,Cash,51.58,Paid
13731,13731,2024-01-13,Mobile Pay,14.07,Paid
13732,13732,2024-11-20,Card,37.10,Paid
13733,13733,2024-08-04,Card,29.04,Paid
13734,13734,2024-05-30,Cash,16.56,Refunded
13735,13735,2025-01-01,Card,6.89,Paid
13736,13736,2024-03-30,Card,21.13,Paid
13737,13737,2024-01-24,Card,13.08,Paid
13738,13738,2024-12-07,Mobile Pay,22.63,Paid
13739,13739,2024-04-02,Card,29.29,Paid
13740,13740,2024-11-14,Mobile Pay,62.27,Refunded
13741,13741,2024-12-27,Mobile Pay,52.91,Paid
13742,13742,2024-08-06,Cash,9.36,Paid
13743,13743,2024-11-29,Card,21.04,Paid
13744,13744,2024-06-29,Card,21.37,Paid
13745,13745,2024-01-14,Mobile Pay,28.26,Paid
13746,13746,2024-02-15,Card,38.28,Refunded
13747,13747,2024-02-17,Mobile Pay,17.23,Paid
13748,13748,2024-06-18,Mobile Pay,17.02,Refunded
13749,13749,2024-03-25,Mobile Pay,35.41,Paid
13750,13750,2024-07-22,Cash,40.03,Paid
13751,13751,2024-05-03,Cash,36.52,Paid
13752,13752,2024-01-18,Card,26.95,Paid
13753,13753,2024-09-13,Card,55.82,Refunded
13754,13754,2024-02-15,Card,9.79,Paid
13755,13755,2024-06-22,Cash,32.05,Paid
13756,13756,2024-10-21,Card,43.14,Paid
13757,13757,2024-01-27,Mobile Pay,34.34,Paid
13758,13758,2024-12-22,Mobile Pay,40.55,Refunded
13759,13759,2024-04-03,Cash,27.55,Paid
13760,13760,2024-11-19,Mobile Pay,12.09,Paid
13761,13761,2024-06-16,Cash,32.13,Paid
13762,13762,2024-05-09,Card,11.57,Paid
13763,13763,2024-03-17,Card,13.14,Paid
13764,13764,2024-07-17,Cash,31.86,Refunded
13765,13765,2024-02-22,Mobile Pay,53.48,Paid
13766,13766,2024-08-25,Mobile Pay,16.43,Refunded
13767,13767,2024-01-16,Card,7.93,Paid
13768,13768,2024-12-31,Cash,10.97,Paid
13769,13769,2024-09-04,Cash,28.35,Paid
13770,13770,2024-08-30,Mobile Pay,5.83,Paid
13771,13771,2024-09-26,Cash,26.95,Paid
13772,13772,2024-11-19,Card,20.24,Paid
13773,13773,2024-03-03,Cash,16.12,Paid
13774,13774,2024-09-18,Mobile Pay,21.17,Paid
13775,13775,2024-06-17,Card,35.24,Refunded
13776,13776,2024-11-14,Mobile Pay,16.42,Paid
13777,13777,2024-04-22,Mobile Pay,29.84,Paid
13778,13778,2024-12-19,Card,15.52,Paid
13779,13779,2024-11-02,Card,22.20,Paid
13780,13780,2024-10-02,Card,48.59,Paid
13781,13781,2024-04-17,Mobile Pay,34.06,Refunded
13782,13782,2024-04-06,Card,37.53,Refunded
13783,13783,2024-06-10,Card,17.47,Paid
13784,13784,2024-11-05,Cash,30.01,Paid
13785,13785,2024-11-28,Card,29.72,Paid
13786,13786,2024-08-02,Mobile Pay,11.10,Refunded
13787,13787,2024-07-02,Mobile Pay,23.72,Paid
13788,13788,2024-12-02,Card,10.93,Paid
13789,13789,2024-05-11,Card,36.66,Paid
13790,13790,2024-07-17,Cash,69.93,Paid
13791,13791,2024-10-26,Card,21.31,Paid
13792,13792,2024-12-20,Mobile Pay,28.23,Paid
13793,13793,2024-11-26,Card,9.83,Paid
13794,13794,2024-07-14,Cash,17.27,Paid
13795,13795,2024-05-06,Cash,23.49,Paid
13796,13796,2024-07-19,Mobile Pay,35.11,Paid
13797,13797,2024-05-29,Mobile Pay,32.25,Paid
13798,13798,2024-06-27,Mobile Pay,90.02,Paid
13799,13799,2024-03-25,Cash,11.30,Paid
13800,13800,2024-04-19,Card,23.93,Refunded
13801,13801,2024-07-15,Card,30.20,Paid
13802,13802,2024-10-10,Cash,50.00,Refunded
13803,13803,2024-10-29,Cash,24.62,Paid
13804,13804,2024-12-04,Mobile Pay,28.58,Paid
13805,13805,2024-07-22,Cash,70.52,Paid
13806,13806,2024-02-29,Cash,34.19,Paid
13807,13807,2024-12-10,Mobile Pay,15.14,Refunded
13808,13808,2024-07-30,Mobile Pay,15.37,Refunded
13809,13809,2024-04-06,Mobile Pay,55.45,Paid
13810,13810,2024-12-26,Card,13.48,Paid
13811,13811,2024-02-05,Cash,19.89,Paid
13812,13812,2024-10-05,Mobile Pay,56.70,Paid
13813,13813,2024-12-31,Cash,58.77,Paid
13814,13814,2024-11-10,Card,31.60,Refunded
13815,13815,2024-11-02,Mobile Pay,36.96,Paid
13816,13816,2024-11-12,Cash,26.03,Paid
13817,13817,2024-08-27,Cash,10.65,Paid
13818,13818,2024-07-02,Cash,16.60,Paid
13819,13819,2024-11-21,Cash,14.77,Refunded
13820,13820,2024-01-29,Cash,11.95,Paid
13821,13821,2024-10-06,Mobile Pay,39.36,Paid
13822,13822,2024-03-03,Cash,23.27,Paid
13823,13823,2024-01-03,Cash,22.71,Paid
13824,13824,2024-02-10,Cash,25.84,Paid
13825,13825,2024-02-09,Cash,24.48,Paid
13826,13826,2024-06-30,Card,30.34,Paid
13827,13827,2024-12-09,Cash,36.49,Refunded
13828,13828,2024-02-05,Card,38.64,Paid
13829,13829,2024-11-27,Cash,25.33,Refunded
13830,13830,2024-12-06,Mobile Pay,32.54,Paid
13831,13831,2024-09-30,Cash,22.34,Paid
13832,13832,2024-10-02,Cash,37.11,Paid
13833,13833,2024-09-23,Cash,14.58,Refunded
13834,13834,2024-04-01,Mobile Pay,23.60,Refunded
13835,13835,2024-06-13,Card,20.74,Paid
13836,13836,2024-10-21,Cash,26.89,Paid
13837,13837,2024-03-21,Cash,34.80,Paid
13838,13838,2024-07-10,Cash,48.70,Paid
13839,13839,2024-10-07,Mobile Pay,53.57,Paid
13840,13840,2024-09-21,Cash,15.77,Refunded
13841,13841,2024-11-09,Mobile Pay,47.51,Paid
13842,13842,2024-02-15,Card,14.10,Paid
13843,13843,2024-03-02,Cash,24.45,Paid
13844,13844,2024-11-28,Card,16.77,Paid
13845,13845,2024-01-15,Card,41.50,Paid
13846,13846,2024-06-17,Mobile Pay,15.09,Refunded
13847,13847,2024-08-16,Mobile Pay,44.08,Paid
13848,13848,2024-03-13,Mobile Pay,37.12,Paid
13849,13849,2024-08-15,Cash,21.00,Paid
13850,13850,2024-04-03,Cash,11.10,Paid
13851,13851,2024-04-26,Cash,15.51,Paid
13852,13852,2024-05-21,Card,14.72,Paid
13853,13853,2024-12-09,Mobile Pay,29.52,Paid
13854,13854,2024-09-29,Card,9.53,Paid
13855,13855,2024-02-13,Card,24.00,Paid
13856,13856,2024-01-19,Cash,9.89,Paid
13857,13857,2024-02-28,Cash,19.60,Paid
13858,13858,2024-04-16,Cash,24.36,Paid
13859,13859,2024-04-03,Card,56.42,Refunded
13860,13860,2024-07-31,Mobile Pay,25.29,Paid
13861,13861,2024-04-25,Cash,11.29,Paid
13862,13862,2024-02-21,Cash,19.12,Paid
13863,13863,2024-03-12,Cash,15.78,Refunded
13864,13864,2024-01-19,Cash,35.20,Paid
13865,13865,2024-11-25,Card,24.95,Paid
13866,13866,2024-10-02,Mobile Pay,40.41,Paid
13867,13867,2024-05-20,Cash,84.48,Paid
13868,13868,2024-03-22,Card,30.01,Refunded
13869,13869,2024-03-29,Cash,9.52,Refunded
13870,13870,2024-11-11,Cash,30.91,Paid
13871,13871,2024-02-25,Card,48.42,Paid
13872,13872,2024-12-29,Cash,19.36,Paid
13873,13873,2024-07-23,Card,80.78,Paid
13874,13874,2024-08-14,Cash,33.25,Refunded
13875,13875,2024-11-15,Mobile Pay,7.35,Paid
13876,13876,2024-11-21,Mobile Pay,24.20,Paid
13877,13877,2024-04-03,Mobile Pay,13.48,Paid
13878,13878,2024-11-07,Card,36.76,Paid
13879,13879,2024-06-16,Card,60.35,Paid
13880,13880,2024-10-14,Cash,31.20,Refunded
13881,13881,2024-11-24,Mobile Pay,27.62,Paid
13882,13882,2024-01-31,Card,12.27,Paid
13883,13883,2024-12-02,Cash,21.26,Paid
13884,13884,2024-07-17,Mobile Pay,10.50,Paid
13885,13885,2024-03-30,Cash,13.37,Refunded
13886,13886,2024-03-03,Cash,25.21,Paid
13887,13887,2024-07-27,Mobile Pay,31.48,Refunded
13888,13888,2024-09-23,Card,9.66,Paid
13889,13889,2024-01-24,Cash,32.11,Paid
13890,13890,2024-01-27,Card,13.85,Paid
13891,13891,2024-04-04,Mobile Pay,44.97,Paid
13892,13892,2024-11-07,Mobile Pay,23.79,Paid
13893,13893,2024-03-16,Cash,42.85,Paid
13894,13894,2024-01-11,Card,16.01,Paid
13895,13895,2024-03-18,Mobile Pay,14.00,Paid
13896,13896,2024-11-01,Card,77.21,Paid
13897,13897,2024-09-06,Card,24.66,Paid
13898,13898,2024-09-23,Cash,10.91,Paid
13899,13899,2024-06-13,Card,41.02,Paid
13900,13900,2024-01-12,Mobile Pay,33.38,Paid
13901,13901,2024-04-09,Mobile Pay,41.15,Refunded
13902,13902,2024-09-28,Mobile Pay,27.90,Paid
13903,13903,2024-02-28,Mobile Pay,12.00,Refunded
13904,13904,2024-10-16,Cash,19.89,Paid
13905,13905,2024-04-10,Mobile Pay,15.04,Paid
13906,13906,2024-03-06,Card,14.60,Paid
13907,13907,2024-08-19,Mobile Pay,15.09,Paid
13908,13908,2024-07-06,Cash,21.16,Refunded
13909,13909,2024-11-15,Cash,22.29,Paid
13910,13910,2024-02-19,Cash,22.59,Refunded
13911,13911,2024-08-22,Card,24.33,Refunded
13912,13912,2024-10-31,Cash,23.62,Paid
13913,13913,2024-10-15,Cash,29.51,Paid
13914,13914,2024-11-24,Card,67.10,Paid
13915,13915,2024-08-02,Cash,22.25,Paid
13916,13916,2024-11-18,Card,71.85,Paid
13917,13917,2024-02-14,Mobile Pay,14.45,Paid
13918,13918,2024-04-29,Cash,29.49,Paid
13919,13919,2024-01-27,Cash,39.79,Paid
13920,13920,2024-11-23,Cash,56.99,Paid
13921,13921,2024-07-25,Card,22.19,Paid
13922,13922,2024-10-16,Mobile Pay,27.30,Paid
13923,13923,2024-05-13,Cash,12.68,Refunded
13924,13924,2024-03-19,Mobile Pay,30.30,Paid
13925,13925,2024-07-11,Mobile Pay,29.40,Paid
13926,13926,2024-10-12,Cash,12.00,Paid
13927,13927,2024-10-19,Mobile Pay,39.13,Paid
13928,13928,2024-12-19,Cash,15.04,Paid
13929,13929,2024-12-30,Mobile Pay,27.10,Paid
13930,13930,2024-04-08,Mobile Pay,41.38,Paid
13931,13931,2024-07-31,Mobile Pay,37.23,Refunded
13932,13932,2024-10-25,Card,28.50,Paid
13933,13933,2024-12-29,Cash,30.00,Refunded
13934,13934,2024-06-15,Cash,13.66,Paid
13935,13935,2024-07-24,Card,17.83,Paid
13936,13936,2024-01-22,Cash,15.27,Paid
13937,13937,2024-12-23,Cash,23.07,Paid
13938,13938,2024-05-18,Cash,24.50,Paid
13939,13939,2024-05-03,Cash,76.44,Paid
13940,13940,2024-09-06,Mobile Pay,19.95,Paid
13941,13941,2024-06-25,Cash,16.50,Paid
13942,13942,2024-06-23,Cash,25.00,Paid
13943,13943,2024-03-23,Card,21.16,Paid
13944,13944,2024-03-24,Cash,31.44,Refunded
13945,13945,2024-01-12,Cash,16.21,Refunded
13946,13946,2024-11-25,Mobile Pay,36.86,Paid
13947,13947,2024-04-16,Mobile Pay,12.24,Paid
13948,13948,2024-07-06,Cash,28.76,Paid
13949,13949,2024-04-25,Card,25.07,Paid
13950,13950,2024-12-25,Card,28.91,Refunded
13951,13951,2024-07-05,Cash,33.14,Refunded
13952,13952,2024-04-04,Card,20.24,Paid
13953,13953,2024-09-04,Mobile Pay,24.11,Paid
13954,13954,2024-06-14,Cash,20.49,Paid
13955,13955,2024-08-21,Mobile Pay,28.16,Refunded
13956,13956,2024-10-31,Card,24.38,Refunded
13957,13957,2024-12-03,Mobile Pay,13.02,Paid
13958,13958,2024-05-18,Card,22.08,Paid
13959,13959,2024-02-15,Cash,22.88,Paid
13960,13960,2024-10-20,Card,38.46,Paid
13961,13961,2024-02-27,Mobile Pay,22.25,Paid
13962,13962,2024-11-21,Mobile Pay,25.86,Paid
13963,13963,2024-01-25,Mobile Pay,21.81,Paid
13964,13964,2024-08-23,Cash,10.20,Refunded
13965,13965,2024-03-31,Mobile Pay,12.07,Paid
13966,13966,2024-07-27,Cash,30.21,Refunded
13967,13967,2024-01-10,Mobile Pay,13.32,Paid
13968,13968,2024-09-18,Card,16.28,Paid
13969,13969,2024-08-23,Cash,36.14,Paid
13970,13970,2024-02-05,Cash,19.77,Paid
13971,13971,2024-04-15,Card,8.26,Paid
13972,13972,2024-01-27,Mobile Pay,21.49,Paid
13973,13973,2024-03-01,Mobile Pay,37.58,Paid
13974,13974,2024-09-01,Mobile Pay,73.26,Paid
13975,13975,2024-01-09,Mobile Pay,24.43,Paid
13976,13976,2024-12-14,Card,16.35,Paid
13977,13977,2024-07-20,Mobile Pay,15.43,Paid
13978,13978,2024-03-28,Card,17.79,Paid
13979,13979,2024-01-24,Mobile Pay,17.00,Paid
13980,13980,2024-04-27,Cash,35.80,Paid
13981,13981,2024-11-23,Cash,41.91,Paid
13982,13982,2024-11-15,Mobile Pay,11.15,Paid
13983,13983,2024-09-30,Mobile Pay,18.70,Paid
13984,13984,2024-04-09,Cash,37.23,Refunded
13985,13985,2024-05-09,Card,64.08,Paid
13986,13986,2024-11-28,Mobile Pay,24.94,Paid
13987,13987,2024-08-09,Cash,15.41,Refunded
13988,13988,2024-03-05,Cash,21.89,Paid
13989,13989,2024-04-29,Cash,65.36,Paid
13990,13990,2024-11-29,Cash,6.92,Paid
13991,13991,2024-12-22,Mobile Pay,18.65,Paid
13992,13992,2024-06-03,Cash,15.16,Paid
13993,13993,2024-11-25,Card,61.66,Paid
13994,13994,2024-05-15,Mobile Pay,15.57,Paid
13995,13995,2024-06-19,Mobile Pay,32.75,Refunded
13996,13996,2024-09-14,Mobile Pay,18.70,Paid
13997,13997,2024-04-24,Mobile Pay,7.38,Paid
13998,13998,2024-02-06,Mobile Pay,56.37,Refunded
13999,13999,2024-09-12,Card,14.53,Refunded
14000,14000,2024-04-15,Cash,34.24,Paid
14001,14001,2024-06-28,Cash,41.56,Paid
14002,14002,2024-04-17,Mobile Pay,13.76,Refunded
14003,14003,2024-06-26,Mobile Pay,17.56,Refunded
14004,14004,2024-05-05,Mobile Pay,43.46,Paid
14005,14005,2024-10-06,Card,20.23,Paid
14006,14006,2024-01-15,Mobile Pay,9.73,Paid
14007,14007,2024-03-31,Card,32.73,Refunded
14008,14008,2024-05-26,Mobile Pay,32.32,Paid
14009,14009,2024-06-22,Cash,28.28,Paid
14010,14010,2024-09-25,Card,16.84,Paid
14011,14011,2024-10-02,Mobile Pay,24.13,Paid
14012,14012,2024-04-15,Cash,15.28,Paid
14013,14013,2024-08-10,Cash,33.77,Paid
14014,14014,2024-08-26,Mobile Pay,19.92,Paid
14015,14015,2024-06-13,Mobile Pay,25.94,Paid
14016,14016,2024-11-03,Card,45.02,Paid
14017,14017,2024-03-11,Cash,83.66,Paid
14018,14018,2024-06-05,Cash,15.68,Paid
14019,14019,2024-01-15,Card,24.74,Paid
14020,14020,2024-05-25,Cash,33.63,Paid
14021,14021,2024-05-24,Card,15.12,Refunded
14022,14022,2024-12-29,Card,29.66,Paid
14023,14023,2024-08-18,Cash,32.50,Paid
14024,14024,2024-08-22,Mobile Pay,10.14,Paid
14025,14025,2024-06-12,Cash,20.88,Paid
14026,14026,2024-10-17,Mobile Pay,19.48,Paid
14027,14027,2024-07-18,Cash,23.18,Paid
14028,14028,2024-02-07,Mobile Pay,20.51,Paid
14029,14029,2024-01-13,Cash,24.69,Paid
14030,14030,2024-11-26,Cash,7.03,Paid
14031,14031,2024-08-07,Mobile Pay,27.70,Paid
14032,14032,2024-01-18,Cash,42.87,Paid
14033,14033,2024-12-25,Mobile Pay,14.89,Paid
14034,14034,2024-06-06,Card,25.47,Paid
14035,14035,2024-12-14,Cash,21.88,Paid
14036,14036,2024-10-03,Mobile Pay,17.66,Refunded
14037,14037,2024-06-19,Mobile Pay,21.90,Paid
14038,14038,2024-07-29,Card,12.80,Paid
14039,14039,2024-12-07,Cash,19.50,Paid
14040,14040,2024-02-28,Card,10.91,Paid
14041,14041,2024-04-20,Card,70.01,Paid
14042,14042,2024-03-12,Cash,28.73,Paid
14043,14043,2024-02-19,Mobile Pay,13.72,Paid
14044,14044,2024-01-17,Mobile Pay,31.27,Paid
14045,14045,2024-03-28,Mobile Pay,29.91,Refunded
14046,14046,2024-09-08,Mobile Pay,33.65,Paid
14047,14047,2024-05-21,Mobile Pay,10.08,Paid
14048,14048,2024-07-19,Card,9.88,Paid
14049,14049,2024-04-20,Card,20.84,Paid
14050,14050,2024-09-02,Cash,22.77,Refunded
14051,14051,2024-01-06,Mobile Pay,14.23,Paid
14052,14052,2024-07-24,Mobile Pay,14.09,Refunded
14053,14053,2024-10-26,Mobile Pay,33.96,Paid
14054,14054,2024-08-06,Cash,12.58,Paid
14055,14055,2024-12-12,Cash,21.47,Paid
14056,14056,2024-10-12,Card,23.94,Paid
14057,14057,2024-10-31,Mobile Pay,8.43,Paid
14058,14058,2024-02-27,Mobile Pay,13.65,Paid
14059,14059,2024-06-30,Mobile Pay,10.54,Refunded
14060,14060,2024-11-28,Card,11.43,Paid
14061,14061,2024-04-06,Cash,26.29,Paid
14062,14062,2024-08-27,Card,68.04,Paid
14063,14063,2024-06-21,Mobile Pay,13.84,Refunded
14064,14064,2024-01-24,Mobile Pay,19.72,Refunded
14065,14065,2024-11-25,Mobile Pay,15.72,Paid
14066,14066,2024-05-15,Card,25.17,Paid
14067,14067,2024-11-15,Cash,21.42,Paid
14068,14068,2024-12-28,Card,11.72,Refunded
14069,14069,2024-03-01,Card,28.43,Paid
14070,14070,2024-05-15,Mobile Pay,15.45,Refunded
14071,14071,2024-04-19,Card,46.70,Paid
14072,14072,2024-09-12,Cash,29.34,Paid
14073,14073,2024-03-07,Card,54.60,Paid
14074,14074,2024-02-08,Mobile Pay,52.09,Refunded
14075,14075,2024-07-18,Mobile Pay,25.08,Paid
14076,14076,2024-10-31,Card,29.00,Refunded
14077,14077,2024-04-12,Cash,20.13,Paid
14078,14078,2024-10-27,Cash,19.78,Paid
14079,14079,2024-07-15,Cash,20.56,Paid
14080,14080,2024-12-17,Mobile Pay,9.94,Paid
14081,14081,2024-02-16,Cash,27.07,Paid
14082,14082,2024-11-01,Card,23.73,Refunded
14083,14083,2024-07-24,Cash,22.75,Paid
14084,14084,2024-05-21,Card,9.69,Paid
14085,14085,2024-03-17,Mobile Pay,28.90,Paid
14086,14086,2024-10-12,Mobile Pay,51.62,Paid
14087,14087,2024-10-28,Card,8.83,Paid
14088,14088,2024-02-18,Cash,21.70,Refunded
14089,14089,2024-09-21,Card,16.89,Paid
14090,14090,2024-03-17,Cash,17.54,Paid
14091,14091,2024-10-10,Cash,38.32,Paid
14092,14092,2024-11-24,Mobile Pay,32.16,Paid
14093,14093,2024-08-29,Card,11.36,Refunded
14094,14094,2024-04-20,Card,20.45,Paid
14095,14095,2024-02-02,Mobile Pay,45.76,Paid
14096,14096,2024-12-24,Cash,57.87,Paid
14097,14097,2024-01-16,Cash,14.70,Refunded
14098,14098,2024-07-10,Cash,18.60,Paid
14099,14099,2024-01-07,Cash,30.76,Refunded
14100,14100,2024-09-19,Cash,29.12,Paid
14101,14101,2024-12-29,Cash,14.18,Paid
14102,14102,2024-04-10,Card,21.60,Paid
14103,14103,2024-09-05,Cash,57.85,Paid
14104,14104,2024-05-17,Cash,28.55,Paid
14105,14105,2024-04-30,Card,80.15,Paid
14106,14106,2024-04-23,Mobile Pay,11.44,Refunded
14107,14107,2024-05-05,Mobile Pay,59.87,Paid
14108,14108,2024-02-20,Mobile Pay,27.06,Paid
14109,14109,2024-02-06,Card,12.72,Paid
14110,14110,2024-06-21,Card,35.66,Paid
14111,14111,2024-10-11,Card,22.84,Refunded
14112,14112,2024-10-21,Mobile Pay,46.57,Paid
14113,14113,2024-01-26,Mobile Pay,23.67,Paid
14114,14114,2024-04-05,Cash,21.65,Paid
14115,14115,2024-11-30,Mobile Pay,10.46,Paid
14116,14116,2024-12-02,Card,49.05,Paid
14117,14117,2024-06-07,Cash,15.63,Paid
14118,14118,2024-07-11,Mobile Pay,11.70,Paid
14119,14119,2024-02-16,Mobile Pay,16.44,Paid
14120,14120,2024-07-30,Mobile Pay,28.15,Paid
14121,14121,2024-09-08,Card,26.42,Paid
14122,14122,2024-08-22,Card,23.37,Paid
14123,14123,2024-04-29,Mobile Pay,26.24,Paid
14124,14124,2024-12-11,Mobile Pay,18.92,Paid
14125,14125,2024-08-31,Mobile Pay,13.18,Refunded
14126,14126,2024-03-25,Cash,50.90,Paid
14127,14127,2024-09-22,Cash,29.61,Paid
14128,14128,2024-05-09,Card,60.00,Paid
14129,14129,2024-07-07,Mobile Pay,25.58,Paid
14130,14130,2024-09-22,Cash,28.76,Paid
14131,14131,2024-04-27,Card,11.21,Paid
14132,14132,2024-08-09,Cash,27.33,Paid
14133,14133,2024-12-11,Mobile Pay,7.77,Paid
14134,14134,2024-02-23,Mobile Pay,19.80,Refunded
14135,14135,2024-01-31,Card,23.10,Paid
14136,14136,2024-12-11,Mobile Pay,22.99,Refunded
14137,14137,2024-10-22,Card,37.64,Paid
14138,14138,2024-01-19,Mobile Pay,26.03,Paid
14139,14139,2024-11-11,Card,13.32,Paid
14140,14140,2024-04-10,Cash,20.49,Paid
14141,14141,2024-10-12,Mobile Pay,13.70,Refunded
14142,14142,2024-09-29,Cash,19.70,Refunded
14143,14143,2024-07-27,Cash,31.92,Paid
14144,14144,2024-11-25,Cash,10.71,Refunded
14145,14145,2024-09-18,Card,13.76,Paid
14146,14146,2024-10-08,Cash,11.99,Refunded
14147,14147,2024-05-18,Mobile Pay,55.98,Paid
14148,14148,2024-04-18,Cash,41.41,Paid
14149,14149,2024-08-16,Mobile Pay,22.65,Paid
14150,14150,2024-06-19,Card,23.26,Refunded
14151,14151,2024-08-16,Cash,38.00,Paid
14152,14152,2024-09-24,Mobile Pay,39.34,Paid
14153,14153,2024-01-29,Card,82.25,Paid
14154,14154,2024-02-20,Card,22.16,Paid
14155,14155,2024-08-18,Mobile Pay,21.35,Paid
14156,14156,2024-02-25,Card,23.84,Refunded
14157,14157,2024-09-24,Card,16.86,Paid
14158,14158,2024-03-11,Cash,20.65,Paid
14159,14159,2024-06-10,Cash,35.10,Paid
14160,14160,2024-11-05,Cash,31.40,Paid
14161,14161,2024-06-26,Card,9.42,Paid
14162,14162,2024-01-11,Cash,48.96,Paid
14163,14163,2024-01-28,Mobile Pay,52.80,Paid
14164,14164,2024-08-09,Mobile Pay,19.76,Paid
14165,14165,2024-07-23,Cash,7.25,Refunded
14166,14166,2024-09-01,Card,8.94,Paid
14167,14167,2024-07-22,Cash,18.43,Paid
14168,14168,2024-06-15,Card,28.58,Paid
14169,14169,2024-09-14,Card,9.32,Refunded
14170,14170,2024-05-20,Cash,30.49,Refunded
14171,14171,2024-07-18,Mobile Pay,44.16,Paid
14172,14172,2024-06-04,Mobile Pay,51.59,Paid
14173,14173,2024-12-14,Card,31.70,Paid
14174,14174,2024-06-10,Cash,83.20,Paid
14175,14175,2024-02-09,Card,26.70,Refunded
14176,14176,2024-04-28,Mobile Pay,63.24,Paid
14177,14177,2024-10-16,Cash,23.00,Refunded
14178,14178,2024-03-15,Mobile Pay,19.53,Paid
14179,14179,2024-02-10,Cash,39.09,Paid
14180,14180,2024-01-03,Mobile Pay,30.08,Paid
14181,14181,2024-08-30,Card,11.33,Paid
14182,14182,2024-07-27,Cash,35.70,Refunded
14183,14183,2024-05-07,Cash,25.74,Paid
14184,14184,2024-09-11,Cash,15.59,Paid
14185,14185,2024-08-14,Card,34.22,Paid
14186,14186,2024-04-29,Mobile Pay,19.32,Refunded
14187,14187,2024-11-02,Mobile Pay,42.54,Paid
14188,14188,2024-07-16,Cash,15.48,Refunded
14189,14189,2024-05-23,Cash,17.76,Paid
14190,14190,2024-05-28,Mobile Pay,19.48,Paid
14191,14191,2024-10-22,Mobile Pay,23.46,Paid
14192,14192,2024-11-05,Card,13.82,Paid
14193,14193,2024-04-10,Cash,8.84,Refunded
14194,14194,2024-01-25,Cash,59.20,Paid
14195,14195,2024-08-16,Mobile Pay,41.26,Paid
14196,14196,2024-11-17,Card,13.95,Paid
14197,14197,2024-03-27,Cash,68.18,Paid
14198,14198,2024-08-19,Cash,28.35,Paid
14199,14199,2024-12-16,Mobile Pay,12.28,Refunded
14200,14200,2024-10-30,Mobile Pay,7.88,Paid
14201,14201,2024-04-17,Cash,11.71,Paid
14202,14202,2024-02-08,Card,12.73,Paid
14203,14203,2024-02-06,Cash,31.91,Paid
14204,14204,2024-08-29,Card,25.74,Paid
14205,14205,2024-05-06,Cash,66.18,Paid
14206,14206,2024-03-24,Card,29.60,Paid
14207,14207,2024-03-22,Card,13.88,Paid
14208,14208,2024-02-12,Mobile Pay,47.37,Paid
14209,14209,2024-01-10,Cash,9.41,Paid
14210,14210,2024-11-17,Card,19.77,Paid
14211,14211,2024-02-22,Card,27.09,Paid
14212,14212,2024-04-17,Cash,45.07,Paid
14213,14213,2024-12-21,Mobile Pay,76.20,Paid
14214,14214,2024-11-19,Card,43.30,Paid
14215,14215,2024-02-06,Mobile Pay,13.52,Refunded
14216,14216,2024-04-02,Mobile Pay,28.96,Refunded
14217,14217,2024-05-21,Card,29.32,Paid
14218,14218,2024-07-30,Mobile Pay,28.80,Refunded
14219,14219,2024-04-02,Cash,28.08,Paid
14220,14220,2024-06-24,Card,23.95,Paid
14221,14221,2024-04-08,Mobile Pay,8.14,Paid
14222,14222,2024-05-01,Card,61.67,Paid
14223,14223,2024-04-20,Mobile Pay,45.78,Paid
14224,14224,2024-05-06,Card,28.66,Refunded
14225,14225,2024-04-11,Mobile Pay,17.78,Paid
14226,14226,2024-12-07,Card,18.08,Paid
14227,14227,2024-12-08,Cash,18.01,Paid
14228,14228,2024-01-10,Mobile Pay,22.52,Paid
14229,14229,2024-05-28,Card,29.25,Paid
14230,14230,2024-10-14,Cash,23.28,Refunded
14231,14231,2024-05-09,Card,17.43,Refunded
14232,14232,2024-03-11,Cash,21.48,Paid
14233,14233,2024-06-15,Cash,20.36,Refunded
14234,14234,2024-06-25,Card,68.22,Paid
14235,14235,2024-11-25,Cash,33.50,Paid
14236,14236,2024-09-10,Card,78.10,Refunded
14237,14237,2024-07-20,Cash,10.62,Refunded
14238,14238,2024-01-20,Cash,43.93,Paid
14239,14239,2024-01-02,Cash,15.81,Refunded
14240,14240,2024-07-16,Cash,25.31,Refunded
14241,14241,2024-05-24,Mobile Pay,43.66,Paid
14242,14242,2024-10-16,Mobile Pay,21.32,Paid
14243,14243,2024-09-20,Card,19.40,Paid
14244,14244,2024-12-03,Mobile Pay,36.78,Paid
14245,14245,2024-12-15,Mobile Pay,62.14,Paid
14246,14246,2024-11-12,Mobile Pay,19.95,Refunded
14247,14247,2024-01-08,Card,17.92,Paid
14248,14248,2024-05-28,Cash,118.09,Refunded
14249,14249,2024-10-27,Mobile Pay,52.61,Paid
14250,14250,2024-04-26,Mobile Pay,14.70,Paid
14251,14251,2024-09-19,Mobile Pay,26.23,Paid
14252,14252,2024-12-18,Cash,15.57,Paid
14253,14253,2024-02-27,Mobile Pay,26.08,Paid
14254,14254,2024-05-24,Cash,7.97,Paid
14255,14255,2024-01-28,Card,19.75,Paid
14256,14256,2024-12-04,Card,11.30,Paid
14257,14257,2024-02-27,Cash,9.91,Paid
14258,14258,2024-12-03,Card,39.77,Paid
14259,14259,2024-02-21,Cash,23.26,Paid
14260,14260,2024-02-18,Mobile Pay,30.97,Paid
14261,14261,2024-12-26,Mobile Pay,83.80,Paid
14262,14262,2024-01-10,Card,28.52,Refunded
14263,14263,2024-06-06,Mobile Pay,14.84,Paid
14264,14264,2024-09-18,Cash,18.47,Refunded
14265,14265,2024-07-01,Card,13.53,Paid
14266,14266,2024-11-04,Cash,21.99,Paid
14267,14267,2024-01-01,Cash,27.71,Paid
14268,14268,2024-10-11,Cash,10.73,Refunded
14269,14269,2024-10-20,Cash,22.64,Paid
14270,14270,2024-07-30,Mobile Pay,19.59,Paid
14271,14271,2024-12-16,Mobile Pay,23.16,Refunded
14272,14272,2024-07-23,Cash,11.88,Paid
14273,14273,2024-06-18,Mobile Pay,13.19,Paid
14274,14274,2024-12-03,Mobile Pay,36.57,Paid
14275,14275,2024-05-30,Cash,50.18,Paid
14276,14276,2024-05-20,Mobile Pay,11.28,Paid
14277,14277,2024-03-14,Mobile Pay,106.02,Refunded
14278,14278,2024-11-19,Mobile Pay,16.91,Paid
14279,14279,2024-09-22,Cash,50.22,Paid
14280,14280,2024-04-20,Cash,43.53,Paid
14281,14281,2024-02-11,Cash,19.50,Refunded
14282,14282,2024-02-22,Cash,10.11,Paid
14283,14283,2024-03-14,Cash,68.71,Paid
14284,14284,2024-02-07,Cash,9.87,Refunded
14285,14285,2024-06-27,Cash,32.11,Paid
14286,14286,2024-11-23,Mobile Pay,10.81,Paid
14287,14287,2024-01-11,Cash,23.54,Paid
14288,14288,2024-05-11,Card,8.64,Paid
14289,14289,2024-04-23,Mobile Pay,17.83,Paid
14290,14290,2024-01-09,Mobile Pay,35.38,Refunded
14291,14291,2024-03-28,Mobile Pay,21.71,Paid
14292,14292,2024-09-15,Mobile Pay,54.71,Paid
14293,14293,2024-03-20,Card,11.77,Paid
14294,14294,2024-09-19,Mobile Pay,18.62,Paid
14295,14295,2024-07-26,Cash,34.47,Paid
14296,14296,2024-10-07,Cash,26.40,Paid
14297,14297,2024-07-01,Card,20.77,Paid
14298,14298,2024-01-07,Mobile Pay,16.64,Paid
14299,14299,2024-12-05,Cash,28.62,Paid
14300,14300,2024-10-29,Mobile Pay,10.50,Refunded
14301,14301,2024-03-28,Card,51.65,Paid
14302,14302,2024-06-18,Card,13.72,Paid
14303,14303,2024-09-07,Mobile Pay,31.53,Paid
14304,14304,2024-07-05,Cash,21.17,Refunded
14305,14305,2024-05-20,Mobile Pay,23.88,Paid
14306,14306,2024-09-22,Card,13.80,Paid
14307,14307,2024-08-20,Cash,29.28,Refunded
14308,14308,2024-01-28,Card,23.00,Paid
14309,14309,2024-11-18,Mobile Pay,30.06,Paid
14310,14310,2024-06-01,Cash,24.23,Paid
14311,14311,2024-03-02,Card,22.76,Paid
14312,14312,2024-03-22,Mobile Pay,24.52,Refunded
14313,14313,2024-12-07,Card,17.16,Paid
14314,14314,2024-05-05,Cash,14.37,Paid
14315,14315,2024-04-07,Cash,22.14,Paid
14316,14316,2024-11-22,Cash,16.62,Paid
14317,14317,2024-11-01,Card,45.07,Paid
14318,14318,2024-07-18,Card,11.00,Paid
14319,14319,2024-09-14,Cash,50.58,Paid
14320,14320,2024-09-01,Cash,40.78,Refunded
14321,14321,2024-12-23,Mobile Pay,15.64,Paid
14322,14322,2024-10-29,Card,9.76,Paid
14323,14323,2024-10-03,Mobile Pay,56.60,Paid
14324,14324,2024-05-25,Mobile Pay,23.22,Paid
14325,14325,2024-04-25,Mobile Pay,29.94,Paid
14326,14326,2024-03-20,Mobile Pay,27.37,Refunded
14327,14327,2024-07-19,Mobile Pay,33.05,Paid
14328,14328,2024-06-03,Cash,53.66,Paid
14329,14329,2024-10-08,Card,15.74,Refunded
14330,14330,2024-09-02,Cash,8.80,Paid
14331,14331,2024-04-17,Card,24.56,Paid
14332,14332,2024-04-22,Cash,14.20,Paid
14333,14333,2024-01-15,Cash,45.51,Refunded
14334,14334,2024-06-15,Card,49.08,Refunded
14335,14335,2024-08-06,Mobile Pay,17.09,Paid
14336,14336,2024-08-03,Cash,24.76,Paid
14337,14337,2024-07-29,Mobile Pay,41.72,Refunded
14338,14338,2024-06-23,Card,16.59,Paid
14339,14339,2024-01-27,Mobile Pay,29.89,Paid
14340,14340,2024-07-09,Cash,28.98,Paid
14341,14341,2024-06-20,Mobile Pay,10.07,Paid
14342,14342,2024-07-16,Mobile Pay,34.19,Paid
14343,14343,2024-06-23,Mobile Pay,12.34,Paid
14344,14344,2024-05-03,Card,12.27,Refunded
14345,14345,2024-10-11,Cash,19.96,Paid
14346,14346,2024-01-16,Card,28.95,Paid
14347,14347,2024-06-04,Card,19.78,Paid
14348,14348,2024-02-16,Mobile Pay,27.11,Paid
14349,14349,2024-03-15,Cash,9.99,Refunded
14350,14350,2024-05-14,Cash,17.15,Paid
14351,14351,2024-04-02,Mobile Pay,19.04,Paid
14352,14352,2024-11-21,Mobile Pay,22.58,Paid
14353,14353,2024-05-28,Mobile Pay,9.57,Refunded
14354,14354,2024-06-14,Cash,41.50,Paid
14355,14355,2024-04-09,Cash,8.88,Paid
14356,14356,2024-01-11,Mobile Pay,38.06,Refunded
14357,14357,2024-03-13,Cash,27.55,Refunded
14358,14358,2024-09-08,Card,17.15,Paid
14359,14359,2024-09-10,Cash,24.32,Paid
14360,14360,2024-05-03,Mobile Pay,13.56,Paid
14361,14361,2024-03-12,Mobile Pay,24.10,Paid
14362,14362,2024-03-29,Cash,18.80,Paid
14363,14363,2024-05-03,Card,12.34,Paid
14364,14364,2024-02-01,Mobile Pay,10.14,Paid
14365,14365,2024-10-10,Card,28.03,Paid
14366,14366,2024-03-01,Mobile Pay,20.77,Paid
14367,14367,2024-07-24,Cash,23.24,Paid
14368,14368,2024-10-06,Card,37.15,Paid
14369,14369,2024-10-26,Cash,30.17,Refunded
14370,14370,2024-12-22,Mobile Pay,20.76,Paid
14371,14371,2024-09-25,Mobile Pay,36.85,Paid
14372,14372,2024-12-30,Mobile Pay,43.40,Refunded
14373,14373,2024-06-02,Cash,31.51,Paid
14374,14374,2024-12-19,Mobile Pay,59.33,Paid
14375,14375,2024-12-27,Card,25.30,Paid
14376,14376,2024-09-02,Mobile Pay,17.57,Refunded
14377,14377,2024-11-27,Mobile Pay,7.79,Paid
14378,14378,2024-09-23,Card,17.02,Paid
14379,14379,2024-01-20,Mobile Pay,20.02,Refunded
14380,14380,2024-10-02,Card,28.67,Paid
14381,14381,2024-02-20,Mobile Pay,69.08,Paid
14382,14382,2024-08-08,Cash,21.19,Paid
14383,14383,2024-04-23,Cash,19.10,Paid
14384,14384,2024-08-31,Card,14.20,Refunded
14385,14385,2024-02-05,Cash,27.63,Paid
14386,14386,2024-02-11,Mobile Pay,32.42,Paid
14387,14387,2024-02-29,Mobile Pay,30.61,Paid
14388,14388,2024-05-20,Card,12.16,Refunded
14389,14389,2024-06-15,Card,31.42,Refunded
14390,14390,2024-03-29,Mobile Pay,9.05,Paid
14391,14391,2024-02-19,Cash,22.18,Refunded
14392,14392,2024-05-10,Mobile Pay,62.10,Refunded
14393,14393,2024-01-27,Card,26.39,Paid
14394,14394,2024-05-02,Mobile Pay,34.91,Paid
14395,14395,2024-08-02,Cash,27.02,Paid
14396,14396,2024-06-26,Cash,40.00,Refunded
14397,14397,2024-11-03,Card,61.04,Refunded
14398,14398,2024-10-14,Cash,63.36,Refunded
14399,14399,2024-06-10,Cash,52.11,Paid
14400,14400,2024-06-20,Cash,18.95,Refunded
14401,14401,2024-05-24,Card,28.17,Refunded
14402,14402,2024-08-09,Card,32.92,Paid
14403,14403,2024-01-02,Card,81.41,Paid
14404,14404,2024-09-20,Mobile Pay,19.15,Paid
14405,14405,2024-06-27,Cash,40.46,Refunded
14406,14406,2024-12-19,Card,11.57,Paid
14407,14407,2024-08-01,Mobile Pay,28.50,Paid
14408,14408,2024-01-12,Cash,31.04,Paid
14409,14409,2024-12-28,Mobile Pay,7.06,Paid
14410,14410,2024-06-04,Cash,39.56,Paid
14411,14411,2024-12-12,Mobile Pay,22.69,Paid
14412,14412,2024-02-13,Mobile Pay,18.68,Paid
14413,14413,2024-05-19,Cash,29.05,Paid
14414,14414,2024-02-19,Mobile Pay,15.94,Paid
14415,14415,2024-04-22,Mobile Pay,12.61,Paid
14416,14416,2024-02-12,Card,24.01,Paid
14417,14417,2024-05-29,Mobile Pay,76.78,Paid
14418,14418,2024-11-08,Cash,11.28,Refunded
14419,14419,2024-01-24,Mobile Pay,48.54,Paid
14420,14420,2024-05-23,Card,15.20,Paid
14421,14421,2024-11-14,Cash,33.36,Paid
14422,14422,2024-02-22,Cash,47.33,Paid
14423,14423,2024-10-16,Mobile Pay,25.85,Paid
14424,14424,2024-06-01,Card,15.77,Paid
14425,14425,2024-07-12,Mobile Pay,11.66,Paid
14426,14426,2024-04-23,Cash,31.35,Refunded
14427,14427,2024-04-05,Cash,36.12,Paid
14428,14428,2024-07-19,Mobile Pay,15.93,Refunded
14429,14429,2024-12-25,Card,37.52,Refunded
14430,14430,2024-02-20,Card,6.83,Paid
14431,14431,2024-10-31,Card,15.30,Paid
14432,14432,2024-06-01,Card,32.54,Paid
14433,14433,2024-07-15,Mobile Pay,32.32,Paid
14434,14434,2024-04-25,Mobile Pay,11.05,Paid
14435,14435,2024-09-19,Cash,28.40,Paid
14436,14436,2024-02-29,Cash,13.58,Paid
14437,14437,2024-12-04,Cash,33.92,Paid
14438,14438,2024-10-25,Cash,57.28,Paid
14439,14439,2024-09-26,Cash,18.04,Paid
14440,14440,2024-12-07,Cash,15.31,Paid
14441,14441,2024-04-26,Cash,68.49,Refunded
14442,14442,2024-08-04,Card,30.80,Paid
14443,14443,2024-11-18,Cash,11.98,Paid
14444,14444,2024-04-22,Cash,24.25,Paid
14445,14445,2024-05-05,Mobile Pay,20.00,Paid
14446,14446,2024-02-20,Card,73.89,Paid
14447,14447,2024-12-02,Card,55.77,Paid
14448,14448,2024-10-17,Cash,53.87,Paid
14449,14449,2024-03-10,Card,35.85,Paid
14450,14450,2024-07-12,Mobile Pay,29.96,Paid
14451,14451,2024-08-08,Card,11.82,Paid
14452,14452,2024-12-06,Cash,29.68,Paid
14453,14453,2024-01-14,Card,19.31,Paid
14454,14454,2024-02-29,Mobile Pay,23.70,Paid
14455,14455,2024-08-07,Cash,79.83,Refunded
14456,14456,2024-05-21,Cash,37.37,Paid
14457,14457,2024-02-09,Card,20.39,Refunded
14458,14458,2024-08-29,Cash,14.22,Refunded
14459,14459,2024-10-06,Cash,11.10,Paid
14460,14460,2024-09-22,Card,77.95,Paid
14461,14461,2024-12-03,Mobile Pay,30.01,Refunded
14462,14462,2024-07-27,Mobile Pay,24.46,Refunded
14463,14463,2024-12-14,Card,19.84,Paid
14464,14464,2024-08-24,Cash,28.93,Paid
14465,14465,2024-08-14,Mobile Pay,30.71,Paid
14466,14466,2024-10-29,Cash,14.79,Paid
14467,14467,2024-10-04,Mobile Pay,36.25,Paid
14468,14468,2024-07-05,Cash,11.95,Paid
14469,14469,2024-09-04,Cash,22.79,Paid
14470,14470,2024-12-22,Card,11.52,Paid
14471,14471,2024-01-30,Card,20.22,Paid
14472,14472,2024-12-23,Cash,40.90,Paid
14473,14473,2024-06-03,Cash,20.47,Paid
14474,14474,2024-11-23,Mobile Pay,23.78,Paid
14475,14475,2024-05-31,Mobile Pay,42.36,Paid
14476,14476,2024-06-09,Card,19.64,Paid
14477,14477,2024-12-05,Card,20.17,Refunded
14478,14478,2024-06-15,Mobile Pay,62.20,Paid
14479,14479,2024-03-04,Card,28.60,Paid
14480,14480,2024-05-23,Card,22.36,Paid
14481,14481,2024-07-20,Card,26.80,Refunded
14482,14482,2024-09-27,Cash,20.82,Paid
14483,14483,2024-07-29,Card,31.77,Paid
14484,14484,2024-02-18,Mobile Pay,20.63,Paid
14485,14485,2024-08-26,Card,19.72,Paid
14486,14486,2024-03-25,Mobile Pay,27.66,Paid
14487,14487,2024-02-07,Card,10.26,Paid
14488,14488,2024-12-24,Mobile Pay,42.28,Paid
14489,14489,2024-06-30,Mobile Pay,29.19,Paid
14490,14490,2024-01-27,Cash,47.26,Paid
14491,14491,2024-04-27,Cash,12.79,Refunded
14492,14492,2024-10-16,Mobile Pay,23.50,Paid
14493,14493,2024-08-20,Card,22.08,Paid
14494,14494,2024-02-03,Mobile Pay,13.28,Refunded
14495,14495,2024-07-31,Mobile Pay,57.92,Paid
14496,14496,2024-07-15,Card,13.00,Paid
14497,14497,2024-11-02,Mobile Pay,48.43,Paid
14498,14498,2024-03-29,Mobile Pay,82.02,Refunded
14499,14499,2024-11-01,Mobile Pay,10.95,Paid
14500,14500,2024-07-04,Card,31.89,Refunded
14501,14501,2024-11-20,Cash,39.37,Paid
14502,14502,2024-07-20,Mobile Pay,22.03,Paid
14503,14503,2024-11-19,Cash,17.99,Paid
14504,14504,2024-01-01,Cash,9.75,Refunded
14505,14505,2024-08-26,Mobile Pay,30.89,Paid
14506,14506,2024-03-04,Cash,10.79,Refunded
14507,14507,2024-10-30,Card,42.68,Paid
14508,14508,2024-08-21,Cash,8.10,Refunded
14509,14509,2024-08-13,Mobile Pay,24.44,Paid
14510,14510,2024-11-11,Card,17.94,Paid
14511,14511,2024-09-08,Cash,28.32,Paid
14512,14512,2024-06-30,Cash,35.25,Paid
14513,14513,2024-07-03,Mobile Pay,20.32,Paid
14514,14514,2024-01-14,Card,13.44,Paid
14515,14515,2024-10-02,Cash,32.70,Paid
14516,14516,2024-02-13,Card,23.02,Paid
14517,14517,2024-07-14,Card,22.56,Paid
14518,14518,2024-04-15,Mobile Pay,22.54,Refunded
14519,14519,2024-07-24,Card,26.75,Paid
14520,14520,2024-09-08,Card,9.34,Paid
14521,14521,2024-05-21,Mobile Pay,54.24,Paid
14522,14522,2024-08-15,Cash,14.73,Refunded
14523,14523,2024-05-05,Cash,22.42,Paid
14524,14524,2024-12-14,Mobile Pay,22.11,Paid
14525,14525,2024-12-03,Mobile Pay,10.34,Paid
14526,14526,2024-12-27,Card,24.15,Paid
14527,14527,2024-12-18,Cash,28.56,Paid
14528,14528,2024-03-21,Cash,52.27,Paid
14529,14529,2024-12-04,Cash,71.75,Paid
14530,14530,2024-05-28,Card,34.25,Refunded
14531,14531,2024-04-24,Cash,19.69,Refunded
14532,14532,2024-07-20,Card,21.37,Refunded
14533,14533,2024-02-12,Card,31.40,Refunded
14534,14534,2024-01-19,Mobile Pay,30.20,Paid
14535,14535,2024-01-16,Mobile Pay,11.05,Refunded
14536,14536,2024-01-15,Cash,40.30,Paid
14537,14537,2024-12-04,Card,16.36,Paid
14538,14538,2024-04-02,Mobile Pay,15.91,Paid
14539,14539,2024-07-18,Mobile Pay,13.78,Paid
14540,14540,2024-10-15,Cash,12.40,Paid
14541,14541,2024-06-12,Mobile Pay,13.40,Paid
14542,14542,2024-02-10,Card,22.44,Paid
14543,14543,2024-09-17,Card,17.21,Paid
14544,14544,2024-09-21,Cash,17.56,Paid
14545,14545,2024-01-17,Card,28.22,Paid
14546,14546,2024-10-28,Mobile Pay,31.35,Paid
14547,14547,2024-09-21,Card,11.44,Paid
14548,14548,2024-02-23,Mobile Pay,25.70,Paid
14549,14549,2024-08-03,Card,31.23,Paid
14550,14550,2024-09-06,Cash,24.16,Paid
14551,14551,2024-07-12,Cash,15.35,Paid
14552,14552,2024-09-14,Mobile Pay,14.85,Paid
14553,14553,2024-10-06,Mobile Pay,20.42,Refunded
14554,14554,2024-08-12,Card,23.90,Paid
14555,14555,2024-09-18,Mobile Pay,42.70,Refunded
14556,14556,2024-10-06,Mobile Pay,23.34,Refunded
14557,14557,2024-01-10,Card,13.82,Paid
14558,14558,2024-10-08,Cash,18.45,Refunded
14559,14559,2024-05-02,Mobile Pay,25.18,Paid
14560,14560,2024-07-29,Card,15.91,Paid
14561,14561,2024-01-06,Cash,16.27,Paid
14562,14562,2024-10-24,Cash,35.39,Refunded
14563,14563,2024-06-06,Mobile Pay,34.03,Paid
14564,14564,2024-06-18,Cash,39.97,Paid
14565,14565,2024-04-21,Mobile Pay,29.11,Paid
14566,14566,2024-10-17,Card,32.78,Paid
14567,14567,2024-03-18,Cash,13.86,Paid
14568,14568,2024-02-06,Mobile Pay,24.00,Paid
14569,14569,2024-12-24,Cash,17.54,Refunded
14570,14570,2024-11-08,Cash,17.00,Paid
14571,14571,2024-07-18,Cash,18.04,Refunded
14572,14572,2024-01-11,Mobile Pay,19.48,Paid
14573,14573,2024-11-06,Cash,25.00,Refunded
14574,14574,2024-10-14,Card,24.53,Paid
14575,14575,2024-05-16,Cash,27.03,Refunded
14576,14576,2024-09-29,Mobile Pay,26.27,Paid
14577,14577,2024-11-01,Card,15.79,Paid
14578,14578,2024-12-08,Card,13.58,Paid
14579,14579,2024-09-04,Mobile Pay,33.27,Paid
14580,14580,2024-12-23,Mobile Pay,15.59,Paid
14581,14581,2024-05-15,Card,31.75,Paid
14582,14582,2024-03-17,Mobile Pay,14.94,Paid
14583,14583,2024-05-22,Mobile Pay,19.52,Paid
14584,14584,2024-01-21,Card,27.56,Refunded
14585,14585,2024-07-17,Mobile Pay,33.14,Paid
14586,14586,2024-03-04,Card,30.33,Paid
14587,14587,2024-09-02,Cash,46.82,Paid
14588,14588,2024-06-01,Cash,11.92,Paid
14589,14589,2024-08-23,Cash,16.10,Refunded
14590,14590,2024-03-29,Card,42.17,Paid
14591,14591,2024-08-26,Cash,12.98,Paid
14592,14592,2024-03-28,Cash,25.84,Paid
14593,14593,2024-12-28,Card,27.38,Paid
14594,14594,2024-10-28,Cash,24.77,Paid
14595,14595,2024-01-27,Cash,17.00,Paid
14596,14596,2024-01-16,Mobile Pay,11.36,Paid
14597,14597,2024-05-27,Card,15.38,Refunded
14598,14598,2024-02-20,Card,63.60,Paid
14599,14599,2024-02-27,Mobile Pay,27.38,Refunded
14600,14600,2024-03-11,Mobile Pay,35.44,Refunded
14601,14601,2024-09-18,Mobile Pay,19.64,Paid
14602,14602,2024-07-12,Mobile Pay,7.87,Paid
14603,14603,2024-07-07,Card,13.89,Paid
14604,14604,2024-07-25,Card,23.58,Paid
14605,14605,2024-11-16,Cash,60.07,Paid
14606,14606,2024-03-12,Mobile Pay,9.33,Paid
14607,14607,2024-10-08,Cash,15.77,Paid
14608,14608,2024-04-06,Card,25.23,Refunded
14609,14609,2024-11-06,Card,7.98,Refunded
14610,14610,2024-11-07,Mobile Pay,38.32,Refunded
14611,14611,2024-09-08,Cash,17.60,Paid
14612,14612,2024-06-12,Cash,17.60,Refunded
14613,14613,2024-03-23,Mobile Pay,33.00,Paid
14614,14614,2024-06-21,Mobile Pay,33.28,Refunded
14615,14615,2024-10-24,Mobile Pay,19.54,Paid
14616,14616,2024-09-03,Card,41.15,Paid
14617,14617,2024-06-26,Mobile Pay,20.07,Paid
14618,14618,2024-11-20,Cash,32.19,Paid
14619,14619,2024-07-10,Cash,21.30,Paid
14620,14620,2024-01-06,Cash,14.36,Paid
14621,14621,2024-03-23,Card,72.59,Paid
14622,14622,2024-12-12,Card,86.62,Paid
14623,14623,2024-10-20,Mobile Pay,33.16,Paid
14624,14624,2024-12-21,Cash,29.88,Paid
14625,14625,2024-12-31,Mobile Pay,60.68,Refunded
14626,14626,2024-10-29,Cash,57.77,Paid
14627,14627,2024-06-29,Cash,73.57,Paid
14628,14628,2024-04-11,Cash,12.31,Paid
14629,14629,2024-03-24,Cash,30.55,Refunded
14630,14630,2024-09-02,Card,16.64,Refunded
14631,14631,2024-06-07,Card,36.35,Paid
14632,14632,2024-06-04,Mobile Pay,74.43,Paid
14633,14633,2024-01-26,Mobile Pay,24.76,Refunded
14634,14634,2024-06-18,Cash,10.75,Refunded
14635,14635,2024-07-12,Mobile Pay,26.55,Refunded
14636,14636,2024-12-19,Mobile Pay,43.48,Paid
14637,14637,2024-06-20,Card,13.96,Paid
14638,14638,2024-10-02,Card,64.49,Refunded
14639,14639,2024-02-23,Cash,16.69,Paid
14640,14640,2024-01-27,Card,26.56,Paid
14641,14641,2024-07-22,Card,13.14,Refunded
14642,14642,2024-05-01,Mobile Pay,37.79,Paid
14643,14643,2024-11-21,Mobile Pay,17.56,Paid
14644,14644,2024-09-30,Mobile Pay,20.32,Paid
14645,14645,2024-02-18,Cash,45.24,Paid
14646,14646,2024-11-05,Cash,55.10,Paid
14647,14647,2024-06-30,Cash,26.14,Paid
14648,14648,2024-02-22,Mobile Pay,25.89,Paid
14649,14649,2024-10-26,Cash,49.37,Paid
14650,14650,2024-08-29,Cash,15.59,Paid
14651,14651,2024-06-20,Mobile Pay,32.88,Paid
14652,14652,2024-12-17,Cash,32.16,Paid
14653,14653,2024-01-28,Mobile Pay,43.09,Paid
14654,14654,2024-08-14,Cash,10.57,Paid
14655,14655,2024-07-15,Cash,30.32,Paid
14656,14656,2024-06-03,Cash,11.57,Paid
14657,14657,2024-11-14,Cash,26.62,Paid
14658,14658,2024-07-07,Cash,25.09,Paid
14659,14659,2024-11-24,Mobile Pay,16.21,Paid
14660,14660,2024-06-05,Mobile Pay,12.72,Paid
14661,14661,2024-04-14,Mobile Pay,39.06,Paid
14662,14662,2024-02-13,Cash,30.67,Refunded
14663,14663,2024-12-24,Mobile Pay,26.00,Paid
14664,14664,2024-11-22,Cash,21.41,Refunded
14665,14665,2024-12-20,Card,26.32,Paid
14666,14666,2024-04-29,Cash,41.04,Paid
14667,14667,2024-12-05,Mobile Pay,40.38,Paid
14668,14668,2024-10-12,Card,24.85,Paid
14669,14669,2024-04-29,Cash,35.36,Paid
14670,14670,2024-06-01,Cash,42.31,Paid
14671,14671,2024-09-30,Card,20.10,Refunded
14672,14672,2024-01-28,Cash,29.65,Paid
14673,14673,2024-04-19,Mobile Pay,66.44,Paid
14674,14674,2024-04-10,Card,20.29,Paid
14675,14675,2024-09-29,Cash,15.50,Paid
14676,14676,2024-01-10,Mobile Pay,15.48,Paid
14677,14677,2024-09-17,Mobile Pay,40.94,Paid
14678,14678,2024-04-23,Mobile Pay,17.78,Paid
14679,14679,2024-04-14,Card,21.99,Paid
14680,14680,2024-10-14,Mobile Pay,8.46,Refunded
14681,14681,2024-01-12,Cash,30.31,Paid
14682,14682,2024-02-19,Cash,15.80,Paid
14683,14683,2024-04-23,Cash,23.42,Paid
14684,14684,2024-04-26,Cash,28.29,Paid
14685,14685,2024-08-22,Cash,19.78,Paid
14686,14686,2024-05-02,Mobile Pay,22.77,Paid
14687,14687,2024-08-07,Card,32.51,Paid
14688,14688,2024-06-04,Card,69.17,Paid
14689,14689,2024-08-17,Cash,21.44,Refunded
14690,14690,2024-10-13,Mobile Pay,19.20,Paid
14691,14691,2024-11-13,Card,20.35,Refunded
14692,14692,2024-12-03,Mobile Pay,16.92,Paid
14693,14693,2024-06-11,Mobile Pay,14.05,Refunded
14694,14694,2024-04-12,Mobile Pay,20.00,Paid
14695,14695,2025-01-02,Card,17.02,Paid
14696,14696,2024-10-26,Mobile Pay,18.00,Refunded
14697,14697,2024-05-09,Mobile Pay,19.12,Paid
14698,14698,2024-08-25,Mobile Pay,27.18,Paid
14699,14699,2024-09-02,Card,31.02,Paid
14700,14700,2024-05-05,Card,32.24,Paid
14701,14701,2024-03-19,Card,14.62,Paid
14702,14702,2024-06-16,Mobile Pay,17.74,Paid
14703,14703,2024-05-20,Mobile Pay,22.43,Paid
14704,14704,2024-08-18,Mobile Pay,31.38,Refunded
14705,14705,2024-02-09,Cash,18.69,Paid
14706,14706,2024-03-02,Mobile Pay,14.70,Paid
14707,14707,2024-10-11,Mobile Pay,14.08,Paid
14708,14708,2024-05-10,Cash,36.13,Paid
14709,14709,2024-04-10,Mobile Pay,44.55,Paid
14710,14710,2024-05-25,Cash,64.70,Refunded
14711,14711,2024-10-24,Mobile Pay,21.18,Paid
14712,14712,2024-11-03,Mobile Pay,13.20,Paid
14713,14713,2024-11-30,Mobile Pay,23.61,Paid
14714,14714,2024-11-09,Card,23.99,Paid
14715,14715,2024-04-15,Cash,54.88,Paid
14716,14716,2024-12-30,Mobile Pay,38.16,Refunded
14717,14717,2024-07-27,Mobile Pay,58.74,Paid
14718,14718,2024-05-09,Mobile Pay,11.75,Paid
14719,14719,2024-10-11,Card,33.59,Paid
14720,14720,2024-02-21,Card,41.21,Paid
14721,14721,2024-01-05,Cash,11.81,Refunded
14722,14722,2024-08-19,Mobile Pay,65.52,Paid
14723,14723,2024-10-22,Card,26.19,Paid
14724,14724,2024-09-02,Card,13.31,Paid
14725,14725,2024-07-06,Card,29.07,Paid
14726,14726,2024-03-06,Cash,40.22,Paid
14727,14727,2024-09-01,Card,13.39,Paid
14728,14728,2024-02-27,Card,23.67,Paid
14729,14729,2024-01-23,Card,25.34,Paid
14730,14730,2024-05-22,Mobile Pay,31.09,Paid
14731,14731,2024-11-11,Mobile Pay,40.07,Paid
14732,14732,2024-08-03,Card,35.50,Paid
14733,14733,2024-02-20,Mobile Pay,7.41,Refunded
14734,14734,2024-07-31,Cash,11.64,Paid
14735,14735,2024-07-24,Cash,32.67,Paid
14736,14736,2024-01-28,Card,19.64,Refunded
14737,14737,2024-06-10,Card,19.52,Paid
14738,14738,2024-02-25,Mobile Pay,27.13,Refunded
14739,14739,2024-12-25,Card,21.64,Refunded
14740,14740,2024-10-16,Card,35.53,Paid
14741,14741,2024-06-15,Cash,32.23,Refunded
14742,14742,2024-06-28,Cash,14.81,Paid
14743,14743,2024-01-27,Mobile Pay,62.00,Paid
14744,14744,2024-01-05,Cash,20.93,Refunded
14745,14745,2024-02-05,Card,23.86,Paid
14746,14746,2024-12-19,Card,60.83,Paid
14747,14747,2024-06-08,Card,18.99,Paid
14748,14748,2024-06-19,Cash,16.11,Paid
14749,14749,2024-07-03,Mobile Pay,64.17,Refunded
14750,14750,2024-06-09,Cash,33.17,Paid
14751,14751,2024-10-29,Mobile Pay,13.99,Paid
14752,14752,2024-02-08,Cash,58.66,Paid
14753,14753,2024-11-16,Cash,44.14,Paid
14754,14754,2024-02-22,Cash,10.27,Paid
14755,14755,2024-08-01,Cash,22.04,Paid
14756,14756,2024-08-25,Cash,39.07,Refunded
14757,14757,2024-07-28,Card,18.74,Refunded
14758,14758,2024-12-19,Card,19.63,Paid
14759,14759,2024-04-05,Mobile Pay,11.38,Paid
14760,14760,2024-11-03,Mobile Pay,8.98,Paid
14761,14761,2024-10-15,Card,22.55,Paid
14762,14762,2024-11-13,Mobile Pay,18.85,Paid
14763,14763,2024-12-04,Card,38.54,Paid
14764,14764,2024-03-16,Mobile Pay,14.66,Refunded
14765,14765,2024-09-25,Mobile Pay,24.61,Paid
14766,14766,2024-06-05,Cash,16.63,Paid
14767,14767,2024-11-16,Mobile Pay,21.19,Paid
14768,14768,2024-06-17,Cash,32.95,Paid
14769,14769,2024-05-18,Mobile Pay,12.10,Paid
14770,14770,2024-11-24,Mobile Pay,17.12,Paid
14771,14771,2024-05-19,Mobile Pay,73.69,Paid
14772,14772,2024-08-21,Mobile Pay,30.82,Paid
14773,14773,2024-09-16,Card,45.00,Paid
14774,14774,2024-09-09,Card,24.17,Refunded
14775,14775,2024-06-10,Cash,38.18,Refunded
14776,14776,2024-12-06,Mobile Pay,81.13,Paid
14777,14777,2024-01-07,Mobile Pay,8.04,Refunded
14778,14778,2024-08-16,Cash,27.49,Paid
14779,14779,2024-02-25,Cash,12.41,Paid
14780,14780,2024-07-07,Card,22.62,Paid
14781,14781,2024-02-15,Cash,14.50,Paid
14782,14782,2024-02-23,Card,38.24,Paid
14783,14783,2024-11-25,Mobile Pay,11.05,Refunded
14784,14784,2024-07-05,Cash,34.72,Paid
14785,14785,2024-07-14,Card,38.54,Paid
14786,14786,2024-10-31,Mobile Pay,32.00,Paid
14787,14787,2024-04-13,Cash,28.52,Paid
14788,14788,2024-09-13,Mobile Pay,26.14,Paid
14789,14789,2024-01-06,Card,29.70,Paid
14790,14790,2024-02-01,Card,43.10,Refunded
14791,14791,2024-11-08,Cash,14.81,Refunded
14792,14792,2024-10-13,Cash,31.92,Refunded
14793,14793,2024-12-31,Card,22.68,Paid
14794,14794,2024-06-10,Cash,24.34,Paid
14795,14795,2024-06-14,Mobile Pay,23.27,Paid
14796,14796,2024-03-21,Cash,78.48,Paid
14797,14797,2024-06-26,Card,21.18,Paid
14798,14798,2024-07-16,Mobile Pay,17.92,Paid
14799,14799,2024-11-22,Cash,21.91,Paid
14800,14800,2024-07-25,Card,33.65,Paid
14801,14801,2024-08-15,Mobile Pay,38.61,Paid
14802,14802,2024-08-29,Mobile Pay,13.96,Refunded
14803,14803,2024-11-15,Mobile Pay,21.25,Paid
14804,14804,2024-05-11,Cash,18.84,Refunded
14805,14805,2024-03-31,Card,17.18,Paid
14806,14806,2024-05-24,Cash,11.37,Refunded
14807,14807,2024-12-20,Card,21.66,Paid
14808,14808,2024-11-05,Card,19.72,Paid
14809,14809,2024-01-18,Mobile Pay,28.62,Paid
14810,14810,2024-06-25,Card,26.49,Paid
14811,14811,2024-06-12,Cash,22.26,Paid
14812,14812,2024-10-21,Mobile Pay,35.67,Paid
14813,14813,2024-09-30,Cash,21.64,Paid
14814,14814,2024-11-05,Card,12.63,Paid
14815,14815,2024-06-29,Mobile Pay,29.09,Paid
14816,14816,2024-09-20,Cash,15.23,Paid
14817,14817,2024-02-03,Mobile Pay,11.36,Paid
14818,14818,2024-10-09,Mobile Pay,16.69,Refunded
14819,14819,2024-05-23,Cash,23.26,Paid
14820,14820,2024-12-25,Card,19.21,Paid
14821,14821,2024-02-19,Cash,42.25,Paid
14822,14822,2024-09-27,Mobile Pay,21.62,Paid
14823,14823,2025-01-01,Card,29.25,Refunded
14824,14824,2024-02-02,Card,31.22,Paid
14825,14825,2024-03-11,Cash,20.70,Paid
14826,14826,2024-02-06,Mobile Pay,18.28,Paid
14827,14827,2024-07-03,Cash,9.21,Paid
14828,14828,2024-10-30,Card,52.82,Paid
14829,14829,2024-11-06,Mobile Pay,18.17,Paid
14830,14830,2024-11-11,Cash,15.96,Paid
14831,14831,2024-02-26,Cash,39.52,Paid
14832,14832,2024-12-27,Card,40.14,Paid
14833,14833,2024-01-11,Card,35.24,Paid
14834,14834,2024-12-03,Cash,14.92,Paid
14835,14835,2024-06-11,Mobile Pay,23.47,Paid
14836,14836,2024-05-12,Mobile Pay,25.04,Paid
14837,14837,2024-10-28,Mobile Pay,49.88,Paid
14838,14838,2024-11-21,Cash,8.01,Refunded
14839,14839,2024-08-08,Card,34.52,Paid
14840,14840,2024-08-04,Card,22.48,Paid
14841,14841,2024-06-05,Cash,28.93,Refunded
14842,14842,2024-02-16,Mobile Pay,23.74,Paid
14843,14843,2024-08-22,Card,75.39,Paid
14844,14844,2024-10-05,Mobile Pay,24.35,Refunded
14845,14845,2024-07-10,Mobile Pay,24.59,Paid
14846,14846,2024-07-01,Mobile Pay,21.89,Refunded
14847,14847,2024-12-13,Mobile Pay,18.93,Paid
14848,14848,2024-09-10,Card,38.57,Refunded
14849,14849,2024-09-24,Cash,20.63,Paid
14850,14850,2024-02-28,Cash,24.42,Refunded
14851,14851,2024-10-17,Cash,23.46,Refunded
14852,14852,2024-06-06,Cash,24.98,Paid
14853,14853,2024-03-24,Mobile Pay,17.24,Paid
14854,14854,2024-11-18,Card,14.24,Paid
14855,14855,2024-10-05,Cash,17.89,Refunded
14856,14856,2024-12-29,Mobile Pay,23.42,Paid
14857,14857,2024-07-18,Mobile Pay,28.62,Paid
14858,14858,2024-03-06,Mobile Pay,34.15,Paid
14859,14859,2024-12-25,Cash,11.82,Refunded
14860,14860,2024-11-05,Cash,14.55,Paid
14861,14861,2024-09-06,Card,7.55,Paid
14862,14862,2024-05-01,Mobile Pay,32.71,Paid
14863,14863,2024-04-19,Mobile Pay,39.89,Paid
14864,14864,2024-02-02,Mobile Pay,11.97,Paid
14865,14865,2024-02-25,Cash,12.01,Paid
14866,14866,2024-11-04,Mobile Pay,24.28,Paid
14867,14867,2024-08-03,Card,52.46,Paid
14868,14868,2024-10-28,Mobile Pay,19.86,Paid
14869,14869,2024-06-27,Card,23.18,Paid
14870,14870,2024-03-07,Cash,87.04,Refunded
14871,14871,2024-03-12,Mobile Pay,18.55,Refunded
14872,14872,2024-06-04,Mobile Pay,18.15,Paid
14873,14873,2024-10-21,Cash,24.84,Paid
14874,14874,2024-12-02,Cash,45.92,Paid
14875,14875,2024-06-16,Cash,19.07,Paid
14876,14876,2024-05-03,Mobile Pay,17.74,Paid
14877,14877,2024-05-30,Card,35.07,Refunded
14878,14878,2024-08-27,Cash,20.69,Paid
14879,14879,2024-07-31,Card,13.13,Paid
14880,14880,2024-03-05,Cash,15.88,Paid
14881,14881,2024-08-31,Cash,18.10,Paid
14882,14882,2024-11-21,Card,17.23,Paid
14883,14883,2024-11-24,Mobile Pay,31.13,Paid
14884,14884,2024-04-07,Mobile Pay,67.70,Refunded
14885,14885,2024-10-21,Mobile Pay,23.85,Paid
14886,14886,2024-05-21,Mobile Pay,35.80,Paid
14887,14887,2024-10-09,Cash,23.66,Paid
14888,14888,2024-08-24,Card,30.87,Paid
14889,14889,2024-10-17,Card,23.74,Paid
14890,14890,2024-12-30,Card,19.78,Refunded
14891,14891,2024-08-06,Cash,19.44,Refunded
14892,14892,2024-08-12,Mobile Pay,12.94,Paid
14893,14893,2024-08-04,Mobile Pay,11.60,Paid
14894,14894,2024-11-09,Cash,54.50,Paid
14895,14895,2024-06-15,Mobile Pay,15.27,Paid
14896,14896,2024-09-15,Card,31.79,Paid
14897,14897,2024-02-23,Cash,27.84,Paid
14898,14898,2024-08-15,Card,41.80,Refunded
14899,14899,2024-03-22,Cash,16.64,Paid
14900,14900,2024-02-02,Mobile Pay,13.98,Paid
14901,14901,2024-02-02,Mobile Pay,54.18,Paid
14902,14902,2024-09-03,Mobile Pay,32.55,Paid
14903,14903,2024-10-10,Mobile Pay,50.78,Paid
14904,14904,2024-07-12,Cash,18.96,Refunded
14905,14905,2024-04-01,Mobile Pay,19.16,Refunded
14906,14906,2024-12-19,Card,15.90,Paid
14907,14907,2024-02-16,Mobile Pay,32.16,Paid
14908,14908,2024-03-09,Card,21.44,Refunded
14909,14909,2024-12-20,Card,19.30,Paid
14910,14910,2024-05-05,Cash,20.61,Refunded
14911,14911,2024-09-29,Mobile Pay,9.24,Paid
14912,14912,2024-05-27,Card,15.50,Paid
14913,14913,2024-09-18,Cash,25.40,Paid
14914,14914,2024-04-04,Card,26.83,Paid
14915,14915,2024-08-25,Card,34.26,Refunded
14916,14916,2024-12-30,Mobile Pay,15.91,Paid
14917,14917,2024-08-13,Mobile Pay,20.09,Paid
14918,14918,2024-03-27,Mobile Pay,70.56,Paid
14919,14919,2024-07-20,Mobile Pay,25.68,Refunded
14920,14920,2024-08-04,Card,25.95,Paid
14921,14921,2024-06-07,Cash,21.88,Refunded
14922,14922,2024-10-15,Mobile Pay,56.76,Refunded
14923,14923,2024-03-19,Card,29.25,Paid
14924,14924,2024-04-29,Mobile Pay,45.92,Paid
14925,14925,2024-06-16,Cash,8.96,Refunded
14926,14926,2024-09-28,Mobile Pay,18.48,Paid
14927,14927,2024-02-24,Cash,17.90,Paid
14928,14928,2024-06-21,Card,25.94,Paid
14929,14929,2024-03-02,Cash,19.94,Paid
14930,14930,2024-09-20,Cash,8.46,Refunded
14931,14931,2024-09-20,Cash,46.67,Refunded
14932,14932,2024-12-19,Card,58.04,Paid
14933,14933,2024-11-05,Mobile Pay,31.69,Refunded
14934,14934,2024-02-16,Card,44.43,Paid
14935,14935,2024-12-30,Card,35.46,Paid
14936,14936,2024-01-09,Cash,33.30,Paid
14937,14937,2024-05-26,Mobile Pay,31.27,Paid
14938,14938,2024-02-16,Cash,60.30,Refunded
14939,14939,2024-08-21,Card,42.51,Paid
14940,14940,2024-08-08,Card,39.42,Refunded
14941,14941,2024-09-09,Mobile Pay,14.36,Paid
14942,14942,2024-05-08,Card,17.99,Paid
14943,14943,2024-08-28,Card,10.35,Paid
14944,14944,2024-05-25,Mobile Pay,9.15,Paid
14945,14945,2024-10-11,Mobile Pay,28.45,Paid
14946,14946,2024-05-13,Mobile Pay,24.26,Paid
14947,14947,2024-08-04,Cash,33.58,Paid
14948,14948,2024-02-24,Cash,23.76,Paid
14949,14949,2024-08-11,Cash,34.75,Paid
14950,14950,2024-07-05,Mobile Pay,9.85,Paid
14951,14951,2024-07-24,Mobile Pay,27.65,Paid
14952,14952,2024-01-17,Card,29.13,Paid
14953,14953,2024-10-05,Cash,28.86,Paid
14954,14954,2024-05-29,Card,27.42,Paid
14955,14955,2024-12-12,Mobile Pay,27.06,Paid
14956,14956,2024-05-01,Cash,18.18,Paid
14957,14957,2024-08-27,Mobile Pay,12.40,Refunded
14958,14958,2024-05-13,Card,20.06,Refunded
14959,14959,2024-03-02,Cash,34.08,Paid
14960,14960,2024-08-25,Mobile Pay,46.66,Paid
14961,14961,2024-03-20,Cash,36.11,Paid
14962,14962,2024-06-13,Card,13.24,Paid
14963,14963,2024-03-03,Card,19.10,Paid
14964,14964,2024-12-01,Mobile Pay,11.04,Refunded
14965,14965,2024-05-11,Card,17.20,Paid
14966,14966,2024-01-27,Card,36.16,Paid
14967,14967,2024-09-01,Cash,16.83,Paid
14968,14968,2024-08-31,Mobile Pay,35.66,Paid
14969,14969,2024-09-13,Card,9.16,Paid
14970,14970,2024-11-30,Cash,33.14,Refunded
14971,14971,2024-06-17,Cash,11.95,Paid
14972,14972,2024-03-22,Card,9.06,Paid
14973,14973,2024-02-06,Cash,20.16,Paid
14974,14974,2024-07-14,Mobile Pay,24.36,Paid
14975,14975,2024-01-12,Cash,11.70,Paid
14976,14976,2024-02-11,Card,35.25,Refunded
14977,14977,2024-10-25,Mobile Pay,15.80,Paid
14978,14978,2024-07-05,Cash,47.50,Paid
14979,14979,2024-02-11,Card,38.40,Refunded
14980,14980,2024-11-23,Mobile Pay,25.14,Paid
14981,14981,2024-12-04,Cash,14.09,Refunded
14982,14982,2024-12-29,Mobile Pay,17.88,Paid
14983,14983,2024-10-01,Card,36.02,Paid
14984,14984,2024-08-27,Cash,25.96,Paid
14985,14985,2024-11-06,Card,53.10,Paid
14986,14986,2024-03-05,Mobile Pay,35.32,Paid
14987,14987,2024-10-11,Mobile Pay,41.23,Paid
14988,14988,2024-08-24,Card,15.32,Paid
14989,14989,2024-09-27,Mobile Pay,30.41,Paid
14990,14990,2024-12-22,Cash,26.76,Refunded
14991,14991,2024-01-19,Mobile Pay,14.21,Paid
14992,14992,2024-06-02,Cash,16.47,Paid
14993,14993,2024-03-06,Card,34.52,Paid
14994,14994,2024-11-04,Card,24.84,Paid
14995,14995,2024-05-06,Cash,12.22,Refunded
14996,14996,2024-05-16,Card,15.42,Paid
14997,14997,2024-08-05,Mobile Pay,8.94,Paid
14998,14998,2024-12-07,Card,14.40,Refunded
14999,14999,2024-08-15,Cash,33.28,Paid
15000,15000,2024-09-05,Mobile Pay,17.95,Paid
15001,15001,2024-06-27,Card,35.30,Paid
15002,15002,2024-07-31,Card,18.30,Paid
15003,15003,2024-09-16,Card,53.13,Paid
15004,15004,2024-09-07,Mobile Pay,27.41,Paid
15005,15005,2024-05-26,Mobile Pay,22.66,Paid
15006,15006,2024-05-10,Cash,19.40,Paid
15007,15007,2024-04-12,Card,46.52,Paid
15008,15008,2024-10-19,Mobile Pay,33.50,Paid
15009,15009,2024-11-12,Cash,29.08,Paid
15010,15010,2024-01-08,Mobile Pay,42.78,Paid
15011,15011,2024-09-07,Mobile Pay,39.27,Paid
15012,15012,2024-03-06,Cash,56.45,Paid
15013,15013,2024-05-25,Mobile Pay,23.14,Paid
15014,15014,2024-05-17,Mobile Pay,15.54,Paid
15015,15015,2024-07-31,Card,71.22,Paid
15016,15016,2024-05-05,Cash,19.98,Refunded
15017,15017,2024-12-12,Card,17.86,Paid
15018,15018,2024-10-24,Mobile Pay,34.51,Paid
15019,15019,2024-12-17,Mobile Pay,24.53,Paid
15020,15020,2024-10-09,Mobile Pay,27.95,Paid
15021,15021,2024-03-23,Mobile Pay,10.90,Paid
15022,15022,2024-06-29,Cash,30.07,Paid
15023,15023,2024-05-26,Cash,7.07,Paid
15024,15024,2024-05-12,Card,30.81,Paid
15025,15025,2024-07-17,Card,26.26,Paid
15026,15026,2024-01-04,Mobile Pay,32.85,Paid
15027,15027,2024-07-27,Mobile Pay,35.76,Paid
15028,15028,2024-11-13,Mobile Pay,8.66,Paid
15029,15029,2024-06-22,Cash,19.75,Paid
15030,15030,2024-05-22,Card,21.86,Paid
15031,15031,2024-01-04,Cash,18.32,Paid
15032,15032,2024-05-05,Mobile Pay,11.59,Paid
15033,15033,2024-01-24,Cash,30.77,Paid
15034,15034,2024-11-10,Mobile Pay,28.92,Paid
15035,15035,2024-03-06,Cash,24.89,Paid
15036,15036,2024-10-07,Card,13.97,Paid
15037,15037,2024-10-17,Mobile Pay,12.60,Paid
15038,15038,2024-03-24,Card,30.35,Paid
15039,15039,2024-03-28,Card,58.93,Refunded
15040,15040,2024-11-12,Cash,7.71,Paid
15041,15041,2024-07-20,Mobile Pay,42.06,Paid
15042,15042,2024-10-10,Cash,7.33,Paid
15043,15043,2024-09-22,Mobile Pay,24.66,Paid
15044,15044,2024-09-21,Cash,23.68,Refunded
15045,15045,2024-04-01,Card,38.93,Refunded
15046,15046,2024-08-10,Mobile Pay,18.88,Paid
15047,15047,2024-11-10,Mobile Pay,23.67,Paid
15048,15048,2024-05-28,Card,22.37,Paid
15049,15049,2024-11-24,Cash,34.34,Paid
15050,15050,2024-04-12,Card,13.32,Paid
15051,15051,2024-02-20,Mobile Pay,38.36,Paid
15052,15052,2024-03-23,Card,9.29,Paid
15053,15053,2024-08-04,Mobile Pay,25.94,Paid
15054,15054,2024-07-22,Card,12.69,Paid
15055,15055,2024-12-09,Cash,24.24,Refunded
15056,15056,2024-07-02,Cash,26.42,Refunded
15057,15057,2024-09-23,Mobile Pay,22.20,Paid
15058,15058,2024-12-29,Cash,13.76,Paid
15059,15059,2024-12-11,Card,24.30,Paid
15060,15060,2024-05-14,Mobile Pay,21.27,Paid
15061,15061,2024-04-29,Mobile Pay,12.60,Paid
15062,15062,2024-11-08,Mobile Pay,20.18,Refunded
15063,15063,2024-06-19,Mobile Pay,19.68,Paid
15064,15064,2024-10-29,Card,28.64,Paid
15065,15065,2024-12-15,Card,22.34,Paid
15066,15066,2024-04-24,Cash,8.17,Paid
15067,15067,2024-09-18,Mobile Pay,21.04,Paid
15068,15068,2024-02-16,Mobile Pay,19.03,Paid
15069,15069,2024-03-12,Mobile Pay,28.95,Refunded
15070,15070,2024-08-12,Cash,17.07,Paid
15071,15071,2024-11-29,Cash,9.05,Refunded
15072,15072,2024-09-16,Card,22.71,Paid
15073,15073,2024-09-22,Mobile Pay,31.12,Paid
15074,15074,2024-05-18,Cash,33.36,Paid
15075,15075,2024-02-08,Mobile Pay,18.77,Paid
15076,15076,2024-04-03,Cash,69.37,Paid
15077,15077,2024-08-16,Mobile Pay,43.63,Paid
15078,15078,2024-07-11,Cash,47.49,Paid
15079,15079,2024-04-20,Cash,27.61,Paid
15080,15080,2024-03-01,Cash,19.91,Paid
15081,15081,2024-09-25,Cash,35.76,Refunded
15082,15082,2024-06-15,Card,67.13,Paid
15083,15083,2024-05-01,Mobile Pay,34.52,Paid
15084,15084,2024-05-17,Card,17.47,Paid
15085,15085,2024-10-25,Mobile Pay,15.17,Paid
15086,15086,2024-04-10,Card,30.09,Refunded
15087,15087,2024-02-06,Mobile Pay,24.58,Paid
15088,15088,2024-10-25,Card,8.69,Paid
15089,15089,2024-03-14,Card,26.58,Paid
15090,15090,2024-08-11,Mobile Pay,28.83,Paid
15091,15091,2024-04-30,Mobile Pay,18.32,Paid
15092,15092,2024-12-08,Card,14.51,Refunded
15093,15093,2024-03-24,Cash,22.90,Paid
15094,15094,2024-01-12,Cash,28.97,Refunded
15095,15095,2024-02-20,Cash,21.40,Paid
15096,15096,2024-09-20,Mobile Pay,16.24,Paid
15097,15097,2024-10-23,Cash,22.48,Paid
15098,15098,2024-03-05,Cash,21.00,Paid
15099,15099,2024-07-03,Cash,8.25,Paid
15100,15100,2024-10-07,Mobile Pay,12.63,Paid
15101,15101,2024-10-08,Cash,26.16,Paid
15102,15102,2024-06-29,Mobile Pay,21.25,Paid
15103,15103,2024-10-30,Mobile Pay,15.54,Paid
15104,15104,2024-03-07,Card,40.18,Refunded
15105,15105,2024-10-08,Card,13.80,Paid
15106,15106,2024-06-12,Card,32.53,Paid
15107,15107,2024-08-25,Mobile Pay,20.71,Refunded
15108,15108,2024-03-30,Card,19.93,Paid
15109,15109,2024-12-03,Cash,25.57,Paid
15110,15110,2024-02-26,Cash,15.78,Paid
15111,15111,2024-08-29,Cash,26.88,Paid
15112,15112,2024-03-08,Mobile Pay,23.01,Refunded
15113,15113,2024-04-25,Cash,29.34,Paid
15114,15114,2024-01-31,Cash,23.92,Paid
15115,15115,2024-02-06,Cash,14.77,Paid
15116,15116,2024-02-12,Cash,65.88,Paid
15117,15117,2024-07-19,Card,56.35,Paid
15118,15118,2024-09-21,Card,54.90,Paid
15119,15119,2024-07-05,Cash,22.47,Paid
15120,15120,2024-12-16,Card,17.12,Paid
15121,15121,2024-04-09,Card,16.38,Paid
15122,15122,2024-08-05,Mobile Pay,11.60,Refunded
15123,15123,2024-06-28,Card,35.19,Paid
15124,15124,2024-07-23,Mobile Pay,10.91,Paid
15125,15125,2024-12-12,Mobile Pay,35.37,Paid
15126,15126,2024-10-09,Cash,31.56,Paid
15127,15127,2024-03-01,Cash,63.61,Paid
15128,15128,2024-01-15,Mobile Pay,40.56,Refunded
15129,15129,2024-11-29,Card,24.08,Paid
15130,15130,2024-04-28,Card,11.63,Paid
15131,15131,2024-06-18,Card,30.65,Refunded
15132,15132,2024-02-22,Mobile Pay,14.69,Refunded
15133,15133,2024-03-13,Mobile Pay,25.40,Paid
15134,15134,2024-10-06,Card,27.11,Refunded
15135,15135,2024-08-21,Card,28.27,Paid
15136,15136,2024-03-25,Mobile Pay,48.33,Paid
15137,15137,2024-05-27,Cash,27.69,Paid
15138,15138,2024-10-07,Mobile Pay,18.24,Refunded
15139,15139,2024-10-03,Mobile Pay,20.71,Paid
15140,15140,2024-09-16,Cash,21.31,Paid
15141,15141,2024-12-04,Card,33.41,Paid
15142,15142,2024-11-17,Card,13.32,Paid
15143,15143,2024-08-31,Mobile Pay,25.39,Paid
15144,15144,2024-05-03,Card,15.58,Refunded
15145,15145,2024-03-08,Mobile Pay,10.67,Paid
15146,15146,2024-10-22,Card,19.36,Refunded
15147,15147,2024-08-17,Cash,6.92,Paid
15148,15148,2024-01-16,Cash,8.52,Refunded
15149,15149,2024-04-08,Card,35.00,Refunded
15150,15150,2024-02-24,Card,13.62,Paid
15151,15151,2024-03-27,Cash,56.70,Paid
15152,15152,2024-07-25,Card,11.41,Paid
15153,15153,2024-10-11,Card,25.04,Paid
15154,15154,2024-06-12,Mobile Pay,50.52,Paid
15155,15155,2024-05-19,Card,8.91,Paid
15156,15156,2024-03-08,Card,23.34,Paid
15157,15157,2024-08-26,Card,28.82,Paid
15158,15158,2024-12-12,Mobile Pay,22.55,Paid
15159,15159,2024-08-15,Card,32.76,Paid
15160,15160,2024-10-17,Cash,46.63,Refunded
15161,15161,2024-04-22,Card,30.70,Paid
15162,15162,2024-06-28,Mobile Pay,20.24,Paid
15163,15163,2024-02-23,Card,13.55,Paid
15164,15164,2024-08-14,Mobile Pay,22.56,Refunded
15165,15165,2024-04-11,Mobile Pay,13.60,Paid
15166,15166,2024-11-28,Cash,31.07,Paid
15167,15167,2024-11-01,Mobile Pay,22.43,Paid
15168,15168,2024-09-11,Card,22.06,Paid
15169,15169,2024-01-24,Mobile Pay,17.42,Refunded
15170,15170,2024-12-22,Card,32.23,Paid
15171,15171,2024-02-08,Cash,19.26,Paid
15172,15172,2024-02-29,Cash,30.61,Paid
15173,15173,2024-12-22,Card,8.26,Paid
15174,15174,2024-10-10,Mobile Pay,11.79,Paid
15175,15175,2024-01-04,Cash,20.62,Refunded
15176,15176,2024-03-08,Cash,19.28,Paid
15177,15177,2024-04-14,Cash,20.14,Paid
15178,15178,2024-04-30,Mobile Pay,27.16,Paid
15179,15179,2024-09-26,Mobile Pay,24.72,Paid
15180,15180,2024-10-03,Cash,16.19,Refunded
15181,15181,2024-05-31,Cash,48.09,Refunded
15182,15182,2024-03-26,Cash,21.67,Refunded
15183,15183,2024-01-24,Cash,29.09,Paid
15184,15184,2024-03-28,Mobile Pay,40.88,Refunded
15185,15185,2024-01-04,Mobile Pay,29.54,Paid
15186,15186,2024-10-15,Cash,20.64,Paid
15187,15187,2024-05-29,Card,26.25,Paid
15188,15188,2024-12-10,Cash,15.88,Paid
15189,15189,2024-10-11,Mobile Pay,52.31,Refunded
15190,15190,2024-07-21,Mobile Pay,39.64,Paid
15191,15191,2024-09-03,Cash,31.30,Paid
15192,15192,2024-06-15,Cash,28.73,Paid
15193,15193,2024-05-09,Cash,15.03,Paid
15194,15194,2024-04-18,Cash,10.26,Paid
15195,15195,2024-02-13,Mobile Pay,7.52,Paid
15196,15196,2024-10-26,Card,24.72,Paid
15197,15197,2024-02-24,Mobile Pay,24.42,Paid
15198,15198,2024-07-05,Cash,13.72,Paid
15199,15199,2024-01-16,Mobile Pay,40.85,Paid
15200,15200,2024-01-10,Mobile Pay,20.02,Refunded
15201,15201,2024-06-20,Cash,20.04,Paid
15202,15202,2024-07-22,Mobile Pay,19.64,Paid
15203,15203,2024-12-14,Cash,20.09,Paid
15204,15204,2024-09-18,Mobile Pay,26.79,Paid
15205,15205,2024-01-14,Card,37.13,Refunded
15206,15206,2024-05-02,Mobile Pay,25.76,Paid
15207,15207,2024-01-11,Card,18.79,Refunded
15208,15208,2024-01-13,Card,31.80,Paid
15209,15209,2024-04-20,Card,24.11,Paid
15210,15210,2024-09-06,Card,38.15,Paid
15211,15211,2024-12-11,Cash,15.11,Paid
15212,15212,2024-12-14,Mobile Pay,15.08,Paid
15213,15213,2024-11-18,Cash,21.00,Paid
15214,15214,2024-05-05,Cash,35.57,Refunded
15215,15215,2024-06-18,Cash,17.81,Paid
15216,15216,2024-08-08,Mobile Pay,28.47,Paid
15217,15217,2024-09-30,Mobile Pay,13.89,Paid
15218,15218,2024-03-29,Card,10.29,Paid
15219,15219,2024-08-11,Mobile Pay,18.58,Paid
15220,15220,2024-10-23,Cash,8.93,Paid
15221,15221,2024-10-24,Cash,21.89,Refunded
15222,15222,2024-01-04,Mobile Pay,34.60,Paid
15223,15223,2024-10-17,Card,55.37,Paid
15224,15224,2024-12-31,Cash,49.72,Paid
15225,15225,2024-08-24,Cash,19.81,Paid
15226,15226,2024-08-11,Card,15.02,Paid
15227,15227,2024-12-14,Cash,27.91,Paid
15228,15228,2024-11-08,Mobile Pay,22.96,Paid
15229,15229,2024-11-09,Cash,15.96,Paid
15230,15230,2024-01-22,Cash,15.22,Paid
15231,15231,2024-01-15,Mobile Pay,29.28,Paid
15232,15232,2024-05-29,Mobile Pay,21.53,Paid
15233,15233,2024-01-31,Card,22.75,Paid
15234,15234,2024-07-02,Card,23.78,Paid
15235,15235,2024-09-27,Mobile Pay,111.90,Paid
15236,15236,2024-09-19,Mobile Pay,17.71,Paid
15237,15237,2024-11-13,Cash,61.97,Refunded
15238,15238,2024-03-17,Cash,46.10,Paid
15239,15239,2024-07-16,Mobile Pay,20.07,Paid
15240,15240,2024-03-03,Mobile Pay,57.96,Refunded
15241,15241,2024-06-10,Cash,34.76,Paid
15242,15242,2024-02-25,Cash,18.14,Paid
15243,15243,2024-10-31,Card,13.95,Paid
15244,15244,2024-07-07,Card,19.21,Paid
15245,15245,2024-01-09,Mobile Pay,42.98,Paid
15246,15246,2024-05-31,Mobile Pay,11.72,Paid
15247,15247,2024-08-20,Card,58.94,Paid
15248,15248,2024-06-20,Card,22.13,Paid
15249,15249,2024-10-31,Cash,41.68,Paid
15250,15250,2024-02-06,Cash,41.36,Paid
15251,15251,2024-10-06,Cash,32.94,Paid
15252,15252,2024-10-30,Cash,10.66,Paid
15253,15253,2024-11-22,Card,8.79,Paid
15254,15254,2024-12-12,Cash,15.19,Paid
15255,15255,2024-03-13,Mobile Pay,15.76,Refunded
15256,15256,2024-09-01,Cash,12.97,Paid
15257,15257,2024-04-16,Cash,35.81,Paid
15258,15258,2024-10-14,Card,18.04,Refunded
15259,15259,2024-06-26,Mobile Pay,28.33,Refunded
15260,15260,2024-04-07,Cash,33.11,Paid
15261,15261,2024-10-27,Cash,9.03,Refunded
15262,15262,2024-04-18,Card,24.75,Refunded
15263,15263,2024-01-07,Card,27.38,Paid
15264,15264,2024-04-20,Card,9.45,Paid
15265,15265,2024-07-22,Card,9.65,Paid
15266,15266,2024-01-09,Mobile Pay,19.02,Refunded
15267,15267,2024-11-15,Card,24.18,Paid
15268,15268,2024-06-29,Mobile Pay,30.06,Paid
15269,15269,2024-06-10,Cash,17.15,Paid
15270,15270,2024-02-21,Cash,60.00,Paid
15271,15271,2024-03-28,Mobile Pay,21.07,Paid
15272,15272,2024-03-31,Cash,21.46,Paid
15273,15273,2024-09-12,Cash,12.31,Paid
15274,15274,2024-05-10,Cash,44.85,Refunded
15275,15275,2024-09-02,Cash,15.93,Paid
15276,15276,2024-04-02,Card,38.16,Paid
15277,15277,2024-08-05,Cash,38.55,Paid
15278,15278,2024-12-11,Mobile Pay,19.29,Refunded
15279,15279,2024-11-02,Mobile Pay,15.62,Refunded
15280,15280,2024-12-02,Card,10.29,Paid
15281,15281,2024-10-19,Card,48.38,Paid
15282,15282,2024-07-20,Mobile Pay,68.87,Paid
15283,15283,2024-10-28,Mobile Pay,16.50,Refunded
15284,15284,2024-02-12,Cash,21.67,Paid
15285,15285,2024-07-13,Cash,14.66,Paid
15286,15286,2024-08-18,Cash,23.14,Refunded
15287,15287,2024-04-03,Cash,16.14,Paid
15288,15288,2024-09-23,Cash,19.45,Paid
15289,15289,2024-03-20,Mobile Pay,38.58,Paid
15290,15290,2024-09-02,Mobile Pay,21.51,Paid
15291,15291,2024-03-30,Cash,11.17,Refunded
15292,15292,2024-10-28,Cash,30.56,Paid
15293,15293,2024-06-08,Mobile Pay,36.38,Paid
15294,15294,2024-04-06,Cash,54.73,Paid
15295,15295,2024-07-18,Cash,16.85,Paid
15296,15296,2024-03-25,Card,19.25,Paid
15297,15297,2024-06-19,Mobile Pay,45.53,Paid
15298,15298,2024-01-16,Card,23.24,Refunded
15299,15299,2024-06-20,Cash,38.86,Paid
15300,15300,2024-09-01,Card,28.49,Paid
15301,15301,2024-09-22,Mobile Pay,34.53,Refunded
15302,15302,2024-07-19,Cash,30.63,Paid
15303,15303,2024-04-13,Cash,25.11,Paid
15304,15304,2024-08-06,Mobile Pay,32.51,Paid
15305,15305,2024-07-09,Mobile Pay,50.94,Paid
15306,15306,2024-10-31,Card,45.98,Refunded
15307,15307,2024-04-30,Card,18.40,Paid
15308,15308,2024-04-11,Cash,27.98,Paid
15309,15309,2024-03-02,Cash,29.72,Paid
15310,15310,2024-07-25,Mobile Pay,26.88,Paid
15311,15311,2024-07-19,Cash,21.47,Paid
15312,15312,2024-10-20,Cash,19.86,Paid
15313,15313,2024-01-07,Cash,14.75,Paid
15314,15314,2024-08-02,Mobile Pay,33.72,Paid
15315,15315,2024-05-02,Cash,14.73,Paid
15316,15316,2024-02-16,Mobile Pay,23.89,Paid
15317,15317,2024-12-20,Card,12.96,Paid
15318,15318,2024-01-16,Mobile Pay,35.02,Paid
15319,15319,2024-04-07,Cash,12.30,Paid
15320,15320,2024-04-16,Mobile Pay,31.32,Paid
15321,15321,2024-06-27,Card,76.27,Paid
15322,15322,2024-08-27,Card,28.71,Paid
15323,15323,2024-09-18,Cash,18.10,Paid
15324,15324,2024-09-23,Card,8.69,Paid
15325,15325,2024-08-14,Cash,43.46,Refunded
15326,15326,2024-02-19,Cash,30.98,Refunded
15327,15327,2024-12-08,Mobile Pay,17.12,Paid
15328,15328,2024-02-15,Mobile Pay,59.72,Refunded
15329,15329,2024-09-14,Mobile Pay,20.70,Paid
15330,15330,2024-11-17,Card,55.21,Refunded
15331,15331,2024-03-17,Mobile Pay,22.96,Paid
15332,15332,2024-06-08,Card,30.58,Paid
15333,15333,2024-09-10,Card,34.58,Refunded
15334,15334,2024-11-21,Cash,19.63,Paid
15335,15335,2024-04-05,Mobile Pay,44.88,Refunded
15336,15336,2024-05-23,Mobile Pay,20.62,Refunded
15337,15337,2024-04-24,Cash,23.98,Paid
15338,15338,2024-02-28,Cash,29.17,Paid
15339,15339,2024-09-19,Mobile Pay,27.77,Paid
15340,15340,2024-09-07,Mobile Pay,18.88,Paid
15341,15341,2024-11-09,Card,30.12,Paid
15342,15342,2024-11-13,Mobile Pay,22.24,Paid
15343,15343,2024-12-15,Mobile Pay,31.01,Refunded
15344,15344,2024-07-19,Cash,36.43,Paid
15345,15345,2024-12-07,Card,14.65,Paid
15346,15346,2024-12-31,Card,30.08,Paid
15347,15347,2024-01-17,Card,5.13,Paid
15348,15348,2024-04-29,Mobile Pay,18.34,Paid
15349,15349,2024-11-17,Cash,36.95,Refunded
15350,15350,2024-11-14,Mobile Pay,31.14,Paid
15351,15351,2024-08-15,Cash,16.90,Paid
15352,15352,2024-04-01,Card,18.72,Refunded
15353,15353,2024-11-02,Cash,25.19,Refunded
15354,15354,2024-06-27,Card,33.76,Paid
15355,15355,2024-02-07,Card,23.34,Paid
15356,15356,2024-01-19,Mobile Pay,61.27,Paid
15357,15357,2024-02-27,Cash,27.84,Paid
15358,15358,2024-10-05,Mobile Pay,22.21,Paid
15359,15359,2024-02-22,Mobile Pay,18.58,Paid
15360,15360,2024-04-21,Card,77.26,Paid
15361,15361,2024-07-13,Card,14.45,Paid
15362,15362,2024-12-18,Card,7.68,Paid
15363,15363,2024-03-15,Card,18.97,Paid
15364,15364,2024-05-30,Mobile Pay,18.20,Paid
15365,15365,2024-05-16,Mobile Pay,70.27,Paid
15366,15366,2024-05-21,Mobile Pay,29.36,Paid
15367,15367,2024-11-06,Cash,21.66,Refunded
15368,15368,2024-10-29,Cash,28.84,Paid
15369,15369,2024-11-29,Card,16.66,Paid
15370,15370,2024-06-12,Cash,41.94,Paid
15371,15371,2024-08-31,Card,15.17,Refunded
15372,15372,2024-02-09,Cash,21.74,Paid
15373,15373,2024-07-09,Mobile Pay,31.49,Paid
15374,15374,2024-12-08,Mobile Pay,39.61,Refunded
15375,15375,2024-12-10,Cash,13.27,Paid
15376,15376,2024-06-06,Cash,23.16,Paid
15377,15377,2024-10-26,Cash,25.06,Refunded
15378,15378,2024-09-16,Mobile Pay,41.88,Refunded
15379,15379,2024-01-19,Mobile Pay,16.42,Paid
15380,15380,2024-08-25,Cash,47.55,Paid
15381,15381,2024-01-29,Cash,18.77,Paid
15382,15382,2024-02-26,Mobile Pay,43.34,Paid
15383,15383,2024-10-18,Cash,17.75,Paid
15384,15384,2024-05-09,Mobile Pay,24.22,Paid
15385,15385,2024-01-22,Cash,21.18,Paid
15386,15386,2024-06-12,Card,14.87,Paid
15387,15387,2024-12-13,Card,31.57,Paid
15388,15388,2024-05-02,Mobile Pay,15.04,Paid
15389,15389,2024-06-28,Card,9.89,Refunded
15390,15390,2024-04-27,Cash,18.18,Paid
15391,15391,2024-05-03,Mobile Pay,11.79,Refunded
15392,15392,2024-04-04,Mobile Pay,58.54,Paid
15393,15393,2024-04-04,Cash,14.89,Paid
15394,15394,2024-12-04,Cash,23.82,Paid
15395,15395,2024-06-04,Cash,104.14,Paid
15396,15396,2024-05-25,Mobile Pay,9.22,Paid
15397,15397,2024-12-27,Mobile Pay,28.78,Paid
15398,15398,2024-04-09,Cash,24.78,Refunded
15399,15399,2024-02-17,Mobile Pay,28.06,Paid
15400,15400,2024-01-23,Mobile Pay,16.10,Paid
15401,15401,2024-01-19,Mobile Pay,21.43,Paid
15402,15402,2024-04-11,Mobile Pay,20.30,Paid
15403,15403,2024-08-14,Cash,68.73,Paid
15404,15404,2024-07-19,Cash,66.13,Paid
15405,15405,2024-12-18,Cash,32.73,Paid
15406,15406,2024-01-07,Mobile Pay,69.03,Paid
15407,15407,2024-09-18,Mobile Pay,20.62,Paid
15408,15408,2024-07-08,Mobile Pay,32.42,Paid
15409,15409,2024-09-13,Cash,37.19,Paid
15410,15410,2024-06-04,Card,26.51,Refunded
15411,15411,2024-10-03,Mobile Pay,18.36,Paid
15412,15412,2024-08-22,Mobile Pay,20.12,Paid
15413,15413,2024-08-21,Card,36.40,Refunded
15414,15414,2024-12-10,Cash,22.28,Refunded
15415,15415,2024-09-14,Card,24.36,Paid
15416,15416,2024-07-12,Mobile Pay,65.71,Paid
15417,15417,2024-04-27,Mobile Pay,26.26,Refunded
15418,15418,2024-03-01,Cash,45.94,Paid
15419,15419,2024-01-06,Cash,24.11,Paid
15420,15420,2024-03-16,Cash,23.22,Refunded
15421,15421,2024-08-31,Cash,43.57,Paid
15422,15422,2024-07-02,Card,51.99,Paid
15423,15423,2024-01-08,Cash,11.42,Paid
15424,15424,2024-08-01,Mobile Pay,7.28,Paid
15425,15425,2024-06-30,Card,39.07,Paid
15426,15426,2024-04-29,Cash,31.41,Paid
15427,15427,2024-09-02,Card,15.21,Paid
15428,15428,2024-07-24,Cash,42.04,Paid
15429,15429,2024-07-07,Cash,18.90,Paid
15430,15430,2024-06-19,Card,16.28,Paid
15431,15431,2024-11-23,Mobile Pay,14.89,Paid
15432,15432,2024-03-12,Mobile Pay,30.40,Paid
15433,15433,2024-02-25,Mobile Pay,16.84,Paid
15434,15434,2024-09-09,Cash,18.50,Paid
15435,15435,2024-12-13,Cash,81.37,Paid
15436,15436,2024-12-31,Mobile Pay,27.00,Paid
15437,15437,2024-04-19,Card,18.59,Paid
15438,15438,2024-09-02,Mobile Pay,14.28,Paid
15439,15439,2024-03-09,Mobile Pay,6.28,Paid
15440,15440,2024-10-10,Card,31.65,Refunded
15441,15441,2024-12-27,Cash,24.92,Paid
15442,15442,2024-07-22,Mobile Pay,22.42,Paid
15443,15443,2024-12-24,Mobile Pay,34.55,Paid
15444,15444,2024-01-15,Card,6.16,Refunded
15445,15445,2024-05-10,Card,81.50,Paid
15446,15446,2024-09-28,Card,35.74,Paid
15447,15447,2024-10-07,Cash,64.44,Paid
15448,15448,2024-11-02,Mobile Pay,16.86,Paid
15449,15449,2024-09-01,Mobile Pay,25.12,Paid
15450,15450,2024-05-20,Cash,31.71,Paid
15451,15451,2024-03-19,Cash,11.90,Paid
15452,15452,2024-06-13,Cash,22.05,Refunded
15453,15453,2024-10-01,Card,22.91,Paid
15454,15454,2024-01-24,Cash,23.17,Paid
15455,15455,2024-09-16,Cash,37.85,Paid
15456,15456,2024-11-15,Mobile Pay,11.36,Refunded
15457,15457,2024-08-31,Cash,47.12,Paid
15458,15458,2024-03-20,Cash,25.34,Paid
15459,15459,2024-12-03,Cash,20.48,Paid
15460,15460,2024-04-14,Cash,19.10,Paid
15461,15461,2024-05-01,Mobile Pay,22.37,Refunded
15462,15462,2024-09-13,Card,42.07,Paid
15463,15463,2024-12-23,Cash,36.52,Paid
15464,15464,2024-10-27,Cash,27.64,Refunded
15465,15465,2024-04-30,Mobile Pay,28.88,Paid
15466,15466,2024-06-09,Card,24.47,Paid
15467,15467,2024-01-04,Mobile Pay,25.57,Paid
15468,15468,2024-02-22,Cash,7.87,Paid
15469,15469,2024-04-12,Mobile Pay,15.78,Paid
15470,15470,2024-10-22,Cash,35.84,Paid
15471,15471,2024-11-02,Card,42.47,Refunded
15472,15472,2024-07-11,Cash,18.69,Paid
15473,15473,2024-03-09,Mobile Pay,18.15,Refunded
15474,15474,2024-06-12,Cash,47.01,Paid
15475,15475,2024-08-01,Card,29.58,Refunded
15476,15476,2024-02-28,Card,24.54,Paid
15477,15477,2024-11-21,Cash,42.23,Refunded
15478,15478,2024-06-01,Card,21.07,Paid
15479,15479,2024-04-08,Card,29.99,Paid
15480,15480,2024-05-08,Card,43.38,Paid
15481,15481,2024-11-13,Cash,31.87,Refunded
15482,15482,2024-05-25,Card,46.33,Refunded
15483,15483,2024-04-09,Cash,30.81,Paid
15484,15484,2024-08-06,Mobile Pay,11.60,Paid
15485,15485,2024-07-02,Card,36.19,Paid
15486,15486,2024-05-15,Card,15.62,Paid
15487,15487,2024-09-06,Cash,22.45,Paid
15488,15488,2024-04-20,Mobile Pay,17.86,Paid
15489,15489,2024-02-06,Cash,7.41,Refunded
15490,15490,2024-07-13,Card,50.91,Paid
15491,15491,2024-09-28,Cash,23.21,Paid
15492,15492,2024-10-31,Mobile Pay,27.67,Paid
15493,15493,2024-02-23,Card,29.50,Paid
15494,15494,2024-08-15,Cash,14.38,Paid
15495,15495,2024-01-07,Cash,23.57,Refunded
15496,15496,2024-12-28,Cash,22.87,Refunded
15497,15497,2024-10-01,Card,26.89,Paid
15498,15498,2024-08-29,Mobile Pay,44.87,Paid
15499,15499,2024-11-21,Mobile Pay,16.14,Refunded
15500,15500,2024-08-29,Card,13.48,Paid
15501,15501,2024-11-29,Card,29.27,Paid
15502,15502,2024-01-18,Mobile Pay,28.99,Paid
15503,15503,2024-06-18,Cash,10.51,Paid
15504,15504,2024-03-25,Cash,26.61,Refunded
15505,15505,2024-09-04,Cash,21.33,Paid
15506,15506,2024-10-25,Mobile Pay,32.67,Paid
15507,15507,2024-05-26,Card,55.14,Paid
15508,15508,2024-01-16,Cash,31.45,Paid
15509,15509,2024-01-18,Card,19.29,Paid
15510,15510,2024-05-08,Card,9.61,Paid
15511,15511,2024-06-19,Cash,16.96,Paid
15512,15512,2024-09-14,Mobile Pay,79.06,Paid
15513,15513,2024-02-09,Cash,14.91,Paid
15514,15514,2024-06-06,Card,35.98,Refunded
15515,15515,2024-04-24,Card,23.07,Paid
15516,15516,2024-09-25,Card,53.94,Refunded
15517,15517,2024-04-30,Mobile Pay,15.28,Refunded
15518,15518,2024-12-24,Mobile Pay,11.52,Paid
15519,15519,2024-11-06,Mobile Pay,32.42,Paid
15520,15520,2024-08-26,Card,64.85,Paid
15521,15521,2024-11-14,Mobile Pay,39.62,Paid
15522,15522,2024-10-14,Mobile Pay,19.16,Refunded
15523,15523,2024-11-05,Cash,17.47,Paid
15524,15524,2024-12-25,Cash,20.00,Paid
15525,15525,2024-08-01,Cash,51.02,Paid
15526,15526,2024-04-28,Mobile Pay,29.29,Paid
15527,15527,2024-05-09,Card,26.31,Paid
15528,15528,2024-12-26,Card,14.62,Paid
15529,15529,2024-03-27,Cash,21.22,Paid
15530,15530,2024-07-19,Cash,28.17,Paid
15531,15531,2024-07-06,Mobile Pay,59.27,Paid
15532,15532,2024-09-13,Mobile Pay,39.66,Paid
15533,15533,2024-05-23,Mobile Pay,27.20,Refunded
15534,15534,2024-04-28,Cash,52.07,Paid
15535,15535,2024-04-28,Mobile Pay,16.75,Refunded
15536,15536,2024-05-18,Cash,30.56,Paid
15537,15537,2024-08-09,Cash,48.97,Paid
15538,15538,2024-01-09,Mobile Pay,36.54,Paid
15539,15539,2024-06-11,Card,28.67,Paid
15540,15540,2024-10-11,Cash,48.49,Paid
15541,15541,2024-09-09,Card,54.08,Paid
15542,15542,2024-08-15,Card,22.47,Refunded
15543,15543,2024-07-16,Cash,20.76,Paid
15544,15544,2024-12-19,Mobile Pay,57.06,Paid
15545,15545,2024-06-25,Mobile Pay,32.32,Paid
15546,15546,2024-03-16,Cash,18.95,Paid
15547,15547,2024-03-16,Cash,13.71,Paid
15548,15548,2024-08-07,Card,26.15,Paid
15549,15549,2024-02-19,Mobile Pay,23.28,Refunded
15550,15550,2024-09-12,Card,10.37,Paid
15551,15551,2024-04-09,Cash,13.31,Paid
15552,15552,2024-09-23,Card,6.57,Refunded
15553,15553,2024-04-22,Mobile Pay,17.39,Paid
15554,15554,2024-01-28,Mobile Pay,32.30,Paid
15555,15555,2024-06-04,Mobile Pay,27.11,Paid
15556,15556,2024-07-19,Cash,13.75,Refunded
15557,15557,2024-05-13,Mobile Pay,20.84,Paid
15558,15558,2024-10-22,Cash,60.72,Paid
15559,15559,2024-09-01,Cash,41.51,Refunded
15560,15560,2024-02-06,Card,69.98,Paid
15561,15561,2024-02-23,Mobile Pay,21.01,Paid
15562,15562,2024-01-15,Card,15.47,Paid
15563,15563,2024-02-14,Mobile Pay,24.29,Paid
15564,15564,2024-03-23,Card,32.21,Paid
15565,15565,2024-08-26,Mobile Pay,34.95,Paid
15566,15566,2024-05-23,Cash,10.03,Paid
15567,15567,2024-07-02,Card,9.16,Paid
15568,15568,2024-06-30,Cash,46.34,Paid
15569,15569,2024-04-28,Card,10.75,Refunded
15570,15570,2024-02-19,Cash,12.22,Refunded
15571,15571,2024-10-23,Card,32.91,Paid
15572,15572,2024-09-29,Cash,22.54,Refunded
15573,15573,2024-08-29,Card,18.35,Paid
15574,15574,2024-04-02,Mobile Pay,35.70,Refunded
15575,15575,2024-09-17,Cash,15.81,Paid
15576,15576,2024-07-26,Card,21.64,Paid
15577,15577,2024-06-09,Mobile Pay,15.96,Paid
15578,15578,2024-07-17,Card,23.27,Paid
15579,15579,2024-03-24,Card,42.34,Paid
15580,15580,2024-12-05,Cash,27.37,Paid
15581,15581,2024-09-12,Mobile Pay,25.84,Refunded
15582,15582,2024-12-16,Mobile Pay,20.25,Paid
15583,15583,2024-02-01,Card,18.18,Paid
15584,15584,2024-12-17,Cash,10.47,Refunded
15585,15585,2024-01-30,Mobile Pay,12.47,Refunded
15586,15586,2024-06-20,Cash,20.78,Paid
15587,15587,2024-03-17,Mobile Pay,28.46,Refunded
15588,15588,2024-09-01,Mobile Pay,23.76,Paid
15589,15589,2024-01-08,Card,29.29,Refunded
15590,15590,2024-02-10,Mobile Pay,27.36,Paid
15591,15591,2024-10-27,Card,23.81,Paid
15592,15592,2024-05-07,Mobile Pay,19.70,Paid
15593,15593,2024-08-01,Mobile Pay,15.12,Refunded
15594,15594,2024-10-01,Card,36.12,Paid
15595,15595,2024-06-21,Cash,24.47,Refunded
15596,15596,2024-06-24,Card,22.59,Paid
15597,15597,2024-05-21,Cash,36.07,Paid
15598,15598,2024-12-12,Mobile Pay,26.10,Refunded
15599,15599,2024-07-21,Mobile Pay,20.54,Paid
15600,15600,2024-02-09,Card,26.65,Paid
15601,15601,2025-01-02,Mobile Pay,12.03,Paid
15602,15602,2024-07-24,Mobile Pay,37.91,Paid
15603,15603,2024-01-12,Mobile Pay,19.00,Paid
15604,15604,2024-02-02,Card,63.45,Refunded
15605,15605,2024-06-18,Cash,18.88,Paid
15606,15606,2024-12-27,Card,18.44,Paid
15607,15607,2024-06-20,Card,88.94,Paid
15608,15608,2024-08-28,Mobile Pay,11.58,Paid
15609,15609,2024-12-30,Cash,39.45,Paid
15610,15610,2024-10-02,Mobile Pay,12.53,Paid
15611,15611,2024-04-26,Card,13.21,Paid
15612,15612,2024-12-24,Mobile Pay,32.53,Refunded
15613,15613,2024-09-30,Card,19.33,Paid
15614,15614,2024-09-29,Cash,13.18,Paid
15615,15615,2024-07-06,Mobile Pay,63.79,Paid
15616,15616,2024-04-12,Cash,10.15,Paid
15617,15617,2024-08-19,Cash,32.65,Paid
15618,15618,2024-04-03,Cash,44.56,Paid
15619,15619,2024-02-21,Card,23.66,Paid
15620,15620,2024-03-30,Card,21.77,Paid
15621,15621,2024-04-26,Mobile Pay,37.78,Refunded
15622,15622,2024-03-19,Mobile Pay,22.64,Paid
15623,15623,2024-05-15,Mobile Pay,12.05,Refunded
15624,15624,2024-09-09,Mobile Pay,23.72,Paid
15625,15625,2024-11-21,Cash,28.96,Paid
15626,15626,2024-05-01,Card,15.44,Paid
15627,15627,2024-06-23,Mobile Pay,24.21,Paid
15628,15628,2024-03-20,Mobile Pay,22.85,Paid
15629,15629,2024-08-26,Mobile Pay,32.96,Paid
15630,15630,2024-06-02,Mobile Pay,19.22,Paid
15631,15631,2024-12-23,Cash,41.45,Paid
15632,15632,2024-12-24,Mobile Pay,21.65,Paid
15633,15633,2024-05-26,Cash,25.00,Paid
15634,15634,2024-03-07,Cash,30.37,Paid
15635,15635,2024-05-02,Mobile Pay,75.14,Refunded
15636,15636,2025-01-01,Card,51.12,Paid
15637,15637,2024-02-17,Cash,36.55,Paid
15638,15638,2024-09-22,Cash,19.33,Refunded
15639,15639,2024-07-15,Card,16.69,Paid
15640,15640,2024-02-17,Cash,49.46,Paid
15641,15641,2024-02-02,Cash,12.72,Paid
15642,15642,2024-02-05,Card,20.31,Refunded
15643,15643,2024-07-09,Cash,56.52,Paid
15644,15644,2024-05-30,Card,23.79,Refunded
15645,15645,2024-12-16,Cash,19.08,Paid
15646,15646,2024-07-29,Card,24.81,Paid
15647,15647,2024-12-21,Mobile Pay,44.40,Paid
15648,15648,2024-07-10,Cash,13.54,Paid
15649,15649,2024-03-31,Cash,34.94,Paid
15650,15650,2024-08-04,Card,17.96,Refunded
15651,15651,2024-07-16,Mobile Pay,33.52,Paid
15652,15652,2024-05-31,Card,19.05,Paid
15653,15653,2024-09-23,Cash,17.41,Refunded
15654,15654,2024-11-20,Mobile Pay,71.20,Paid
15655,15655,2024-01-20,Mobile Pay,35.24,Paid
15656,15656,2024-01-04,Cash,29.57,Paid
15657,15657,2024-02-09,Card,24.59,Paid
15658,15658,2024-09-03,Card,23.89,Paid
15659,15659,2024-11-10,Cash,28.00,Paid
15660,15660,2024-11-22,Mobile Pay,23.36,Paid
15661,15661,2024-08-09,Card,32.66,Paid
15662,15662,2024-04-23,Cash,22.06,Paid
15663,15663,2024-03-10,Mobile Pay,25.50,Paid
15664,15664,2024-03-28,Mobile Pay,11.95,Paid
15665,15665,2024-09-05,Card,25.72,Paid
15666,15666,2024-12-28,Cash,30.14,Paid
15667,15667,2024-08-19,Cash,27.75,Paid
15668,15668,2024-11-03,Card,29.45,Paid
15669,15669,2024-02-18,Card,15.59,Paid
15670,15670,2024-08-17,Mobile Pay,10.76,Paid
15671,15671,2024-08-24,Cash,17.40,Paid
15672,15672,2024-07-10,Card,47.89,Paid
15673,15673,2024-10-15,Card,8.52,Paid
15674,15674,2024-08-15,Cash,37.54,Paid
15675,15675,2024-11-01,Cash,21.77,Paid
15676,15676,2024-08-12,Card,14.68,Refunded
15677,15677,2024-05-20,Card,33.68,Paid
15678,15678,2024-12-01,Cash,28.74,Paid
15679,15679,2024-11-04,Cash,32.84,Paid
15680,15680,2024-02-24,Mobile Pay,16.03,Paid
15681,15681,2024-10-17,Card,19.50,Paid
15682,15682,2024-01-11,Mobile Pay,19.62,Paid
15683,15683,2024-05-28,Mobile Pay,24.86,Paid
15684,15684,2024-03-30,Cash,24.16,Refunded
15685,15685,2024-12-27,Cash,25.32,Paid
15686,15686,2024-03-19,Mobile Pay,17.14,Paid
15687,15687,2024-03-22,Cash,60.88,Paid
15688,15688,2024-08-29,Mobile Pay,15.28,Paid
15689,15689,2024-08-31,Card,38.15,Paid
15690,15690,2024-05-24,Mobile Pay,30.60,Paid
15691,15691,2024-01-22,Card,35.87,Paid
15692,15692,2024-02-20,Cash,28.90,Paid
15693,15693,2024-05-01,Cash,26.94,Paid
15694,15694,2024-11-11,Card,16.61,Refunded
15695,15695,2024-06-17,Cash,12.85,Refunded
15696,15696,2024-12-10,Mobile Pay,34.30,Paid
15697,15697,2024-12-04,Card,22.15,Paid
15698,15698,2024-05-08,Card,13.06,Paid
15699,15699,2024-12-23,Mobile Pay,15.13,Paid
15700,15700,2024-08-07,Cash,39.24,Paid
15701,15701,2024-07-05,Mobile Pay,27.08,Paid
15702,15702,2024-05-12,Card,28.13,Paid
15703,15703,2024-07-20,Mobile Pay,92.18,Paid
15704,15704,2024-05-16,Card,43.59,Paid
15705,15705,2024-01-20,Card,19.77,Paid
15706,15706,2024-06-19,Cash,19.24,Refunded
15707,15707,2024-03-14,Cash,34.61,Paid
15708,15708,2024-09-06,Cash,19.61,Paid
15709,15709,2024-06-14,Cash,13.91,Refunded
15710,15710,2024-06-05,Mobile Pay,27.49,Paid
15711,15711,2024-02-27,Card,15.16,Refunded
15712,15712,2024-08-01,Card,24.14,Paid
15713,15713,2024-06-18,Mobile Pay,26.48,Paid
15714,15714,2024-09-15,Mobile Pay,32.43,Refunded
15715,15715,2024-01-20,Card,22.49,Paid
15716,15716,2024-01-25,Card,53.19,Paid
15717,15717,2024-01-18,Cash,13.08,Paid
15718,15718,2024-07-14,Card,14.58,Paid
15719,15719,2024-01-05,Cash,30.06,Paid
15720,15720,2024-01-22,Cash,13.23,Paid
15721,15721,2024-09-21,Cash,25.09,Paid
15722,15722,2024-01-22,Card,25.76,Paid
15723,15723,2024-05-27,Card,19.44,Paid
15724,15724,2024-05-11,Card,13.50,Paid
15725,15725,2024-06-10,Mobile Pay,36.67,Refunded
15726,15726,2024-01-01,Mobile Pay,26.67,Paid
15727,15727,2024-05-04,Mobile Pay,17.21,Paid
15728,15728,2024-11-10,Card,46.01,Paid
15729,15729,2024-02-19,Card,50.18,Paid
15730,15730,2024-06-23,Card,10.78,Paid
15731,15731,2024-05-26,Card,22.59,Paid
15732,15732,2024-09-04,Mobile Pay,20.63,Paid
15733,15733,2024-08-03,Mobile Pay,26.23,Paid
15734,15734,2024-07-07,Cash,35.82,Paid
15735,15735,2024-09-02,Cash,32.33,Paid
15736,15736,2024-04-13,Cash,17.99,Paid
15737,15737,2024-06-22,Mobile Pay,9.87,Paid
15738,15738,2024-10-27,Mobile Pay,26.61,Refunded
15739,15739,2024-01-22,Cash,10.24,Refunded
15740,15740,2024-05-18,Card,10.64,Refunded
15741,15741,2024-09-20,Mobile Pay,26.74,Paid
15742,15742,2024-02-02,Mobile Pay,80.44,Paid
15743,15743,2024-10-07,Mobile Pay,18.80,Paid
15744,15744,2024-11-23,Mobile Pay,29.22,Paid
15745,15745,2024-07-15,Cash,38.57,Paid
15746,15746,2024-11-09,Cash,73.58,Paid
15747,15747,2024-10-22,Cash,16.76,Refunded
15748,15748,2024-09-24,Cash,28.46,Refunded
15749,15749,2024-11-26,Mobile Pay,24.87,Paid
15750,15750,2024-12-13,Cash,10.14,Paid
15751,15751,2024-11-06,Card,18.12,Paid
15752,15752,2024-01-29,Cash,12.25,Paid
15753,15753,2024-01-29,Cash,47.52,Paid
15754,15754,2024-05-22,Cash,15.35,Refunded
15755,15755,2024-06-04,Cash,20.79,Refunded
15756,15756,2024-02-23,Mobile Pay,22.53,Paid
15757,15757,2024-03-30,Cash,39.20,Paid
15758,15758,2024-12-01,Card,23.37,Paid
15759,15759,2024-10-11,Mobile Pay,51.98,Paid
15760,15760,2024-12-19,Card,32.91,Paid
15761,15761,2024-01-22,Cash,28.94,Paid
15762,15762,2024-08-04,Card,13.45,Paid
15763,15763,2024-02-24,Card,16.41,Paid
15764,15764,2024-03-07,Cash,23.00,Paid
15765,15765,2024-08-07,Card,23.20,Paid
15766,15766,2024-01-13,Card,21.50,Paid
15767,15767,2024-04-20,Mobile Pay,54.87,Refunded
15768,15768,2024-07-03,Cash,24.22,Paid
15769,15769,2024-04-01,Mobile Pay,19.59,Paid
15770,15770,2024-11-04,Card,64.44,Paid
15771,15771,2024-02-02,Mobile Pay,17.34,Paid
15772,15772,2024-12-27,Mobile Pay,24.83,Refunded
15773,15773,2024-04-26,Card,30.78,Paid
15774,15774,2024-11-07,Cash,12.83,Paid
15775,15775,2024-02-26,Mobile Pay,15.62,Paid
15776,15776,2024-04-03,Mobile Pay,23.41,Paid
15777,15777,2024-09-04,Card,19.92,Refunded
15778,15778,2024-04-03,Card,14.58,Paid
15779,15779,2024-08-30,Mobile Pay,19.96,Paid
15780,15780,2024-09-21,Cash,65.07,Paid
15781,15781,2024-11-02,Mobile Pay,26.23,Paid
15782,15782,2024-02-24,Cash,26.82,Paid
15783,15783,2024-08-27,Cash,16.42,Paid
15784,15784,2024-02-09,Cash,52.62,Paid
15785,15785,2024-09-02,Cash,22.98,Paid
15786,15786,2024-09-15,Mobile Pay,32.63,Paid
15787,15787,2024-08-29,Cash,26.18,Paid
15788,15788,2024-02-28,Cash,18.14,Refunded
15789,15789,2024-12-02,Mobile Pay,66.18,Paid
15790,15790,2024-12-23,Mobile Pay,15.17,Paid
15791,15791,2024-05-23,Mobile Pay,30.90,Paid
15792,15792,2024-12-14,Card,14.01,Paid
15793,15793,2024-02-10,Mobile Pay,8.83,Paid
15794,15794,2024-03-07,Card,15.40,Paid
15795,15795,2024-10-26,Mobile Pay,48.91,Paid
15796,15796,2024-08-02,Cash,36.15,Paid
15797,15797,2024-02-04,Card,44.12,Paid
15798,15798,2024-08-04,Cash,27.17,Paid
15799,15799,2024-02-04,Mobile Pay,40.48,Paid
15800,15800,2024-08-11,Mobile Pay,22.19,Paid
15801,15801,2024-06-26,Cash,6.00,Refunded
15802,15802,2024-10-13,Mobile Pay,17.99,Paid
15803,15803,2024-10-22,Mobile Pay,31.18,Paid
15804,15804,2024-12-22,Card,20.24,Paid
15805,15805,2024-05-10,Cash,40.64,Paid
15806,15806,2024-09-03,Mobile Pay,33.98,Refunded
15807,15807,2024-09-13,Cash,35.04,Paid
15808,15808,2024-04-13,Card,17.23,Paid
15809,15809,2024-05-11,Mobile Pay,30.56,Paid
15810,15810,2024-04-19,Cash,32.08,Paid
15811,15811,2024-02-17,Cash,31.54,Paid
15812,15812,2024-07-08,Card,12.78,Paid
15813,15813,2024-03-20,Card,38.45,Paid
15814,15814,2024-12-16,Card,40.28,Paid
15815,15815,2024-11-20,Card,50.78,Paid
15816,15816,2024-04-09,Cash,22.79,Paid
15817,15817,2024-08-04,Cash,20.46,Refunded
15818,15818,2024-09-07,Mobile Pay,5.93,Paid
15819,15819,2024-11-29,Card,45.22,Refunded
15820,15820,2024-07-26,Cash,13.74,Refunded
15821,15821,2024-09-05,Card,13.13,Paid
15822,15822,2024-04-06,Cash,21.13,Paid
15823,15823,2024-07-21,Card,20.13,Paid
15824,15824,2024-07-07,Card,16.13,Paid
15825,15825,2024-11-02,Mobile Pay,44.47,Refunded
15826,15826,2024-01-02,Mobile Pay,27.07,Paid
15827,15827,2024-03-16,Card,30.48,Paid
15828,15828,2024-10-06,Card,61.33,Paid
15829,15829,2024-06-14,Cash,48.22,Paid
15830,15830,2024-03-22,Card,11.88,Paid
15831,15831,2024-11-27,Cash,10.60,Paid
15832,15832,2024-11-02,Cash,26.74,Paid
15833,15833,2024-08-03,Card,13.16,Refunded
15834,15834,2024-10-08,Mobile Pay,18.54,Paid
15835,15835,2024-01-16,Card,13.20,Paid
15836,15836,2024-11-14,Cash,74.05,Paid
15837,15837,2024-12-17,Cash,18.14,Paid
15838,15838,2024-09-30,Mobile Pay,48.09,Paid
15839,15839,2024-11-10,Card,50.99,Paid
15840,15840,2024-04-28,Mobile Pay,91.55,Paid
15841,15841,2024-02-22,Cash,15.01,Refunded
15842,15842,2024-11-11,Card,17.10,Paid
15843,15843,2024-05-19,Mobile Pay,12.32,Paid
15844,15844,2024-05-13,Card,16.06,Paid
15845,15845,2024-07-28,Mobile Pay,20.39,Paid
15846,15846,2024-08-04,Card,27.10,Paid
15847,15847,2024-03-27,Mobile Pay,69.75,Refunded
15848,15848,2024-12-10,Card,19.45,Paid
15849,15849,2024-01-21,Cash,32.07,Refunded
15850,15850,2024-12-21,Mobile Pay,29.29,Paid
15851,15851,2024-08-08,Card,26.57,Paid
15852,15852,2024-07-09,Mobile Pay,52.86,Paid
15853,15853,2024-01-15,Mobile Pay,29.31,Paid
15854,15854,2024-02-06,Card,43.25,Paid
15855,15855,2024-03-07,Card,12.87,Paid
15856,15856,2024-04-15,Cash,20.84,Paid
15857,15857,2024-12-21,Card,22.62,Paid
15858,15858,2024-11-19,Mobile Pay,40.82,Refunded
15859,15859,2024-12-26,Mobile Pay,24.51,Paid
15860,15860,2024-05-06,Cash,17.96,Refunded
15861,15861,2024-04-04,Card,20.27,Paid
15862,15862,2024-10-02,Cash,13.13,Refunded
15863,15863,2024-10-29,Cash,24.66,Paid
15864,15864,2024-04-08,Card,20.84,Paid
15865,15865,2024-12-09,Mobile Pay,13.50,Refunded
15866,15866,2024-07-30,Cash,65.40,Paid
15867,15867,2024-12-13,Cash,11.89,Paid
15868,15868,2024-07-13,Card,14.29,Paid
15869,15869,2024-01-05,Cash,34.12,Paid
15870,15870,2024-06-23,Card,14.27,Refunded
15871,15871,2024-07-31,Mobile Pay,13.22,Paid
15872,15872,2024-08-07,Card,17.86,Paid
15873,15873,2024-07-09,Mobile Pay,9.96,Paid
15874,15874,2024-08-08,Mobile Pay,22.30,Paid
15875,15875,2024-10-06,Card,12.42,Paid
15876,15876,2024-06-19,Card,20.43,Paid
15877,15877,2024-12-03,Mobile Pay,27.37,Paid
15878,15878,2024-09-19,Mobile Pay,66.12,Paid
15879,15879,2024-12-24,Mobile Pay,19.32,Paid
15880,15880,2024-09-12,Mobile Pay,19.72,Paid
15881,15881,2024-03-19,Card,21.79,Paid
15882,15882,2024-01-12,Cash,24.92,Paid
15883,15883,2024-06-11,Card,16.67,Paid
15884,15884,2024-10-19,Mobile Pay,21.91,Refunded
15885,15885,2024-12-15,Mobile Pay,29.21,Paid
15886,15886,2024-01-31,Card,24.76,Paid
15887,15887,2024-05-13,Card,20.55,Paid
15888,15888,2024-10-01,Card,30.38,Paid
15889,15889,2024-05-25,Cash,33.28,Paid
15890,15890,2024-04-26,Cash,12.15,Paid
15891,15891,2024-07-21,Cash,20.97,Refunded
15892,15892,2024-09-27,Mobile Pay,31.36,Paid
15893,15893,2024-07-29,Card,27.34,Refunded
15894,15894,2024-09-18,Card,8.14,Refunded
15895,15895,2024-09-05,Card,17.08,Paid
15896,15896,2024-07-21,Card,26.41,Paid
15897,15897,2024-09-18,Cash,13.18,Paid
15898,15898,2024-12-22,Mobile Pay,60.80,Paid
15899,15899,2024-09-30,Mobile Pay,24.17,Paid
15900,15900,2024-02-11,Cash,22.98,Paid
15901,15901,2024-07-12,Card,9.88,Paid
15902,15902,2024-06-20,Cash,23.74,Paid
15903,15903,2024-02-22,Cash,24.69,Paid
15904,15904,2024-04-10,Mobile Pay,29.03,Refunded
15905,15905,2024-03-04,Mobile Pay,9.84,Paid
15906,15906,2024-07-15,Cash,17.08,Paid
15907,15907,2024-01-15,Mobile Pay,31.38,Paid
15908,15908,2024-09-12,Mobile Pay,10.93,Paid
15909,15909,2024-09-07,Mobile Pay,12.36,Paid
15910,15910,2024-06-07,Card,14.40,Paid
15911,15911,2024-06-23,Mobile Pay,53.67,Paid
15912,15912,2024-01-08,Cash,15.68,Paid
15913,15913,2024-01-08,Card,6.74,Paid
15914,15914,2024-06-20,Mobile Pay,10.51,Paid
15915,15915,2024-07-28,Mobile Pay,20.20,Paid
15916,15916,2024-03-18,Cash,21.50,Refunded
15917,15917,2024-06-11,Card,11.54,Paid
15918,15918,2024-04-26,Card,28.38,Paid
15919,15919,2024-06-07,Card,10.92,Paid
15920,15920,2024-01-18,Mobile Pay,19.97,Paid
15921,15921,2024-07-22,Cash,24.17,Paid
15922,15922,2024-11-10,Card,20.28,Paid
15923,15923,2024-08-11,Cash,20.64,Paid
15924,15924,2024-02-04,Cash,16.91,Refunded
15925,15925,2024-10-29,Card,34.75,Paid
15926,15926,2024-12-02,Cash,28.15,Paid
15927,15927,2024-05-09,Mobile Pay,28.13,Paid
15928,15928,2024-12-09,Cash,25.96,Refunded
15929,15929,2024-06-06,Cash,19.16,Refunded
15930,15930,2024-07-08,Cash,19.31,Paid
15931,15931,2024-07-25,Mobile Pay,20.61,Paid
15932,15932,2024-08-13,Card,11.06,Paid
15933,15933,2024-11-12,Mobile Pay,23.54,Paid
15934,15934,2024-04-25,Mobile Pay,33.75,Paid
15935,15935,2024-11-09,Card,27.14,Paid
15936,15936,2024-07-04,Cash,16.84,Paid
15937,15937,2024-07-21,Mobile Pay,9.91,Paid
15938,15938,2024-06-22,Mobile Pay,30.94,Paid
15939,15939,2024-08-03,Mobile Pay,20.65,Paid
15940,15940,2024-08-14,Cash,41.65,Paid
15941,15941,2024-11-17,Card,26.66,Paid
15942,15942,2024-01-11,Mobile Pay,11.18,Paid
15943,15943,2024-02-05,Cash,24.64,Paid
15944,15944,2024-12-26,Card,19.47,Paid
15945,15945,2024-03-23,Cash,48.51,Paid
15946,15946,2024-05-04,Cash,18.56,Paid
15947,15947,2024-02-01,Card,37.04,Paid
15948,15948,2024-02-20,Cash,30.65,Paid
15949,15949,2024-04-11,Cash,15.29,Paid
15950,15950,2024-03-02,Mobile Pay,14.01,Refunded
15951,15951,2024-12-15,Cash,19.35,Paid
15952,15952,2024-06-18,Cash,21.82,Paid
15953,15953,2024-03-14,Cash,16.04,Paid
15954,15954,2024-11-12,Mobile Pay,15.56,Paid
15955,15955,2024-04-13,Mobile Pay,44.30,Paid
15956,15956,2024-10-30,Cash,30.60,Paid
15957,15957,2024-05-27,Mobile Pay,54.72,Paid
15958,15958,2024-07-19,Mobile Pay,18.48,Refunded
15959,15959,2024-09-08,Mobile Pay,63.79,Paid
15960,15960,2024-12-21,Cash,18.76,Paid
15961,15961,2024-11-06,Cash,21.14,Paid
15962,15962,2024-06-30,Card,6.75,Paid
15963,15963,2024-04-11,Mobile Pay,23.26,Paid
15964,15964,2024-05-21,Card,22.06,Paid
15965,15965,2024-01-04,Cash,7.34,Paid
15966,15966,2024-12-25,Card,22.77,Paid
15967,15967,2024-06-22,Mobile Pay,31.11,Paid
15968,15968,2024-09-12,Card,16.68,Paid
15969,15969,2024-06-21,Cash,19.21,Refunded
15970,15970,2024-03-10,Mobile Pay,27.10,Paid
15971,15971,2024-09-24,Cash,25.14,Paid
15972,15972,2024-04-09,Card,23.91,Paid
15973,15973,2024-07-10,Cash,17.44,Paid
15974,15974,2024-01-10,Mobile Pay,27.40,Paid
15975,15975,2024-10-28,Mobile Pay,24.27,Paid
15976,15976,2024-06-28,Cash,31.50,Refunded
15977,15977,2024-10-17,Card,22.54,Paid
15978,15978,2024-01-05,Cash,15.13,Refunded
15979,15979,2024-03-08,Mobile Pay,9.80,Paid
15980,15980,2024-12-14,Card,15.75,Refunded
15981,15981,2024-01-15,Card,11.29,Paid
15982,15982,2024-11-01,Mobile Pay,9.78,Paid
15983,15983,2024-06-30,Mobile Pay,36.88,Paid
15984,15984,2024-10-02,Mobile Pay,42.62,Paid
15985,15985,2024-11-22,Card,52.57,Paid
15986,15986,2024-06-18,Cash,28.07,Paid
15987,15987,2024-04-08,Mobile Pay,32.96,Paid
15988,15988,2024-01-29,Card,70.58,Paid
15989,15989,2024-09-20,Cash,39.08,Paid
15990,15990,2024-11-11,Card,17.11,Paid
15991,15991,2024-06-30,Mobile Pay,27.28,Paid
15992,15992,2024-03-22,Card,64.22,Refunded
15993,15993,2024-08-07,Mobile Pay,6.11,Paid
15994,15994,2024-05-30,Mobile Pay,32.29,Paid
15995,15995,2024-12-24,Card,11.81,Paid
15996,15996,2024-02-27,Mobile Pay,28.72,Paid
15997,15997,2024-10-23,Card,75.77,Paid
15998,15998,2024-09-12,Card,18.35,Refunded
15999,15999,2024-12-19,Mobile Pay,33.59,Paid
16000,16000,2024-06-11,Mobile Pay,17.90,Paid
16001,16001,2024-05-17,Card,17.48,Refunded
16002,16002,2024-03-16,Mobile Pay,18.68,Paid
16003,16003,2024-11-14,Mobile Pay,42.92,Paid
16004,16004,2024-11-18,Cash,37.13,Paid
16005,16005,2024-07-04,Mobile Pay,37.50,Refunded
16006,16006,2024-08-19,Mobile Pay,24.32,Paid
16007,16007,2024-05-31,Mobile Pay,10.57,Refunded
16008,16008,2024-02-24,Card,50.77,Paid
16009,16009,2024-04-25,Mobile Pay,8.61,Paid
16010,16010,2024-01-24,Card,22.29,Paid
16011,16011,2024-12-13,Card,25.65,Paid
16012,16012,2024-12-11,Mobile Pay,34.18,Paid
16013,16013,2024-08-09,Card,24.87,Paid
16014,16014,2024-03-11,Cash,18.35,Paid
16015,16015,2024-02-18,Cash,14.67,Refunded
16016,16016,2024-07-15,Card,24.26,Paid
16017,16017,2024-05-01,Mobile Pay,11.81,Paid
16018,16018,2024-06-16,Cash,27.27,Paid
16019,16019,2024-08-22,Card,16.12,Refunded
16020,16020,2024-01-23,Card,37.18,Refunded
16021,16021,2024-11-16,Cash,46.79,Paid
16022,16022,2024-10-16,Card,23.72,Paid
16023,16023,2024-01-23,Cash,20.34,Paid
16024,16024,2024-01-30,Card,19.39,Paid
16025,16025,2024-02-16,Cash,25.57,Paid
16026,16026,2024-08-30,Mobile Pay,62.08,Paid
16027,16027,2024-11-02,Mobile Pay,43.62,Paid
16028,16028,2024-07-02,Mobile Pay,31.17,Paid
16029,16029,2024-01-17,Mobile Pay,21.42,Paid
16030,16030,2024-05-29,Cash,33.87,Paid
16031,16031,2024-03-02,Card,21.46,Refunded
16032,16032,2024-02-04,Mobile Pay,10.35,Refunded
16033,16033,2024-02-19,Mobile Pay,17.13,Refunded
16034,16034,2024-10-26,Card,29.20,Paid
16035,16035,2024-06-24,Mobile Pay,39.62,Refunded
16036,16036,2024-06-07,Mobile Pay,30.54,Paid
16037,16037,2024-02-07,Mobile Pay,25.30,Refunded
16038,16038,2024-07-08,Card,19.69,Paid
16039,16039,2024-08-30,Card,20.38,Paid
16040,16040,2024-01-30,Cash,13.92,Paid
16041,16041,2024-05-19,Card,26.91,Paid
16042,16042,2024-11-24,Card,16.96,Paid
16043,16043,2024-10-06,Cash,24.89,Paid
16044,16044,2024-06-19,Mobile Pay,37.12,Paid
16045,16045,2024-11-04,Mobile Pay,23.78,Refunded
16046,16046,2024-05-19,Card,29.05,Refunded
16047,16047,2024-01-22,Cash,18.67,Paid
16048,16048,2024-06-09,Mobile Pay,10.76,Paid
16049,16049,2024-04-20,Cash,26.47,Paid
16050,16050,2024-06-19,Card,29.49,Paid
16051,16051,2024-10-13,Cash,19.21,Paid
16052,16052,2024-02-07,Mobile Pay,12.33,Refunded
16053,16053,2024-01-16,Cash,12.73,Paid
16054,16054,2024-12-30,Cash,19.89,Paid
16055,16055,2024-04-13,Card,9.12,Paid
16056,16056,2024-03-31,Card,84.58,Paid
16057,16057,2024-06-09,Cash,25.83,Refunded
16058,16058,2024-04-04,Mobile Pay,24.17,Paid
16059,16059,2024-06-29,Mobile Pay,13.07,Paid
16060,16060,2024-01-18,Card,13.00,Paid
16061,16061,2024-12-28,Cash,27.79,Paid
16062,16062,2024-05-01,Card,63.51,Paid
16063,16063,2024-10-14,Card,30.43,Paid
16064,16064,2024-12-03,Card,62.06,Paid
16065,16065,2024-06-28,Mobile Pay,22.52,Paid
16066,16066,2024-03-04,Mobile Pay,51.60,Paid
16067,16067,2024-06-16,Card,82.46,Paid
16068,16068,2024-07-27,Mobile Pay,25.50,Paid
16069,16069,2024-10-12,Cash,67.77,Paid
16070,16070,2024-09-08,Mobile Pay,25.82,Paid
16071,16071,2024-10-10,Cash,19.97,Paid
16072,16072,2024-03-24,Card,53.94,Paid
16073,16073,2024-06-18,Cash,25.69,Paid
16074,16074,2024-04-23,Cash,26.00,Refunded
16075,16075,2024-01-16,Mobile Pay,13.36,Paid
16076,16076,2024-05-14,Mobile Pay,10.58,Paid
16077,16077,2024-01-21,Card,23.03,Paid
16078,16078,2024-08-10,Cash,25.20,Paid
16079,16079,2024-11-11,Mobile Pay,23.60,Paid
16080,16080,2024-03-29,Mobile Pay,33.12,Paid
16081,16081,2024-06-25,Mobile Pay,23.32,Paid
16082,16082,2024-05-25,Cash,34.46,Paid
16083,16083,2024-11-30,Card,38.88,Refunded
16084,16084,2024-11-28,Card,8.93,Paid
16085,16085,2024-06-03,Mobile Pay,63.09,Refunded
16086,16086,2024-02-01,Cash,24.66,Paid
16087,16087,2024-05-02,Card,70.38,Paid
16088,16088,2024-06-17,Cash,17.27,Refunded
16089,16089,2024-04-26,Cash,35.70,Paid
16090,16090,2024-12-26,Card,30.68,Paid
16091,16091,2024-12-01,Card,30.49,Refunded
16092,16092,2024-12-22,Mobile Pay,18.48,Refunded
16093,16093,2024-01-10,Mobile Pay,14.33,Paid
16094,16094,2024-11-17,Cash,46.06,Paid
16095,16095,2024-12-30,Cash,18.41,Paid
16096,16096,2024-01-08,Cash,35.05,Paid
16097,16097,2024-06-15,Card,51.50,Paid
16098,16098,2024-12-20,Mobile Pay,10.49,Paid
16099,16099,2024-02-23,Cash,23.39,Refunded
16100,16100,2024-08-14,Card,11.89,Paid
16101,16101,2024-02-26,Mobile Pay,32.69,Paid
16102,16102,2024-05-20,Cash,44.43,Paid
16103,16103,2024-08-21,Mobile Pay,16.02,Paid
16104,16104,2024-08-08,Card,16.44,Refunded
16105,16105,2024-05-19,Card,55.56,Refunded
16106,16106,2024-11-05,Mobile Pay,27.25,Paid
16107,16107,2024-05-16,Cash,24.13,Paid
16108,16108,2024-02-25,Cash,13.71,Paid
16109,16109,2024-03-13,Mobile Pay,23.01,Paid
16110,16110,2024-01-19,Cash,52.91,Refunded
16111,16111,2024-09-21,Card,34.54,Paid
16112,16112,2024-05-11,Cash,42.57,Paid
16113,16113,2024-03-30,Card,30.44,Paid
16114,16114,2024-03-31,Mobile Pay,18.65,Paid
16115,16115,2024-01-14,Mobile Pay,12.88,Paid
16116,16116,2024-11-13,Card,20.28,Paid
16117,16117,2024-07-12,Card,11.14,Paid
16118,16118,2024-05-08,Mobile Pay,24.66,Refunded
16119,16119,2024-11-04,Mobile Pay,30.98,Refunded
16120,16120,2024-10-11,Card,29.98,Paid
16121,16121,2024-04-27,Mobile Pay,19.31,Paid
16122,16122,2024-08-22,Card,25.42,Paid
16123,16123,2024-10-14,Cash,12.57,Refunded
16124,16124,2024-01-13,Cash,18.00,Paid
16125,16125,2024-09-19,Mobile Pay,26.16,Paid
16126,16126,2024-01-17,Cash,41.60,Refunded
16127,16127,2024-08-30,Cash,23.52,Paid
16128,16128,2024-07-13,Card,34.37,Paid
16129,16129,2024-01-17,Card,27.56,Paid
16130,16130,2024-01-27,Cash,14.48,Paid
16131,16131,2024-11-03,Mobile Pay,14.42,Paid
16132,16132,2024-11-07,Mobile Pay,12.70,Paid
16133,16133,2024-04-27,Mobile Pay,28.58,Paid
16134,16134,2024-04-16,Mobile Pay,21.06,Paid
16135,16135,2024-02-28,Card,17.89,Paid
16136,16136,2024-06-06,Cash,9.89,Paid
16137,16137,2024-08-25,Card,20.82,Paid
16138,16138,2024-06-27,Cash,21.56,Refunded
16139,16139,2024-06-14,Mobile Pay,23.67,Paid
16140,16140,2024-01-22,Mobile Pay,12.92,Paid
16141,16141,2024-09-25,Mobile Pay,37.73,Paid
16142,16142,2024-06-03,Card,35.94,Paid
16143,16143,2024-05-05,Mobile Pay,29.35,Paid
16144,16144,2024-06-16,Card,13.96,Refunded
16145,16145,2024-08-28,Card,30.04,Refunded
16146,16146,2024-12-28,Card,48.61,Paid
16147,16147,2024-04-13,Cash,21.20,Refunded
16148,16148,2024-11-25,Card,12.30,Refunded
16149,16149,2024-09-06,Cash,24.29,Refunded
16150,16150,2024-06-07,Mobile Pay,20.53,Paid
16151,16151,2024-09-19,Cash,75.29,Paid
16152,16152,2024-06-01,Cash,29.60,Paid
16153,16153,2024-08-18,Mobile Pay,8.51,Paid
16154,16154,2024-09-05,Mobile Pay,18.82,Paid
16155,16155,2024-06-17,Cash,21.25,Paid
16156,16156,2024-02-21,Mobile Pay,27.42,Paid
16157,16157,2024-03-08,Mobile Pay,25.80,Paid
16158,16158,2024-10-03,Card,12.97,Paid
16159,16159,2024-08-25,Mobile Pay,20.48,Refunded
16160,16160,2024-03-23,Cash,16.93,Paid
16161,16161,2024-10-17,Cash,18.82,Paid
16162,16162,2024-06-22,Card,15.30,Refunded
16163,16163,2024-12-10,Mobile Pay,68.16,Paid
16164,16164,2024-12-10,Cash,20.04,Paid
16165,16165,2024-02-05,Cash,34.03,Paid
16166,16166,2024-05-18,Cash,78.60,Paid
16167,16167,2024-03-08,Cash,22.34,Paid
16168,16168,2024-09-21,Mobile Pay,26.14,Refunded
16169,16169,2024-07-21,Mobile Pay,29.87,Refunded
16170,16170,2024-09-06,Mobile Pay,45.00,Paid
16171,16171,2024-12-18,Cash,21.25,Refunded
16172,16172,2024-12-15,Mobile Pay,5.71,Paid
16173,16173,2024-11-07,Cash,25.62,Refunded
16174,16174,2024-03-30,Card,123.05,Paid
16175,16175,2024-02-15,Card,27.56,Paid
16176,16176,2024-12-23,Card,14.90,Refunded
16177,16177,2024-09-12,Mobile Pay,72.48,Paid
16178,16178,2024-04-23,Mobile Pay,47.75,Paid
16179,16179,2024-08-10,Card,23.38,Refunded
16180,16180,2024-06-25,Card,14.89,Paid
16181,16181,2024-06-09,Mobile Pay,49.46,Paid
16182,16182,2024-03-06,Cash,40.51,Refunded
16183,16183,2024-03-24,Cash,19.40,Paid
16184,16184,2024-10-05,Cash,20.65,Paid
16185,16185,2024-11-19,Cash,27.39,Paid
16186,16186,2024-11-17,Card,33.51,Paid
16187,16187,2024-05-15,Card,67.19,Refunded
16188,16188,2024-12-11,Mobile Pay,25.29,Paid
16189,16189,2024-09-20,Cash,77.22,Paid
16190,16190,2024-04-11,Cash,19.49,Refunded
16191,16191,2024-03-02,Mobile Pay,18.79,Paid
16192,16192,2024-05-30,Cash,30.81,Paid
16193,16193,2024-09-19,Card,13.70,Paid
16194,16194,2024-06-13,Card,14.66,Paid
16195,16195,2024-03-17,Mobile Pay,44.94,Paid
16196,16196,2024-04-27,Mobile Pay,27.79,Refunded
16197,16197,2024-06-12,Mobile Pay,55.63,Refunded
16198,16198,2024-11-15,Card,35.20,Refunded
16199,16199,2024-12-25,Card,10.42,Paid
16200,16200,2024-09-03,Mobile Pay,15.30,Paid
16201,16201,2024-02-14,Card,16.62,Paid
16202,16202,2024-12-29,Card,7.68,Refunded
16203,16203,2024-12-29,Mobile Pay,21.96,Paid
16204,16204,2024-03-13,Cash,19.37,Paid
16205,16205,2024-01-27,Mobile Pay,27.02,Refunded
16206,16206,2024-11-24,Card,22.15,Paid
16207,16207,2024-01-07,Card,60.60,Refunded
16208,16208,2024-08-11,Card,23.79,Refunded
16209,16209,2024-06-28,Card,20.71,Paid
16210,16210,2024-11-14,Card,79.57,Refunded
16211,16211,2024-09-09,Mobile Pay,30.78,Paid
16212,16212,2024-07-13,Cash,27.90,Paid
16213,16213,2024-02-24,Card,42.02,Paid
16214,16214,2024-07-27,Mobile Pay,15.64,Paid
16215,16215,2024-06-01,Mobile Pay,17.65,Paid
16216,16216,2024-08-27,Cash,12.65,Paid
16217,16217,2024-04-05,Mobile Pay,10.26,Refunded
16218,16218,2024-07-17,Card,28.13,Paid
16219,16219,2024-05-31,Cash,36.59,Paid
16220,16220,2024-04-30,Mobile Pay,12.99,Refunded
16221,16221,2024-02-16,Card,5.58,Paid
16222,16222,2024-01-16,Mobile Pay,16.73,Paid
16223,16223,2024-10-23,Mobile Pay,35.01,Refunded
16224,16224,2024-04-04,Mobile Pay,21.89,Paid
16225,16225,2024-07-29,Cash,33.40,Paid
16226,16226,2024-08-08,Card,37.24,Refunded
16227,16227,2024-05-09,Mobile Pay,25.08,Refunded
16228,16228,2024-12-27,Cash,20.00,Paid
16229,16229,2024-05-25,Mobile Pay,26.69,Paid
16230,16230,2024-06-27,Mobile Pay,32.63,Paid
16231,16231,2024-12-02,Card,16.42,Paid
16232,16232,2024-12-22,Cash,26.09,Paid
16233,16233,2024-12-15,Mobile Pay,39.50,Paid
16234,16234,2024-12-18,Cash,58.70,Paid
16235,16235,2024-01-28,Mobile Pay,25.17,Paid
16236,16236,2024-11-07,Cash,24.30,Paid
16237,16237,2024-01-31,Card,55.88,Paid
16238,16238,2024-03-06,Cash,14.42,Paid
16239,16239,2024-11-17,Card,9.78,Refunded
16240,16240,2024-06-15,Mobile Pay,25.56,Paid
16241,16241,2024-11-18,Card,30.57,Paid
16242,16242,2024-04-15,Card,28.76,Refunded
16243,16243,2024-06-17,Mobile Pay,12.21,Paid
16244,16244,2024-07-14,Mobile Pay,29.86,Paid
16245,16245,2024-06-30,Card,43.29,Refunded
16246,16246,2024-02-04,Cash,32.11,Paid
16247,16247,2024-01-08,Mobile Pay,25.17,Paid
16248,16248,2024-11-06,Cash,28.96,Paid
16249,16249,2024-08-11,Card,28.61,Refunded
16250,16250,2024-06-14,Mobile Pay,28.33,Refunded
16251,16251,2024-07-17,Mobile Pay,19.99,Refunded
16252,16252,2024-04-08,Mobile Pay,39.65,Paid
16253,16253,2024-11-14,Cash,18.22,Paid
16254,16254,2024-02-09,Card,62.52,Paid
16255,16255,2024-04-30,Mobile Pay,20.11,Paid
16256,16256,2024-06-06,Cash,12.03,Paid
16257,16257,2024-01-17,Card,47.04,Refunded
16258,16258,2024-12-09,Cash,66.11,Paid
16259,16259,2024-01-13,Card,33.88,Paid
16260,16260,2024-10-10,Mobile Pay,14.41,Paid
16261,16261,2024-05-22,Mobile Pay,12.98,Paid
16262,16262,2024-04-16,Cash,16.86,Paid
16263,16263,2024-03-14,Mobile Pay,26.54,Refunded
16264,16264,2024-06-06,Cash,18.72,Refunded
16265,16265,2024-04-06,Card,70.03,Paid
16266,16266,2024-12-31,Card,14.85,Paid
16267,16267,2025-01-01,Card,35.23,Paid
16268,16268,2024-04-16,Card,8.73,Paid
16269,16269,2024-10-17,Cash,27.83,Paid
16270,16270,2024-03-19,Mobile Pay,36.59,Paid
16271,16271,2024-01-20,Card,29.88,Paid
16272,16272,2024-09-10,Card,15.06,Paid
16273,16273,2024-07-14,Card,50.43,Paid
16274,16274,2024-01-08,Mobile Pay,32.04,Refunded
16275,16275,2024-12-02,Cash,14.46,Paid
16276,16276,2024-03-14,Mobile Pay,20.88,Paid
16277,16277,2024-07-14,Card,24.90,Paid
16278,16278,2024-06-09,Card,37.00,Paid
16279,16279,2024-03-04,Mobile Pay,25.13,Paid
16280,16280,2024-03-01,Cash,75.26,Paid
16281,16281,2024-11-15,Mobile Pay,44.24,Paid
16282,16282,2024-06-27,Card,36.66,Paid
16283,16283,2024-01-30,Card,25.54,Paid
16284,16284,2024-06-25,Cash,24.10,Paid
16285,16285,2024-02-01,Card,27.32,Refunded
16286,16286,2024-09-25,Card,12.74,Paid
16287,16287,2024-04-14,Mobile Pay,34.26,Paid
16288,16288,2024-04-21,Cash,75.99,Paid
16289,16289,2024-09-12,Mobile Pay,11.59,Refunded
16290,16290,2024-02-28,Card,39.48,Paid
16291,16291,2024-04-04,Card,12.78,Refunded
16292,16292,2024-01-27,Card,23.10,Refunded
16293,16293,2024-09-04,Cash,20.42,Refunded
16294,16294,2024-07-16,Card,61.13,Paid
16295,16295,2024-08-02,Mobile Pay,14.10,Refunded
16296,16296,2024-07-26,Card,18.87,Paid
16297,16297,2024-08-27,Mobile Pay,25.34,Paid
16298,16298,2024-11-03,Cash,57.86,Paid
16299,16299,2024-11-27,Card,14.99,Paid
16300,16300,2024-05-18,Card,18.17,Paid
16301,16301,2024-11-15,Mobile Pay,10.78,Paid
16302,16302,2024-11-03,Card,39.14,Paid
16303,16303,2024-07-11,Card,14.77,Refunded
16304,16304,2024-02-03,Card,15.98,Paid
16305,16305,2024-10-29,Card,43.40,Paid
16306,16306,2024-08-17,Card,33.03,Refunded
16307,16307,2024-07-09,Card,28.96,Paid
16308,16308,2024-03-13,Mobile Pay,29.94,Paid
16309,16309,2024-04-09,Card,25.40,Paid
16310,16310,2024-09-24,Cash,18.92,Paid
16311,16311,2024-11-06,Card,27.48,Paid
16312,16312,2024-12-06,Card,31.26,Paid
16313,16313,2024-11-06,Cash,11.14,Paid
16314,16314,2024-03-14,Cash,19.70,Paid
16315,16315,2024-06-02,Cash,13.39,Paid
16316,16316,2024-09-07,Card,12.04,Paid
16317,16317,2024-12-07,Card,75.28,Paid
16318,16318,2024-08-16,Cash,25.91,Paid
16319,16319,2024-10-04,Card,24.57,Paid
16320,16320,2024-10-24,Mobile Pay,40.00,Paid
16321,16321,2024-07-08,Card,22.02,Paid
16322,16322,2024-10-30,Mobile Pay,11.17,Paid
16323,16323,2024-02-27,Mobile Pay,20.52,Paid
16324,16324,2024-09-15,Mobile Pay,9.91,Paid
16325,16325,2024-10-22,Cash,36.36,Refunded
16326,16326,2024-12-19,Card,50.15,Paid
16327,16327,2024-09-05,Card,11.11,Paid
16328,16328,2024-08-20,Cash,20.98,Refunded
16329,16329,2024-08-10,Card,21.72,Paid
16330,16330,2024-07-28,Cash,13.35,Refunded
16331,16331,2024-04-26,Mobile Pay,30.74,Paid
16332,16332,2024-09-23,Mobile Pay,15.25,Paid
16333,16333,2024-12-29,Card,7.32,Paid
16334,16334,2024-04-04,Card,25.66,Refunded
16335,16335,2024-01-06,Cash,31.13,Paid
16336,16336,2024-05-13,Card,23.48,Paid
16337,16337,2024-05-05,Cash,34.38,Refunded
16338,16338,2024-01-18,Card,18.78,Refunded
16339,16339,2024-03-11,Card,60.98,Paid
16340,16340,2024-06-05,Card,11.56,Paid
16341,16341,2024-01-04,Mobile Pay,33.54,Refunded
16342,16342,2024-04-04,Cash,65.21,Paid
16343,16343,2024-10-07,Card,10.84,Refunded
16344,16344,2024-01-23,Card,13.70,Paid
16345,16345,2024-12-20,Card,24.88,Paid
16346,16346,2024-12-07,Mobile Pay,29.94,Paid
16347,16347,2024-03-31,Card,12.50,Paid
16348,16348,2024-12-03,Mobile Pay,8.53,Paid
16349,16349,2024-03-01,Card,27.79,Paid
16350,16350,2024-05-27,Mobile Pay,26.39,Paid
16351,16351,2024-07-10,Mobile Pay,25.28,Paid
16352,16352,2024-08-23,Card,13.93,Paid
16353,16353,2024-07-13,Card,56.91,Paid
16354,16354,2024-05-03,Cash,34.88,Refunded
16355,16355,2024-08-14,Card,31.35,Paid
16356,16356,2024-07-20,Cash,71.60,Paid
16357,16357,2024-09-14,Card,38.60,Paid
16358,16358,2024-05-08,Card,21.59,Refunded
16359,16359,2024-01-04,Mobile Pay,12.22,Paid
16360,16360,2024-01-09,Mobile Pay,13.74,Refunded
16361,16361,2024-12-13,Cash,21.79,Paid
16362,16362,2024-02-20,Card,19.21,Refunded
16363,16363,2024-12-16,Cash,21.78,Paid
16364,16364,2024-10-13,Cash,81.40,Paid
16365,16365,2024-03-21,Card,55.42,Paid
16366,16366,2024-09-23,Mobile Pay,22.62,Paid
16367,16367,2024-05-06,Cash,26.62,Paid
16368,16368,2024-05-30,Card,23.22,Refunded
16369,16369,2024-05-23,Card,10.64,Refunded
16370,16370,2024-06-17,Card,31.44,Refunded
16371,16371,2024-08-21,Card,19.65,Paid
16372,16372,2024-08-04,Mobile Pay,20.07,Paid
16373,16373,2024-10-26,Mobile Pay,50.60,Paid
16374,16374,2024-05-26,Mobile Pay,27.94,Paid
16375,16375,2024-11-30,Mobile Pay,20.29,Paid
16376,16376,2024-04-05,Card,16.15,Paid
16377,16377,2024-10-25,Cash,21.33,Paid
16378,16378,2024-08-10,Card,19.24,Refunded
16379,16379,2024-04-08,Cash,35.35,Paid
16380,16380,2024-07-16,Mobile Pay,27.60,Paid
16381,16381,2024-12-10,Mobile Pay,40.58,Refunded
16382,16382,2024-05-30,Cash,11.43,Paid
16383,16383,2024-06-06,Mobile Pay,22.62,Paid
16384,16384,2024-02-18,Card,10.60,Paid
16385,16385,2024-12-19,Card,10.91,Paid
16386,16386,2024-08-25,Cash,23.59,Paid
16387,16387,2024-09-09,Cash,21.26,Paid
16388,16388,2024-12-25,Card,18.76,Paid
16389,16389,2024-08-22,Mobile Pay,18.92,Paid
16390,16390,2024-08-07,Cash,16.59,Refunded
16391,16391,2024-04-18,Cash,32.05,Paid
16392,16392,2024-04-13,Mobile Pay,29.48,Paid
16393,16393,2024-06-21,Mobile Pay,70.72,Paid
16394,16394,2024-11-30,Mobile Pay,22.48,Paid
16395,16395,2024-01-06,Card,19.50,Paid
16396,16396,2024-04-09,Card,26.76,Paid
16397,16397,2024-10-30,Cash,17.66,Paid
16398,16398,2024-05-07,Cash,29.27,Paid
16399,16399,2024-06-22,Cash,27.05,Paid
16400,16400,2024-04-16,Cash,31.23,Paid
16401,16401,2024-01-22,Cash,33.22,Paid
16402,16402,2024-07-26,Mobile Pay,34.13,Refunded
16403,16403,2024-01-30,Cash,21.97,Paid
16404,16404,2024-11-29,Cash,15.58,Paid
16405,16405,2024-01-19,Mobile Pay,21.08,Refunded
16406,16406,2024-08-03,Cash,38.10,Paid
16407,16407,2024-02-13,Cash,52.49,Paid
16408,16408,2024-07-12,Mobile Pay,25.44,Paid
16409,16409,2024-06-19,Card,13.73,Refunded
16410,16410,2024-03-02,Mobile Pay,31.16,Paid
16411,16411,2024-09-14,Cash,16.63,Refunded
16412,16412,2024-06-19,Card,19.48,Paid
16413,16413,2024-06-28,Card,22.23,Paid
16414,16414,2024-12-02,Mobile Pay,10.45,Refunded
16415,16415,2024-01-20,Card,10.23,Refunded
16416,16416,2024-05-01,Card,32.92,Refunded
16417,16417,2024-10-27,Cash,23.70,Paid
16418,16418,2024-12-15,Cash,25.50,Paid
16419,16419,2024-09-17,Mobile Pay,27.52,Paid
16420,16420,2024-09-12,Card,40.13,Paid
16421,16421,2024-09-08,Cash,7.69,Paid
16422,16422,2024-05-07,Card,15.04,Paid
16423,16423,2024-04-26,Mobile Pay,31.14,Paid
16424,16424,2024-08-28,Mobile Pay,39.62,Refunded
16425,16425,2024-09-15,Card,11.74,Paid
16426,16426,2024-07-11,Mobile Pay,33.95,Refunded
16427,16427,2024-06-17,Card,11.55,Paid
16428,16428,2024-11-18,Card,6.65,Paid
16429,16429,2024-09-27,Cash,38.17,Refunded
16430,16430,2024-11-20,Cash,12.46,Paid
16431,16431,2024-09-11,Card,11.34,Paid
16432,16432,2024-03-01,Card,10.77,Paid
16433,16433,2024-08-03,Card,35.29,Paid
16434,16434,2024-09-05,Card,16.27,Paid
16435,16435,2024-02-20,Card,26.97,Paid
16436,16436,2025-01-02,Mobile Pay,31.07,Paid
16437,16437,2024-06-07,Card,32.06,Paid
16438,16438,2024-08-12,Cash,34.06,Paid
16439,16439,2024-03-24,Cash,30.26,Refunded
16440,16440,2024-02-09,Card,9.83,Refunded
16441,16441,2024-03-01,Cash,23.13,Paid
16442,16442,2024-07-13,Cash,41.29,Paid
16443,16443,2024-08-24,Card,17.42,Paid
16444,16444,2024-01-20,Mobile Pay,22.25,Refunded
16445,16445,2024-02-08,Cash,39.13,Paid
16446,16446,2024-07-04,Cash,21.66,Paid
16447,16447,2024-06-05,Mobile Pay,7.06,Paid
16448,16448,2024-03-14,Card,22.96,Paid
16449,16449,2024-05-11,Mobile Pay,30.16,Paid
16450,16450,2024-08-20,Card,23.70,Refunded
16451,16451,2024-10-21,Card,28.51,Paid
16452,16452,2024-10-18,Mobile Pay,36.17,Paid
16453,16453,2024-09-24,Cash,19.98,Paid
16454,16454,2024-08-03,Card,9.75,Paid
16455,16455,2024-05-20,Card,28.38,Refunded
16456,16456,2024-09-21,Mobile Pay,39.94,Paid
16457,16457,2024-02-04,Cash,31.00,Paid
16458,16458,2024-09-24,Mobile Pay,30.82,Paid
16459,16459,2024-06-04,Cash,30.78,Refunded
16460,16460,2024-07-26,Cash,17.80,Paid
16461,16461,2024-04-09,Card,31.88,Paid
16462,16462,2024-07-21,Cash,39.45,Paid
16463,16463,2024-06-24,Card,13.86,Paid
16464,16464,2024-05-12,Card,9.93,Paid
16465,16465,2024-06-20,Card,13.45,Paid
16466,16466,2024-12-11,Card,38.17,Refunded
16467,16467,2024-01-08,Card,39.85,Refunded
16468,16468,2024-11-23,Cash,31.92,Paid
16469,16469,2024-08-28,Card,25.94,Paid
16470,16470,2024-12-24,Cash,13.77,Paid
16471,16471,2024-02-06,Cash,52.20,Refunded
16472,16472,2024-11-03,Mobile Pay,15.53,Paid
16473,16473,2024-03-24,Mobile Pay,35.80,Refunded
16474,16474,2024-04-22,Card,14.86,Refunded
16475,16475,2024-06-12,Card,15.30,Refunded
16476,16476,2024-12-13,Cash,62.06,Refunded
16477,16477,2024-04-18,Card,24.37,Paid
16478,16478,2024-07-22,Mobile Pay,44.28,Paid
16479,16479,2024-06-03,Cash,7.41,Paid
16480,16480,2024-07-19,Cash,23.97,Paid
16481,16481,2024-08-23,Cash,26.50,Paid
16482,16482,2024-03-30,Mobile Pay,64.26,Paid
16483,16483,2024-09-26,Card,12.89,Refunded
16484,16484,2024-04-22,Cash,47.90,Paid
16485,16485,2024-04-06,Card,22.83,Paid
16486,16486,2024-04-05,Card,16.80,Paid
16487,16487,2024-01-17,Cash,13.09,Paid
16488,16488,2024-12-10,Cash,14.41,Paid
16489,16489,2024-11-03,Card,7.76,Refunded
16490,16490,2024-09-17,Cash,16.91,Paid
16491,16491,2024-08-13,Cash,20.91,Paid
16492,16492,2024-07-06,Mobile Pay,20.04,Refunded
16493,16493,2024-10-11,Mobile Pay,23.69,Refunded
16494,16494,2024-07-20,Mobile Pay,41.93,Refunded
16495,16495,2024-09-03,Card,20.94,Paid
16496,16496,2024-04-16,Cash,29.62,Paid
16497,16497,2024-02-10,Cash,45.16,Paid
16498,16498,2024-03-28,Cash,15.40,Paid
16499,16499,2024-06-02,Mobile Pay,45.39,Paid
16500,16500,2024-03-30,Cash,26.12,Paid
16501,16501,2024-04-02,Cash,21.44,Paid
16502,16502,2024-09-24,Cash,45.03,Refunded
16503,16503,2024-03-16,Card,12.00,Paid
16504,16504,2024-02-10,Cash,31.98,Paid
16505,16505,2024-10-06,Card,11.07,Paid
16506,16506,2024-11-19,Cash,10.82,Paid
16507,16507,2024-01-11,Card,33.35,Paid
16508,16508,2024-02-04,Card,36.84,Paid
16509,16509,2024-06-13,Mobile Pay,18.79,Paid
16510,16510,2024-07-28,Cash,10.45,Refunded
16511,16511,2024-07-15,Mobile Pay,22.32,Refunded
16512,16512,2024-10-14,Cash,60.33,Paid
16513,16513,2024-10-27,Mobile Pay,39.92,Paid
16514,16514,2024-08-10,Cash,18.66,Paid
16515,16515,2024-09-24,Mobile Pay,10.25,Paid
16516,16516,2024-07-26,Cash,38.92,Paid
16517,16517,2024-04-21,Mobile Pay,22.81,Paid
16518,16518,2024-10-03,Mobile Pay,20.31,Paid
16519,16519,2024-03-01,Card,33.73,Paid
16520,16520,2024-01-08,Card,31.37,Paid
16521,16521,2024-05-28,Card,32.32,Paid
16522,16522,2024-08-28,Mobile Pay,25.08,Paid
16523,16523,2024-12-09,Cash,26.77,Paid
16524,16524,2024-09-01,Cash,21.22,Paid
16525,16525,2024-01-23,Mobile Pay,70.40,Paid
16526,16526,2024-04-28,Card,26.48,Paid
16527,16527,2024-08-26,Mobile Pay,16.50,Paid
16528,16528,2024-01-16,Mobile Pay,37.12,Paid
16529,16529,2024-08-11,Mobile Pay,37.78,Paid
16530,16530,2024-05-18,Card,16.39,Paid
16531,16531,2024-03-03,Mobile Pay,24.03,Paid
16532,16532,2024-12-21,Card,12.16,Paid
16533,16533,2024-10-19,Cash,24.79,Refunded
16534,16534,2024-04-23,Card,23.02,Paid
16535,16535,2024-03-15,Card,43.88,Paid
16536,16536,2024-01-23,Mobile Pay,60.06,Paid
16537,16537,2024-10-31,Mobile Pay,37.69,Paid
16538,16538,2024-11-13,Mobile Pay,14.67,Paid
16539,16539,2024-05-27,Card,27.03,Paid
16540,16540,2024-06-05,Mobile Pay,22.64,Paid
16541,16541,2024-08-29,Card,28.61,Paid
16542,16542,2024-10-17,Card,14.89,Refunded
16543,16543,2024-07-06,Mobile Pay,16.62,Paid
16544,16544,2024-08-27,Cash,91.12,Paid
16545,16545,2024-12-23,Cash,51.08,Paid
16546,16546,2024-08-21,Mobile Pay,61.89,Paid
16547,16547,2024-03-20,Mobile Pay,11.79,Paid
16548,16548,2024-05-21,Cash,28.81,Refunded
16549,16549,2024-05-26,Card,22.04,Paid
16550,16550,2024-08-26,Cash,20.71,Paid
16551,16551,2024-05-11,Mobile Pay,21.33,Paid
16552,16552,2024-03-09,Mobile Pay,39.04,Paid
16553,16553,2024-05-05,Cash,22.03,Paid
16554,16554,2024-07-09,Card,27.68,Paid
16555,16555,2024-03-25,Card,7.75,Paid
16556,16556,2024-10-04,Cash,35.31,Paid
16557,16557,2024-04-29,Mobile Pay,26.66,Refunded
16558,16558,2024-09-26,Cash,29.38,Paid
16559,16559,2024-04-26,Card,29.75,Paid
16560,16560,2024-08-10,Mobile Pay,13.45,Refunded
16561,16561,2024-01-14,Cash,16.99,Paid
16562,16562,2024-05-26,Cash,15.98,Paid
16563,16563,2024-09-30,Cash,26.05,Paid
16564,16564,2024-11-01,Mobile Pay,21.12,Paid
16565,16565,2024-06-30,Card,13.87,Paid
16566,16566,2024-06-20,Mobile Pay,28.28,Paid
16567,16567,2024-05-28,Card,23.54,Refunded
16568,16568,2024-06-12,Card,34.53,Refunded
16569,16569,2024-01-08,Mobile Pay,20.00,Paid
16570,16570,2024-09-19,Card,17.92,Paid
16571,16571,2024-04-23,Mobile Pay,22.76,Refunded
16572,16572,2024-10-23,Cash,12.87,Paid
16573,16573,2024-03-25,Card,19.14,Paid
16574,16574,2024-07-25,Card,25.26,Paid
16575,16575,2024-05-25,Card,33.15,Refunded
16576,16576,2024-07-09,Mobile Pay,10.92,Paid
16577,16577,2024-07-16,Card,15.33,Refunded
16578,16578,2024-09-17,Cash,47.84,Refunded
16579,16579,2024-01-16,Card,35.30,Paid
16580,16580,2024-12-21,Card,56.50,Paid
16581,16581,2024-04-25,Cash,11.48,Paid
16582,16582,2024-02-12,Card,47.87,Refunded
16583,16583,2024-07-05,Mobile Pay,18.39,Paid
16584,16584,2024-08-23,Card,23.08,Paid
16585,16585,2024-12-16,Cash,31.32,Paid
16586,16586,2024-11-18,Card,10.25,Refunded
16587,16587,2024-10-24,Mobile Pay,67.52,Paid
16588,16588,2024-03-21,Mobile Pay,28.14,Refunded
16589,16589,2024-08-20,Card,18.58,Paid
16590,16590,2024-10-15,Mobile Pay,25.10,Paid
16591,16591,2024-10-23,Card,29.07,Paid
16592,16592,2024-02-08,Cash,19.44,Paid
16593,16593,2024-07-18,Cash,23.58,Refunded
16594,16594,2024-05-25,Mobile Pay,21.76,Paid
16595,16595,2024-02-02,Mobile Pay,8.53,Paid
16596,16596,2024-04-14,Cash,34.54,Refunded
16597,16597,2024-04-02,Cash,24.17,Paid
16598,16598,2024-01-03,Mobile Pay,29.90,Paid
16599,16599,2024-07-15,Mobile Pay,29.89,Paid
16600,16600,2024-12-25,Cash,18.36,Paid
16601,16601,2024-02-28,Cash,11.24,Refunded
16602,16602,2024-01-15,Cash,16.88,Paid
16603,16603,2024-01-06,Cash,9.38,Paid
16604,16604,2024-07-25,Card,65.19,Paid
16605,16605,2024-02-16,Card,33.63,Paid
16606,16606,2024-06-27,Card,45.73,Refunded
16607,16607,2024-09-08,Mobile Pay,19.01,Paid
16608,16608,2024-06-11,Mobile Pay,14.56,Paid
16609,16609,2024-05-29,Mobile Pay,19.04,Paid
16610,16610,2024-04-22,Card,20.40,Paid
16611,16611,2024-12-31,Mobile Pay,20.47,Paid
16612,16612,2024-04-13,Card,35.64,Paid
16613,16613,2024-02-15,Mobile Pay,12.22,Paid
16614,16614,2024-07-23,Card,25.52,Paid
16615,16615,2024-04-19,Mobile Pay,80.62,Paid
16616,16616,2024-06-23,Mobile Pay,26.92,Paid
16617,16617,2024-10-22,Cash,54.22,Refunded
16618,16618,2024-01-31,Cash,19.82,Refunded
16619,16619,2024-10-23,Mobile Pay,33.50,Paid
16620,16620,2024-05-03,Cash,21.50,Paid
16621,16621,2024-04-23,Mobile Pay,22.42,Paid
16622,16622,2024-03-28,Card,20.00,Paid
16623,16623,2024-07-15,Cash,16.10,Refunded
16624,16624,2024-09-12,Cash,13.47,Paid
16625,16625,2024-12-27,Card,15.14,Refunded
16626,16626,2024-01-24,Cash,23.75,Paid
16627,16627,2024-09-26,Cash,76.90,Paid
16628,16628,2024-09-26,Card,56.29,Refunded
16629,16629,2024-09-03,Card,25.66,Paid
16630,16630,2024-07-11,Card,44.44,Paid
16631,16631,2024-04-13,Card,17.24,Refunded
16632,16632,2024-01-05,Cash,25.45,Paid
16633,16633,2024-08-09,Card,50.76,Paid
16634,16634,2024-11-01,Card,15.52,Paid
16635,16635,2024-10-27,Mobile Pay,35.30,Paid
16636,16636,2024-10-27,Cash,21.22,Paid
16637,16637,2024-08-15,Card,24.42,Paid
16638,16638,2024-05-12,Card,25.77,Refunded
16639,16639,2024-05-05,Cash,27.64,Paid
16640,16640,2024-05-14,Mobile Pay,11.51,Paid
16641,16641,2024-08-08,Card,46.40,Paid
16642,16642,2024-06-01,Card,15.32,Paid
16643,16643,2024-10-23,Cash,24.11,Paid
16644,16644,2024-10-24,Card,19.71,Refunded
16645,16645,2024-11-20,Cash,16.87,Paid
16646,16646,2024-02-04,Cash,15.34,Paid
16647,16647,2024-05-04,Card,14.10,Paid
16648,16648,2024-01-02,Cash,16.52,Paid
16649,16649,2024-09-26,Card,64.46,Paid
16650,16650,2024-10-04,Card,17.33,Paid
16651,16651,2024-07-10,Card,43.30,Refunded
16652,16652,2024-12-08,Cash,20.05,Refunded
16653,16653,2024-10-22,Cash,7.59,Paid
16654,16654,2024-06-10,Mobile Pay,25.44,Paid
16655,16655,2024-09-07,Cash,47.46,Paid
16656,16656,2024-01-19,Cash,33.65,Paid
16657,16657,2024-09-30,Mobile Pay,15.22,Paid
16658,16658,2024-10-24,Mobile Pay,29.30,Paid
16659,16659,2024-07-13,Card,26.28,Paid
16660,16660,2024-04-20,Mobile Pay,22.60,Paid
16661,16661,2024-12-06,Card,41.21,Paid
16662,16662,2024-04-26,Card,22.84,Paid
16663,16663,2024-05-13,Cash,25.07,Paid
16664,16664,2024-07-31,Cash,21.66,Refunded
16665,16665,2024-01-29,Mobile Pay,16.48,Paid
16666,16666,2024-04-20,Mobile Pay,15.03,Refunded
16667,16667,2024-01-24,Card,51.69,Paid
16668,16668,2024-06-13,Cash,39.06,Paid
16669,16669,2024-06-30,Card,35.56,Paid
16670,16670,2024-02-22,Cash,19.27,Paid
16671,16671,2024-10-01,Card,21.07,Paid
16672,16672,2024-05-11,Mobile Pay,23.68,Refunded
16673,16673,2024-08-29,Card,24.12,Refunded
16674,16674,2024-01-15,Cash,59.01,Paid
16675,16675,2025-01-02,Mobile Pay,35.82,Paid
16676,16676,2024-07-01,Mobile Pay,23.79,Paid
16677,16677,2024-09-18,Mobile Pay,19.23,Refunded
16678,16678,2024-05-28,Card,45.49,Paid
16679,16679,2024-05-23,Mobile Pay,41.99,Paid
16680,16680,2024-03-24,Cash,15.21,Paid
16681,16681,2024-03-06,Mobile Pay,15.62,Paid
16682,16682,2024-06-04,Card,17.05,Paid
16683,16683,2024-05-25,Card,16.80,Paid
16684,16684,2024-11-04,Mobile Pay,66.21,Refunded
16685,16685,2024-10-13,Mobile Pay,66.74,Paid
16686,16686,2024-03-28,Card,26.54,Paid
16687,16687,2024-07-06,Card,67.09,Refunded
16688,16688,2024-06-14,Card,17.88,Refunded
16689,16689,2024-07-27,Card,16.93,Paid
16690,16690,2024-07-01,Cash,12.43,Refunded
16691,16691,2024-04-11,Card,41.65,Paid
16692,16692,2024-03-06,Cash,38.15,Paid
16693,16693,2024-12-18,Card,29.76,Paid
16694,16694,2024-02-23,Card,21.56,Paid
16695,16695,2024-04-29,Cash,29.79,Paid
16696,16696,2024-04-19,Mobile Pay,35.16,Paid
16697,16697,2024-07-27,Cash,35.90,Paid
16698,16698,2024-03-13,Card,14.54,Paid
16699,16699,2024-01-14,Card,30.43,Paid
16700,16700,2024-12-21,Cash,11.74,Paid
16701,16701,2024-02-08,Card,72.88,Paid
16702,16702,2024-03-16,Card,26.71,Paid
16703,16703,2024-11-06,Cash,13.73,Refunded
16704,16704,2024-07-23,Cash,54.50,Paid
16705,16705,2024-03-26,Card,22.70,Paid
16706,16706,2024-08-03,Card,20.82,Paid
16707,16707,2024-08-27,Cash,25.60,Refunded
16708,16708,2024-01-19,Mobile Pay,15.85,Paid
16709,16709,2024-01-15,Mobile Pay,14.96,Refunded
16710,16710,2024-01-06,Mobile Pay,16.53,Refunded
16711,16711,2024-02-10,Cash,15.29,Refunded
16712,16712,2024-04-06,Mobile Pay,21.34,Paid
16713,16713,2024-08-04,Mobile Pay,25.83,Paid
16714,16714,2024-01-25,Card,16.34,Paid
16715,16715,2024-06-30,Card,25.74,Paid
16716,16716,2024-04-25,Card,27.16,Paid
16717,16717,2024-08-03,Card,18.15,Paid
16718,16718,2024-09-20,Cash,16.42,Refunded
16719,16719,2024-06-04,Card,23.32,Paid
16720,16720,2024-02-02,Card,26.50,Paid
16721,16721,2024-09-27,Cash,19.90,Refunded
16722,16722,2024-04-30,Cash,50.02,Paid
16723,16723,2024-08-24,Cash,27.65,Paid
16724,16724,2024-06-07,Mobile Pay,10.10,Paid
16725,16725,2024-08-15,Card,10.69,Paid
16726,16726,2024-10-17,Card,14.69,Paid
16727,16727,2024-12-07,Card,23.59,Paid
16728,16728,2024-08-24,Mobile Pay,28.86,Paid
16729,16729,2024-10-04,Cash,36.00,Paid
16730,16730,2024-03-02,Cash,28.85,Paid
16731,16731,2024-03-22,Card,19.10,Paid
16732,16732,2024-09-10,Card,26.32,Paid
16733,16733,2024-01-28,Card,10.18,Refunded
16734,16734,2024-07-02,Cash,35.18,Paid
16735,16735,2024-10-04,Mobile Pay,41.24,Refunded
16736,16736,2024-08-29,Cash,29.97,Paid
16737,16737,2024-04-27,Card,20.40,Refunded
16738,16738,2024-10-19,Card,34.10,Paid
16739,16739,2024-07-07,Card,17.75,Refunded
16740,16740,2024-04-27,Cash,21.60,Paid
16741,16741,2024-05-08,Card,29.12,Paid
16742,16742,2024-03-18,Cash,9.99,Paid
16743,16743,2024-07-12,Cash,26.05,Paid
16744,16744,2024-08-26,Cash,22.05,Paid
16745,16745,2024-12-04,Cash,15.12,Paid
16746,16746,2024-02-22,Mobile Pay,15.62,Paid
16747,16747,2024-07-24,Mobile Pay,19.07,Paid
16748,16748,2024-08-25,Mobile Pay,16.64,Paid
16749,16749,2024-07-29,Mobile Pay,25.00,Paid
16750,16750,2024-09-22,Card,22.48,Paid
16751,16751,2024-06-05,Mobile Pay,20.54,Paid
16752,16752,2024-03-27,Cash,12.65,Paid
16753,16753,2024-07-09,Cash,26.14,Paid
16754,16754,2024-02-04,Card,22.73,Refunded
16755,16755,2024-08-13,Mobile Pay,12.36,Paid
16756,16756,2024-11-22,Cash,33.54,Refunded
16757,16757,2024-09-04,Card,26.15,Paid
16758,16758,2024-09-29,Cash,23.40,Paid
16759,16759,2024-05-10,Card,29.49,Refunded
16760,16760,2024-04-15,Mobile Pay,20.84,Refunded
16761,16761,2024-08-21,Card,16.22,Paid
16762,16762,2024-01-26,Card,40.90,Paid
16763,16763,2024-08-23,Mobile Pay,60.35,Paid
16764,16764,2024-02-04,Card,20.62,Paid
16765,16765,2024-01-23,Card,35.57,Paid
16766,16766,2024-10-23,Card,78.41,Paid
16767,16767,2024-04-24,Card,20.02,Refunded
16768,16768,2024-10-09,Card,23.07,Paid
16769,16769,2024-06-04,Card,50.80,Paid
16770,16770,2024-04-08,Cash,18.41,Paid
16771,16771,2024-03-16,Mobile Pay,22.48,Paid
16772,16772,2024-02-28,Mobile Pay,14.71,Paid
16773,16773,2024-06-07,Mobile Pay,43.79,Paid
16774,16774,2024-09-23,Cash,15.21,Paid
16775,16775,2024-08-18,Mobile Pay,5.64,Refunded
16776,16776,2024-02-07,Cash,15.15,Paid
16777,16777,2024-03-06,Card,23.21,Refunded
16778,16778,2024-04-26,Cash,12.13,Paid
16779,16779,2024-04-22,Card,31.96,Paid
16780,16780,2024-01-29,Cash,7.62,Refunded
16781,16781,2024-07-13,Mobile Pay,41.63,Paid
16782,16782,2024-08-25,Mobile Pay,25.02,Paid
16783,16783,2024-03-15,Cash,21.49,Paid
16784,16784,2024-09-21,Cash,41.06,Paid
16785,16785,2024-10-15,Cash,11.26,Paid
16786,16786,2024-06-14,Card,10.18,Paid
16787,16787,2024-04-11,Mobile Pay,20.56,Paid
16788,16788,2024-03-11,Cash,12.61,Paid
16789,16789,2024-01-25,Cash,66.36,Paid
16790,16790,2024-02-11,Cash,16.66,Paid
16791,16791,2024-03-02,Mobile Pay,30.56,Paid
16792,16792,2024-08-17,Card,13.57,Refunded
16793,16793,2024-06-06,Card,51.69,Paid
16794,16794,2024-11-22,Card,17.86,Refunded
16795,16795,2024-11-20,Mobile Pay,27.32,Paid
16796,16796,2024-11-12,Mobile Pay,26.02,Paid
16797,16797,2024-06-29,Cash,27.34,Refunded
16798,16798,2024-02-20,Card,15.01,Refunded
16799,16799,2024-02-01,Cash,40.41,Paid
16800,16800,2024-09-17,Mobile Pay,25.22,Paid
16801,16801,2024-02-22,Cash,15.97,Paid
16802,16802,2024-03-26,Cash,13.95,Paid
16803,16803,2024-10-03,Mobile Pay,88.62,Paid
16804,16804,2024-09-01,Cash,39.18,Paid
16805,16805,2024-05-17,Cash,11.79,Paid
16806,16806,2024-03-01,Card,19.82,Paid
16807,16807,2024-05-11,Card,6.63,Paid
16808,16808,2024-03-20,Cash,10.64,Paid
16809,16809,2024-07-15,Mobile Pay,30.26,Paid
16810,16810,2024-04-05,Mobile Pay,39.24,Paid
16811,16811,2024-12-08,Mobile Pay,30.10,Paid
16812,16812,2024-01-12,Mobile Pay,7.24,Paid
16813,16813,2024-10-20,Cash,11.05,Refunded
16814,16814,2024-05-03,Mobile Pay,24.26,Paid
16815,16815,2024-01-17,Cash,50.32,Paid
16816,16816,2024-11-09,Cash,13.74,Paid
16817,16817,2024-05-28,Card,13.04,Paid
16818,16818,2024-06-25,Card,49.73,Refunded
16819,16819,2024-07-23,Mobile Pay,23.40,Paid
16820,16820,2024-07-23,Card,22.41,Refunded
16821,16821,2024-02-27,Card,9.97,Paid
16822,16822,2024-06-15,Cash,13.80,Paid
16823,16823,2024-09-26,Card,12.11,Paid
16824,16824,2024-06-09,Cash,14.19,Paid
16825,16825,2024-02-05,Mobile Pay,30.90,Refunded
16826,16826,2024-05-15,Mobile Pay,25.14,Refunded
16827,16827,2024-04-09,Card,16.10,Paid
16828,16828,2024-12-02,Cash,60.64,Paid
16829,16829,2024-04-26,Cash,19.10,Paid
16830,16830,2024-02-10,Card,48.94,Paid
16831,16831,2024-04-07,Mobile Pay,43.78,Refunded
16832,16832,2024-05-05,Mobile Pay,20.61,Refunded
16833,16833,2024-08-01,Mobile Pay,34.59,Refunded
16834,16834,2024-09-22,Card,44.14,Paid
16835,16835,2024-06-22,Mobile Pay,20.85,Paid
16836,16836,2024-02-06,Mobile Pay,36.73,Paid
16837,16837,2024-12-31,Mobile Pay,64.37,Paid
16838,16838,2024-04-11,Cash,46.46,Paid
16839,16839,2024-04-19,Cash,8.46,Paid
16840,16840,2024-09-20,Mobile Pay,9.85,Paid
16841,16841,2024-03-20,Cash,38.38,Paid
16842,16842,2024-06-22,Mobile Pay,59.48,Paid
16843,16843,2024-09-25,Mobile Pay,10.23,Paid
16844,16844,2024-02-16,Card,31.34,Paid
16845,16845,2024-08-02,Mobile Pay,11.09,Paid
16846,16846,2024-08-23,Mobile Pay,27.58,Refunded
16847,16847,2024-01-07,Cash,21.13,Paid
16848,16848,2024-03-02,Cash,28.12,Refunded
16849,16849,2025-01-02,Cash,18.84,Paid
16850,16850,2024-07-05,Mobile Pay,61.27,Paid
16851,16851,2024-02-20,Mobile Pay,15.57,Refunded
16852,16852,2024-04-26,Card,8.53,Refunded
16853,16853,2024-12-24,Cash,24.31,Paid
16854,16854,2024-09-01,Card,75.55,Paid
16855,16855,2024-09-26,Card,68.81,Paid
16856,16856,2024-06-17,Mobile Pay,27.39,Paid
16857,16857,2024-03-23,Mobile Pay,17.53,Paid
16858,16858,2024-07-19,Cash,15.11,Refunded
16859,16859,2024-12-17,Card,26.30,Paid
16860,16860,2024-03-27,Cash,38.06,Paid
16861,16861,2024-04-06,Cash,39.87,Paid
16862,16862,2024-05-06,Cash,16.56,Refunded
16863,16863,2024-08-14,Card,11.28,Paid
16864,16864,2024-04-22,Cash,16.46,Refunded
16865,16865,2024-04-14,Cash,31.15,Paid
16866,16866,2024-05-29,Mobile Pay,64.58,Paid
16867,16867,2024-09-15,Card,20.83,Paid
16868,16868,2024-04-16,Cash,12.98,Refunded
16869,16869,2024-07-16,Mobile Pay,31.58,Paid
16870,16870,2024-01-21,Cash,33.62,Refunded
16871,16871,2024-06-12,Card,12.98,Paid
16872,16872,2024-11-12,Mobile Pay,21.03,Refunded
16873,16873,2024-04-10,Card,67.98,Refunded
16874,16874,2024-08-07,Mobile Pay,25.10,Paid
16875,16875,2024-11-29,Mobile Pay,37.27,Paid
16876,16876,2024-04-08,Cash,32.16,Paid
16877,16877,2024-10-17,Cash,13.75,Paid
16878,16878,2024-09-07,Cash,12.83,Refunded
16879,16879,2024-02-22,Cash,25.34,Refunded
16880,16880,2024-03-04,Cash,25.13,Refunded
16881,16881,2024-10-29,Mobile Pay,12.35,Paid
16882,16882,2024-02-29,Cash,22.39,Refunded
16883,16883,2024-06-08,Card,28.05,Refunded
16884,16884,2024-03-25,Card,33.91,Paid
16885,16885,2024-10-13,Mobile Pay,51.65,Paid
16886,16886,2024-02-11,Mobile Pay,45.66,Paid
16887,16887,2024-03-19,Cash,15.23,Refunded
16888,16888,2024-12-07,Mobile Pay,38.83,Refunded
16889,16889,2024-12-11,Cash,10.70,Paid
16890,16890,2024-02-22,Cash,18.82,Paid
16891,16891,2024-08-19,Cash,16.17,Refunded
16892,16892,2024-01-26,Cash,30.73,Paid
16893,16893,2024-08-16,Mobile Pay,22.47,Refunded
16894,16894,2024-07-27,Cash,43.55,Paid
16895,16895,2024-07-13,Card,10.15,Refunded
16896,16896,2024-08-28,Mobile Pay,18.66,Paid
16897,16897,2024-05-10,Card,17.86,Paid
16898,16898,2024-03-01,Mobile Pay,50.02,Paid
16899,16899,2024-03-12,Cash,17.62,Paid
16900,16900,2024-03-15,Card,43.15,Paid
16901,16901,2024-01-22,Card,14.11,Paid
16902,16902,2024-01-20,Card,41.30,Refunded
16903,16903,2024-12-20,Card,30.77,Refunded
16904,16904,2024-11-12,Mobile Pay,20.01,Paid
16905,16905,2024-12-24,Cash,25.27,Refunded
16906,16906,2024-10-02,Cash,8.97,Paid
16907,16907,2024-01-12,Card,92.46,Paid
16908,16908,2024-01-18,Mobile Pay,51.25,Paid
16909,16909,2024-12-23,Card,41.33,Refunded
16910,16910,2024-05-16,Card,12.52,Paid
16911,16911,2024-09-10,Mobile Pay,24.75,Paid
16912,16912,2024-01-09,Card,18.17,Refunded
16913,16913,2024-02-20,Cash,11.07,Paid
16914,16914,2024-08-14,Card,25.61,Paid
16915,16915,2024-10-17,Card,43.45,Paid
16916,16916,2024-01-08,Card,57.28,Refunded
16917,16917,2024-04-25,Mobile Pay,10.64,Refunded
16918,16918,2024-08-08,Card,16.39,Paid
16919,16919,2024-04-09,Cash,11.40,Refunded
16920,16920,2024-01-05,Card,14.46,Paid
16921,16921,2024-12-25,Mobile Pay,11.11,Paid
16922,16922,2024-06-20,Mobile Pay,50.49,Paid
16923,16923,2024-07-22,Cash,7.94,Paid
16924,16924,2024-03-27,Card,28.79,Paid
16925,16925,2024-03-02,Cash,20.43,Paid
16926,16926,2024-02-09,Cash,34.05,Paid
16927,16927,2024-08-08,Cash,34.28,Paid
16928,16928,2024-03-11,Cash,39.79,Refunded
16929,16929,2024-02-16,Card,21.16,Paid
16930,16930,2024-11-12,Card,13.07,Paid
16931,16931,2024-07-17,Cash,9.64,Refunded
16932,16932,2024-05-28,Cash,22.60,Paid
16933,16933,2024-05-20,Card,15.99,Paid
16934,16934,2024-02-15,Cash,24.92,Paid
16935,16935,2024-10-18,Card,19.32,Paid
16936,16936,2024-05-20,Card,30.97,Refunded
16937,16937,2024-03-17,Mobile Pay,21.85,Paid
16938,16938,2024-05-30,Mobile Pay,20.38,Paid
16939,16939,2024-08-17,Mobile Pay,22.09,Paid
16940,16940,2024-01-06,Cash,15.71,Refunded
16941,16941,2024-05-17,Cash,24.95,Paid
16942,16942,2024-05-30,Card,84.16,Paid
16943,16943,2024-05-03,Card,41.70,Paid
16944,16944,2024-05-21,Cash,18.61,Paid
16945,16945,2024-01-20,Card,22.89,Paid
16946,16946,2024-02-26,Card,25.46,Paid
16947,16947,2024-02-17,Card,28.35,Paid
16948,16948,2024-09-12,Card,27.94,Paid
16949,16949,2024-09-27,Card,13.50,Paid
16950,16950,2024-10-03,Mobile Pay,15.23,Paid
16951,16951,2024-04-17,Card,7.55,Refunded
16952,16952,2024-12-27,Mobile Pay,24.60,Paid
16953,16953,2024-12-09,Mobile Pay,28.04,Paid
16954,16954,2024-04-22,Cash,23.81,Paid
16955,16955,2024-05-01,Card,12.99,Paid
16956,16956,2024-03-30,Card,25.51,Paid
16957,16957,2024-01-18,Mobile Pay,23.98,Paid
16958,16958,2024-08-25,Cash,13.52,Refunded
16959,16959,2024-07-13,Cash,32.96,Paid
16960,16960,2024-06-29,Cash,23.72,Paid
16961,16961,2024-08-02,Card,30.90,Paid
16962,16962,2024-04-24,Mobile Pay,56.40,Paid
16963,16963,2024-03-11,Cash,18.79,Paid
16964,16964,2024-11-08,Card,24.79,Paid
16965,16965,2024-10-12,Cash,26.01,Refunded
16966,16966,2024-04-24,Mobile Pay,19.34,Paid
16967,16967,2024-11-03,Mobile Pay,20.81,Paid
16968,16968,2024-09-12,Card,17.77,Paid
16969,16969,2024-02-20,Cash,11.25,Paid
16970,16970,2024-11-02,Card,21.19,Paid
16971,16971,2024-12-31,Cash,22.53,Paid
16972,16972,2024-07-15,Card,23.53,Refunded
16973,16973,2024-12-13,Cash,40.04,Paid
16974,16974,2024-01-27,Mobile Pay,25.71,Paid
16975,16975,2024-01-13,Card,9.89,Paid
16976,16976,2024-11-29,Mobile Pay,36.40,Refunded
16977,16977,2024-01-06,Mobile Pay,18.08,Paid
16978,16978,2024-02-23,Cash,38.49,Paid
16979,16979,2024-05-25,Cash,23.31,Paid
16980,16980,2024-07-10,Card,29.62,Refunded
16981,16981,2024-07-12,Card,32.38,Paid
16982,16982,2024-11-17,Mobile Pay,24.90,Paid
16983,16983,2024-10-25,Card,11.06,Paid
16984,16984,2024-01-12,Card,30.01,Refunded
16985,16985,2024-09-10,Mobile Pay,27.28,Paid
16986,16986,2024-07-23,Cash,20.24,Paid
16987,16987,2024-02-05,Cash,20.27,Paid
16988,16988,2024-03-30,Cash,17.83,Paid
16989,16989,2024-04-15,Mobile Pay,16.32,Paid
16990,16990,2024-01-07,Mobile Pay,33.71,Paid
16991,16991,2024-05-14,Mobile Pay,25.63,Paid
16992,16992,2024-03-29,Cash,19.62,Paid
16993,16993,2024-10-20,Card,12.45,Paid
16994,16994,2024-10-29,Mobile Pay,19.99,Refunded
16995,16995,2024-02-18,Cash,64.54,Refunded
16996,16996,2024-08-06,Cash,11.56,Paid
16997,16997,2024-08-17,Cash,51.78,Paid
16998,16998,2024-03-20,Cash,18.29,Paid
16999,16999,2024-05-25,Cash,30.52,Paid
17000,17000,2024-06-16,Cash,31.02,Refunded
17001,17001,2024-04-09,Mobile Pay,6.69,Paid
17002,17002,2024-02-27,Card,31.54,Paid
17003,17003,2024-09-10,Cash,11.28,Paid
17004,17004,2024-02-12,Mobile Pay,19.34,Refunded
17005,17005,2024-10-22,Card,64.43,Paid
17006,17006,2024-12-01,Card,58.27,Paid
17007,17007,2024-08-24,Mobile Pay,20.22,Paid
17008,17008,2024-06-05,Cash,17.57,Paid
17009,17009,2024-07-20,Card,28.56,Paid
17010,17010,2024-08-15,Cash,29.10,Paid
17011,17011,2024-12-14,Mobile Pay,23.32,Paid
17012,17012,2024-02-14,Mobile Pay,31.29,Paid
17013,17013,2024-01-19,Cash,60.51,Paid
17014,17014,2024-05-26,Mobile Pay,40.35,Refunded
17015,17015,2024-09-06,Card,119.45,Paid
17016,17016,2024-10-27,Mobile Pay,28.53,Paid
17017,17017,2024-09-14,Card,53.97,Paid
17018,17018,2024-12-23,Cash,19.73,Paid
17019,17019,2024-07-15,Mobile Pay,65.31,Paid
17020,17020,2024-08-10,Cash,15.09,Paid
17021,17021,2024-11-17,Cash,27.89,Paid
17022,17022,2024-02-04,Mobile Pay,8.01,Paid
17023,17023,2024-05-05,Mobile Pay,18.09,Refunded
17024,17024,2024-11-23,Mobile Pay,43.17,Paid
17025,17025,2024-07-01,Cash,11.93,Refunded
17026,17026,2024-01-24,Cash,7.30,Paid
17027,17027,2024-10-07,Cash,14.36,Paid
17028,17028,2024-07-12,Mobile Pay,13.94,Paid
17029,17029,2024-01-30,Card,23.32,Paid
17030,17030,2024-11-27,Card,48.93,Paid
17031,17031,2024-09-20,Cash,45.80,Paid
17032,17032,2024-12-07,Mobile Pay,10.82,Paid
17033,17033,2024-12-29,Card,26.97,Paid
17034,17034,2024-09-14,Mobile Pay,30.22,Paid
17035,17035,2024-10-10,Card,36.09,Paid
17036,17036,2024-09-20,Mobile Pay,14.66,Paid
17037,17037,2024-04-26,Mobile Pay,15.28,Paid
17038,17038,2024-02-20,Card,11.50,Paid
17039,17039,2024-01-24,Cash,10.65,Paid
17040,17040,2024-01-25,Mobile Pay,15.55,Paid
17041,17041,2024-12-30,Mobile Pay,17.62,Paid
17042,17042,2024-05-10,Cash,36.68,Paid
17043,17043,2024-10-27,Mobile Pay,14.56,Paid
17044,17044,2024-09-24,Cash,21.70,Refunded
17045,17045,2024-11-02,Mobile Pay,51.46,Paid
17046,17046,2024-06-25,Cash,31.07,Paid
17047,17047,2024-12-24,Mobile Pay,60.06,Paid
17048,17048,2024-01-06,Card,28.80,Paid
17049,17049,2024-03-05,Mobile Pay,14.17,Refunded
17050,17050,2024-03-03,Cash,21.27,Paid
17051,17051,2024-05-08,Mobile Pay,33.77,Paid
17052,17052,2024-01-22,Cash,36.41,Paid
17053,17053,2024-10-30,Cash,18.02,Refunded
17054,17054,2025-01-01,Mobile Pay,15.22,Paid
17055,17055,2024-06-06,Cash,14.17,Refunded
17056,17056,2024-05-18,Card,15.11,Paid
17057,17057,2024-07-28,Mobile Pay,11.77,Paid
17058,17058,2024-10-06,Cash,27.51,Paid
17059,17059,2024-02-06,Card,30.31,Paid
17060,17060,2024-08-12,Cash,21.84,Paid
17061,17061,2024-05-22,Card,10.94,Paid
17062,17062,2024-02-16,Card,19.80,Paid
17063,17063,2024-12-09,Mobile Pay,42.65,Paid
17064,17064,2024-11-19,Mobile Pay,23.34,Paid
17065,17065,2024-07-22,Cash,12.99,Paid
17066,17066,2024-12-20,Card,20.78,Paid
17067,17067,2024-01-11,Mobile Pay,30.48,Refunded
17068,17068,2024-08-27,Card,27.32,Paid
17069,17069,2024-02-09,Cash,21.60,Refunded
17070,17070,2024-08-04,Mobile Pay,55.93,Paid
17071,17071,2024-07-01,Card,27.76,Paid
17072,17072,2024-08-29,Cash,47.85,Paid
17073,17073,2024-08-24,Cash,86.93,Paid
17074,17074,2024-06-16,Mobile Pay,15.67,Paid
17075,17075,2024-06-22,Mobile Pay,38.57,Paid
17076,17076,2024-09-11,Card,65.74,Paid
17077,17077,2024-11-10,Cash,24.72,Paid
17078,17078,2024-06-22,Cash,58.86,Paid
17079,17079,2024-06-09,Cash,29.23,Refunded
17080,17080,2024-08-03,Card,10.49,Paid
17081,17081,2024-01-15,Cash,26.46,Paid
17082,17082,2024-11-11,Mobile Pay,14.42,Paid
17083,17083,2024-01-17,Cash,8.39,Refunded
17084,17084,2024-06-25,Mobile Pay,31.13,Paid
17085,17085,2024-04-08,Mobile Pay,18.70,Refunded
17086,17086,2024-11-03,Mobile Pay,9.25,Paid
17087,17087,2024-10-15,Mobile Pay,15.50,Paid
17088,17088,2024-03-04,Mobile Pay,6.21,Refunded
17089,17089,2024-02-19,Card,21.04,Paid
17090,17090,2024-03-23,Cash,28.54,Paid
17091,17091,2024-07-22,Cash,83.77,Paid
17092,17092,2024-03-27,Card,28.18,Paid
17093,17093,2024-07-16,Card,21.59,Paid
17094,17094,2024-06-06,Card,39.28,Refunded
17095,17095,2024-05-08,Card,13.90,Paid
17096,17096,2024-07-09,Mobile Pay,17.58,Paid
17097,17097,2024-03-03,Mobile Pay,24.33,Refunded
17098,17098,2024-12-16,Cash,20.05,Paid
17099,17099,2024-06-07,Cash,23.82,Paid
17100,17100,2024-09-26,Cash,12.54,Refunded
17101,17101,2024-06-16,Mobile Pay,34.27,Refunded
17102,17102,2024-09-17,Cash,23.53,Paid
17103,17103,2024-09-24,Mobile Pay,13.63,Paid
17104,17104,2024-02-20,Card,9.87,Refunded
17105,17105,2024-08-15,Cash,55.34,Paid
17106,17106,2024-07-21,Mobile Pay,35.42,Paid
17107,17107,2024-10-30,Cash,34.29,Paid
17108,17108,2024-08-01,Card,14.05,Paid
17109,17109,2024-12-25,Mobile Pay,84.02,Refunded
17110,17110,2024-05-16,Cash,16.35,Paid
17111,17111,2024-03-02,Mobile Pay,24.20,Refunded
17112,17112,2024-01-25,Mobile Pay,13.64,Paid
17113,17113,2024-05-23,Cash,27.90,Refunded
17114,17114,2024-05-04,Cash,14.27,Paid
17115,17115,2024-02-20,Mobile Pay,5.90,Paid
17116,17116,2024-10-22,Card,15.80,Refunded
17117,17117,2024-02-04,Card,65.62,Paid
17118,17118,2024-08-27,Card,25.62,Paid
17119,17119,2024-05-19,Mobile Pay,34.92,Refunded
17120,17120,2024-03-08,Cash,5.99,Paid
17121,17121,2024-02-21,Card,25.18,Paid
17122,17122,2024-08-20,Cash,18.70,Paid
17123,17123,2024-05-28,Cash,47.64,Paid
17124,17124,2024-12-21,Card,17.03,Paid
17125,17125,2024-12-02,Card,27.86,Paid
17126,17126,2024-07-29,Mobile Pay,32.52,Paid
17127,17127,2024-02-17,Card,12.57,Paid
17128,17128,2024-06-29,Cash,14.97,Paid
17129,17129,2024-12-03,Cash,18.23,Paid
17130,17130,2024-05-01,Mobile Pay,10.01,Refunded
17131,17131,2024-11-27,Card,19.81,Refunded
17132,17132,2024-06-29,Card,15.17,Paid
17133,17133,2024-04-25,Card,5.78,Refunded
17134,17134,2024-09-09,Cash,72.18,Paid
17135,17135,2024-04-15,Mobile Pay,9.58,Paid
17136,17136,2024-01-22,Mobile Pay,9.47,Paid
17137,17137,2024-06-16,Card,24.84,Paid
17138,17138,2024-01-22,Card,79.86,Paid
17139,17139,2024-08-27,Card,36.63,Refunded
17140,17140,2024-05-07,Card,45.43,Paid
17141,17141,2024-04-03,Mobile Pay,10.80,Refunded
17142,17142,2024-05-19,Cash,19.16,Paid
17143,17143,2024-07-30,Cash,22.25,Paid
17144,17144,2024-11-30,Mobile Pay,23.76,Refunded
17145,17145,2024-04-06,Mobile Pay,23.30,Refunded
17146,17146,2024-07-16,Cash,34.32,Paid
17147,17147,2024-10-21,Cash,27.78,Paid
17148,17148,2024-08-06,Card,23.71,Paid
17149,17149,2024-10-09,Mobile Pay,42.20,Paid
17150,17150,2024-07-10,Cash,23.61,Paid
17151,17151,2024-01-27,Cash,38.04,Paid
17152,17152,2024-04-02,Card,20.31,Paid
17153,17153,2024-12-21,Cash,18.39,Paid
17154,17154,2024-12-06,Card,32.57,Paid
17155,17155,2024-11-22,Card,20.21,Refunded
17156,17156,2024-03-20,Cash,9.33,Paid
17157,17157,2024-04-01,Cash,17.14,Paid
17158,17158,2024-01-27,Card,45.83,Paid
17159,17159,2024-06-19,Cash,12.79,Paid
17160,17160,2024-02-13,Mobile Pay,17.78,Paid
17161,17161,2024-02-28,Cash,28.71,Paid
17162,17162,2024-07-31,Mobile Pay,26.40,Paid
17163,17163,2024-08-10,Cash,13.29,Paid
17164,17164,2024-09-06,Card,23.91,Paid
17165,17165,2024-07-09,Cash,59.18,Refunded
17166,17166,2024-10-17,Cash,31.66,Paid
17167,17167,2024-04-19,Mobile Pay,23.28,Refunded
17168,17168,2024-07-31,Mobile Pay,14.03,Paid
17169,17169,2024-12-21,Cash,17.51,Paid
17170,17170,2024-02-11,Mobile Pay,11.71,Paid
17171,17171,2024-04-05,Cash,12.50,Paid
17172,17172,2024-10-02,Cash,13.42,Refunded
17173,17173,2024-04-06,Cash,12.61,Paid
17174,17174,2024-01-02,Mobile Pay,29.68,Paid
17175,17175,2024-02-22,Card,22.70,Paid
17176,17176,2024-06-04,Card,24.92,Paid
17177,17177,2024-06-08,Card,25.51,Paid
17178,17178,2024-04-08,Card,36.91,Refunded
17179,17179,2024-03-08,Mobile Pay,10.17,Paid
17180,17180,2024-05-21,Cash,12.79,Paid
17181,17181,2024-08-07,Cash,15.20,Paid
17182,17182,2024-09-30,Cash,14.02,Paid
17183,17183,2024-05-22,Mobile Pay,16.64,Paid
17184,17184,2024-10-05,Card,42.24,Paid
17185,17185,2024-02-07,Card,11.37,Paid
17186,17186,2024-09-07,Mobile Pay,71.10,Refunded
17187,17187,2024-03-10,Mobile Pay,16.07,Paid
17188,17188,2024-09-06,Cash,25.95,Paid
17189,17189,2024-08-26,Card,14.50,Refunded
17190,17190,2024-06-13,Card,14.74,Paid
17191,17191,2024-11-16,Mobile Pay,22.65,Refunded
17192,17192,2024-08-29,Mobile Pay,26.22,Paid
17193,17193,2024-12-08,Card,26.04,Paid
17194,17194,2024-01-07,Cash,14.03,Paid
17195,17195,2024-01-19,Card,7.77,Paid
17196,17196,2024-03-17,Card,21.82,Paid
17197,17197,2024-11-09,Card,10.36,Paid
17198,17198,2024-12-06,Card,44.48,Paid
17199,17199,2024-10-14,Cash,22.41,Refunded
17200,17200,2024-06-12,Card,8.39,Paid
17201,17201,2024-03-26,Mobile Pay,11.53,Paid
17202,17202,2024-02-26,Card,9.72,Paid
17203,17203,2024-06-28,Cash,41.02,Refunded
17204,17204,2024-02-11,Cash,14.35,Paid
17205,17205,2024-05-03,Mobile Pay,12.59,Paid
17206,17206,2024-12-14,Cash,41.60,Paid
17207,17207,2024-09-25,Cash,20.84,Refunded
17208,17208,2024-01-12,Cash,10.81,Paid
17209,17209,2024-04-11,Card,17.13,Paid
17210,17210,2024-01-26,Mobile Pay,27.39,Paid
17211,17211,2024-08-11,Cash,32.05,Paid
17212,17212,2024-03-20,Mobile Pay,24.82,Refunded
17213,17213,2024-02-16,Mobile Pay,23.93,Paid
17214,17214,2024-10-23,Card,25.00,Paid
17215,17215,2024-12-11,Mobile Pay,35.87,Paid
17216,17216,2024-11-15,Mobile Pay,6.64,Paid
17217,17217,2024-11-26,Card,18.42,Paid
17218,17218,2024-01-26,Cash,24.00,Refunded
17219,17219,2024-03-24,Cash,12.63,Paid
17220,17220,2024-06-27,Cash,13.96,Refunded
17221,17221,2024-04-10,Cash,24.14,Refunded
17222,17222,2024-11-25,Card,24.53,Paid
17223,17223,2024-12-29,Card,22.92,Paid
17224,17224,2024-02-08,Mobile Pay,24.80,Paid
17225,17225,2024-09-19,Mobile Pay,25.85,Paid
17226,17226,2024-04-23,Cash,10.06,Paid
17227,17227,2024-12-04,Cash,53.46,Paid
17228,17228,2024-10-05,Cash,22.31,Paid
17229,17229,2024-12-07,Card,60.66,Paid
17230,17230,2024-06-07,Mobile Pay,25.73,Paid
17231,17231,2024-09-07,Cash,19.49,Paid
17232,17232,2024-10-08,Mobile Pay,8.63,Paid
17233,17233,2024-05-17,Cash,12.58,Paid
17234,17234,2024-09-19,Card,18.57,Paid
17235,17235,2024-10-22,Cash,22.55,Refunded
17236,17236,2024-06-04,Mobile Pay,30.36,Paid
17237,17237,2024-03-30,Cash,31.11,Refunded
17238,17238,2024-10-19,Card,24.84,Paid
17239,17239,2024-06-11,Card,29.92,Paid
17240,17240,2024-09-12,Card,39.11,Paid
17241,17241,2024-11-27,Mobile Pay,36.60,Refunded
17242,17242,2024-04-29,Cash,62.65,Paid
17243,17243,2024-10-22,Card,23.50,Refunded
17244,17244,2024-10-24,Card,18.61,Refunded
17245,17245,2024-11-27,Cash,20.51,Paid
17246,17246,2024-10-22,Mobile Pay,32.20,Paid
17247,17247,2024-08-21,Mobile Pay,43.72,Paid
17248,17248,2024-05-28,Cash,17.50,Paid
17249,17249,2024-04-23,Mobile Pay,21.50,Paid
17250,17250,2024-05-13,Card,53.78,Paid
17251,17251,2024-05-20,Cash,20.36,Paid
17252,17252,2024-01-14,Card,20.54,Paid
17253,17253,2024-12-20,Cash,27.77,Paid
17254,17254,2024-10-24,Cash,86.93,Refunded
17255,17255,2024-03-13,Cash,12.06,Paid
17256,17256,2024-09-12,Card,20.72,Paid
17257,17257,2024-04-03,Cash,40.88,Paid
17258,17258,2024-05-04,Mobile Pay,44.76,Paid
17259,17259,2024-07-23,Cash,10.73,Paid
17260,17260,2024-03-21,Cash,52.24,Paid
17261,17261,2024-07-26,Cash,42.12,Refunded
17262,17262,2024-03-25,Mobile Pay,30.86,Refunded
17263,17263,2024-02-02,Cash,38.62,Paid
17264,17264,2024-06-20,Cash,21.10,Paid
17265,17265,2024-06-23,Cash,11.87,Paid
17266,17266,2024-10-07,Card,13.49,Refunded
17267,17267,2024-08-16,Card,8.32,Paid
17268,17268,2024-03-28,Mobile Pay,30.46,Paid
17269,17269,2024-01-20,Cash,12.67,Paid
17270,17270,2024-01-15,Mobile Pay,33.84,Refunded
17271,17271,2024-02-19,Cash,11.86,Refunded
17272,17272,2024-07-14,Cash,54.34,Refunded
17273,17273,2024-11-23,Card,38.38,Refunded
17274,17274,2024-11-19,Cash,23.14,Paid
17275,17275,2024-05-27,Mobile Pay,7.84,Refunded
17276,17276,2024-01-07,Card,7.65,Paid
17277,17277,2024-08-20,Card,23.94,Paid
17278,17278,2024-10-26,Card,23.75,Paid
17279,17279,2024-03-01,Mobile Pay,9.47,Paid
17280,17280,2024-06-11,Card,17.04,Paid
17281,17281,2024-04-18,Card,50.57,Paid
17282,17282,2024-02-10,Cash,61.03,Paid
17283,17283,2024-09-22,Cash,19.09,Paid
17284,17284,2024-02-16,Card,19.60,Paid
17285,17285,2024-03-20,Mobile Pay,17.99,Paid
17286,17286,2024-09-17,Card,15.76,Paid
17287,17287,2024-12-19,Card,41.77,Paid
17288,17288,2024-11-25,Cash,41.32,Paid
17289,17289,2024-08-01,Card,17.56,Paid
17290,17290,2024-03-04,Mobile Pay,25.69,Paid
17291,17291,2024-07-18,Cash,75.99,Paid
17292,17292,2024-04-09,Card,29.75,Refunded
17293,17293,2024-05-16,Cash,22.28,Paid
17294,17294,2024-10-25,Card,22.01,Paid
17295,17295,2024-11-24,Mobile Pay,25.76,Paid
17296,17296,2024-12-17,Mobile Pay,22.71,Paid
17297,17297,2024-07-05,Mobile Pay,27.17,Paid
17298,17298,2024-07-03,Cash,20.62,Paid
17299,17299,2024-09-23,Cash,20.47,Paid
17300,17300,2024-01-24,Cash,17.84,Refunded
17301,17301,2024-02-15,Mobile Pay,23.02,Paid
17302,17302,2024-05-09,Cash,24.96,Paid
17303,17303,2024-07-21,Cash,13.56,Paid
17304,17304,2024-11-18,Cash,20.53,Paid
17305,17305,2024-01-07,Cash,30.59,Paid
17306,17306,2024-05-28,Mobile Pay,7.05,Paid
17307,17307,2024-01-16,Cash,82.21,Paid
17308,17308,2024-11-02,Mobile Pay,20.18,Paid
17309,17309,2024-12-02,Card,34.49,Refunded
17310,17310,2024-04-04,Cash,54.56,Paid
17311,17311,2024-08-03,Mobile Pay,10.41,Paid
17312,17312,2024-08-01,Card,11.46,Paid
17313,17313,2024-08-31,Card,19.12,Paid
17314,17314,2024-02-17,Cash,19.45,Refunded
17315,17315,2024-05-28,Mobile Pay,15.00,Paid
17316,17316,2024-03-28,Mobile Pay,17.33,Paid
17317,17317,2024-02-21,Mobile Pay,21.32,Paid
17318,17318,2024-08-21,Cash,19.22,Paid
17319,17319,2024-06-04,Card,30.59,Refunded
17320,17320,2024-04-09,Card,26.35,Refunded
17321,17321,2024-04-16,Card,9.59,Refunded
17322,17322,2024-11-25,Card,19.97,Refunded
17323,17323,2024-05-18,Cash,27.25,Refunded
17324,17324,2024-05-25,Card,33.80,Paid
17325,17325,2024-03-18,Mobile Pay,28.08,Paid
17326,17326,2024-10-28,Card,19.16,Paid
17327,17327,2024-01-11,Card,19.63,Paid
17328,17328,2024-03-25,Cash,32.16,Paid
17329,17329,2024-03-20,Card,14.20,Paid
17330,17330,2024-10-29,Mobile Pay,27.69,Paid
17331,17331,2024-07-20,Card,23.12,Paid
17332,17332,2024-04-22,Mobile Pay,47.05,Paid
17333,17333,2024-05-20,Mobile Pay,12.38,Paid
17334,17334,2024-11-16,Mobile Pay,35.93,Paid
17335,17335,2024-06-14,Mobile Pay,48.17,Paid
17336,17336,2024-11-01,Mobile Pay,21.79,Paid
17337,17337,2024-12-01,Mobile Pay,29.17,Refunded
17338,17338,2024-10-27,Card,19.62,Refunded
17339,17339,2024-06-01,Card,32.81,Refunded
17340,17340,2024-07-29,Card,11.25,Paid
17341,17341,2024-08-01,Cash,20.92,Paid
17342,17342,2024-10-15,Cash,17.81,Paid
17343,17343,2024-11-03,Card,23.26,Paid
17344,17344,2024-06-20,Mobile Pay,37.16,Paid
17345,17345,2024-02-14,Card,33.88,Paid
17346,17346,2024-03-15,Cash,21.70,Paid
17347,17347,2024-10-14,Mobile Pay,58.80,Refunded
17348,17348,2024-04-21,Cash,27.15,Paid
17349,17349,2024-02-23,Mobile Pay,26.60,Paid
17350,17350,2024-08-03,Mobile Pay,36.30,Paid
17351,17351,2024-03-23,Mobile Pay,18.58,Paid
17352,17352,2024-01-20,Cash,13.98,Paid
17353,17353,2024-12-28,Card,20.22,Paid
17354,17354,2024-06-12,Card,14.18,Refunded
17355,17355,2024-07-08,Card,57.58,Paid
17356,17356,2024-08-15,Mobile Pay,8.96,Paid
17357,17357,2024-08-07,Cash,37.41,Paid
17358,17358,2024-09-04,Cash,20.85,Refunded
17359,17359,2024-12-17,Mobile Pay,20.43,Paid
17360,17360,2024-05-14,Mobile Pay,21.46,Paid
17361,17361,2024-03-03,Cash,41.08,Paid
17362,17362,2024-02-16,Mobile Pay,30.92,Paid
17363,17363,2024-06-18,Cash,66.64,Paid
17364,17364,2024-09-01,Cash,12.87,Paid
17365,17365,2024-06-30,Card,44.21,Refunded
17366,17366,2024-06-17,Mobile Pay,16.36,Paid
17367,17367,2024-11-11,Mobile Pay,39.64,Refunded
17368,17368,2024-02-21,Mobile Pay,20.89,Refunded
17369,17369,2024-05-25,Mobile Pay,20.44,Paid
17370,17370,2024-09-21,Cash,40.31,Paid
17371,17371,2024-05-25,Card,57.75,Paid
17372,17372,2024-04-13,Cash,102.19,Paid
17373,17373,2024-11-10,Card,17.50,Refunded
17374,17374,2024-06-08,Mobile Pay,17.74,Paid
17375,17375,2024-11-14,Card,40.66,Paid
17376,17376,2024-08-26,Cash,27.70,Refunded
17377,17377,2024-05-02,Card,24.72,Paid
17378,17378,2024-03-10,Card,17.18,Paid
17379,17379,2024-04-01,Card,30.62,Paid
17380,17380,2024-03-01,Cash,8.55,Paid
17381,17381,2024-02-19,Card,15.70,Refunded
17382,17382,2024-11-20,Cash,13.03,Paid
17383,17383,2024-04-04,Mobile Pay,22.76,Refunded
17384,17384,2024-08-07,Cash,28.19,Paid
17385,17385,2024-05-03,Cash,20.84,Paid
17386,17386,2024-09-16,Card,14.92,Paid
17387,17387,2024-11-27,Card,18.34,Refunded
17388,17388,2024-08-07,Mobile Pay,43.32,Refunded
17389,17389,2024-08-12,Card,19.37,Refunded
17390,17390,2024-09-28,Cash,37.48,Paid
17391,17391,2024-10-10,Cash,44.83,Paid
17392,17392,2024-02-29,Cash,80.54,Refunded
17393,17393,2024-01-24,Mobile Pay,38.24,Refunded
17394,17394,2024-03-01,Card,40.80,Refunded
17395,17395,2024-11-08,Mobile Pay,28.19,Refunded
17396,17396,2024-08-24,Mobile Pay,12.30,Paid
17397,17397,2024-09-28,Mobile Pay,30.67,Refunded
17398,17398,2024-01-10,Cash,18.04,Paid
17399,17399,2024-09-23,Card,15.16,Paid
17400,17400,2024-10-01,Mobile Pay,49.41,Refunded
17401,17401,2024-05-18,Mobile Pay,19.58,Paid
17402,17402,2024-11-03,Mobile Pay,26.15,Paid
17403,17403,2024-10-05,Cash,9.00,Refunded
17404,17404,2024-11-08,Cash,14.58,Refunded
17405,17405,2024-01-09,Mobile Pay,32.66,Paid
17406,17406,2024-12-24,Card,27.21,Paid
17407,17407,2024-09-07,Cash,15.51,Paid
17408,17408,2024-09-24,Mobile Pay,37.41,Refunded
17409,17409,2024-04-06,Cash,33.11,Refunded
17410,17410,2024-11-28,Card,32.37,Paid
17411,17411,2024-03-28,Cash,8.16,Paid
17412,17412,2024-02-26,Card,8.16,Paid
17413,17413,2024-08-18,Card,37.57,Paid
17414,17414,2024-12-22,Cash,44.31,Paid
17415,17415,2024-06-21,Mobile Pay,70.04,Paid
17416,17416,2024-03-16,Card,18.83,Paid
17417,17417,2024-03-18,Card,36.55,Paid
17418,17418,2024-09-25,Mobile Pay,14.31,Paid
17419,17419,2024-01-11,Cash,12.67,Paid
17420,17420,2024-08-25,Cash,20.50,Refunded
17421,17421,2024-10-07,Cash,25.30,Paid
17422,17422,2024-04-21,Card,17.16,Paid
17423,17423,2024-04-20,Mobile Pay,15.97,Paid
17424,17424,2024-07-18,Cash,18.76,Paid
17425,17425,2024-03-30,Cash,27.61,Refunded
17426,17426,2024-10-14,Mobile Pay,17.19,Paid
17427,17427,2024-12-11,Mobile Pay,22.08,Paid
17428,17428,2024-03-05,Card,16.53,Paid
17429,17429,2024-04-04,Card,35.50,Paid
17430,17430,2024-09-09,Mobile Pay,15.82,Paid
17431,17431,2024-03-15,Cash,21.74,Paid
17432,17432,2024-09-30,Cash,17.97,Paid
17433,17433,2024-01-16,Card,7.98,Paid
17434,17434,2024-09-25,Card,12.64,Refunded
17435,17435,2024-07-16,Mobile Pay,11.87,Paid
17436,17436,2024-08-11,Mobile Pay,50.01,Paid
17437,17437,2024-03-16,Card,26.04,Paid
17438,17438,2024-04-05,Card,21.48,Paid
17439,17439,2024-08-07,Mobile Pay,20.64,Paid
17440,17440,2024-11-02,Mobile Pay,16.18,Paid
17441,17441,2024-01-18,Card,35.74,Paid
17442,17442,2024-05-04,Card,29.11,Refunded
17443,17443,2024-04-02,Card,28.59,Paid
17444,17444,2024-01-07,Cash,17.32,Paid
17445,17445,2024-12-04,Mobile Pay,12.09,Paid
17446,17446,2024-08-29,Card,23.19,Paid
17447,17447,2024-10-28,Mobile Pay,16.99,Paid
17448,17448,2024-09-24,Card,35.44,Refunded
17449,17449,2024-09-04,Mobile Pay,37.18,Refunded
17450,17450,2024-02-04,Mobile Pay,21.38,Paid
17451,17451,2024-04-12,Card,26.43,Paid
17452,17452,2024-03-08,Mobile Pay,62.36,Paid
17453,17453,2024-11-11,Mobile Pay,17.63,Paid
17454,17454,2024-04-20,Card,19.25,Paid
17455,17455,2024-11-29,Card,23.06,Paid
17456,17456,2024-11-27,Cash,34.69,Paid
17457,17457,2024-12-23,Card,21.98,Refunded
17458,17458,2024-12-07,Mobile Pay,19.78,Paid
17459,17459,2024-10-26,Cash,30.32,Paid
17460,17460,2024-03-10,Cash,23.79,Refunded
17461,17461,2024-07-12,Card,56.32,Paid
17462,17462,2024-09-09,Mobile Pay,5.43,Paid
17463,17463,2024-07-03,Mobile Pay,12.05,Paid
17464,17464,2024-07-17,Card,27.42,Paid
17465,17465,2024-06-18,Card,43.82,Paid
17466,17466,2024-07-01,Mobile Pay,11.61,Refunded
17467,17467,2024-09-25,Card,34.98,Paid
17468,17468,2024-08-22,Cash,17.08,Paid
17469,17469,2024-01-26,Cash,10.25,Paid
17470,17470,2024-09-18,Cash,24.05,Paid
17471,17471,2024-10-31,Card,18.86,Paid
17472,17472,2024-02-03,Card,18.42,Paid
17473,17473,2024-08-22,Mobile Pay,21.87,Refunded
17474,17474,2025-01-01,Card,78.26,Paid
17475,17475,2024-08-15,Cash,13.76,Refunded
17476,17476,2024-05-17,Card,27.73,Paid
17477,17477,2024-01-15,Cash,9.18,Paid
17478,17478,2024-09-22,Card,19.26,Refunded
17479,17479,2024-06-23,Mobile Pay,9.61,Refunded
17480,17480,2024-08-31,Card,24.30,Refunded
17481,17481,2024-01-27,Mobile Pay,31.94,Refunded
17482,17482,2024-10-29,Card,27.87,Paid
17483,17483,2024-02-09,Cash,20.72,Paid
17484,17484,2024-06-02,Card,39.70,Refunded
17485,17485,2024-12-24,Card,55.33,Paid
17486,17486,2024-09-28,Mobile Pay,21.41,Refunded
17487,17487,2024-05-05,Card,21.42,Paid
17488,17488,2024-03-11,Cash,29.21,Paid
17489,17489,2024-04-16,Card,19.19,Paid
17490,17490,2024-10-24,Mobile Pay,40.34,Refunded
17491,17491,2024-04-15,Cash,9.82,Paid
17492,17492,2024-09-02,Cash,31.12,Paid
17493,17493,2024-01-06,Mobile Pay,51.13,Refunded
17494,17494,2024-10-18,Mobile Pay,11.93,Refunded
17495,17495,2024-11-26,Mobile Pay,13.04,Paid
17496,17496,2024-08-15,Card,17.41,Paid
17497,17497,2024-08-04,Card,17.93,Paid
17498,17498,2024-10-01,Card,15.42,Paid
17499,17499,2024-09-03,Cash,23.69,Paid
17500,17500,2024-06-03,Card,24.17,Refunded
17501,17501,2024-04-26,Card,18.99,Paid
17502,17502,2024-08-01,Cash,20.83,Paid
17503,17503,2024-04-13,Cash,8.92,Refunded
17504,17504,2024-09-15,Cash,37.19,Paid
17505,17505,2024-07-20,Card,19.84,Paid
17506,17506,2024-02-16,Mobile Pay,55.26,Paid
17507,17507,2024-07-27,Card,35.07,Paid
17508,17508,2024-04-19,Mobile Pay,31.14,Paid
17509,17509,2024-01-05,Card,23.10,Paid
17510,17510,2024-01-30,Card,49.77,Paid
17511,17511,2024-04-12,Mobile Pay,22.92,Paid
17512,17512,2024-12-23,Cash,40.98,Paid
17513,17513,2024-08-04,Mobile Pay,40.15,Paid
17514,17514,2024-03-22,Cash,32.67,Refunded
17515,17515,2024-08-31,Card,23.27,Paid
17516,17516,2024-04-28,Card,40.79,Paid
17517,17517,2024-07-11,Cash,14.52,Paid
17518,17518,2024-04-01,Mobile Pay,32.97,Paid
17519,17519,2024-07-06,Card,67.78,Paid
17520,17520,2024-12-13,Mobile Pay,26.67,Paid
17521,17521,2024-08-17,Cash,56.90,Paid
17522,17522,2024-09-03,Card,28.13,Paid
17523,17523,2024-11-01,Mobile Pay,11.22,Refunded
17524,17524,2024-08-14,Cash,13.61,Paid
17525,17525,2024-11-25,Card,17.64,Paid
17526,17526,2024-08-07,Cash,24.65,Paid
17527,17527,2024-07-25,Cash,35.69,Paid
17528,17528,2024-09-24,Card,72.50,Refunded
17529,17529,2024-08-08,Card,26.42,Refunded
17530,17530,2024-05-03,Mobile Pay,12.58,Refunded
17531,17531,2024-08-03,Mobile Pay,38.25,Paid
17532,17532,2024-08-27,Mobile Pay,38.20,Paid
17533,17533,2024-12-04,Card,15.15,Paid
17534,17534,2024-03-29,Card,61.54,Paid
17535,17535,2024-11-02,Cash,48.53,Paid
17536,17536,2024-09-18,Cash,51.14,Paid
17537,17537,2024-02-17,Cash,26.65,Paid
17538,17538,2024-05-19,Cash,17.10,Paid
17539,17539,2024-12-02,Card,29.15,Refunded
17540,17540,2024-10-29,Mobile Pay,22.96,Refunded
17541,17541,2024-04-14,Cash,12.43,Paid
17542,17542,2024-01-04,Cash,43.95,Paid
17543,17543,2024-12-31,Mobile Pay,9.59,Paid
17544,17544,2024-01-15,Mobile Pay,16.75,Paid
17545,17545,2024-02-18,Cash,32.19,Paid
17546,17546,2024-10-31,Card,19.72,Paid
17547,17547,2024-06-29,Mobile Pay,16.24,Paid
17548,17548,2024-09-06,Cash,8.89,Paid
17549,17549,2024-10-20,Card,26.33,Refunded
17550,17550,2024-01-09,Cash,18.98,Refunded
17551,17551,2024-07-07,Mobile Pay,20.16,Paid
17552,17552,2024-04-19,Mobile Pay,9.17,Paid
17553,17553,2024-10-08,Cash,50.29,Paid
17554,17554,2024-10-30,Mobile Pay,44.21,Paid
17555,17555,2024-11-02,Mobile Pay,17.17,Paid
17556,17556,2024-03-21,Cash,23.15,Paid
17557,17557,2024-02-12,Card,27.92,Paid
17558,17558,2024-11-21,Mobile Pay,17.21,Refunded
17559,17559,2024-09-01,Cash,28.51,Paid
17560,17560,2024-06-08,Mobile Pay,10.99,Paid
17561,17561,2024-09-28,Cash,33.47,Refunded
17562,17562,2024-12-26,Cash,26.49,Paid
17563,17563,2024-05-02,Mobile Pay,28.10,Paid
17564,17564,2024-11-21,Mobile Pay,132.12,Refunded
17565,17565,2024-02-05,Cash,14.68,Paid
17566,17566,2024-11-01,Cash,39.72,Paid
17567,17567,2024-04-18,Mobile Pay,26.89,Paid
17568,17568,2024-06-28,Mobile Pay,12.67,Paid
17569,17569,2024-07-27,Cash,22.34,Refunded
17570,17570,2024-01-05,Cash,26.72,Paid
17571,17571,2024-09-29,Cash,20.56,Paid
17572,17572,2024-03-06,Mobile Pay,32.15,Refunded
17573,17573,2024-05-23,Card,26.61,Paid
17574,17574,2024-05-31,Card,10.82,Paid
17575,17575,2024-12-10,Cash,33.52,Paid
17576,17576,2024-10-30,Card,48.43,Paid
17577,17577,2024-08-25,Card,9.04,Paid
17578,17578,2024-05-23,Card,6.84,Refunded
17579,17579,2024-02-13,Card,12.08,Paid
17580,17580,2024-05-14,Card,9.64,Paid
17581,17581,2024-06-22,Card,30.21,Paid
17582,17582,2024-12-18,Mobile Pay,6.69,Paid
17583,17583,2024-03-10,Mobile Pay,23.41,Paid
17584,17584,2024-08-07,Mobile Pay,26.34,Refunded
17585,17585,2024-07-21,Cash,64.91,Paid
17586,17586,2024-07-20,Mobile Pay,65.48,Paid
17587,17587,2024-02-03,Mobile Pay,29.42,Paid
17588,17588,2024-05-07,Card,31.46,Paid
17589,17589,2024-01-24,Mobile Pay,21.05,Paid
17590,17590,2024-01-15,Cash,17.25,Paid
17591,17591,2024-11-17,Cash,48.82,Paid
17592,17592,2024-02-10,Cash,10.16,Paid
17593,17593,2024-12-07,Cash,23.03,Paid
17594,17594,2024-10-28,Mobile Pay,23.69,Paid
17595,17595,2024-05-21,Card,23.50,Paid
17596,17596,2024-04-11,Card,38.15,Paid
17597,17597,2024-04-27,Mobile Pay,13.61,Paid
17598,17598,2024-02-02,Mobile Pay,46.29,Refunded
17599,17599,2024-04-17,Cash,19.80,Refunded
17600,17600,2024-11-04,Mobile Pay,64.62,Paid
17601,17601,2024-08-14,Mobile Pay,68.48,Refunded
17602,17602,2024-07-01,Cash,39.35,Paid
17603,17603,2024-08-19,Mobile Pay,22.77,Paid
17604,17604,2024-11-28,Mobile Pay,36.48,Refunded
17605,17605,2024-10-14,Cash,11.18,Paid
17606,17606,2024-07-05,Cash,26.74,Paid
17607,17607,2024-11-16,Mobile Pay,13.08,Paid
17608,17608,2024-09-03,Card,28.11,Paid
17609,17609,2024-07-07,Mobile Pay,28.04,Paid
17610,17610,2024-04-25,Mobile Pay,46.11,Paid
17611,17611,2024-03-25,Card,13.34,Paid
17612,17612,2024-10-05,Card,70.23,Paid
17613,17613,2024-07-18,Mobile Pay,19.59,Refunded
17614,17614,2024-10-24,Mobile Pay,33.96,Paid
17615,17615,2024-03-15,Cash,61.28,Paid
17616,17616,2024-09-07,Mobile Pay,24.25,Paid
17617,17617,2024-06-25,Cash,30.65,Refunded
17618,17618,2024-08-31,Mobile Pay,12.20,Paid
17619,17619,2024-05-02,Cash,24.26,Paid
17620,17620,2024-08-30,Cash,38.77,Refunded
17621,17621,2024-02-14,Card,8.89,Paid
17622,17622,2024-04-03,Card,54.27,Paid
17623,17623,2024-07-19,Cash,56.24,Paid
17624,17624,2024-12-18,Cash,45.37,Refunded
17625,17625,2024-09-09,Card,21.66,Refunded
17626,17626,2024-06-27,Mobile Pay,18.02,Paid
17627,17627,2024-03-01,Mobile Pay,30.28,Refunded
17628,17628,2024-07-16,Cash,20.33,Paid
17629,17629,2024-04-04,Cash,24.32,Refunded
17630,17630,2024-07-31,Cash,19.58,Paid
17631,17631,2024-10-09,Card,21.96,Paid
17632,17632,2024-06-17,Mobile Pay,72.83,Refunded
17633,17633,2024-03-01,Cash,57.28,Refunded
17634,17634,2024-10-15,Cash,23.04,Paid
17635,17635,2024-03-28,Mobile Pay,20.40,Paid
17636,17636,2024-04-26,Cash,23.42,Paid
17637,17637,2024-09-11,Cash,45.56,Paid
17638,17638,2024-01-19,Card,32.66,Paid
17639,17639,2024-09-11,Mobile Pay,23.88,Refunded
17640,17640,2024-09-20,Cash,18.23,Paid
17641,17641,2024-02-24,Card,27.94,Paid
17642,17642,2024-10-02,Card,57.10,Paid
17643,17643,2024-07-22,Mobile Pay,50.05,Paid
17644,17644,2024-03-28,Cash,17.24,Paid
17645,17645,2024-12-02,Card,42.46,Paid
17646,17646,2024-05-12,Mobile Pay,34.35,Paid
17647,17647,2024-12-24,Mobile Pay,25.93,Paid
17648,17648,2024-04-22,Card,16.55,Refunded
17649,17649,2024-02-08,Card,28.75,Paid
17650,17650,2024-07-13,Cash,10.21,Paid
17651,17651,2024-06-01,Card,14.61,Paid
17652,17652,2024-01-19,Mobile Pay,60.11,Paid
17653,17653,2024-07-12,Mobile Pay,20.80,Paid
17654,17654,2024-01-26,Mobile Pay,67.00,Paid
17655,17655,2024-10-30,Mobile Pay,47.65,Paid
17656,17656,2024-04-29,Cash,17.30,Paid
17657,17657,2024-11-20,Cash,10.48,Paid
17658,17658,2024-03-05,Mobile Pay,30.07,Paid
17659,17659,2024-10-23,Card,31.14,Refunded
17660,17660,2024-08-17,Mobile Pay,33.85,Paid
17661,17661,2024-07-18,Card,40.32,Paid
17662,17662,2024-07-30,Cash,15.44,Paid
17663,17663,2024-05-30,Mobile Pay,49.96,Refunded
17664,17664,2024-06-05,Card,46.53,Paid
17665,17665,2025-01-01,Cash,30.28,Refunded
17666,17666,2024-05-01,Card,17.92,Paid
17667,17667,2024-05-10,Mobile Pay,29.30,Refunded
17668,17668,2024-06-01,Cash,21.66,Paid
17669,17669,2024-02-11,Cash,13.12,Paid
17670,17670,2024-07-13,Card,23.20,Paid
17671,17671,2024-08-18,Cash,16.50,Paid
17672,17672,2024-12-23,Card,28.58,Refunded
17673,17673,2024-10-11,Cash,15.74,Paid
17674,17674,2024-05-16,Mobile Pay,14.42,Paid
17675,17675,2024-09-19,Card,37.88,Paid
17676,17676,2024-11-15,Card,39.34,Paid
17677,17677,2024-03-06,Cash,10.79,Paid
17678,17678,2024-02-09,Cash,15.83,Paid
17679,17679,2024-09-11,Cash,30.45,Paid
17680,17680,2024-08-03,Cash,12.40,Paid
17681,17681,2024-10-14,Mobile Pay,19.47,Refunded
17682,17682,2024-06-16,Mobile Pay,85.70,Paid
17683,17683,2024-02-15,Mobile Pay,28.49,Refunded
17684,17684,2024-01-21,Mobile Pay,13.46,Paid
17685,17685,2024-12-19,Cash,14.09,Paid
17686,17686,2024-12-23,Cash,12.24,Refunded
17687,17687,2024-10-22,Mobile Pay,15.44,Paid
17688,17688,2024-05-15,Cash,15.44,Paid
17689,17689,2024-07-16,Card,29.85,Paid
17690,17690,2024-09-20,Card,24.55,Paid
17691,17691,2024-02-18,Card,14.93,Paid
17692,17692,2024-09-17,Cash,21.03,Refunded
17693,17693,2024-04-19,Card,19.87,Refunded
17694,17694,2024-08-24,Card,9.49,Refunded
17695,17695,2024-12-09,Mobile Pay,53.90,Refunded
17696,17696,2024-12-27,Mobile Pay,14.46,Paid
17697,17697,2024-03-02,Cash,31.96,Refunded
17698,17698,2024-04-11,Card,10.92,Paid
17699,17699,2024-07-13,Mobile Pay,13.80,Paid
17700,17700,2024-10-06,Mobile Pay,93.78,Paid
17701,17701,2024-08-25,Cash,15.07,Refunded
17702,17702,2024-06-22,Cash,15.42,Paid
17703,17703,2024-11-15,Cash,21.27,Paid
17704,17704,2024-03-20,Mobile Pay,21.81,Paid
17705,17705,2024-10-13,Card,9.86,Paid
17706,17706,2024-03-29,Cash,57.21,Paid
17707,17707,2024-02-10,Cash,71.78,Paid
17708,17708,2024-06-30,Card,21.94,Paid
17709,17709,2024-04-13,Mobile Pay,13.25,Paid
17710,17710,2024-05-30,Cash,39.64,Paid
17711,17711,2024-03-29,Cash,15.95,Refunded
17712,17712,2024-02-15,Mobile Pay,24.05,Paid
17713,17713,2024-07-01,Card,14.56,Paid
17714,17714,2024-07-08,Cash,52.01,Paid
17715,17715,2024-04-07,Cash,11.47,Paid
17716,17716,2024-09-18,Mobile Pay,49.42,Paid
17717,17717,2024-04-06,Cash,16.98,Refunded
17718,17718,2024-12-26,Card,17.11,Paid
17719,17719,2024-09-21,Cash,11.06,Paid
17720,17720,2024-06-30,Card,24.83,Paid
17721,17721,2024-06-19,Mobile Pay,15.59,Refunded
17722,17722,2024-11-14,Card,50.13,Paid
17723,17723,2024-11-12,Card,17.32,Paid
17724,17724,2024-07-25,Cash,20.54,Paid
17725,17725,2024-10-30,Card,37.24,Paid
17726,17726,2024-02-22,Card,31.60,Paid
17727,17727,2024-08-09,Cash,61.08,Paid
17728,17728,2024-03-07,Card,77.97,Paid
17729,17729,2024-08-08,Mobile Pay,21.54,Paid
17730,17730,2024-03-06,Card,34.42,Paid
17731,17731,2024-08-10,Cash,25.95,Refunded
17732,17732,2024-07-26,Mobile Pay,6.67,Paid
17733,17733,2024-12-14,Mobile Pay,44.27,Paid
17734,17734,2024-02-03,Mobile Pay,26.04,Paid
17735,17735,2024-02-26,Mobile Pay,22.01,Paid
17736,17736,2024-06-25,Cash,18.86,Refunded
17737,17737,2024-10-08,Mobile Pay,15.14,Refunded
17738,17738,2024-08-04,Mobile Pay,23.60,Paid
17739,17739,2024-07-19,Card,20.11,Refunded
17740,17740,2024-11-30,Cash,43.13,Paid
17741,17741,2024-08-26,Card,15.27,Refunded
17742,17742,2024-02-26,Cash,16.30,Paid
17743,17743,2024-03-10,Card,22.37,Paid
17744,17744,2024-03-09,Card,29.86,Paid
17745,17745,2024-04-06,Card,9.84,Paid
17746,17746,2024-06-14,Card,28.63,Paid
17747,17747,2024-03-05,Cash,23.06,Paid
17748,17748,2024-08-14,Card,24.76,Paid
17749,17749,2024-11-20,Card,13.15,Paid
17750,17750,2024-11-05,Card,16.08,Paid
17751,17751,2024-10-15,Mobile Pay,25.28,Paid
17752,17752,2024-06-24,Cash,24.28,Paid
17753,17753,2024-12-15,Mobile Pay,66.27,Paid
17754,17754,2024-09-29,Mobile Pay,23.48,Paid
17755,17755,2024-02-24,Card,54.20,Paid
17756,17756,2024-02-04,Cash,35.40,Paid
17757,17757,2024-09-06,Cash,49.10,Paid
17758,17758,2024-01-14,Cash,46.98,Paid
17759,17759,2024-05-28,Cash,54.22,Paid
17760,17760,2024-12-13,Card,16.70,Paid
17761,17761,2024-01-16,Cash,14.36,Paid
17762,17762,2024-05-24,Card,31.08,Refunded
17763,17763,2024-06-24,Mobile Pay,31.06,Refunded
17764,17764,2024-08-15,Cash,28.29,Paid
17765,17765,2024-01-13,Card,11.67,Paid
17766,17766,2024-01-24,Cash,16.88,Refunded
17767,17767,2024-07-02,Mobile Pay,20.29,Refunded
17768,17768,2024-04-25,Mobile Pay,13.22,Paid
17769,17769,2024-07-26,Mobile Pay,29.12,Paid
17770,17770,2024-05-12,Cash,22.40,Paid
17771,17771,2024-10-25,Cash,11.55,Refunded
17772,17772,2024-11-19,Cash,14.43,Paid
17773,17773,2024-05-11,Mobile Pay,18.37,Paid
17774,17774,2024-06-09,Cash,44.33,Paid
17775,17775,2024-09-29,Cash,34.90,Paid
17776,17776,2024-02-16,Cash,57.96,Paid
17777,17777,2024-07-02,Cash,34.27,Paid
17778,17778,2024-06-26,Mobile Pay,32.24,Paid
17779,17779,2024-03-01,Mobile Pay,24.12,Paid
17780,17780,2024-01-30,Card,21.97,Paid
17781,17781,2024-02-19,Card,19.70,Paid
17782,17782,2024-08-22,Card,10.52,Refunded
17783,17783,2024-01-28,Mobile Pay,38.07,Refunded
17784,17784,2024-08-28,Mobile Pay,18.06,Refunded
17785,17785,2024-02-17,Cash,24.14,Refunded
17786,17786,2024-06-29,Cash,45.65,Paid
17787,17787,2024-08-08,Card,33.17,Refunded
17788,17788,2024-10-25,Mobile Pay,32.49,Refunded
17789,17789,2024-07-18,Card,18.62,Paid
17790,17790,2024-07-24,Cash,25.62,Refunded
17791,17791,2024-01-08,Cash,20.16,Paid
17792,17792,2024-08-09,Cash,74.44,Paid
17793,17793,2024-01-30,Mobile Pay,61.93,Refunded
17794,17794,2024-01-08,Card,15.33,Refunded
17795,17795,2024-01-07,Cash,13.35,Paid
17796,17796,2024-06-23,Card,29.00,Paid
17797,17797,2024-08-22,Card,29.02,Paid
17798,17798,2024-09-20,Card,21.56,Paid
17799,17799,2024-04-20,Cash,74.00,Refunded
17800,17800,2024-10-05,Card,25.44,Paid
17801,17801,2024-02-02,Cash,25.89,Paid
17802,17802,2024-09-03,Card,47.82,Paid
17803,17803,2024-11-18,Cash,20.48,Refunded
17804,17804,2024-11-27,Cash,45.29,Paid
17805,17805,2024-06-05,Cash,17.88,Paid
17806,17806,2024-10-29,Mobile Pay,15.78,Paid
17807,17807,2024-10-28,Card,29.80,Paid
17808,17808,2024-10-15,Card,86.04,Paid
17809,17809,2024-03-31,Card,18.98,Paid
17810,17810,2024-07-12,Mobile Pay,9.58,Paid
17811,17811,2024-10-03,Card,25.05,Paid
17812,17812,2024-01-16,Mobile Pay,23.76,Paid
17813,17813,2024-11-30,Cash,27.67,Paid
17814,17814,2024-09-20,Card,13.18,Paid
17815,17815,2024-05-15,Cash,17.67,Paid
17816,17816,2024-05-30,Card,23.22,Paid
17817,17817,2024-01-30,Mobile Pay,26.95,Paid
17818,17818,2024-01-22,Card,16.20,Paid
17819,17819,2024-02-08,Cash,12.88,Paid
17820,17820,2024-05-17,Mobile Pay,27.46,Paid
17821,17821,2024-04-11,Mobile Pay,27.98,Refunded
17822,17822,2024-05-16,Card,16.45,Paid
17823,17823,2024-11-28,Mobile Pay,26.74,Refunded
17824,17824,2024-02-08,Cash,30.94,Paid
17825,17825,2024-07-26,Mobile Pay,18.78,Paid
17826,17826,2024-01-09,Cash,26.23,Paid
17827,17827,2024-02-09,Card,10.03,Paid
17828,17828,2024-08-16,Cash,56.35,Refunded
17829,17829,2024-07-18,Mobile Pay,29.01,Paid
17830,17830,2024-04-27,Cash,61.22,Refunded
17831,17831,2024-12-18,Mobile Pay,26.63,Paid
17832,17832,2024-10-24,Mobile Pay,24.57,Paid
17833,17833,2024-11-19,Card,22.52,Paid
17834,17834,2024-07-24,Mobile Pay,26.94,Paid
17835,17835,2024-10-12,Cash,52.66,Paid
17836,17836,2024-03-01,Cash,25.50,Paid
17837,17837,2024-07-29,Mobile Pay,67.21,Refunded
17838,17838,2024-05-16,Mobile Pay,29.23,Paid
17839,17839,2024-09-19,Cash,29.47,Refunded
17840,17840,2024-07-07,Mobile Pay,36.35,Paid
17841,17841,2024-10-26,Mobile Pay,5.62,Paid
17842,17842,2024-01-23,Card,7.89,Paid
17843,17843,2024-07-03,Mobile Pay,16.30,Paid
17844,17844,2024-03-09,Mobile Pay,36.45,Refunded
17845,17845,2024-10-01,Card,37.42,Paid
17846,17846,2024-09-30,Mobile Pay,9.14,Paid
17847,17847,2024-10-14,Cash,30.34,Paid
17848,17848,2024-05-18,Mobile Pay,23.87,Paid
17849,17849,2024-08-03,Mobile Pay,8.26,Paid
17850,17850,2024-11-04,Mobile Pay,35.95,Paid
17851,17851,2024-02-19,Cash,49.77,Paid
17852,17852,2024-01-17,Mobile Pay,33.89,Paid
17853,17853,2024-08-15,Card,91.14,Paid
17854,17854,2024-10-14,Mobile Pay,8.22,Refunded
17855,17855,2024-12-01,Card,13.86,Paid
17856,17856,2024-10-15,Card,25.90,Paid
17857,17857,2024-11-04,Card,9.53,Paid
17858,17858,2024-09-27,Card,18.62,Paid
17859,17859,2024-04-28,Cash,19.32,Refunded
17860,17860,2024-07-09,Card,29.01,Paid
17861,17861,2024-07-11,Card,55.13,Refunded
17862,17862,2024-09-22,Cash,11.85,Refunded
17863,17863,2024-11-01,Mobile Pay,26.94,Refunded
17864,17864,2024-11-11,Card,19.60,Refunded
17865,17865,2024-09-26,Card,20.26,Refunded
17866,17866,2024-06-30,Card,33.02,Paid
17867,17867,2024-03-04,Card,17.54,Paid
17868,17868,2024-11-24,Card,19.35,Paid
17869,17869,2024-05-02,Mobile Pay,23.85,Paid
17870,17870,2024-11-24,Card,30.91,Paid
17871,17871,2024-05-27,Mobile Pay,29.82,Paid
17872,17872,2024-12-15,Mobile Pay,15.85,Paid
17873,17873,2024-01-25,Mobile Pay,26.14,Refunded
17874,17874,2024-09-05,Card,25.25,Paid
17875,17875,2024-07-22,Cash,16.73,Paid
17876,17876,2024-08-02,Cash,28.26,Refunded
17877,17877,2024-11-10,Mobile Pay,29.83,Paid
17878,17878,2024-08-28,Mobile Pay,31.16,Paid
17879,17879,2024-12-23,Cash,12.00,Paid
17880,17880,2024-08-14,Card,35.39,Paid
17881,17881,2024-06-08,Cash,23.29,Refunded
17882,17882,2024-05-14,Cash,69.97,Refunded
17883,17883,2024-12-06,Card,34.44,Paid
17884,17884,2024-12-02,Mobile Pay,28.20,Refunded
17885,17885,2024-02-22,Mobile Pay,69.34,Paid
17886,17886,2024-12-02,Mobile Pay,39.73,Refunded
17887,17887,2024-09-25,Card,20.02,Paid
17888,17888,2024-04-12,Cash,9.15,Paid
17889,17889,2024-06-04,Card,36.80,Paid
17890,17890,2024-09-06,Cash,39.82,Refunded
17891,17891,2024-10-04,Card,21.68,Refunded
17892,17892,2024-07-02,Card,16.54,Refunded
17893,17893,2024-09-07,Card,21.17,Paid
17894,17894,2024-03-14,Mobile Pay,11.43,Paid
17895,17895,2024-06-12,Mobile Pay,20.35,Paid
17896,17896,2024-10-26,Mobile Pay,42.22,Paid
17897,17897,2024-06-08,Cash,30.98,Paid
17898,17898,2024-11-29,Cash,20.60,Paid
17899,17899,2024-02-11,Card,33.95,Paid
17900,17900,2024-04-18,Cash,28.65,Paid
17901,17901,2024-08-27,Cash,18.82,Paid
17902,17902,2024-03-12,Cash,14.61,Refunded
17903,17903,2024-02-21,Mobile Pay,36.66,Paid
17904,17904,2024-06-22,Mobile Pay,20.92,Paid
17905,17905,2024-02-10,Mobile Pay,19.94,Paid
17906,17906,2024-02-03,Cash,11.27,Paid
17907,17907,2024-03-27,Card,20.22,Paid
17908,17908,2024-07-31,Cash,22.28,Paid
17909,17909,2024-08-21,Card,47.97,Paid
17910,17910,2024-03-15,Mobile Pay,20.44,Paid
17911,17911,2024-12-18,Card,28.37,Paid
17912,17912,2024-05-14,Card,38.53,Paid
17913,17913,2024-04-08,Cash,13.23,Paid
17914,17914,2024-03-15,Cash,25.12,Paid
17915,17915,2024-08-21,Mobile Pay,20.79,Paid
17916,17916,2024-08-14,Mobile Pay,17.28,Paid
17917,17917,2024-12-05,Card,10.70,Paid
17918,17918,2024-07-27,Cash,22.90,Paid
17919,17919,2024-03-08,Mobile Pay,17.23,Paid
17920,17920,2024-04-05,Card,31.55,Refunded
17921,17921,2024-03-19,Card,25.96,Paid
17922,17922,2024-12-08,Card,25.33,Paid
17923,17923,2024-04-29,Cash,23.99,Paid
17924,17924,2024-05-03,Cash,18.73,Paid
17925,17925,2024-10-31,Card,62.78,Paid
17926,17926,2024-03-05,Cash,22.09,Paid
17927,17927,2024-01-31,Mobile Pay,27.31,Paid
17928,17928,2024-02-27,Card,21.70,Paid
17929,17929,2024-07-27,Cash,18.18,Refunded
17930,17930,2024-08-05,Cash,52.04,Refunded
17931,17931,2024-04-29,Mobile Pay,24.30,Paid
17932,17932,2024-01-30,Mobile Pay,15.52,Refunded
17933,17933,2024-01-19,Cash,24.98,Refunded
17934,17934,2024-08-17,Mobile Pay,30.28,Paid
17935,17935,2024-06-25,Card,14.80,Paid
17936,17936,2024-07-17,Mobile Pay,49.15,Paid
17937,17937,2024-04-28,Mobile Pay,48.97,Paid
17938,17938,2024-05-29,Card,88.48,Refunded
17939,17939,2024-10-24,Card,24.20,Paid
17940,17940,2024-07-11,Card,16.54,Paid
17941,17941,2024-03-17,Cash,32.24,Paid
17942,17942,2024-05-01,Mobile Pay,22.88,Refunded
17943,17943,2024-05-18,Card,27.10,Paid
17944,17944,2024-06-21,Cash,19.33,Paid
17945,17945,2024-03-05,Cash,59.16,Refunded
17946,17946,2024-08-03,Mobile Pay,23.72,Refunded
17947,17947,2024-10-05,Cash,18.73,Paid
17948,17948,2024-01-26,Cash,16.94,Refunded
17949,17949,2024-01-15,Card,19.82,Paid
17950,17950,2024-09-22,Card,27.12,Paid
17951,17951,2024-04-06,Mobile Pay,18.60,Paid
17952,17952,2024-06-05,Card,66.55,Paid
17953,17953,2024-11-22,Mobile Pay,20.53,Paid
17954,17954,2024-06-12,Mobile Pay,12.01,Refunded
17955,17955,2024-03-21,Cash,47.66,Paid
17956,17956,2024-04-15,Mobile Pay,8.14,Paid
17957,17957,2024-09-06,Card,13.32,Paid
17958,17958,2024-11-26,Cash,23.06,Paid
17959,17959,2024-02-14,Card,57.42,Paid
17960,17960,2024-07-07,Card,17.01,Refunded
17961,17961,2024-12-12,Card,12.06,Refunded
17962,17962,2024-08-20,Cash,15.37,Paid
17963,17963,2024-10-09,Card,13.45,Paid
17964,17964,2024-03-04,Cash,42.83,Refunded
17965,17965,2024-12-31,Card,44.98,Paid
17966,17966,2024-08-06,Cash,13.49,Paid
17967,17967,2024-01-09,Card,38.15,Paid
17968,17968,2024-02-23,Mobile Pay,35.46,Paid
17969,17969,2024-08-17,Mobile Pay,25.79,Paid
17970,17970,2024-05-27,Card,19.13,Paid
17971,17971,2024-03-12,Mobile Pay,72.46,Refunded
17972,17972,2024-03-01,Mobile Pay,27.92,Paid
17973,17973,2024-02-27,Cash,14.86,Paid
17974,17974,2024-04-20,Cash,30.32,Refunded
17975,17975,2024-06-19,Mobile Pay,24.16,Refunded
17976,17976,2024-04-21,Cash,13.18,Paid
17977,17977,2024-03-11,Cash,14.08,Paid
17978,17978,2024-12-01,Card,22.41,Paid
17979,17979,2024-06-24,Mobile Pay,67.76,Refunded
17980,17980,2024-04-10,Card,12.14,Paid
17981,17981,2024-05-10,Cash,17.83,Paid
17982,17982,2024-07-02,Card,9.18,Paid
17983,17983,2024-10-21,Mobile Pay,49.49,Paid
17984,17984,2024-05-11,Mobile Pay,38.12,Paid
17985,17985,2024-09-10,Card,6.95,Refunded
17986,17986,2024-11-27,Card,17.93,Paid
17987,17987,2024-08-31,Card,12.27,Paid
17988,17988,2024-09-10,Mobile Pay,43.72,Paid
17989,17989,2024-06-27,Card,12.16,Paid
17990,17990,2024-07-05,Card,47.98,Paid
17991,17991,2024-06-15,Card,16.38,Paid
17992,17992,2024-01-15,Cash,26.40,Paid
17993,17993,2024-10-25,Mobile Pay,12.87,Paid
17994,17994,2024-04-15,Cash,29.97,Paid
17995,17995,2024-01-14,Card,63.10,Paid
17996,17996,2024-12-10,Cash,31.07,Paid
17997,17997,2024-09-26,Cash,44.53,Refunded
17998,17998,2024-10-28,Card,21.23,Refunded
17999,17999,2024-01-09,Mobile Pay,24.55,Refunded
18000,18000,2024-06-03,Mobile Pay,46.41,Paid
18001,18001,2024-07-19,Cash,23.65,Paid
18002,18002,2024-12-24,Card,29.79,Paid
18003,18003,2024-11-25,Cash,20.42,Paid
18004,18004,2024-12-06,Mobile Pay,24.18,Paid
18005,18005,2024-01-02,Card,27.64,Paid
18006,18006,2024-05-18,Cash,18.29,Paid
18007,18007,2024-11-07,Card,51.17,Paid
18008,18008,2024-06-05,Mobile Pay,36.28,Paid
18009,18009,2024-06-27,Mobile Pay,37.58,Refunded
18010,18010,2024-03-07,Card,42.06,Paid
18011,18011,2024-04-06,Card,36.09,Paid
18012,18012,2024-05-28,Cash,32.78,Paid
18013,18013,2024-05-05,Mobile Pay,30.65,Refunded
18014,18014,2024-05-25,Mobile Pay,35.96,Paid
18015,18015,2024-11-14,Mobile Pay,7.41,Refunded
18016,18016,2024-05-28,Mobile Pay,26.08,Refunded
18017,18017,2024-03-21,Card,17.47,Refunded
18018,18018,2024-01-24,Card,19.84,Paid
18019,18019,2024-04-26,Mobile Pay,18.27,Refunded
18020,18020,2024-09-04,Cash,44.20,Paid
18021,18021,2024-06-05,Cash,26.12,Paid
18022,18022,2024-12-21,Cash,17.83,Paid
18023,18023,2024-02-06,Cash,13.87,Paid
18024,18024,2024-03-23,Cash,28.02,Paid
18025,18025,2024-11-06,Mobile Pay,37.71,Paid
18026,18026,2024-02-11,Card,26.86,Paid
18027,18027,2024-12-07,Mobile Pay,13.94,Refunded
18028,18028,2024-02-26,Mobile Pay,66.88,Paid
18029,18029,2024-05-09,Card,14.90,Paid
18030,18030,2024-03-12,Card,33.19,Paid
18031,18031,2024-02-16,Mobile Pay,22.92,Paid
18032,18032,2024-03-27,Cash,17.75,Paid
18033,18033,2024-10-31,Mobile Pay,34.66,Paid
18034,18034,2024-07-12,Card,31.29,Paid
18035,18035,2024-12-12,Mobile Pay,13.62,Paid
18036,18036,2024-10-09,Cash,8.64,Refunded
18037,18037,2024-12-07,Mobile Pay,17.08,Paid
18038,18038,2024-07-04,Mobile Pay,38.94,Refunded
18039,18039,2024-07-24,Mobile Pay,12.14,Paid
18040,18040,2024-11-13,Mobile Pay,10.03,Refunded
18041,18041,2024-06-11,Cash,14.70,Paid
18042,18042,2024-09-15,Cash,25.25,Paid
18043,18043,2024-06-24,Mobile Pay,42.84,Paid
18044,18044,2024-10-10,Card,67.94,Paid
18045,18045,2024-06-06,Card,45.13,Paid
18046,18046,2024-07-08,Cash,30.73,Paid
18047,18047,2024-07-03,Mobile Pay,37.63,Refunded
18048,18048,2024-09-12,Cash,7.81,Paid
18049,18049,2024-08-20,Card,30.53,Paid
18050,18050,2024-02-12,Card,15.16,Paid
18051,18051,2024-01-30,Cash,60.66,Paid
18052,18052,2024-09-02,Mobile Pay,34.43,Paid
18053,18053,2024-02-12,Cash,28.82,Paid
18054,18054,2024-07-30,Mobile Pay,32.39,Paid
18055,18055,2024-11-17,Card,17.68,Paid
18056,18056,2024-01-10,Cash,11.24,Paid
18057,18057,2024-03-25,Mobile Pay,25.11,Paid
18058,18058,2024-03-21,Cash,8.91,Refunded
18059,18059,2024-04-13,Mobile Pay,16.56,Paid
18060,18060,2024-11-16,Card,15.88,Paid
18061,18061,2024-03-21,Cash,36.65,Paid
18062,18062,2024-03-12,Card,23.04,Paid
18063,18063,2024-08-08,Mobile Pay,12.37,Refunded
18064,18064,2024-09-27,Cash,18.65,Paid
18065,18065,2024-01-26,Cash,13.50,Paid
18066,18066,2024-05-27,Mobile Pay,17.02,Paid
18067,18067,2024-11-19,Mobile Pay,8.60,Refunded
18068,18068,2024-01-21,Cash,31.95,Paid
18069,18069,2024-09-07,Cash,28.46,Paid
18070,18070,2024-06-17,Cash,11.67,Paid
18071,18071,2024-03-26,Card,29.18,Paid
18072,18072,2024-01-31,Card,25.90,Refunded
18073,18073,2024-11-25,Cash,26.04,Paid
18074,18074,2024-04-02,Cash,21.84,Refunded
18075,18075,2024-11-07,Cash,25.50,Paid
18076,18076,2024-04-07,Cash,23.34,Paid
18077,18077,2024-09-16,Card,20.47,Paid
18078,18078,2024-09-23,Cash,8.44,Paid
18079,18079,2024-03-03,Mobile Pay,10.83,Paid
18080,18080,2024-03-28,Card,20.99,Paid
18081,18081,2024-09-06,Card,30.81,Paid
18082,18082,2024-09-30,Cash,13.89,Paid
18083,18083,2024-07-01,Mobile Pay,31.48,Refunded
18084,18084,2024-01-14,Cash,28.55,Paid
18085,18085,2024-10-02,Cash,77.98,Paid
18086,18086,2024-10-27,Card,26.71,Paid
18087,18087,2024-06-21,Cash,14.36,Refunded
18088,18088,2024-08-04,Cash,11.36,Paid
18089,18089,2024-12-13,Card,63.07,Paid
18090,18090,2024-03-06,Card,71.07,Paid
18091,18091,2024-04-05,Mobile Pay,25.95,Refunded
18092,18092,2024-05-29,Mobile Pay,21.73,Paid
18093,18093,2024-08-19,Cash,14.54,Paid
18094,18094,2024-03-28,Mobile Pay,20.38,Paid
18095,18095,2024-01-24,Card,25.85,Paid
18096,18096,2024-09-04,Mobile Pay,16.84,Paid
18097,18097,2024-03-12,Card,11.37,Paid
18098,18098,2024-06-01,Cash,12.14,Paid
18099,18099,2024-02-13,Cash,7.22,Paid
18100,18100,2024-12-13,Mobile Pay,38.44,Paid
18101,18101,2024-10-30,Mobile Pay,9.10,Paid
18102,18102,2024-09-24,Mobile Pay,23.16,Refunded
18103,18103,2024-02-03,Mobile Pay,19.38,Refunded
18104,18104,2024-07-18,Card,19.95,Refunded
18105,18105,2024-12-01,Mobile Pay,32.74,Refunded
18106,18106,2024-11-30,Mobile Pay,51.38,Refunded
18107,18107,2024-03-30,Mobile Pay,50.96,Paid
18108,18108,2024-01-12,Cash,28.88,Paid
18109,18109,2024-12-21,Cash,20.90,Paid
18110,18110,2024-11-23,Mobile Pay,13.40,Paid
18111,18111,2024-10-27,Mobile Pay,12.29,Paid
18112,18112,2024-12-15,Card,61.04,Paid
18113,18113,2024-10-22,Mobile Pay,38.03,Paid
18114,18114,2024-10-03,Mobile Pay,7.97,Paid
18115,18115,2024-05-06,Mobile Pay,17.50,Paid
18116,18116,2024-07-12,Card,49.56,Paid
18117,18117,2024-10-18,Mobile Pay,13.10,Paid
18118,18118,2024-09-06,Mobile Pay,38.78,Refunded
18119,18119,2024-06-10,Card,31.51,Paid
18120,18120,2024-10-01,Card,32.78,Paid
18121,18121,2024-04-27,Cash,30.86,Paid
18122,18122,2024-01-20,Card,15.02,Paid
18123,18123,2024-07-06,Mobile Pay,17.43,Paid
18124,18124,2024-08-26,Cash,13.35,Paid
18125,18125,2024-11-06,Card,13.92,Refunded
18126,18126,2024-11-09,Card,55.77,Refunded
18127,18127,2024-04-29,Cash,22.10,Refunded
18128,18128,2024-09-12,Mobile Pay,26.98,Paid
18129,18129,2024-12-26,Cash,64.74,Paid
18130,18130,2024-03-05,Mobile Pay,33.60,Refunded
18131,18131,2024-07-18,Card,46.78,Paid
18132,18132,2024-03-20,Mobile Pay,18.98,Paid
18133,18133,2024-08-05,Card,18.38,Paid
18134,18134,2024-09-18,Mobile Pay,16.08,Paid
18135,18135,2024-01-06,Cash,74.21,Refunded
18136,18136,2024-11-14,Cash,25.35,Paid
18137,18137,2024-02-20,Cash,30.89,Refunded
18138,18138,2024-10-13,Card,33.53,Paid
18139,18139,2024-05-06,Mobile Pay,19.08,Paid
18140,18140,2024-05-10,Mobile Pay,28.51,Paid
18141,18141,2024-03-09,Card,22.23,Refunded
18142,18142,2024-12-13,Cash,47.14,Paid
18143,18143,2024-08-16,Card,17.54,Paid
18144,18144,2024-05-24,Mobile Pay,11.32,Paid
18145,18145,2024-12-22,Cash,22.91,Paid
18146,18146,2024-01-18,Mobile Pay,20.54,Refunded
18147,18147,2024-07-27,Cash,32.09,Paid
18148,18148,2024-12-23,Mobile Pay,58.80,Refunded
18149,18149,2024-05-15,Cash,14.78,Paid
18150,18150,2024-03-18,Mobile Pay,35.17,Paid
18151,18151,2024-07-17,Mobile Pay,27.91,Paid
18152,18152,2024-07-24,Card,25.10,Paid
18153,18153,2024-12-22,Cash,16.57,Refunded
18154,18154,2024-06-23,Card,25.85,Paid
18155,18155,2024-11-22,Cash,18.42,Paid
18156,18156,2024-08-19,Cash,11.97,Paid
18157,18157,2024-02-12,Mobile Pay,39.93,Paid
18158,18158,2024-10-22,Card,7.07,Refunded
18159,18159,2024-01-18,Mobile Pay,19.12,Paid
18160,18160,2024-05-22,Card,15.95,Paid
18161,18161,2024-12-20,Mobile Pay,21.80,Paid
18162,18162,2024-07-12,Card,17.87,Paid
18163,18163,2024-12-22,Cash,21.80,Refunded
18164,18164,2024-09-25,Mobile Pay,27.80,Paid
18165,18165,2024-09-19,Card,25.23,Paid
18166,18166,2024-05-26,Card,20.67,Paid
18167,18167,2024-02-21,Card,23.20,Paid
18168,18168,2024-10-26,Cash,16.12,Paid
18169,18169,2024-10-27,Cash,39.89,Paid
18170,18170,2024-12-25,Cash,36.41,Refunded
18171,18171,2024-07-09,Card,59.38,Paid
18172,18172,2024-01-31,Card,16.66,Paid
18173,18173,2024-02-29,Card,24.20,Paid
18174,18174,2024-04-12,Mobile Pay,12.73,Paid
18175,18175,2024-06-21,Mobile Pay,25.34,Paid
18176,18176,2024-10-04,Card,41.46,Paid
18177,18177,2024-11-08,Cash,27.53,Paid
18178,18178,2024-03-07,Card,29.15,Paid
18179,18179,2024-12-23,Card,36.26,Paid
18180,18180,2024-01-12,Card,37.93,Paid
18181,18181,2024-03-21,Card,21.51,Paid
18182,18182,2024-11-29,Cash,30.18,Refunded
18183,18183,2024-07-22,Cash,18.24,Paid
18184,18184,2024-01-05,Mobile Pay,20.52,Refunded
18185,18185,2024-06-22,Mobile Pay,25.78,Paid
18186,18186,2024-05-19,Mobile Pay,12.96,Paid
18187,18187,2024-05-14,Cash,30.55,Paid
18188,18188,2024-11-23,Cash,24.90,Paid
18189,18189,2024-03-07,Mobile Pay,33.61,Paid
18190,18190,2024-10-18,Card,13.94,Paid
18191,18191,2024-08-29,Card,44.29,Paid
18192,18192,2024-10-31,Mobile Pay,30.60,Paid
18193,18193,2024-07-01,Cash,23.01,Paid
18194,18194,2024-01-01,Mobile Pay,48.06,Paid
18195,18195,2024-12-03,Card,36.20,Paid
18196,18196,2024-07-03,Cash,32.71,Refunded
18197,18197,2024-10-01,Card,20.90,Refunded
18198,18198,2024-10-31,Cash,10.47,Paid
18199,18199,2024-08-16,Card,13.29,Paid
18200,18200,2024-05-18,Cash,52.10,Paid
18201,18201,2024-06-14,Mobile Pay,49.14,Paid
18202,18202,2024-05-13,Card,26.47,Refunded
18203,18203,2024-02-29,Mobile Pay,27.68,Paid
18204,18204,2024-10-29,Mobile Pay,52.03,Paid
18205,18205,2024-01-12,Card,10.51,Paid
18206,18206,2024-10-14,Mobile Pay,14.62,Paid
18207,18207,2024-12-10,Card,16.68,Paid
18208,18208,2024-06-28,Mobile Pay,17.18,Paid
18209,18209,2024-09-14,Card,21.02,Paid
18210,18210,2024-04-27,Card,20.30,Paid
18211,18211,2024-12-16,Card,21.54,Paid
18212,18212,2024-10-30,Mobile Pay,19.76,Paid
18213,18213,2024-03-17,Card,37.26,Paid
18214,18214,2024-11-13,Mobile Pay,17.99,Paid
18215,18215,2024-04-10,Cash,22.33,Paid
18216,18216,2024-12-20,Cash,75.45,Refunded
18217,18217,2024-03-12,Card,16.16,Refunded
18218,18218,2024-08-29,Mobile Pay,28.08,Paid
18219,18219,2024-05-11,Mobile Pay,15.89,Refunded
18220,18220,2024-03-23,Cash,56.07,Paid
18221,18221,2024-12-19,Card,62.52,Paid
18222,18222,2024-09-30,Mobile Pay,20.13,Paid
18223,18223,2024-01-27,Card,33.24,Paid
18224,18224,2024-04-28,Mobile Pay,43.23,Paid
18225,18225,2024-09-15,Cash,42.13,Paid
18226,18226,2024-12-06,Card,17.92,Paid
18227,18227,2024-12-12,Card,38.99,Paid
18228,18228,2024-12-17,Cash,11.62,Paid
18229,18229,2024-05-28,Card,16.77,Paid
18230,18230,2024-08-16,Mobile Pay,35.35,Refunded
18231,18231,2024-06-11,Cash,6.69,Paid
18232,18232,2024-03-27,Card,27.02,Paid
18233,18233,2024-11-30,Cash,26.61,Paid
18234,18234,2024-12-06,Cash,32.22,Paid
18235,18235,2024-03-11,Cash,22.19,Paid
18236,18236,2024-02-04,Cash,33.85,Paid
18237,18237,2024-03-04,Cash,20.16,Paid
18238,18238,2024-10-22,Cash,28.16,Paid
18239,18239,2024-02-14,Card,25.51,Refunded
18240,18240,2024-03-12,Cash,23.78,Refunded
18241,18241,2024-12-31,Cash,9.93,Refunded
18242,18242,2024-03-30,Mobile Pay,26.12,Paid
18243,18243,2024-09-10,Cash,17.74,Paid
18244,18244,2024-07-23,Mobile Pay,14.75,Paid
18245,18245,2024-10-21,Mobile Pay,28.01,Paid
18246,18246,2024-02-12,Card,37.27,Paid
18247,18247,2024-01-11,Cash,14.73,Paid
18248,18248,2024-12-31,Card,33.51,Paid
18249,18249,2024-07-31,Card,11.68,Refunded
18250,18250,2024-02-01,Mobile Pay,26.34,Paid
18251,18251,2024-01-05,Mobile Pay,17.69,Paid
18252,18252,2024-09-07,Mobile Pay,17.99,Refunded
18253,18253,2024-10-07,Cash,9.38,Paid
18254,18254,2024-10-05,Mobile Pay,9.62,Paid
18255,18255,2024-08-30,Mobile Pay,85.62,Paid
18256,18256,2024-09-08,Card,23.28,Refunded
18257,18257,2024-09-12,Cash,28.73,Paid
18258,18258,2024-09-13,Mobile Pay,19.04,Refunded
18259,18259,2024-09-04,Cash,14.12,Paid
18260,18260,2024-05-09,Card,15.84,Paid
18261,18261,2024-10-23,Mobile Pay,17.30,Paid
18262,18262,2024-12-16,Card,23.85,Paid
18263,18263,2024-11-09,Cash,38.75,Paid
18264,18264,2024-05-09,Card,30.17,Refunded
18265,18265,2024-10-08,Mobile Pay,50.85,Paid
18266,18266,2024-07-23,Card,8.50,Paid
18267,18267,2024-10-26,Mobile Pay,16.69,Paid
18268,18268,2024-12-20,Card,11.94,Paid
18269,18269,2024-10-28,Mobile Pay,14.51,Paid
18270,18270,2024-05-13,Mobile Pay,18.74,Paid
18271,18271,2024-12-30,Mobile Pay,23.88,Refunded
18272,18272,2024-04-26,Cash,13.42,Paid
18273,18273,2024-01-03,Cash,29.79,Paid
18274,18274,2024-04-26,Cash,24.62,Paid
18275,18275,2024-02-09,Mobile Pay,14.02,Paid
18276,18276,2024-09-04,Card,19.48,Refunded
18277,18277,2024-06-13,Mobile Pay,17.52,Paid
18278,18278,2024-01-03,Card,28.26,Paid
18279,18279,2024-05-17,Mobile Pay,51.24,Refunded
18280,18280,2024-12-06,Card,16.72,Paid
18281,18281,2024-11-09,Card,13.40,Paid
18282,18282,2024-06-04,Cash,40.28,Paid
18283,18283,2024-12-31,Mobile Pay,21.82,Paid
18284,18284,2024-05-05,Card,9.62,Paid
18285,18285,2024-10-17,Mobile Pay,14.67,Refunded
18286,18286,2024-10-26,Card,15.41,Refunded
18287,18287,2024-07-14,Card,32.82,Paid
18288,18288,2024-11-28,Cash,71.05,Refunded
18289,18289,2024-12-21,Cash,19.96,Paid
18290,18290,2024-12-01,Mobile Pay,13.91,Paid
18291,18291,2024-02-03,Cash,8.59,Paid
18292,18292,2024-08-06,Cash,23.41,Refunded
18293,18293,2024-12-04,Mobile Pay,26.75,Paid
18294,18294,2024-01-12,Mobile Pay,37.30,Paid
18295,18295,2024-11-18,Card,41.70,Paid
18296,18296,2024-06-09,Mobile Pay,24.15,Paid
18297,18297,2024-12-21,Card,17.48,Paid
18298,18298,2024-02-14,Cash,55.04,Paid
18299,18299,2024-09-09,Cash,25.79,Paid
18300,18300,2024-11-02,Mobile Pay,11.19,Paid
18301,18301,2024-06-01,Mobile Pay,34.61,Paid
18302,18302,2024-05-16,Card,8.37,Paid
18303,18303,2024-08-04,Card,31.05,Paid
18304,18304,2024-08-08,Mobile Pay,14.96,Paid
18305,18305,2024-03-15,Card,23.79,Paid
18306,18306,2024-03-06,Mobile Pay,20.21,Paid
18307,18307,2024-09-06,Cash,50.23,Paid
18308,18308,2024-07-04,Cash,30.49,Paid
18309,18309,2024-06-11,Mobile Pay,14.70,Paid
18310,18310,2024-08-03,Mobile Pay,21.54,Paid
18311,18311,2024-04-26,Cash,18.39,Paid
18312,18312,2024-03-23,Mobile Pay,30.90,Paid
18313,18313,2024-10-22,Mobile Pay,30.75,Paid
18314,18314,2024-06-11,Mobile Pay,35.56,Paid
18315,18315,2024-10-31,Cash,11.25,Refunded
18316,18316,2024-04-20,Mobile Pay,21.90,Paid
18317,18317,2024-07-31,Card,53.74,Paid
18318,18318,2024-12-15,Card,31.48,Paid
18319,18319,2024-08-29,Card,33.44,Refunded
18320,18320,2024-05-04,Cash,25.85,Paid
18321,18321,2024-09-26,Card,16.78,Paid
18322,18322,2024-12-16,Mobile Pay,24.89,Paid
18323,18323,2024-01-16,Card,22.77,Paid
18324,18324,2024-09-16,Card,25.79,Paid
18325,18325,2024-11-18,Card,21.80,Refunded
18326,18326,2024-10-02,Card,24.56,Paid
18327,18327,2024-11-11,Cash,17.60,Paid
18328,18328,2024-02-24,Mobile Pay,14.34,Paid
18329,18329,2024-06-19,Cash,25.24,Paid
18330,18330,2024-01-04,Mobile Pay,48.55,Refunded
18331,18331,2024-06-20,Cash,16.24,Paid
18332,18332,2024-04-24,Mobile Pay,18.64,Paid
18333,18333,2024-04-15,Card,12.15,Refunded
18334,18334,2024-10-10,Cash,11.13,Paid
18335,18335,2024-12-18,Cash,20.70,Paid
18336,18336,2024-10-07,Cash,29.13,Refunded
18337,18337,2024-02-27,Mobile Pay,50.78,Paid
18338,18338,2024-05-23,Mobile Pay,49.81,Paid
18339,18339,2024-03-22,Card,18.30,Refunded
18340,18340,2024-03-09,Cash,13.77,Paid
18341,18341,2024-10-22,Card,21.74,Paid
18342,18342,2024-03-19,Card,21.48,Refunded
18343,18343,2024-03-03,Card,36.36,Paid
18344,18344,2024-06-03,Card,31.60,Paid
18345,18345,2024-02-17,Mobile Pay,19.82,Paid
18346,18346,2024-05-13,Mobile Pay,33.28,Paid
18347,18347,2024-08-09,Mobile Pay,45.59,Paid
18348,18348,2024-10-08,Card,17.57,Refunded
18349,18349,2024-10-08,Mobile Pay,44.19,Paid
18350,18350,2024-01-24,Mobile Pay,17.46,Paid
18351,18351,2024-08-02,Mobile Pay,24.19,Paid
18352,18352,2024-12-06,Card,10.30,Paid
18353,18353,2024-09-20,Cash,17.21,Paid
18354,18354,2024-05-20,Card,29.33,Paid
18355,18355,2024-08-28,Cash,17.78,Paid
18356,18356,2024-06-20,Card,6.27,Paid
18357,18357,2024-03-27,Mobile Pay,26.52,Paid
18358,18358,2024-07-20,Card,15.51,Paid
18359,18359,2024-01-24,Card,25.70,Paid
18360,18360,2024-06-04,Mobile Pay,15.03,Paid
18361,18361,2024-09-06,Mobile Pay,79.56,Paid
18362,18362,2024-05-28,Cash,13.07,Refunded
18363,18363,2024-11-11,Mobile Pay,33.45,Paid
18364,18364,2024-01-25,Card,26.08,Paid
18365,18365,2024-12-26,Card,7.58,Refunded
18366,18366,2024-06-26,Card,33.98,Paid
18367,18367,2024-02-29,Card,14.40,Paid
18368,18368,2024-03-27,Cash,41.78,Refunded
18369,18369,2024-10-31,Cash,99.10,Paid
18370,18370,2024-07-04,Mobile Pay,26.06,Refunded
18371,18371,2024-05-01,Card,58.67,Paid
18372,18372,2024-02-10,Card,36.91,Paid
18373,18373,2024-01-12,Card,17.33,Paid
18374,18374,2024-10-27,Cash,28.57,Paid
18375,18375,2024-05-28,Card,21.90,Paid
18376,18376,2024-06-02,Cash,33.90,Paid
18377,18377,2024-04-20,Card,9.37,Paid
18378,18378,2024-05-28,Cash,29.08,Refunded
18379,18379,2024-05-16,Mobile Pay,13.60,Paid
18380,18380,2024-09-13,Cash,38.12,Paid
18381,18381,2024-09-29,Mobile Pay,17.62,Paid
18382,18382,2024-08-23,Mobile Pay,32.68,Paid
18383,18383,2024-01-18,Cash,29.10,Paid
18384,18384,2024-07-28,Card,12.70,Paid
18385,18385,2024-12-14,Mobile Pay,16.10,Refunded
18386,18386,2024-02-15,Card,16.36,Paid
18387,18387,2024-09-01,Mobile Pay,25.44,Paid
18388,18388,2024-06-06,Cash,11.79,Refunded
18389,18389,2024-08-22,Cash,14.89,Paid
18390,18390,2024-02-29,Cash,20.23,Paid
18391,18391,2024-02-22,Cash,46.70,Refunded
18392,18392,2024-05-17,Mobile Pay,40.14,Paid
18393,18393,2024-09-19,Cash,46.12,Paid
18394,18394,2024-11-23,Card,25.89,Paid
18395,18395,2024-05-09,Mobile Pay,13.02,Paid
18396,18396,2024-02-09,Mobile Pay,19.49,Paid
18397,18397,2024-10-19,Cash,24.40,Paid
18398,18398,2024-09-06,Mobile Pay,16.44,Paid
18399,18399,2024-04-01,Card,37.65,Paid
18400,18400,2024-10-21,Card,22.70,Refunded
18401,18401,2024-03-09,Card,61.04,Paid
18402,18402,2024-12-24,Card,10.95,Paid
18403,18403,2024-10-27,Mobile Pay,24.04,Paid
18404,18404,2024-10-20,Cash,23.04,Paid
18405,18405,2024-01-28,Cash,43.09,Paid
18406,18406,2024-09-19,Card,9.11,Paid
18407,18407,2024-12-11,Mobile Pay,28.48,Refunded
18408,18408,2024-07-28,Card,63.97,Refunded
18409,18409,2024-09-20,Mobile Pay,13.52,Paid
18410,18410,2024-06-19,Cash,47.61,Paid
18411,18411,2024-09-22,Cash,59.21,Refunded
18412,18412,2024-04-16,Mobile Pay,40.67,Paid
18413,18413,2024-05-23,Cash,46.75,Refunded
18414,18414,2024-07-26,Cash,35.35,Refunded
18415,18415,2024-05-01,Card,15.46,Refunded
18416,18416,2024-01-17,Card,15.25,Refunded
18417,18417,2024-08-27,Cash,55.07,Refunded
18418,18418,2024-04-12,Cash,10.18,Paid
18419,18419,2024-07-10,Cash,33.39,Paid
18420,18420,2024-04-24,Cash,11.52,Paid
18421,18421,2024-12-19,Cash,47.44,Paid
18422,18422,2024-01-19,Card,33.20,Refunded
18423,18423,2024-03-19,Cash,25.53,Paid
18424,18424,2024-07-28,Mobile Pay,15.28,Paid
18425,18425,2024-12-03,Cash,35.84,Paid
18426,18426,2024-03-12,Cash,29.80,Refunded
18427,18427,2024-03-19,Mobile Pay,12.91,Paid
18428,18428,2024-12-17,Mobile Pay,33.69,Paid
18429,18429,2024-04-11,Cash,54.82,Paid
18430,18430,2024-02-02,Card,36.67,Paid
18431,18431,2024-07-23,Card,25.06,Paid
18432,18432,2024-08-22,Card,11.43,Paid
18433,18433,2024-11-11,Card,22.54,Paid
18434,18434,2024-01-30,Cash,33.75,Paid
18435,18435,2024-02-12,Mobile Pay,25.00,Paid
18436,18436,2024-08-07,Card,27.01,Refunded
18437,18437,2024-06-19,Card,25.66,Refunded
18438,18438,2024-06-16,Card,14.48,Paid
18439,18439,2024-10-23,Card,31.39,Paid
18440,18440,2024-12-23,Cash,56.37,Paid
18441,18441,2024-12-13,Card,27.07,Refunded
18442,18442,2024-02-19,Cash,11.13,Refunded
18443,18443,2024-06-30,Card,33.28,Paid
18444,18444,2024-04-20,Card,14.34,Refunded
18445,18445,2024-06-02,Cash,35.51,Paid
18446,18446,2024-08-08,Cash,19.91,Paid
18447,18447,2024-01-24,Mobile Pay,23.80,Refunded
18448,18448,2024-05-16,Cash,31.79,Refunded
18449,18449,2024-09-16,Mobile Pay,28.98,Paid
18450,18450,2024-02-08,Card,14.99,Refunded
18451,18451,2024-03-31,Mobile Pay,27.82,Refunded
18452,18452,2024-03-04,Mobile Pay,26.40,Paid
18453,18453,2024-06-22,Mobile Pay,13.06,Paid
18454,18454,2024-05-25,Card,35.13,Refunded
18455,18455,2024-05-14,Mobile Pay,27.00,Paid
18456,18456,2024-12-01,Card,7.90,Paid
18457,18457,2024-07-17,Mobile Pay,36.01,Paid
18458,18458,2024-06-09,Cash,17.25,Paid
18459,18459,2024-04-13,Cash,8.10,Paid
18460,18460,2024-11-26,Mobile Pay,18.40,Paid
18461,18461,2024-06-05,Card,14.16,Paid
18462,18462,2024-02-18,Card,18.99,Paid
18463,18463,2024-11-27,Mobile Pay,25.87,Paid
18464,18464,2024-05-31,Mobile Pay,19.79,Paid
18465,18465,2024-10-28,Mobile Pay,19.44,Paid
18466,18466,2024-01-17,Mobile Pay,31.90,Paid
18467,18467,2024-12-26,Mobile Pay,9.54,Refunded
18468,18468,2024-07-06,Mobile Pay,15.06,Paid
18469,18469,2024-08-02,Card,39.13,Paid
18470,18470,2024-06-15,Mobile Pay,19.72,Refunded
18471,18471,2024-07-14,Card,32.93,Refunded
18472,18472,2024-12-06,Mobile Pay,28.94,Paid
18473,18473,2024-09-09,Mobile Pay,10.68,Paid
18474,18474,2024-07-13,Mobile Pay,27.23,Paid
18475,18475,2024-01-26,Card,16.61,Paid
18476,18476,2024-05-18,Card,23.76,Paid
18477,18477,2024-07-18,Card,21.95,Paid
18478,18478,2024-04-18,Cash,11.25,Refunded
18479,18479,2024-11-20,Mobile Pay,52.50,Paid
18480,18480,2024-07-01,Mobile Pay,36.36,Refunded
18481,18481,2024-01-26,Mobile Pay,14.13,Paid
18482,18482,2024-07-30,Cash,10.86,Refunded
18483,18483,2024-01-24,Mobile Pay,24.99,Paid
18484,18484,2024-07-18,Cash,20.50,Paid
18485,18485,2024-05-08,Cash,30.22,Paid
18486,18486,2024-05-07,Card,19.81,Paid
18487,18487,2024-04-09,Cash,17.23,Paid
18488,18488,2024-10-31,Mobile Pay,20.59,Paid
18489,18489,2024-11-04,Mobile Pay,8.86,Paid
18490,18490,2024-01-04,Mobile Pay,32.43,Refunded
18491,18491,2024-04-15,Mobile Pay,8.12,Paid
18492,18492,2024-03-27,Card,39.21,Paid
18493,18493,2024-06-18,Mobile Pay,21.07,Paid
18494,18494,2024-04-10,Mobile Pay,29.55,Paid
18495,18495,2024-07-25,Mobile Pay,8.84,Refunded
18496,18496,2024-05-01,Card,22.08,Paid
18497,18497,2024-12-12,Card,28.68,Paid
18498,18498,2024-03-12,Card,14.07,Refunded
18499,18499,2024-03-28,Cash,44.51,Refunded
18500,18500,2024-02-23,Card,10.64,Refunded
18501,18501,2024-02-01,Card,10.70,Paid
18502,18502,2024-08-17,Card,92.07,Paid
18503,18503,2024-07-15,Mobile Pay,41.65,Refunded
18504,18504,2024-02-17,Mobile Pay,13.67,Paid
18505,18505,2024-11-05,Card,19.51,Paid
18506,18506,2024-11-23,Card,49.22,Paid
18507,18507,2024-12-31,Card,8.95,Paid
18508,18508,2024-10-19,Cash,28.68,Paid
18509,18509,2024-11-02,Cash,49.75,Paid
18510,18510,2024-03-01,Card,34.21,Refunded
18511,18511,2024-03-22,Mobile Pay,18.43,Paid
18512,18512,2024-07-20,Cash,28.45,Paid
18513,18513,2024-12-19,Cash,8.89,Paid
18514,18514,2024-04-09,Cash,28.85,Paid
18515,18515,2024-11-27,Card,18.56,Refunded
18516,18516,2024-04-04,Cash,21.38,Refunded
18517,18517,2024-03-21,Cash,78.87,Paid
18518,18518,2024-06-08,Card,23.04,Paid
18519,18519,2024-05-04,Mobile Pay,30.14,Paid
18520,18520,2024-04-05,Mobile Pay,44.87,Paid
18521,18521,2024-07-05,Card,17.64,Paid
18522,18522,2024-09-08,Card,61.06,Paid
18523,18523,2024-02-05,Cash,65.70,Refunded
18524,18524,2024-05-28,Cash,61.16,Paid
18525,18525,2024-01-23,Cash,17.36,Paid
18526,18526,2024-05-27,Card,32.39,Refunded
18527,18527,2024-08-13,Mobile Pay,49.65,Paid
18528,18528,2024-11-13,Mobile Pay,32.15,Paid
18529,18529,2024-05-17,Card,12.16,Paid
18530,18530,2024-12-02,Card,15.85,Paid
18531,18531,2024-02-19,Cash,9.96,Refunded
18532,18532,2024-01-11,Cash,54.63,Paid
18533,18533,2024-01-28,Cash,51.43,Refunded
18534,18534,2024-10-17,Mobile Pay,87.00,Refunded
18535,18535,2024-02-20,Mobile Pay,8.58,Paid
18536,18536,2024-12-07,Card,9.39,Paid
18537,18537,2024-03-06,Cash,13.38,Paid
18538,18538,2024-04-05,Cash,28.86,Paid
18539,18539,2024-11-28,Mobile Pay,46.22,Paid
18540,18540,2024-10-10,Card,27.40,Paid
18541,18541,2024-04-29,Mobile Pay,27.76,Paid
18542,18542,2024-08-09,Card,15.63,Paid
18543,18543,2024-10-10,Mobile Pay,13.66,Refunded
18544,18544,2024-04-27,Mobile Pay,12.55,Refunded
18545,18545,2024-11-22,Card,23.06,Paid
18546,18546,2024-04-14,Cash,28.23,Paid
18547,18547,2024-10-22,Card,18.85,Refunded
18548,18548,2024-06-07,Card,11.80,Paid
18549,18549,2024-04-01,Cash,35.34,Refunded
18550,18550,2024-12-19,Mobile Pay,46.44,Paid
18551,18551,2024-08-13,Card,41.62,Paid
18552,18552,2024-09-08,Card,21.92,Paid
18553,18553,2024-04-20,Card,12.64,Paid
18554,18554,2024-10-08,Card,42.05,Paid
18555,18555,2024-02-05,Cash,29.12,Paid
18556,18556,2024-09-12,Card,13.32,Paid
18557,18557,2024-01-09,Card,35.30,Refunded
18558,18558,2024-02-14,Cash,49.76,Paid
18559,18559,2024-09-03,Mobile Pay,11.91,Paid
18560,18560,2024-09-16,Card,38.24,Refunded
18561,18561,2024-10-26,Card,64.68,Paid
18562,18562,2024-01-10,Card,50.52,Paid
18563,18563,2024-12-15,Mobile Pay,26.76,Paid
18564,18564,2024-07-12,Card,19.39,Paid
18565,18565,2024-09-30,Cash,9.99,Paid
18566,18566,2024-05-27,Cash,26.78,Paid
18567,18567,2024-10-04,Cash,20.24,Refunded
18568,18568,2024-01-28,Mobile Pay,11.67,Refunded
18569,18569,2024-06-19,Mobile Pay,32.20,Paid
18570,18570,2024-08-11,Cash,15.63,Paid
18571,18571,2024-08-03,Mobile Pay,71.51,Refunded
18572,18572,2024-10-24,Cash,16.03,Paid
18573,18573,2024-09-22,Card,19.60,Paid
18574,18574,2024-06-25,Card,45.27,Paid
18575,18575,2024-01-09,Mobile Pay,11.60,Paid
18576,18576,2024-04-01,Card,18.15,Paid
18577,18577,2024-11-19,Card,48.45,Refunded
18578,18578,2024-05-26,Card,15.01,Paid
18579,18579,2024-04-16,Mobile Pay,38.77,Paid
18580,18580,2024-06-19,Card,25.08,Paid
18581,18581,2024-07-13,Mobile Pay,12.21,Paid
18582,18582,2024-07-28,Cash,63.47,Paid
18583,18583,2024-12-15,Card,18.46,Paid
18584,18584,2024-08-04,Card,16.18,Paid
18585,18585,2024-08-16,Card,8.92,Paid
18586,18586,2024-12-17,Cash,17.27,Paid
18587,18587,2024-09-10,Mobile Pay,8.56,Paid
18588,18588,2024-01-04,Cash,64.21,Refunded
18589,18589,2024-07-26,Cash,72.75,Paid
18590,18590,2024-09-07,Mobile Pay,16.28,Refunded
18591,18591,2024-06-08,Cash,19.64,Paid
18592,18592,2024-03-19,Cash,25.81,Paid
18593,18593,2024-10-14,Cash,35.58,Paid
18594,18594,2024-05-01,Mobile Pay,18.29,Paid
18595,18595,2024-12-18,Card,21.02,Paid
18596,18596,2024-10-16,Cash,34.94,Refunded
18597,18597,2024-08-20,Card,11.31,Refunded
18598,18598,2024-01-17,Mobile Pay,33.54,Paid
18599,18599,2024-09-24,Mobile Pay,16.59,Paid
18600,18600,2024-04-24,Mobile Pay,42.22,Refunded
18601,18601,2024-02-14,Card,36.19,Paid
18602,18602,2024-06-01,Card,36.62,Refunded
18603,18603,2024-04-07,Cash,30.66,Paid
18604,18604,2024-05-23,Cash,14.31,Paid
18605,18605,2024-11-15,Mobile Pay,20.60,Paid
18606,18606,2024-10-15,Card,39.53,Refunded
18607,18607,2024-07-15,Cash,24.31,Refunded
18608,18608,2024-07-09,Cash,43.40,Paid
18609,18609,2024-05-26,Cash,27.53,Paid
18610,18610,2024-10-28,Card,37.48,Paid
18611,18611,2024-04-15,Card,57.11,Refunded
18612,18612,2024-07-23,Mobile Pay,26.61,Paid
18613,18613,2024-11-24,Mobile Pay,18.41,Paid
18614,18614,2024-02-19,Cash,5.87,Paid
18615,18615,2024-07-03,Cash,18.84,Refunded
18616,18616,2024-09-11,Mobile Pay,90.70,Paid
18617,18617,2024-08-24,Mobile Pay,21.42,Paid
18618,18618,2024-07-22,Cash,20.71,Paid
18619,18619,2024-01-05,Cash,27.51,Paid
18620,18620,2024-02-22,Mobile Pay,23.59,Paid
18621,18621,2024-03-29,Card,19.41,Paid
18622,18622,2024-07-22,Cash,26.20,Paid
18623,18623,2024-10-25,Card,22.36,Paid
18624,18624,2024-11-07,Mobile Pay,16.74,Paid
18625,18625,2024-07-11,Card,28.55,Paid
18626,18626,2024-01-22,Card,66.86,Paid
18627,18627,2024-11-09,Card,53.39,Paid
18628,18628,2024-07-26,Cash,19.33,Paid
18629,18629,2024-07-29,Cash,15.17,Paid
18630,18630,2024-07-18,Mobile Pay,52.97,Paid
18631,18631,2024-09-11,Cash,31.25,Refunded
18632,18632,2024-12-04,Card,70.58,Paid
18633,18633,2024-04-19,Cash,43.47,Paid
18634,18634,2024-10-30,Card,21.60,Paid
18635,18635,2024-05-15,Cash,19.10,Paid
18636,18636,2024-10-06,Card,45.28,Paid
18637,18637,2024-07-11,Card,14.40,Paid
18638,18638,2024-11-24,Mobile Pay,42.93,Refunded
18639,18639,2024-04-11,Card,17.94,Paid
18640,18640,2024-08-18,Card,24.52,Refunded
18641,18641,2024-08-15,Mobile Pay,29.88,Paid
18642,18642,2024-04-16,Cash,25.58,Paid
18643,18643,2024-03-27,Cash,18.95,Paid
18644,18644,2024-03-26,Mobile Pay,20.84,Paid
18645,18645,2024-07-10,Cash,16.24,Paid
18646,18646,2024-04-10,Mobile Pay,10.93,Refunded
18647,18647,2024-11-02,Mobile Pay,13.57,Refunded
18648,18648,2024-08-16,Card,31.42,Refunded
18649,18649,2024-11-18,Mobile Pay,20.90,Paid
18650,18650,2024-04-14,Card,36.44,Paid
18651,18651,2024-07-17,Mobile Pay,31.48,Paid
18652,18652,2024-04-21,Cash,60.44,Paid
18653,18653,2024-08-17,Cash,23.02,Refunded
18654,18654,2024-06-09,Card,17.53,Paid
18655,18655,2024-12-26,Cash,37.83,Paid
18656,18656,2024-09-22,Mobile Pay,21.11,Paid
18657,18657,2024-10-29,Mobile Pay,38.38,Refunded
18658,18658,2024-03-30,Card,17.81,Paid
18659,18659,2024-07-06,Card,30.00,Refunded
18660,18660,2024-10-01,Card,34.03,Paid
18661,18661,2024-12-10,Cash,9.99,Paid
18662,18662,2024-08-17,Mobile Pay,21.28,Paid
18663,18663,2024-05-26,Card,19.40,Paid
18664,18664,2024-12-14,Cash,39.08,Paid
18665,18665,2024-05-22,Mobile Pay,25.49,Paid
18666,18666,2024-12-08,Card,28.26,Paid
18667,18667,2024-05-13,Card,66.06,Paid
18668,18668,2024-07-05,Mobile Pay,9.26,Refunded
18669,18669,2024-01-02,Card,13.43,Paid
18670,18670,2024-07-05,Mobile Pay,35.78,Paid
18671,18671,2024-05-08,Card,53.96,Paid
18672,18672,2024-06-02,Card,11.18,Paid
18673,18673,2024-10-09,Card,15.74,Refunded
18674,18674,2024-10-16,Cash,25.77,Refunded
18675,18675,2024-12-30,Mobile Pay,33.50,Refunded
18676,18676,2024-03-16,Card,51.12,Refunded
18677,18677,2024-11-20,Cash,32.90,Paid
18678,18678,2024-04-05,Mobile Pay,16.70,Paid
18679,18679,2024-02-23,Cash,16.68,Refunded
18680,18680,2024-04-05,Mobile Pay,43.65,Paid
18681,18681,2024-04-25,Mobile Pay,7.56,Refunded
18682,18682,2024-08-27,Mobile Pay,58.66,Paid
18683,18683,2024-05-01,Cash,36.76,Paid
18684,18684,2024-09-29,Card,25.84,Paid
18685,18685,2024-07-02,Cash,13.87,Paid
18686,18686,2024-01-11,Cash,17.95,Refunded
18687,18687,2024-10-12,Mobile Pay,36.57,Paid
18688,18688,2024-09-26,Cash,35.23,Paid
18689,18689,2024-06-02,Card,46.65,Paid
18690,18690,2024-08-30,Card,30.65,Refunded
18691,18691,2024-02-03,Cash,12.53,Refunded
18692,18692,2024-06-25,Card,22.32,Refunded
18693,18693,2024-12-21,Mobile Pay,11.74,Paid
18694,18694,2024-11-25,Cash,13.22,Paid
18695,18695,2024-09-01,Card,9.35,Paid
18696,18696,2024-06-08,Cash,15.66,Paid
18697,18697,2024-12-19,Cash,6.35,Refunded
18698,18698,2024-07-01,Mobile Pay,36.68,Paid
18699,18699,2024-04-12,Cash,30.67,Paid
18700,18700,2024-12-22,Mobile Pay,20.43,Paid
18701,18701,2024-10-21,Cash,21.93,Paid
18702,18702,2024-12-18,Mobile Pay,38.38,Paid
18703,18703,2024-08-20,Card,26.94,Refunded
18704,18704,2024-09-10,Cash,44.07,Refunded
18705,18705,2024-03-07,Mobile Pay,15.99,Paid
18706,18706,2024-07-08,Mobile Pay,42.92,Paid
18707,18707,2024-05-18,Mobile Pay,9.24,Refunded
18708,18708,2024-03-01,Mobile Pay,20.76,Paid
18709,18709,2024-04-15,Card,17.99,Paid
18710,18710,2024-12-08,Cash,25.18,Paid
18711,18711,2024-03-28,Cash,17.24,Paid
18712,18712,2024-05-17,Card,7.77,Paid
18713,18713,2024-01-28,Mobile Pay,21.72,Paid
18714,18714,2024-08-14,Cash,19.59,Paid
18715,18715,2024-04-04,Mobile Pay,46.63,Paid
18716,18716,2024-01-11,Cash,50.41,Paid
18717,18717,2024-06-16,Mobile Pay,42.67,Paid
18718,18718,2024-08-21,Card,20.67,Paid
18719,18719,2024-02-13,Cash,27.28,Paid
18720,18720,2024-02-05,Mobile Pay,30.84,Paid
18721,18721,2024-06-05,Card,28.15,Paid
18722,18722,2024-06-14,Cash,18.27,Paid
18723,18723,2024-10-14,Cash,33.39,Paid
18724,18724,2024-12-09,Cash,40.61,Paid
18725,18725,2024-02-14,Card,28.23,Paid
18726,18726,2024-12-10,Card,14.60,Paid
18727,18727,2024-10-23,Cash,11.12,Paid
18728,18728,2024-06-27,Card,18.03,Paid
18729,18729,2024-08-13,Mobile Pay,14.07,Paid
18730,18730,2024-03-12,Card,8.77,Paid
18731,18731,2024-08-29,Cash,15.18,Paid
18732,18732,2024-01-22,Mobile Pay,30.57,Paid
18733,18733,2024-11-29,Card,14.66,Paid
18734,18734,2024-07-08,Mobile Pay,45.39,Paid
18735,18735,2024-05-16,Cash,9.66,Paid
18736,18736,2024-05-27,Cash,25.31,Paid
18737,18737,2024-03-16,Cash,45.84,Paid
18738,18738,2024-04-22,Mobile Pay,28.23,Paid
18739,18739,2024-08-20,Card,33.07,Refunded
18740,18740,2024-09-29,Mobile Pay,65.08,Refunded
18741,18741,2024-03-30,Card,19.51,Paid
18742,18742,2024-06-10,Card,25.91,Paid
18743,18743,2024-03-18,Card,24.86,Paid
18744,18744,2024-03-27,Card,22.86,Paid
18745,18745,2024-06-03,Mobile Pay,26.96,Paid
18746,18746,2024-01-13,Mobile Pay,20.58,Refunded
18747,18747,2024-12-06,Card,21.66,Refunded
18748,18748,2024-05-10,Cash,23.10,Paid
18749,18749,2024-09-30,Mobile Pay,60.24,Paid
18750,18750,2024-02-04,Card,28.22,Paid
18751,18751,2024-08-04,Mobile Pay,19.68,Refunded
18752,18752,2024-12-18,Cash,25.09,Paid
18753,18753,2024-10-02,Mobile Pay,19.96,Paid
18754,18754,2024-08-21,Mobile Pay,10.50,Paid
18755,18755,2024-04-25,Mobile Pay,24.69,Refunded
18756,18756,2024-01-29,Cash,45.77,Paid
18757,18757,2024-07-15,Cash,13.16,Paid
18758,18758,2024-08-31,Card,53.21,Paid
18759,18759,2024-07-05,Cash,36.42,Paid
18760,18760,2024-08-18,Card,35.13,Paid
18761,18761,2024-10-11,Card,24.84,Paid
18762,18762,2024-12-30,Cash,31.14,Paid
18763,18763,2024-02-26,Cash,25.67,Paid
18764,18764,2024-02-24,Cash,22.47,Paid
18765,18765,2024-07-07,Card,18.94,Paid
18766,18766,2024-05-02,Card,26.54,Paid
18767,18767,2024-12-26,Cash,57.14,Paid
18768,18768,2024-02-12,Cash,25.43,Paid
18769,18769,2024-12-23,Card,18.93,Paid
18770,18770,2024-07-28,Cash,15.43,Paid
18771,18771,2024-05-26,Card,28.37,Paid
18772,18772,2024-02-09,Mobile Pay,35.90,Paid
18773,18773,2024-12-17,Card,10.62,Paid
18774,18774,2024-03-02,Cash,45.75,Paid
18775,18775,2024-09-21,Cash,20.70,Paid
18776,18776,2024-01-11,Cash,43.08,Refunded
18777,18777,2024-12-06,Card,36.10,Paid
18778,18778,2024-09-05,Cash,27.43,Paid
18779,18779,2024-02-27,Mobile Pay,12.44,Refunded
18780,18780,2024-09-23,Card,30.01,Refunded
18781,18781,2024-06-11,Card,17.71,Refunded
18782,18782,2024-02-01,Card,62.32,Refunded
18783,18783,2024-09-24,Cash,20.34,Paid
18784,18784,2024-01-12,Card,11.90,Paid
18785,18785,2024-06-03,Cash,11.85,Paid
18786,18786,2024-06-14,Cash,18.80,Paid
18787,18787,2024-11-06,Cash,30.16,Paid
18788,18788,2024-12-11,Card,8.91,Paid
18789,18789,2024-07-24,Mobile Pay,27.28,Paid
18790,18790,2024-05-11,Mobile Pay,40.14,Refunded
18791,18791,2024-04-03,Mobile Pay,22.71,Paid
18792,18792,2024-01-28,Mobile Pay,10.47,Paid
18793,18793,2024-12-22,Mobile Pay,13.48,Paid
18794,18794,2024-11-05,Mobile Pay,38.15,Paid
18795,18795,2024-07-25,Mobile Pay,6.17,Paid
18796,18796,2024-07-28,Cash,12.97,Paid
18797,18797,2024-06-06,Mobile Pay,18.11,Paid
18798,18798,2024-11-30,Mobile Pay,23.70,Paid
18799,18799,2024-05-17,Mobile Pay,21.64,Paid
18800,18800,2024-10-08,Card,34.84,Paid
18801,18801,2024-01-05,Card,49.49,Paid
18802,18802,2024-06-26,Card,43.86,Refunded
18803,18803,2024-09-18,Mobile Pay,6.47,Paid
18804,18804,2024-12-09,Mobile Pay,22.08,Paid
18805,18805,2024-09-05,Mobile Pay,21.88,Paid
18806,18806,2024-05-07,Cash,21.85,Paid
18807,18807,2024-08-03,Mobile Pay,12.23,Paid
18808,18808,2024-04-28,Card,7.97,Paid
18809,18809,2024-08-03,Mobile Pay,37.30,Refunded
18810,18810,2024-12-22,Cash,12.25,Refunded
18811,18811,2024-05-21,Mobile Pay,26.20,Paid
18812,18812,2024-11-05,Cash,54.41,Refunded
18813,18813,2024-03-01,Card,21.21,Refunded
18814,18814,2024-06-22,Card,11.14,Paid
18815,18815,2024-01-08,Cash,31.01,Paid
18816,18816,2024-09-01,Card,24.09,Paid
18817,18817,2024-07-22,Cash,34.63,Paid
18818,18818,2024-10-12,Card,31.59,Paid
18819,18819,2024-03-16,Mobile Pay,19.73,Paid
18820,18820,2024-09-23,Card,14.09,Paid
18821,18821,2024-12-30,Cash,27.28,Paid
18822,18822,2024-08-09,Cash,7.66,Paid
18823,18823,2024-01-03,Mobile Pay,11.55,Refunded
18824,18824,2024-08-08,Card,14.56,Paid
18825,18825,2024-03-21,Mobile Pay,24.87,Refunded
18826,18826,2024-06-26,Mobile Pay,34.92,Paid
18827,18827,2024-09-24,Cash,13.35,Refunded
18828,18828,2024-03-30,Mobile Pay,22.38,Paid
18829,18829,2024-07-01,Cash,37.46,Refunded
18830,18830,2024-03-23,Card,41.75,Paid
18831,18831,2024-03-15,Cash,19.92,Paid
18832,18832,2024-03-22,Cash,16.79,Paid
18833,18833,2024-12-13,Cash,20.53,Paid
18834,18834,2024-10-24,Card,19.95,Paid
18835,18835,2024-02-24,Mobile Pay,28.54,Paid
18836,18836,2024-09-03,Card,21.73,Paid
18837,18837,2024-04-22,Mobile Pay,26.35,Paid
18838,18838,2024-11-28,Card,29.96,Paid
18839,18839,2024-08-25,Mobile Pay,21.70,Paid
18840,18840,2024-04-01,Card,34.59,Paid
18841,18841,2024-02-12,Card,33.80,Paid
18842,18842,2024-05-20,Card,18.60,Refunded
18843,18843,2024-01-23,Card,43.05,Paid
18844,18844,2024-10-27,Card,19.39,Paid
18845,18845,2024-12-25,Card,23.88,Paid
18846,18846,2024-08-22,Mobile Pay,24.26,Paid
18847,18847,2024-06-09,Cash,29.39,Paid
18848,18848,2024-03-12,Mobile Pay,32.36,Paid
18849,18849,2024-11-08,Card,49.70,Paid
18850,18850,2024-08-06,Card,33.30,Paid
18851,18851,2024-09-08,Mobile Pay,34.34,Paid
18852,18852,2024-06-25,Cash,77.33,Paid
18853,18853,2024-01-28,Card,45.70,Paid
18854,18854,2024-03-25,Mobile Pay,17.78,Paid
18855,18855,2024-02-08,Cash,20.50,Paid
18856,18856,2024-11-24,Mobile Pay,15.63,Paid
18857,18857,2024-07-17,Mobile Pay,23.62,Paid
18858,18858,2024-02-18,Card,16.13,Paid
18859,18859,2024-02-20,Cash,33.36,Paid
18860,18860,2024-10-27,Cash,12.82,Paid
18861,18861,2024-04-17,Card,23.26,Paid
18862,18862,2024-09-29,Card,14.53,Paid
18863,18863,2024-10-27,Card,21.76,Paid
18864,18864,2024-06-09,Cash,20.68,Paid
18865,18865,2024-05-25,Mobile Pay,13.46,Refunded
18866,18866,2024-01-19,Cash,21.26,Paid
18867,18867,2024-07-03,Card,14.76,Paid
18868,18868,2024-10-17,Mobile Pay,26.95,Paid
18869,18869,2024-01-15,Mobile Pay,13.09,Paid
18870,18870,2024-12-24,Mobile Pay,64.69,Paid
18871,18871,2024-09-01,Mobile Pay,15.46,Paid
18872,18872,2024-05-15,Card,17.32,Paid
18873,18873,2024-03-13,Mobile Pay,20.96,Refunded
18874,18874,2024-03-10,Card,16.77,Paid
18875,18875,2024-07-30,Cash,77.40,Paid
18876,18876,2024-07-23,Card,25.14,Paid
18877,18877,2024-07-29,Cash,55.31,Refunded
18878,18878,2024-02-06,Cash,16.00,Paid
18879,18879,2024-12-14,Cash,7.81,Paid
18880,18880,2024-05-28,Mobile Pay,13.18,Paid
18881,18881,2024-09-08,Cash,15.41,Refunded
18882,18882,2024-05-24,Mobile Pay,43.90,Paid
18883,18883,2024-11-16,Card,21.26,Refunded
18884,18884,2024-02-05,Cash,11.98,Paid
18885,18885,2024-11-23,Cash,23.98,Paid
18886,18886,2024-08-16,Cash,29.21,Paid
18887,18887,2024-08-02,Cash,38.25,Refunded
18888,18888,2024-12-27,Card,11.03,Paid
18889,18889,2024-07-27,Card,20.24,Refunded
18890,18890,2024-01-23,Cash,51.15,Paid
18891,18891,2024-07-06,Cash,24.34,Paid
18892,18892,2024-11-04,Mobile Pay,22.91,Paid
18893,18893,2024-05-28,Card,21.96,Paid
18894,18894,2024-11-16,Card,47.70,Paid
18895,18895,2024-01-18,Card,30.52,Paid
18896,18896,2024-04-20,Mobile Pay,23.22,Paid
18897,18897,2024-08-18,Card,32.81,Paid
18898,18898,2024-01-20,Card,11.25,Paid
18899,18899,2024-10-25,Card,27.07,Refunded
18900,18900,2024-09-10,Card,21.22,Paid
18901,18901,2024-03-03,Card,21.48,Paid
18902,18902,2024-05-17,Cash,12.44,Paid
18903,18903,2024-11-25,Card,26.43,Refunded
18904,18904,2024-04-01,Cash,34.82,Paid
18905,18905,2024-11-12,Card,37.19,Paid
18906,18906,2024-11-11,Mobile Pay,10.18,Paid
18907,18907,2024-05-11,Cash,31.92,Paid
18908,18908,2024-05-06,Card,20.92,Paid
18909,18909,2024-02-18,Mobile Pay,16.13,Paid
18910,18910,2024-03-01,Card,26.16,Paid
18911,18911,2024-01-10,Cash,8.59,Refunded
18912,18912,2024-04-01,Card,35.40,Paid
18913,18913,2024-07-16,Cash,19.30,Paid
18914,18914,2024-12-31,Card,35.39,Paid
18915,18915,2024-09-01,Cash,18.10,Paid
18916,18916,2024-01-09,Mobile Pay,66.81,Paid
18917,18917,2024-04-06,Card,23.10,Paid
18918,18918,2024-04-19,Card,33.00,Paid
18919,18919,2024-06-24,Cash,18.40,Paid
18920,18920,2024-07-05,Cash,31.42,Paid
18921,18921,2024-09-25,Cash,19.14,Paid
18922,18922,2024-08-30,Card,16.86,Paid
18923,18923,2024-03-24,Cash,14.27,Paid
18924,18924,2024-06-21,Mobile Pay,34.68,Paid
18925,18925,2024-11-03,Mobile Pay,22.10,Paid
18926,18926,2024-04-16,Cash,13.02,Paid
18927,18927,2024-10-04,Card,16.19,Refunded
18928,18928,2024-01-04,Mobile Pay,49.04,Paid
18929,18929,2024-04-04,Cash,14.94,Paid
18930,18930,2024-08-19,Mobile Pay,65.32,Paid
18931,18931,2024-04-29,Cash,12.78,Paid
18932,18932,2024-03-12,Card,43.49,Paid
18933,18933,2024-08-06,Mobile Pay,31.93,Paid
18934,18934,2024-03-12,Cash,17.40,Paid
18935,18935,2024-06-27,Card,12.19,Paid
18936,18936,2024-11-24,Card,25.75,Paid
18937,18937,2024-11-15,Mobile Pay,24.17,Refunded
18938,18938,2024-03-19,Cash,28.60,Refunded
18939,18939,2024-03-28,Mobile Pay,24.92,Paid
18940,18940,2024-01-28,Cash,33.25,Refunded
18941,18941,2024-07-16,Cash,17.44,Paid
18942,18942,2024-08-03,Cash,22.73,Paid
18943,18943,2024-12-17,Mobile Pay,38.13,Refunded
18944,18944,2024-11-07,Mobile Pay,58.64,Paid
18945,18945,2024-09-05,Cash,31.24,Paid
18946,18946,2024-01-23,Card,46.01,Paid
18947,18947,2024-08-07,Mobile Pay,61.24,Paid
18948,18948,2024-01-16,Card,8.63,Paid
18949,18949,2024-09-13,Card,18.88,Paid
18950,18950,2024-08-22,Cash,56.87,Paid
18951,18951,2024-08-24,Card,29.47,Paid
18952,18952,2024-10-08,Card,19.75,Paid
18953,18953,2024-11-18,Cash,31.84,Refunded
18954,18954,2024-12-17,Mobile Pay,30.79,Paid
18955,18955,2024-12-13,Mobile Pay,11.05,Paid
18956,18956,2024-04-04,Cash,17.32,Paid
18957,18957,2024-11-02,Card,44.33,Paid
18958,18958,2024-11-19,Card,34.56,Paid
18959,18959,2024-04-12,Mobile Pay,41.56,Paid
18960,18960,2024-02-26,Cash,34.55,Refunded
18961,18961,2024-12-24,Cash,24.82,Paid
18962,18962,2024-01-30,Mobile Pay,18.80,Paid
18963,18963,2024-03-08,Cash,15.98,Refunded
18964,18964,2024-01-12,Card,10.15,Paid
18965,18965,2024-02-20,Cash,33.78,Refunded
18966,18966,2024-01-16,Cash,21.80,Paid
18967,18967,2024-06-08,Cash,18.84,Paid
18968,18968,2024-09-10,Cash,26.99,Paid
18969,18969,2024-05-08,Cash,19.17,Paid
18970,18970,2024-04-20,Card,21.37,Paid
18971,18971,2024-11-02,Mobile Pay,33.66,Paid
18972,18972,2024-01-24,Mobile Pay,11.38,Paid
18973,18973,2024-06-02,Cash,30.36,Paid
18974,18974,2024-01-28,Cash,19.98,Paid
18975,18975,2024-01-23,Card,59.16,Paid
18976,18976,2024-07-29,Cash,27.41,Paid
18977,18977,2024-07-02,Cash,36.38,Refunded
18978,18978,2024-04-26,Mobile Pay,57.85,Paid
18979,18979,2024-08-15,Card,7.11,Paid
18980,18980,2024-04-18,Cash,36.56,Refunded
18981,18981,2024-08-01,Cash,35.39,Paid
18982,18982,2024-07-19,Card,25.98,Paid
18983,18983,2024-05-23,Card,26.29,Refunded
18984,18984,2024-04-15,Card,14.66,Paid
18985,18985,2024-06-03,Cash,9.95,Paid
18986,18986,2024-07-22,Mobile Pay,28.14,Paid
18987,18987,2024-07-13,Cash,15.23,Paid
18988,18988,2024-06-27,Mobile Pay,9.41,Paid
18989,18989,2024-02-17,Card,32.15,Paid
18990,18990,2024-04-27,Card,19.46,Paid
18991,18991,2024-02-17,Mobile Pay,15.25,Paid
18992,18992,2024-01-07,Card,59.64,Paid
18993,18993,2024-02-27,Cash,15.55,Paid
18994,18994,2024-12-21,Mobile Pay,11.81,Paid
18995,18995,2024-07-14,Cash,59.82,Paid
18996,18996,2024-12-23,Cash,15.90,Paid
18997,18997,2024-03-17,Cash,33.42,Paid
18998,18998,2024-12-02,Card,13.47,Paid
18999,18999,2024-09-22,Cash,29.65,Refunded
19000,19000,2024-06-21,Cash,20.48,Paid
19001,19001,2024-09-13,Card,47.62,Refunded
19002,19002,2024-09-14,Cash,53.23,Paid
19003,19003,2024-02-23,Card,65.23,Paid
19004,19004,2024-10-26,Cash,23.24,Paid
19005,19005,2024-04-07,Card,30.58,Paid
19006,19006,2024-07-14,Card,17.43,Paid
19007,19007,2024-03-25,Card,11.41,Paid
19008,19008,2024-12-31,Cash,53.12,Paid
19009,19009,2024-07-20,Mobile Pay,32.72,Refunded
19010,19010,2024-12-22,Mobile Pay,21.70,Paid
19011,19011,2024-06-28,Cash,44.21,Paid
19012,19012,2024-12-13,Card,27.01,Paid
19013,19013,2024-11-13,Mobile Pay,40.08,Paid
19014,19014,2024-06-03,Cash,16.95,Paid
19015,19015,2024-07-21,Cash,10.08,Paid
19016,19016,2024-08-13,Card,10.29,Paid
19017,19017,2024-04-12,Cash,28.65,Paid
19018,19018,2024-06-29,Cash,65.91,Paid
19019,19019,2024-11-14,Card,18.48,Paid
19020,19020,2024-09-01,Mobile Pay,94.69,Paid
19021,19021,2024-05-28,Mobile Pay,12.29,Paid
19022,19022,2024-10-03,Cash,18.24,Paid
19023,19023,2024-03-12,Cash,22.72,Refunded
19024,19024,2024-07-22,Mobile Pay,22.57,Refunded
19025,19025,2024-10-17,Card,50.80,Refunded
19026,19026,2024-07-13,Card,32.12,Refunded
19027,19027,2024-03-22,Cash,37.64,Paid
19028,19028,2024-09-06,Mobile Pay,54.24,Paid
19029,19029,2024-05-05,Card,10.69,Paid
19030,19030,2024-04-29,Card,26.36,Paid
19031,19031,2024-05-07,Mobile Pay,33.53,Refunded
19032,19032,2024-10-07,Card,11.02,Paid
19033,19033,2024-05-05,Card,25.68,Refunded
19034,19034,2024-10-10,Mobile Pay,36.38,Paid
19035,19035,2024-01-26,Cash,23.71,Paid
19036,19036,2024-06-01,Mobile Pay,44.52,Paid
19037,19037,2024-09-25,Card,27.25,Paid
19038,19038,2024-07-16,Mobile Pay,65.54,Paid
19039,19039,2024-08-28,Mobile Pay,31.72,Refunded
19040,19040,2024-02-21,Mobile Pay,27.10,Paid
19041,19041,2024-12-01,Card,19.29,Refunded
19042,19042,2024-11-29,Mobile Pay,29.72,Paid
19043,19043,2024-04-27,Cash,8.76,Paid
19044,19044,2024-08-29,Mobile Pay,14.73,Paid
19045,19045,2024-11-01,Mobile Pay,47.91,Paid
19046,19046,2024-11-11,Card,18.51,Paid
19047,19047,2024-09-28,Card,10.56,Refunded
19048,19048,2024-01-15,Cash,67.53,Paid
19049,19049,2024-03-18,Cash,24.71,Refunded
19050,19050,2024-10-03,Mobile Pay,43.11,Paid
19051,19051,2024-02-06,Mobile Pay,8.08,Refunded
19052,19052,2024-10-14,Mobile Pay,10.48,Paid
19053,19053,2024-01-21,Cash,19.91,Paid
19054,19054,2024-07-18,Mobile Pay,11.66,Paid
19055,19055,2024-11-09,Mobile Pay,60.99,Paid
19056,19056,2024-04-01,Mobile Pay,16.76,Refunded
19057,19057,2024-10-20,Cash,56.01,Paid
19058,19058,2024-03-18,Cash,12.79,Paid
19059,19059,2024-11-01,Mobile Pay,15.17,Paid
19060,19060,2024-04-21,Card,18.52,Paid
19061,19061,2024-06-02,Mobile Pay,26.44,Paid
19062,19062,2024-05-20,Cash,53.82,Paid
19063,19063,2024-02-19,Mobile Pay,23.16,Paid
19064,19064,2024-10-30,Card,50.33,Paid
19065,19065,2024-09-28,Card,38.18,Refunded
19066,19066,2024-06-28,Cash,12.39,Paid
19067,19067,2024-04-07,Mobile Pay,30.45,Refunded
19068,19068,2024-12-21,Cash,33.03,Paid
19069,19069,2024-01-19,Mobile Pay,48.06,Paid
19070,19070,2024-11-06,Card,61.59,Paid
19071,19071,2024-02-08,Mobile Pay,19.30,Paid
19072,19072,2024-07-14,Mobile Pay,24.69,Paid
19073,19073,2024-07-17,Mobile Pay,57.07,Paid
19074,19074,2024-08-22,Card,106.84,Paid
19075,19075,2024-04-25,Card,14.84,Paid
19076,19076,2024-02-14,Cash,22.66,Paid
19077,19077,2024-06-27,Mobile Pay,20.52,Paid
19078,19078,2024-11-24,Cash,16.42,Paid
19079,19079,2024-02-17,Card,25.74,Paid
19080,19080,2024-08-18,Card,15.85,Paid
19081,19081,2024-05-17,Mobile Pay,32.72,Paid
19082,19082,2024-10-23,Card,18.22,Paid
19083,19083,2024-11-08,Cash,34.14,Paid
19084,19084,2024-09-11,Card,8.63,Paid
19085,19085,2024-10-06,Card,31.40,Paid
19086,19086,2024-11-06,Card,26.18,Paid
19087,19087,2024-05-02,Mobile Pay,26.22,Refunded
19088,19088,2024-08-16,Mobile Pay,13.35,Paid
19089,19089,2024-10-16,Mobile Pay,23.98,Paid
19090,19090,2024-12-05,Card,15.76,Refunded
19091,19091,2024-03-12,Cash,28.32,Refunded
19092,19092,2024-05-30,Cash,24.60,Refunded
19093,19093,2024-07-30,Card,49.20,Paid
19094,19094,2024-12-17,Mobile Pay,18.30,Refunded
19095,19095,2024-08-08,Cash,30.33,Paid
19096,19096,2024-10-31,Card,18.75,Refunded
19097,19097,2024-10-25,Card,27.06,Paid
19098,19098,2024-10-10,Cash,33.22,Paid
19099,19099,2024-05-29,Card,23.28,Paid
19100,19100,2024-09-17,Card,43.04,Paid
19101,19101,2024-12-05,Mobile Pay,18.62,Paid
19102,19102,2024-07-07,Cash,34.28,Paid
19103,19103,2024-07-28,Cash,11.57,Paid
19104,19104,2024-11-01,Card,65.09,Paid
19105,19105,2024-06-08,Card,41.72,Paid
19106,19106,2024-04-11,Mobile Pay,25.62,Paid
19107,19107,2024-08-02,Cash,17.20,Paid
19108,19108,2024-08-04,Card,26.99,Refunded
19109,19109,2024-11-13,Card,7.82,Paid
19110,19110,2024-09-18,Mobile Pay,34.39,Paid
19111,19111,2024-01-16,Card,16.51,Paid
19112,19112,2024-11-22,Cash,30.26,Paid
19113,19113,2024-02-18,Mobile Pay,26.26,Refunded
19114,19114,2024-03-21,Mobile Pay,10.49,Paid
19115,19115,2024-04-20,Card,17.16,Paid
19116,19116,2024-10-26,Mobile Pay,50.49,Paid
19117,19117,2024-10-07,Cash,19.34,Paid
19118,19118,2024-11-27,Mobile Pay,17.06,Paid
19119,19119,2024-06-28,Card,17.74,Paid
19120,19120,2024-10-11,Card,9.28,Paid
19121,19121,2024-08-03,Cash,15.06,Refunded
19122,19122,2024-05-09,Cash,29.67,Paid
19123,19123,2024-11-22,Card,14.04,Refunded
19124,19124,2024-08-30,Cash,17.01,Paid
19125,19125,2024-09-28,Card,20.98,Paid
19126,19126,2024-08-06,Mobile Pay,37.11,Paid
19127,19127,2024-07-16,Card,10.69,Paid
19128,19128,2024-07-08,Mobile Pay,19.60,Paid
19129,19129,2024-05-26,Mobile Pay,22.19,Refunded
19130,19130,2024-10-13,Mobile Pay,32.71,Paid
19131,19131,2024-09-17,Card,21.09,Paid
19132,19132,2024-02-29,Card,61.83,Paid
19133,19133,2024-06-09,Mobile Pay,37.10,Paid
19134,19134,2024-01-15,Card,55.59,Refunded
19135,19135,2024-03-15,Cash,22.17,Paid
19136,19136,2024-05-21,Cash,21.44,Paid
19137,19137,2024-06-22,Cash,19.56,Paid
19138,19138,2024-11-28,Card,24.80,Paid
19139,19139,2024-06-05,Mobile Pay,17.43,Paid
19140,19140,2024-01-13,Mobile Pay,30.38,Refunded
19141,19141,2024-08-04,Card,24.97,Refunded
19142,19142,2024-02-28,Card,39.00,Refunded
19143,19143,2024-07-01,Card,13.09,Refunded
19144,19144,2024-01-11,Cash,32.29,Paid
19145,19145,2024-04-30,Card,13.99,Refunded
19146,19146,2024-11-20,Card,19.98,Paid
19147,19147,2024-05-06,Cash,39.06,Paid
19148,19148,2024-10-29,Cash,14.41,Refunded
19149,19149,2024-09-16,Mobile Pay,25.21,Paid
19150,19150,2024-11-15,Cash,16.95,Paid
19151,19151,2024-05-18,Mobile Pay,24.23,Paid
19152,19152,2024-06-21,Mobile Pay,40.42,Refunded
19153,19153,2024-12-02,Cash,23.23,Paid
19154,19154,2024-05-01,Card,47.05,Paid
19155,19155,2024-11-12,Mobile Pay,19.35,Paid
19156,19156,2024-05-27,Cash,13.63,Paid
19157,19157,2024-07-21,Card,11.13,Paid
19158,19158,2024-08-01,Card,30.01,Paid
19159,19159,2024-09-06,Mobile Pay,45.45,Paid
19160,19160,2024-02-10,Cash,40.16,Refunded
19161,19161,2024-05-18,Mobile Pay,22.72,Paid
19162,19162,2024-10-02,Mobile Pay,7.98,Paid
19163,19163,2024-05-09,Mobile Pay,57.52,Paid
19164,19164,2024-04-25,Mobile Pay,49.92,Paid
19165,19165,2024-02-04,Cash,59.38,Paid
19166,19166,2024-04-02,Mobile Pay,38.75,Refunded
19167,19167,2024-04-27,Mobile Pay,50.58,Paid
19168,19168,2024-03-30,Mobile Pay,35.33,Paid
19169,19169,2024-08-25,Card,24.71,Paid
19170,19170,2024-02-15,Card,25.39,Paid
19171,19171,2024-02-17,Card,26.17,Refunded
19172,19172,2024-06-18,Cash,29.13,Paid
19173,19173,2024-02-19,Cash,53.44,Paid
19174,19174,2024-07-17,Card,18.54,Paid
19175,19175,2024-01-21,Card,13.45,Paid
19176,19176,2024-01-04,Cash,49.15,Paid
19177,19177,2024-11-25,Card,14.34,Paid
19178,19178,2024-04-28,Card,23.82,Paid
19179,19179,2024-09-16,Card,22.36,Paid
19180,19180,2024-08-04,Mobile Pay,49.92,Paid
19181,19181,2024-05-07,Card,30.45,Paid
19182,19182,2024-06-16,Cash,20.79,Paid
19183,19183,2024-09-24,Card,19.46,Refunded
19184,19184,2024-05-09,Card,52.42,Paid
19185,19185,2024-09-14,Cash,7.50,Paid
19186,19186,2024-07-22,Cash,28.07,Refunded
19187,19187,2024-06-02,Card,21.70,Paid
19188,19188,2024-05-10,Cash,32.24,Paid
19189,19189,2024-01-12,Cash,16.26,Paid
19190,19190,2024-08-09,Card,8.12,Paid
19191,19191,2024-11-22,Mobile Pay,14.80,Paid
19192,19192,2024-05-11,Mobile Pay,21.83,Paid
19193,19193,2024-10-07,Cash,32.28,Paid
19194,19194,2024-11-22,Cash,30.01,Paid
19195,19195,2024-06-22,Mobile Pay,22.08,Paid
19196,19196,2024-01-01,Card,18.68,Refunded
19197,19197,2024-02-21,Cash,14.69,Paid
19198,19198,2024-07-22,Card,67.28,Paid
19199,19199,2024-12-24,Mobile Pay,19.94,Paid
19200,19200,2024-11-20,Cash,36.61,Paid
19201,19201,2024-11-03,Cash,26.07,Paid
19202,19202,2024-05-07,Card,11.31,Paid
19203,19203,2024-07-19,Cash,80.65,Paid
19204,19204,2024-11-27,Cash,13.80,Paid
19205,19205,2024-09-19,Cash,54.20,Paid
19206,19206,2024-12-18,Card,52.85,Paid
19207,19207,2024-06-15,Card,23.68,Paid
19208,19208,2024-06-14,Cash,33.05,Paid
19209,19209,2024-11-17,Cash,16.36,Paid
19210,19210,2024-12-25,Mobile Pay,32.06,Refunded
19211,19211,2024-06-18,Card,32.22,Paid
19212,19212,2024-03-12,Mobile Pay,9.48,Refunded
19213,19213,2024-09-01,Mobile Pay,79.19,Paid
19214,19214,2024-08-24,Mobile Pay,40.43,Refunded
19215,19215,2024-12-14,Card,61.73,Paid
19216,19216,2024-09-16,Card,16.51,Paid
19217,19217,2024-11-12,Card,24.66,Paid
19218,19218,2024-03-24,Mobile Pay,16.22,Paid
19219,19219,2024-05-10,Mobile Pay,17.59,Paid
19220,19220,2024-07-10,Cash,23.74,Paid
19221,19221,2024-04-16,Mobile Pay,9.01,Paid
19222,19222,2024-07-19,Mobile Pay,31.24,Paid
19223,19223,2024-01-19,Mobile Pay,24.60,Paid
19224,19224,2024-05-18,Cash,23.88,Paid
19225,19225,2024-12-31,Mobile Pay,34.33,Paid
19226,19226,2024-12-10,Mobile Pay,24.42,Paid
19227,19227,2024-09-26,Mobile Pay,44.47,Refunded
19228,19228,2024-09-12,Card,11.35,Paid
19229,19229,2024-10-25,Cash,25.83,Paid
19230,19230,2024-09-03,Card,29.94,Paid
19231,19231,2024-06-19,Cash,18.41,Paid
19232,19232,2024-02-07,Card,15.77,Paid
19233,19233,2024-08-03,Card,18.13,Paid
19234,19234,2024-09-27,Card,20.94,Refunded
19235,19235,2024-08-07,Cash,22.81,Paid
19236,19236,2024-02-06,Cash,26.44,Paid
19237,19237,2024-09-17,Mobile Pay,32.23,Paid
19238,19238,2024-02-10,Cash,30.06,Paid
19239,19239,2024-10-24,Cash,29.18,Paid
19240,19240,2024-09-01,Mobile Pay,22.02,Paid
19241,19241,2024-06-04,Mobile Pay,8.95,Paid
19242,19242,2024-07-06,Card,16.68,Refunded
19243,19243,2024-02-01,Cash,26.12,Paid
19244,19244,2024-03-11,Cash,17.06,Paid
19245,19245,2024-09-14,Card,39.67,Paid
19246,19246,2024-05-22,Card,6.17,Paid
19247,19247,2024-05-06,Card,23.59,Paid
19248,19248,2024-06-12,Card,38.36,Paid
19249,19249,2024-12-18,Card,20.26,Paid
19250,19250,2024-11-24,Mobile Pay,31.57,Paid
19251,19251,2024-10-07,Cash,49.76,Refunded
19252,19252,2024-03-15,Card,19.72,Paid
19253,19253,2024-01-21,Cash,49.09,Paid
19254,19254,2024-07-04,Card,22.70,Refunded
19255,19255,2024-01-20,Card,25.40,Paid
19256,19256,2024-06-29,Card,23.06,Paid
19257,19257,2024-07-21,Card,12.53,Paid
19258,19258,2024-02-05,Mobile Pay,27.75,Paid
19259,19259,2024-04-30,Card,24.86,Refunded
19260,19260,2024-05-14,Cash,14.61,Paid
19261,19261,2024-04-22,Mobile Pay,15.60,Paid
19262,19262,2024-08-25,Mobile Pay,36.86,Paid
19263,19263,2024-05-06,Cash,41.03,Paid
19264,19264,2024-01-05,Card,52.19,Refunded
19265,19265,2024-04-12,Mobile Pay,35.95,Paid
19266,19266,2024-12-05,Cash,34.08,Paid
19267,19267,2024-11-11,Mobile Pay,22.87,Paid
19268,19268,2024-09-17,Mobile Pay,30.29,Paid
19269,19269,2024-04-16,Card,28.43,Paid
19270,19270,2024-10-16,Mobile Pay,9.91,Paid
19271,19271,2024-04-11,Cash,15.28,Refunded
19272,19272,2024-01-17,Cash,23.30,Paid
19273,19273,2024-06-24,Cash,21.93,Refunded
19274,19274,2024-03-06,Cash,38.58,Paid
19275,19275,2024-01-28,Card,12.67,Paid
19276,19276,2024-02-26,Card,28.48,Paid
19277,19277,2024-03-31,Card,21.93,Paid
19278,19278,2024-01-07,Mobile Pay,23.87,Paid
19279,19279,2024-08-21,Mobile Pay,26.70,Paid
19280,19280,2024-04-24,Mobile Pay,18.88,Paid
19281,19281,2024-12-12,Card,29.37,Paid
19282,19282,2024-09-30,Card,27.46,Paid
19283,19283,2024-09-01,Cash,39.45,Refunded
19284,19284,2024-07-25,Cash,23.15,Paid
19285,19285,2024-09-05,Cash,32.80,Refunded
19286,19286,2024-08-02,Cash,27.03,Paid
19287,19287,2024-01-23,Cash,40.14,Paid
19288,19288,2024-10-04,Cash,10.90,Paid
19289,19289,2024-05-19,Cash,20.54,Paid
19290,19290,2024-07-08,Mobile Pay,42.14,Paid
19291,19291,2024-05-22,Mobile Pay,23.89,Paid
19292,19292,2024-08-02,Cash,60.68,Paid
19293,19293,2024-07-13,Mobile Pay,15.65,Paid
19294,19294,2024-09-25,Cash,51.81,Paid
19295,19295,2024-08-08,Mobile Pay,19.81,Refunded
19296,19296,2024-12-22,Mobile Pay,35.45,Paid
19297,19297,2024-09-04,Cash,31.52,Refunded
19298,19298,2024-10-16,Mobile Pay,15.19,Paid
19299,19299,2024-08-14,Mobile Pay,33.33,Refunded
19300,19300,2024-09-21,Card,14.59,Paid
19301,19301,2024-08-30,Cash,12.68,Paid
19302,19302,2024-07-12,Mobile Pay,14.52,Paid
19303,19303,2024-02-20,Mobile Pay,39.83,Refunded
19304,19304,2024-09-10,Mobile Pay,34.94,Paid
19305,19305,2024-02-02,Card,13.85,Paid
19306,19306,2024-05-28,Cash,6.96,Paid
19307,19307,2024-10-26,Cash,26.39,Paid
19308,19308,2024-07-27,Cash,9.20,Paid
19309,19309,2024-03-12,Mobile Pay,28.49,Refunded
19310,19310,2024-12-17,Card,65.04,Paid
19311,19311,2024-04-06,Mobile Pay,11.33,Paid
19312,19312,2024-09-13,Cash,6.50,Paid
19313,19313,2024-11-27,Mobile Pay,26.48,Paid
19314,19314,2024-02-25,Cash,39.87,Paid
19315,19315,2024-12-05,Mobile Pay,60.24,Paid
19316,19316,2024-02-18,Card,15.16,Paid
19317,19317,2024-01-17,Cash,25.51,Paid
19318,19318,2024-12-16,Cash,26.79,Paid
19319,19319,2024-08-12,Cash,13.72,Paid
19320,19320,2024-05-04,Mobile Pay,31.30,Paid
19321,19321,2024-02-06,Card,23.31,Paid
19322,19322,2024-10-16,Card,17.39,Paid
19323,19323,2024-06-15,Cash,36.24,Paid
19324,19324,2025-01-01,Cash,16.27,Paid
19325,19325,2024-12-03,Mobile Pay,12.27,Refunded
19326,19326,2024-03-31,Mobile Pay,13.84,Paid
19327,19327,2024-11-15,Cash,16.31,Paid
19328,19328,2024-08-18,Mobile Pay,18.96,Paid
19329,19329,2024-07-15,Card,28.71,Paid
19330,19330,2024-06-13,Card,14.31,Paid
19331,19331,2024-07-30,Cash,11.49,Paid
19332,19332,2024-07-11,Cash,11.38,Refunded
19333,19333,2024-08-21,Cash,47.05,Paid
19334,19334,2024-02-26,Card,39.36,Paid
19335,19335,2024-08-10,Cash,38.60,Paid
19336,19336,2024-03-21,Card,28.46,Paid
19337,19337,2024-11-28,Mobile Pay,24.50,Paid
19338,19338,2024-04-24,Cash,33.81,Refunded
19339,19339,2024-10-06,Card,23.42,Refunded
19340,19340,2024-10-24,Cash,15.69,Paid
19341,19341,2024-04-10,Cash,27.57,Paid
19342,19342,2024-06-04,Mobile Pay,22.97,Paid
19343,19343,2024-12-03,Cash,32.34,Paid
19344,19344,2024-04-15,Mobile Pay,51.86,Paid
19345,19345,2024-02-16,Card,20.02,Paid
19346,19346,2024-11-28,Cash,8.38,Paid
19347,19347,2024-09-28,Cash,42.28,Paid
19348,19348,2024-01-15,Cash,35.96,Paid
19349,19349,2024-04-01,Card,13.44,Paid
19350,19350,2024-09-06,Cash,41.25,Paid
19351,19351,2024-05-18,Cash,62.75,Paid
19352,19352,2024-03-28,Mobile Pay,21.03,Paid
19353,19353,2024-12-11,Card,14.54,Paid
19354,19354,2024-07-19,Mobile Pay,22.22,Paid
19355,19355,2024-06-19,Mobile Pay,64.34,Paid
19356,19356,2024-01-25,Mobile Pay,25.97,Paid
19357,19357,2024-06-12,Card,38.20,Paid
19358,19358,2024-05-09,Cash,12.53,Paid
19359,19359,2024-04-16,Card,39.64,Paid
19360,19360,2024-08-27,Mobile Pay,11.98,Paid
19361,19361,2024-07-08,Card,30.47,Paid
19362,19362,2024-12-22,Cash,34.82,Paid
19363,19363,2024-04-10,Card,17.03,Refunded
19364,19364,2024-09-16,Card,41.48,Paid
19365,19365,2024-07-20,Cash,59.49,Refunded
19366,19366,2024-07-17,Cash,9.02,Paid
19367,19367,2024-10-14,Mobile Pay,17.69,Refunded
19368,19368,2024-12-21,Card,22.19,Paid
19369,19369,2024-07-23,Cash,15.93,Paid
19370,19370,2024-03-10,Mobile Pay,29.38,Paid
19371,19371,2024-02-04,Cash,10.36,Refunded
19372,19372,2024-05-30,Mobile Pay,26.48,Paid
19373,19373,2024-07-31,Cash,9.28,Paid
19374,19374,2024-11-10,Mobile Pay,25.29,Refunded
19375,19375,2024-09-09,Card,24.46,Paid
19376,19376,2024-03-11,Mobile Pay,20.48,Refunded
19377,19377,2024-10-27,Cash,40.94,Paid
19378,19378,2024-03-26,Cash,31.48,Refunded
19379,19379,2024-07-11,Mobile Pay,11.52,Paid
19380,19380,2024-03-30,Cash,66.94,Paid
19381,19381,2024-09-10,Mobile Pay,22.08,Paid
19382,19382,2024-10-05,Card,11.57,Paid
19383,19383,2024-05-14,Card,35.29,Paid
19384,19384,2024-05-06,Mobile Pay,36.95,Refunded
19385,19385,2024-01-13,Card,15.26,Paid
19386,19386,2024-08-22,Mobile Pay,36.02,Refunded
19387,19387,2024-07-20,Mobile Pay,9.01,Paid
19388,19388,2024-06-18,Cash,12.47,Refunded
19389,19389,2024-09-11,Mobile Pay,24.88,Paid
19390,19390,2024-09-21,Cash,24.16,Paid
19391,19391,2024-09-18,Cash,13.56,Refunded
19392,19392,2024-11-29,Card,29.76,Refunded
19393,19393,2024-12-07,Card,22.45,Refunded
19394,19394,2024-12-27,Mobile Pay,16.54,Paid
19395,19395,2024-07-02,Card,26.91,Paid
19396,19396,2024-09-10,Card,26.07,Refunded
19397,19397,2024-02-04,Card,24.28,Paid
19398,19398,2024-03-29,Cash,15.74,Paid
19399,19399,2024-01-12,Card,16.68,Paid
19400,19400,2024-06-18,Card,14.20,Paid
19401,19401,2024-08-23,Cash,14.66,Paid
19402,19402,2024-08-03,Cash,45.11,Paid
19403,19403,2024-12-02,Card,15.97,Paid
19404,19404,2024-11-18,Mobile Pay,26.95,Paid
19405,19405,2024-07-28,Cash,12.61,Paid
19406,19406,2024-12-15,Mobile Pay,25.58,Paid
19407,19407,2024-07-03,Mobile Pay,25.56,Refunded
19408,19408,2024-03-08,Mobile Pay,24.32,Paid
19409,19409,2024-12-28,Cash,11.34,Paid
19410,19410,2024-03-21,Cash,21.37,Paid
19411,19411,2024-02-14,Cash,19.67,Paid
19412,19412,2024-07-21,Mobile Pay,33.69,Paid
19413,19413,2024-06-29,Mobile Pay,24.46,Refunded
19414,19414,2024-11-11,Mobile Pay,18.40,Paid
19415,19415,2024-12-26,Cash,42.85,Paid
19416,19416,2024-03-11,Card,30.84,Paid
19417,19417,2024-03-11,Mobile Pay,13.54,Paid
19418,19418,2024-09-30,Cash,26.70,Paid
19419,19419,2024-10-30,Mobile Pay,55.00,Refunded
19420,19420,2024-10-01,Cash,18.29,Paid
19421,19421,2024-02-27,Card,76.40,Paid
19422,19422,2024-12-24,Mobile Pay,34.88,Paid
19423,19423,2024-03-15,Mobile Pay,24.85,Refunded
19424,19424,2024-04-17,Card,15.95,Paid
19425,19425,2024-10-25,Mobile Pay,17.89,Paid
19426,19426,2024-09-14,Mobile Pay,23.96,Paid
19427,19427,2024-01-16,Mobile Pay,18.98,Paid
19428,19428,2024-06-14,Cash,22.06,Paid
19429,19429,2024-09-17,Cash,14.84,Paid
19430,19430,2024-03-28,Mobile Pay,28.99,Paid
19431,19431,2024-08-14,Card,22.78,Paid
19432,19432,2024-04-07,Mobile Pay,12.81,Paid
19433,19433,2024-03-18,Card,23.96,Paid
19434,19434,2024-08-22,Cash,30.06,Paid
19435,19435,2024-12-08,Mobile Pay,23.02,Paid
19436,19436,2024-07-31,Card,17.42,Refunded
19437,19437,2024-08-18,Cash,71.93,Paid
19438,19438,2024-01-30,Cash,27.00,Paid
19439,19439,2024-06-21,Mobile Pay,30.52,Refunded
19440,19440,2024-01-11,Card,26.15,Paid
19441,19441,2024-02-13,Cash,50.36,Refunded
19442,19442,2024-03-04,Mobile Pay,26.96,Paid
19443,19443,2024-12-05,Card,42.19,Paid
19444,19444,2024-09-19,Cash,68.52,Paid
19445,19445,2024-11-30,Mobile Pay,22.84,Paid
19446,19446,2024-08-03,Card,19.40,Paid
19447,19447,2024-08-28,Mobile Pay,23.14,Paid
19448,19448,2024-01-09,Card,12.99,Paid
19449,19449,2024-09-17,Mobile Pay,24.91,Paid
19450,19450,2024-06-26,Mobile Pay,18.39,Refunded
19451,19451,2024-08-20,Mobile Pay,32.29,Refunded
19452,19452,2024-02-07,Card,25.28,Refunded
19453,19453,2024-07-09,Card,13.50,Paid
19454,19454,2024-01-08,Mobile Pay,8.11,Paid
19455,19455,2024-06-27,Mobile Pay,29.40,Paid
19456,19456,2024-01-21,Card,23.38,Refunded
19457,19457,2024-05-02,Mobile Pay,22.37,Paid
19458,19458,2024-08-08,Card,24.50,Paid
19459,19459,2024-05-24,Mobile Pay,17.00,Paid
19460,19460,2024-12-24,Cash,34.29,Paid
19461,19461,2024-08-16,Card,17.97,Refunded
19462,19462,2024-02-22,Cash,51.42,Refunded
19463,19463,2024-05-18,Mobile Pay,22.03,Refunded
19464,19464,2024-08-09,Card,52.91,Paid
19465,19465,2024-02-21,Card,22.13,Paid
19466,19466,2024-10-21,Mobile Pay,19.64,Refunded
19467,19467,2024-02-13,Mobile Pay,64.26,Refunded
19468,19468,2024-04-25,Cash,41.41,Paid
19469,19469,2024-12-04,Cash,12.48,Paid
19470,19470,2024-01-25,Cash,41.72,Paid
19471,19471,2024-11-03,Card,23.92,Paid
19472,19472,2024-06-21,Card,12.27,Paid
19473,19473,2024-11-18,Mobile Pay,48.74,Paid
19474,19474,2024-04-01,Mobile Pay,23.91,Paid
19475,19475,2024-07-15,Mobile Pay,18.82,Paid
19476,19476,2024-01-11,Cash,14.65,Paid
19477,19477,2024-07-24,Card,30.68,Paid
19478,19478,2024-02-23,Cash,25.80,Refunded
19479,19479,2024-10-03,Cash,27.85,Paid
19480,19480,2024-10-01,Cash,26.09,Paid
19481,19481,2024-07-12,Cash,37.02,Paid
19482,19482,2024-11-30,Card,18.17,Paid
19483,19483,2024-02-16,Mobile Pay,20.86,Paid
19484,19484,2024-05-02,Card,41.34,Paid
19485,19485,2024-04-19,Mobile Pay,25.06,Paid
19486,19486,2024-05-28,Card,19.42,Refunded
19487,19487,2024-04-14,Mobile Pay,19.04,Paid
19488,19488,2024-09-05,Card,31.52,Paid
19489,19489,2024-10-06,Mobile Pay,17.18,Refunded
19490,19490,2024-05-31,Mobile Pay,15.84,Paid
19491,19491,2024-03-26,Card,20.61,Paid
19492,19492,2024-01-04,Mobile Pay,13.37,Refunded
19493,19493,2024-12-11,Mobile Pay,23.36,Paid
19494,19494,2024-03-12,Card,17.53,Paid
19495,19495,2024-05-26,Mobile Pay,8.89,Refunded
19496,19496,2024-05-15,Mobile Pay,54.57,Paid
19497,19497,2024-03-21,Mobile Pay,57.88,Paid
19498,19498,2024-10-12,Cash,34.74,Paid
19499,19499,2024-04-08,Mobile Pay,28.84,Paid
19500,19500,2024-11-26,Card,45.20,Refunded
19501,19501,2024-05-04,Card,15.25,Refunded
19502,19502,2024-12-17,Card,9.63,Paid
19503,19503,2024-07-31,Mobile Pay,25.06,Paid
19504,19504,2024-04-11,Cash,42.32,Paid
19505,19505,2024-08-31,Card,9.49,Paid
19506,19506,2024-12-23,Mobile Pay,21.76,Paid
19507,19507,2024-02-04,Mobile Pay,63.91,Paid
19508,19508,2024-02-12,Mobile Pay,15.26,Paid
19509,19509,2024-01-30,Card,15.02,Paid
19510,19510,2024-01-12,Mobile Pay,9.14,Refunded
19511,19511,2024-08-03,Cash,20.65,Paid
19512,19512,2024-05-28,Cash,30.48,Refunded
19513,19513,2024-06-08,Cash,18.58,Paid
19514,19514,2024-02-29,Card,7.35,Paid
19515,19515,2024-11-09,Cash,21.65,Paid
19516,19516,2024-03-10,Card,14.12,Paid
19517,19517,2024-11-25,Cash,13.97,Refunded
19518,19518,2024-06-02,Card,9.70,Paid
19519,19519,2024-05-08,Cash,15.24,Paid
19520,19520,2024-07-09,Mobile Pay,18.33,Refunded
19521,19521,2024-05-01,Card,27.39,Refunded
19522,19522,2024-05-12,Card,65.04,Refunded
19523,19523,2024-07-04,Cash,11.61,Paid
19524,19524,2024-04-11,Mobile Pay,14.30,Paid
19525,19525,2024-12-28,Mobile Pay,34.66,Paid
19526,19526,2024-03-08,Cash,15.09,Paid
19527,19527,2024-09-30,Mobile Pay,21.78,Paid
19528,19528,2024-01-25,Card,10.95,Paid
19529,19529,2024-09-06,Cash,19.54,Paid
19530,19530,2024-04-07,Mobile Pay,46.20,Paid
19531,19531,2024-11-09,Cash,34.16,Paid
19532,19532,2024-08-21,Mobile Pay,51.09,Paid
19533,19533,2024-07-20,Mobile Pay,39.65,Refunded
19534,19534,2024-09-27,Cash,27.92,Refunded
19535,19535,2024-12-06,Cash,33.11,Paid
19536,19536,2024-08-01,Card,45.34,Paid
19537,19537,2024-04-12,Cash,11.55,Paid
19538,19538,2024-02-25,Mobile Pay,12.79,Paid
19539,19539,2024-11-25,Mobile Pay,9.24,Paid
19540,19540,2024-07-03,Card,59.75,Paid
19541,19541,2024-03-06,Mobile Pay,28.32,Refunded
19542,19542,2024-09-09,Cash,34.52,Refunded
19543,19543,2024-02-02,Cash,44.30,Paid
19544,19544,2024-04-27,Card,17.63,Refunded
19545,19545,2024-02-16,Mobile Pay,23.39,Refunded
19546,19546,2024-11-20,Cash,32.44,Paid
19547,19547,2024-07-02,Mobile Pay,10.06,Paid
19548,19548,2024-02-21,Card,21.17,Refunded
19549,19549,2024-02-02,Cash,7.16,Paid
19550,19550,2024-09-27,Cash,19.27,Paid
19551,19551,2024-09-11,Cash,8.63,Paid
19552,19552,2024-04-01,Card,33.53,Paid
19553,19553,2024-05-01,Cash,19.13,Refunded
19554,19554,2024-01-21,Mobile Pay,10.61,Refunded
19555,19555,2024-11-17,Cash,9.15,Refunded
19556,19556,2024-10-26,Cash,18.06,Paid
19557,19557,2024-06-02,Mobile Pay,27.98,Paid
19558,19558,2024-12-30,Mobile Pay,15.79,Paid
19559,19559,2024-07-07,Cash,20.08,Refunded
19560,19560,2024-12-16,Mobile Pay,11.77,Paid
19561,19561,2024-10-06,Card,18.20,Paid
19562,19562,2024-04-20,Card,26.55,Paid
19563,19563,2024-04-23,Cash,21.95,Paid
19564,19564,2024-01-04,Card,11.94,Paid
19565,19565,2024-01-29,Mobile Pay,37.06,Paid
19566,19566,2024-09-07,Card,62.38,Paid
19567,19567,2024-02-08,Mobile Pay,29.69,Refunded
19568,19568,2024-02-24,Cash,30.56,Refunded
19569,19569,2024-11-23,Card,16.75,Paid
19570,19570,2024-06-20,Cash,34.79,Paid
19571,19571,2024-07-24,Card,26.34,Paid
19572,19572,2024-02-20,Card,13.49,Paid
19573,19573,2024-07-20,Mobile Pay,28.97,Refunded
19574,19574,2024-03-06,Cash,21.23,Paid
19575,19575,2024-08-08,Card,30.72,Paid
19576,19576,2024-04-06,Cash,9.12,Paid
19577,19577,2024-03-31,Mobile Pay,44.40,Paid
19578,19578,2024-09-27,Cash,13.34,Refunded
19579,19579,2024-12-06,Card,16.06,Paid
19580,19580,2024-01-19,Mobile Pay,48.04,Paid
19581,19581,2024-01-03,Mobile Pay,47.75,Paid
19582,19582,2024-10-09,Mobile Pay,22.25,Paid
19583,19583,2024-08-28,Cash,16.15,Paid
19584,19584,2024-11-24,Mobile Pay,29.02,Paid
19585,19585,2024-10-09,Cash,11.41,Paid
19586,19586,2024-04-28,Mobile Pay,10.60,Paid
19587,19587,2024-02-05,Card,34.65,Paid
19588,19588,2024-09-20,Mobile Pay,63.36,Paid
19589,19589,2024-11-10,Card,21.63,Paid
19590,19590,2024-12-27,Cash,34.87,Paid
19591,19591,2024-05-31,Card,11.04,Paid
19592,19592,2024-07-23,Mobile Pay,31.86,Refunded
19593,19593,2024-08-18,Cash,17.18,Paid
19594,19594,2024-04-18,Card,23.88,Paid
19595,19595,2024-01-01,Mobile Pay,15.38,Paid
19596,19596,2024-04-14,Card,25.89,Paid
19597,19597,2024-05-08,Cash,53.38,Paid
19598,19598,2024-03-03,Mobile Pay,20.10,Paid
19599,19599,2024-04-04,Card,24.52,Paid
19600,19600,2024-11-27,Card,12.90,Refunded
19601,19601,2024-02-02,Card,22.19,Paid
19602,19602,2024-10-26,Mobile Pay,61.22,Paid
19603,19603,2024-07-30,Card,21.90,Paid
19604,19604,2024-05-09,Mobile Pay,14.77,Paid
19605,19605,2024-02-26,Mobile Pay,33.82,Paid
19606,19606,2024-09-23,Cash,70.62,Paid
19607,19607,2024-08-17,Cash,27.21,Paid
19608,19608,2024-08-09,Mobile Pay,26.07,Paid
19609,19609,2024-06-11,Card,22.28,Paid
19610,19610,2024-05-03,Cash,25.90,Paid
19611,19611,2024-12-05,Card,87.67,Paid
19612,19612,2024-11-08,Card,30.99,Paid
19613,19613,2024-09-19,Card,12.45,Paid
19614,19614,2024-12-15,Cash,36.12,Paid
19615,19615,2024-03-26,Card,36.48,Refunded
19616,19616,2024-03-21,Mobile Pay,39.15,Paid
19617,19617,2024-03-18,Cash,17.99,Paid
19618,19618,2024-04-24,Mobile Pay,33.32,Paid
19619,19619,2024-10-17,Cash,18.06,Paid
19620,19620,2024-10-09,Mobile Pay,27.65,Paid
19621,19621,2024-05-04,Cash,13.88,Paid
19622,19622,2024-06-18,Cash,20.57,Paid
19623,19623,2024-01-20,Cash,16.07,Paid
19624,19624,2024-07-06,Cash,33.24,Refunded
19625,19625,2024-06-12,Cash,21.41,Paid
19626,19626,2024-05-14,Card,13.01,Refunded
19627,19627,2024-06-26,Cash,28.04,Paid
19628,19628,2024-12-22,Cash,26.66,Refunded
19629,19629,2024-11-06,Cash,19.02,Paid
19630,19630,2024-11-09,Cash,15.34,Paid
19631,19631,2024-02-27,Mobile Pay,25.85,Refunded
19632,19632,2024-03-31,Card,34.22,Paid
19633,19633,2024-09-19,Mobile Pay,39.12,Paid
19634,19634,2024-07-28,Cash,48.40,Paid
19635,19635,2024-02-07,Cash,28.32,Paid
19636,19636,2024-02-07,Cash,52.01,Paid
19637,19637,2024-02-29,Cash,29.33,Paid
19638,19638,2024-12-03,Cash,115.76,Refunded
19639,19639,2024-05-22,Mobile Pay,21.58,Paid
19640,19640,2024-05-23,Mobile Pay,12.56,Paid
19641,19641,2024-09-22,Cash,37.73,Paid
19642,19642,2024-03-08,Card,10.18,Paid
19643,19643,2024-09-01,Mobile Pay,64.76,Paid
19644,19644,2024-01-28,Cash,34.38,Refunded
19645,19645,2024-04-24,Mobile Pay,17.98,Refunded
19646,19646,2024-09-18,Mobile Pay,27.91,Refunded
19647,19647,2024-03-09,Card,17.50,Paid
19648,19648,2024-03-08,Card,20.62,Paid
19649,19649,2024-07-09,Cash,16.92,Refunded
19650,19650,2024-10-27,Mobile Pay,33.46,Paid
19651,19651,2024-11-22,Mobile Pay,11.56,Paid
19652,19652,2024-12-06,Card,20.33,Paid
19653,19653,2024-02-10,Mobile Pay,17.04,Paid
19654,19654,2024-11-21,Cash,34.88,Paid
19655,19655,2024-06-11,Mobile Pay,24.26,Paid
19656,19656,2024-08-09,Mobile Pay,33.71,Paid
19657,19657,2024-11-24,Cash,22.37,Paid
19658,19658,2024-02-05,Cash,10.88,Paid
19659,19659,2024-11-04,Cash,46.03,Paid
19660,19660,2024-03-30,Cash,18.15,Paid
19661,19661,2024-11-24,Mobile Pay,8.48,Paid
19662,19662,2024-10-24,Card,13.93,Refunded
19663,19663,2024-11-02,Cash,29.46,Refunded
19664,19664,2024-06-07,Cash,14.69,Paid
19665,19665,2024-10-07,Card,11.68,Paid
19666,19666,2024-08-06,Mobile Pay,18.63,Paid
19667,19667,2024-11-07,Mobile Pay,27.94,Refunded
19668,19668,2024-06-30,Card,14.54,Paid
19669,19669,2024-01-16,Card,16.50,Paid
19670,19670,2024-04-24,Card,29.74,Paid
19671,19671,2024-04-14,Card,19.75,Paid
19672,19672,2024-05-11,Card,71.95,Paid
19673,19673,2024-10-06,Card,9.25,Paid
19674,19674,2024-05-04,Cash,8.36,Refunded
19675,19675,2024-10-03,Mobile Pay,19.85,Paid
19676,19676,2024-11-02,Mobile Pay,11.09,Paid
19677,19677,2024-03-28,Cash,18.21,Refunded
19678,19678,2024-12-06,Cash,41.60,Paid
19679,19679,2024-07-19,Cash,50.92,Refunded
19680,19680,2024-12-02,Mobile Pay,9.51,Refunded
19681,19681,2024-03-22,Mobile Pay,23.73,Paid
19682,19682,2024-07-02,Cash,13.83,Paid
19683,19683,2024-02-13,Mobile Pay,32.14,Paid
19684,19684,2024-08-22,Card,24.28,Paid
19685,19685,2024-05-25,Card,34.39,Paid
19686,19686,2024-05-22,Cash,16.77,Refunded
19687,19687,2024-12-28,Card,30.38,Paid
19688,19688,2024-01-11,Card,13.25,Paid
19689,19689,2024-07-26,Cash,33.98,Paid
19690,19690,2024-07-06,Cash,20.42,Paid
19691,19691,2024-10-24,Cash,13.32,Paid
19692,19692,2024-07-28,Mobile Pay,32.98,Paid
19693,19693,2024-05-30,Card,62.00,Paid
19694,19694,2024-12-22,Mobile Pay,17.92,Paid
19695,19695,2024-05-14,Card,17.76,Refunded
19696,19696,2024-04-11,Mobile Pay,29.78,Paid
19697,19697,2024-06-19,Cash,16.94,Paid
19698,19698,2024-03-16,Mobile Pay,23.22,Paid
19699,19699,2024-02-08,Mobile Pay,81.33,Refunded
19700,19700,2024-11-21,Cash,11.10,Paid
19701,19701,2024-01-23,Cash,32.68,Refunded
19702,19702,2024-11-27,Card,44.02,Paid
19703,19703,2024-06-01,Card,16.21,Paid
19704,19704,2024-04-12,Cash,47.40,Paid
19705,19705,2024-09-29,Cash,56.18,Paid
19706,19706,2024-12-03,Card,19.42,Paid
19707,19707,2024-12-07,Cash,61.73,Paid
19708,19708,2024-05-11,Cash,31.97,Paid
19709,19709,2024-08-08,Card,53.55,Paid
19710,19710,2024-11-14,Cash,50.84,Paid
19711,19711,2024-12-30,Mobile Pay,40.54,Paid
19712,19712,2024-01-23,Mobile Pay,59.76,Paid
19713,19713,2024-08-08,Cash,20.01,Paid
19714,19714,2024-04-11,Cash,25.90,Paid
19715,19715,2024-01-14,Cash,17.79,Paid
19716,19716,2024-11-29,Card,27.60,Paid
19717,19717,2024-04-03,Card,19.30,Paid
19718,19718,2024-04-23,Mobile Pay,18.48,Paid
19719,19719,2024-07-30,Mobile Pay,14.26,Paid
19720,19720,2024-10-16,Card,25.16,Paid
19721,19721,2024-01-12,Card,16.18,Paid
19722,19722,2024-07-24,Card,11.43,Refunded
19723,19723,2024-03-26,Mobile Pay,10.78,Refunded
19724,19724,2024-07-22,Cash,63.07,Paid
19725,19725,2024-07-10,Card,26.49,Paid
19726,19726,2024-10-19,Cash,20.92,Paid
19727,19727,2024-10-06,Mobile Pay,65.18,Paid
19728,19728,2024-04-09,Cash,33.22,Paid
19729,19729,2024-07-20,Mobile Pay,9.78,Paid
19730,19730,2024-04-20,Cash,23.38,Refunded
19731,19731,2024-05-01,Card,24.24,Paid
19732,19732,2024-09-13,Mobile Pay,15.73,Paid
19733,19733,2024-09-05,Card,42.46,Paid
19734,19734,2024-10-07,Card,15.73,Paid
19735,19735,2024-02-19,Card,16.61,Refunded
19736,19736,2024-09-02,Card,14.88,Paid
19737,19737,2024-12-31,Mobile Pay,18.87,Paid
19738,19738,2024-07-04,Cash,8.69,Refunded
19739,19739,2024-09-03,Mobile Pay,60.49,Refunded
19740,19740,2024-09-29,Mobile Pay,20.43,Paid
19741,19741,2024-08-03,Cash,26.21,Paid
19742,19742,2024-08-06,Cash,26.69,Paid
19743,19743,2024-11-18,Mobile Pay,18.75,Refunded
19744,19744,2024-01-16,Card,15.22,Paid
19745,19745,2024-02-19,Mobile Pay,17.24,Paid
19746,19746,2024-09-23,Card,28.46,Paid
19747,19747,2024-04-25,Cash,25.46,Paid
19748,19748,2024-10-29,Cash,51.69,Paid
19749,19749,2024-06-10,Mobile Pay,17.74,Paid
19750,19750,2024-03-11,Card,17.89,Paid
19751,19751,2024-12-05,Mobile Pay,20.66,Paid
19752,19752,2024-10-05,Card,31.34,Refunded
19753,19753,2024-12-16,Card,19.36,Paid
19754,19754,2024-04-26,Mobile Pay,21.49,Paid
19755,19755,2024-04-11,Mobile Pay,14.96,Refunded
19756,19756,2024-12-03,Card,22.82,Paid
19757,19757,2024-01-30,Card,16.53,Paid
19758,19758,2024-04-26,Card,29.20,Paid
19759,19759,2024-07-13,Card,10.51,Paid
19760,19760,2024-12-18,Card,20.60,Paid
19761,19761,2024-03-19,Cash,26.98,Refunded
19762,19762,2024-05-17,Card,21.57,Refunded
19763,19763,2024-11-03,Mobile Pay,10.33,Refunded
19764,19764,2024-12-12,Card,28.03,Paid
19765,19765,2024-01-26,Cash,86.19,Paid
19766,19766,2024-08-20,Card,22.19,Paid
19767,19767,2024-08-03,Card,6.65,Paid
19768,19768,2024-05-20,Card,18.72,Paid
19769,19769,2024-10-22,Cash,25.95,Refunded
19770,19770,2024-08-07,Cash,30.64,Paid
19771,19771,2024-04-22,Cash,34.92,Paid
19772,19772,2024-08-02,Card,21.31,Paid
19773,19773,2024-03-13,Card,38.92,Paid
19774,19774,2024-08-31,Mobile Pay,24.76,Refunded
19775,19775,2024-09-06,Mobile Pay,25.74,Paid
19776,19776,2024-05-22,Mobile Pay,11.15,Paid
19777,19777,2024-05-16,Cash,14.03,Paid
19778,19778,2024-04-01,Mobile Pay,31.30,Paid
19779,19779,2025-01-01,Cash,27.80,Paid
19780,19780,2024-02-16,Cash,27.02,Refunded
19781,19781,2024-07-09,Card,21.82,Refunded
19782,19782,2024-01-04,Card,15.94,Paid
19783,19783,2024-06-23,Card,18.18,Refunded
19784,19784,2024-11-19,Card,24.47,Paid
19785,19785,2024-05-21,Card,27.07,Paid
19786,19786,2024-11-15,Cash,27.55,Paid
19787,19787,2024-05-20,Cash,20.59,Refunded
19788,19788,2024-01-24,Card,11.18,Refunded
19789,19789,2024-11-24,Cash,20.31,Paid
19790,19790,2024-10-23,Cash,32.14,Paid
19791,19791,2024-08-04,Card,87.54,Paid
19792,19792,2024-10-11,Mobile Pay,24.83,Paid
19793,19793,2024-04-02,Cash,17.20,Paid
19794,19794,2024-03-28,Cash,26.46,Refunded
19795,19795,2024-03-21,Mobile Pay,14.98,Paid
19796,19796,2024-10-28,Cash,42.70,Paid
19797,19797,2024-08-16,Mobile Pay,10.67,Paid
19798,19798,2024-09-09,Mobile Pay,34.44,Refunded
19799,19799,2024-03-11,Mobile Pay,28.40,Paid
19800,19800,2024-03-25,Mobile Pay,57.41,Refunded
19801,19801,2024-01-13,Cash,20.09,Refunded
19802,19802,2024-12-24,Mobile Pay,31.91,Paid
19803,19803,2024-07-05,Cash,16.97,Paid
19804,19804,2024-11-11,Mobile Pay,21.64,Paid
19805,19805,2024-09-03,Mobile Pay,11.28,Paid
19806,19806,2024-05-16,Card,12.31,Paid
19807,19807,2024-10-02,Card,22.83,Paid
19808,19808,2024-11-15,Card,57.73,Paid
19809,19809,2024-03-19,Mobile Pay,20.91,Refunded
19810,19810,2024-10-23,Mobile Pay,24.32,Paid
19811,19811,2024-01-18,Mobile Pay,37.85,Paid
19812,19812,2024-10-23,Cash,37.01,Paid
19813,19813,2024-02-16,Cash,80.05,Refunded
19814,19814,2024-02-02,Mobile Pay,15.12,Paid
19815,19815,2024-10-11,Card,7.66,Refunded
19816,19816,2024-05-02,Cash,12.69,Paid
19817,19817,2024-04-21,Card,53.26,Paid
19818,19818,2024-01-08,Cash,32.68,Refunded
19819,19819,2024-05-18,Card,25.56,Paid
19820,19820,2024-09-06,Card,13.77,Refunded
19821,19821,2024-06-06,Mobile Pay,28.44,Paid
19822,19822,2024-01-24,Mobile Pay,22.59,Paid
19823,19823,2024-08-25,Mobile Pay,17.79,Paid
19824,19824,2024-07-17,Card,41.64,Paid
19825,19825,2024-02-08,Card,10.24,Paid
19826,19826,2024-02-10,Card,25.89,Paid
19827,19827,2024-11-21,Cash,36.34,Paid
19828,19828,2024-05-13,Mobile Pay,12.87,Refunded
19829,19829,2024-01-24,Cash,21.28,Paid
19830,19830,2024-09-11,Cash,29.48,Paid
19831,19831,2024-05-18,Cash,14.61,Paid
19832,19832,2024-11-03,Card,41.03,Paid
19833,19833,2024-08-21,Mobile Pay,7.72,Paid
19834,19834,2024-08-20,Card,83.36,Refunded
19835,19835,2024-04-29,Card,10.79,Paid
19836,19836,2024-07-12,Card,30.43,Refunded
19837,19837,2024-01-25,Mobile Pay,24.18,Paid
19838,19838,2024-07-22,Cash,31.09,Paid
19839,19839,2024-10-17,Cash,79.34,Refunded
19840,19840,2024-05-03,Cash,17.59,Refunded
19841,19841,2024-11-07,Card,42.39,Paid
19842,19842,2024-01-20,Mobile Pay,27.38,Paid
19843,19843,2024-04-15,Mobile Pay,27.08,Refunded
19844,19844,2024-05-11,Card,18.28,Paid
19845,19845,2024-06-22,Mobile Pay,39.84,Paid
19846,19846,2025-01-01,Mobile Pay,28.21,Refunded
19847,19847,2024-12-10,Card,13.40,Paid
19848,19848,2024-09-09,Mobile Pay,57.37,Paid
19849,19849,2024-05-17,Mobile Pay,26.94,Paid
19850,19850,2024-09-24,Mobile Pay,19.96,Paid
19851,19851,2024-01-20,Card,48.44,Refunded
19852,19852,2024-09-12,Mobile Pay,75.95,Paid
19853,19853,2024-01-06,Card,14.62,Paid
19854,19854,2024-09-02,Card,33.18,Paid
19855,19855,2024-10-03,Cash,67.76,Paid
19856,19856,2024-01-20,Mobile Pay,19.57,Paid
19857,19857,2024-05-08,Cash,28.61,Paid
19858,19858,2024-10-20,Mobile Pay,22.38,Paid
19859,19859,2024-08-15,Card,31.21,Paid
19860,19860,2024-04-27,Card,30.25,Refunded
19861,19861,2024-05-17,Mobile Pay,24.14,Paid
19862,19862,2024-04-03,Cash,17.24,Paid
19863,19863,2024-11-14,Card,47.81,Paid
19864,19864,2024-01-14,Cash,81.60,Paid
19865,19865,2024-05-26,Cash,11.36,Refunded
19866,19866,2024-04-02,Card,11.32,Paid
19867,19867,2024-06-07,Card,33.74,Refunded
19868,19868,2024-08-26,Mobile Pay,16.57,Paid
19869,19869,2024-05-02,Card,100.26,Paid
19870,19870,2024-09-11,Cash,30.96,Paid
19871,19871,2024-10-15,Cash,18.48,Paid
19872,19872,2024-01-14,Mobile Pay,18.75,Paid
19873,19873,2024-04-06,Cash,10.69,Paid
19874,19874,2024-02-04,Mobile Pay,52.90,Paid
19875,19875,2024-01-31,Card,40.44,Paid
19876,19876,2024-01-07,Mobile Pay,15.22,Paid
19877,19877,2024-12-28,Card,21.65,Refunded
19878,19878,2024-04-29,Mobile Pay,14.61,Paid
19879,19879,2024-07-01,Card,53.75,Refunded
19880,19880,2024-01-09,Cash,60.79,Paid
19881,19881,2024-08-17,Card,22.81,Refunded
19882,19882,2024-08-30,Card,15.42,Refunded
19883,19883,2024-04-26,Mobile Pay,14.43,Paid
19884,19884,2024-07-19,Cash,6.58,Paid
19885,19885,2024-12-03,Card,47.58,Paid
19886,19886,2024-03-17,Mobile Pay,12.48,Paid
19887,19887,2024-06-29,Cash,31.30,Paid
19888,19888,2024-06-12,Mobile Pay,20.81,Paid
19889,19889,2024-05-10,Mobile Pay,51.21,Paid
19890,19890,2024-03-15,Card,28.38,Paid
19891,19891,2024-06-08,Cash,23.62,Paid
19892,19892,2024-10-20,Cash,22.62,Paid
19893,19893,2024-12-19,Mobile Pay,28.59,Paid
19894,19894,2024-12-26,Card,27.19,Refunded
19895,19895,2024-12-14,Cash,23.01,Paid
19896,19896,2024-08-09,Card,38.23,Paid
19897,19897,2024-06-16,Mobile Pay,18.56,Paid
19898,19898,2024-07-20,Cash,29.20,Paid
19899,19899,2024-05-17,Cash,19.06,Paid
19900,19900,2024-10-27,Mobile Pay,25.15,Paid
19901,19901,2024-03-15,Mobile Pay,31.95,Refunded
19902,19902,2024-05-10,Card,18.13,Paid
19903,19903,2024-01-23,Mobile Pay,10.81,Paid
19904,19904,2024-08-21,Mobile Pay,42.02,Paid
19905,19905,2024-01-13,Card,17.91,Refunded
19906,19906,2024-07-09,Cash,17.17,Paid
19907,19907,2024-07-10,Cash,22.59,Paid
19908,19908,2024-03-11,Mobile Pay,18.22,Paid
19909,19909,2024-02-19,Card,61.00,Paid
19910,19910,2024-04-04,Cash,20.63,Paid
19911,19911,2024-01-09,Mobile Pay,27.67,Paid
19912,19912,2024-06-28,Card,27.77,Paid
19913,19913,2024-05-08,Cash,20.78,Paid
19914,19914,2024-02-16,Cash,25.47,Paid
19915,19915,2024-07-14,Card,19.27,Paid
19916,19916,2024-03-22,Card,15.63,Refunded
19917,19917,2024-03-06,Mobile Pay,28.10,Paid
19918,19918,2024-01-27,Mobile Pay,38.61,Paid
19919,19919,2024-01-23,Mobile Pay,32.42,Paid
19920,19920,2024-03-01,Mobile Pay,22.19,Refunded
19921,19921,2024-05-17,Card,30.10,Paid
19922,19922,2024-12-05,Cash,13.70,Paid
19923,19923,2024-05-25,Mobile Pay,89.45,Paid
19924,19924,2024-05-09,Mobile Pay,25.80,Paid
19925,19925,2024-12-19,Cash,18.38,Refunded
19926,19926,2024-01-25,Card,72.84,Paid
19927,19927,2024-09-13,Mobile Pay,59.72,Paid
19928,19928,2024-03-22,Cash,17.01,Paid
19929,19929,2024-11-12,Cash,59.41,Paid
19930,19930,2024-12-20,Card,32.44,Paid
19931,19931,2024-02-25,Card,17.72,Paid
19932,19932,2024-10-01,Cash,31.83,Paid
19933,19933,2024-05-05,Mobile Pay,56.21,Paid
19934,19934,2024-12-27,Card,57.31,Paid
19935,19935,2024-04-09,Cash,43.84,Refunded
19936,19936,2024-10-05,Card,20.55,Paid
19937,19937,2024-02-07,Mobile Pay,13.24,Refunded
19938,19938,2024-10-23,Card,9.49,Paid
19939,19939,2024-11-11,Cash,46.20,Refunded
19940,19940,2024-05-19,Cash,15.53,Refunded
19941,19941,2024-06-12,Cash,47.20,Paid
19942,19942,2024-12-31,Cash,18.93,Paid
19943,19943,2024-06-08,Cash,10.52,Paid
19944,19944,2024-07-29,Card,16.41,Refunded
19945,19945,2024-05-15,Cash,10.45,Paid
19946,19946,2024-09-19,Card,16.04,Paid
19947,19947,2024-01-22,Card,15.43,Paid
19948,19948,2024-12-12,Cash,20.90,Paid
19949,19949,2024-05-12,Card,8.21,Paid
19950,19950,2024-05-01,Mobile Pay,29.50,Paid
19951,19951,2024-06-24,Cash,9.30,Paid
19952,19952,2024-06-17,Cash,29.93,Paid
19953,19953,2024-01-23,Card,53.96,Paid
19954,19954,2024-08-29,Card,26.07,Paid
19955,19955,2024-04-13,Mobile Pay,23.24,Refunded
19956,19956,2024-11-18,Card,25.79,Paid
19957,19957,2024-01-21,Cash,20.47,Paid
19958,19958,2024-03-30,Card,22.80,Paid
19959,19959,2024-03-06,Cash,47.80,Paid
19960,19960,2024-08-28,Mobile Pay,23.72,Paid
19961,19961,2024-01-18,Card,20.84,Paid
19962,19962,2024-06-26,Mobile Pay,25.54,Refunded
19963,19963,2024-10-01,Card,22.58,Paid
19964,19964,2024-12-01,Mobile Pay,11.14,Paid
19965,19965,2024-12-01,Cash,45.14,Paid
19966,19966,2024-05-20,Cash,15.15,Paid
19967,19967,2024-10-15,Cash,28.07,Paid
19968,19968,2024-02-13,Mobile Pay,47.66,Refunded
19969,19969,2024-11-13,Cash,26.49,Paid
19970,19970,2024-03-12,Card,23.86,Paid
19971,19971,2024-12-27,Mobile Pay,18.24,Paid
19972,19972,2024-11-02,Cash,13.59,Paid
19973,19973,2024-04-06,Mobile Pay,10.99,Paid
19974,19974,2024-09-23,Card,34.32,Refunded
19975,19975,2024-07-11,Card,20.41,Paid
19976,19976,2024-10-19,Mobile Pay,9.56,Paid
19977,19977,2024-05-30,Card,17.77,Refunded
19978,19978,2024-07-25,Mobile Pay,39.16,Paid
19979,19979,2024-09-04,Cash,17.04,Paid
19980,19980,2024-05-10,Mobile Pay,82.42,Paid
19981,19981,2024-10-13,Mobile Pay,18.78,Refunded
19982,19982,2024-03-15,Mobile Pay,46.24,Paid
19983,19983,2024-06-09,Mobile Pay,55.41,Paid
19984,19984,2024-07-13,Mobile Pay,27.00,Paid
19985,19985,2024-03-26,Card,67.09,Paid
19986,19986,2024-05-05,Card,20.35,Refunded
19987,19987,2024-11-20,Card,19.93,Paid
19988,19988,2024-01-05,Cash,36.57,Paid
19989,19989,2024-01-06,Cash,57.82,Paid
19990,19990,2024-04-22,Card,23.62,Refunded
19991,19991,2024-12-16,Mobile Pay,54.60,Paid
19992,19992,2024-01-27,Cash,33.52,Paid
19993,19993,2024-04-18,Card,46.58,Paid
19994,19994,2024-01-22,Cash,20.64,Refunded
19995,19995,2024-10-03,Mobile Pay,30.49,Refunded
19996,19996,2024-05-21,Card,12.72,Paid
19997,19997,2024-05-26,Mobile Pay,14.97,Refunded
19998,19998,2024-06-28,Mobile Pay,18.96,Paid
19999,19999,2024-11-25,Card,8.88,Paid
20000,20000,2024-12-05,Mobile Pay,70.46,Paid
20001,11805,2026-07-14,cash,36.40,pending
20002,6288,2026-06-21,card,64.56,completed
20003,19982,2026-07-04,card,46.24,failed
20004,4549,2026-07-05,online,28.48,completed
20005,7882,2026-06-18,online,41.36,completed
20006,5010,2026-07-13,online,33.18,completed
20007,10327,2026-07-10,card,6.12,completed
20008,18386,2026-07-18,card,16.36,completed
20009,19993,2026-06-24,online,46.58,pending
20010,16637,2026-06-27,cash,24.42,pending
20011,19973,2026-06-25,cash,10.99,pending
20012,14885,2026-07-15,card,23.85,completed
20013,5064,2026-07-08,online,15.69,pending
20014,16547,2026-07-13,card,11.79,pending
20015,5955,2026-06-29,online,33.23,failed
20016,18589,2026-07-16,card,72.75,pending
20017,14186,2026-07-04,online,19.32,completed
20018,15047,2026-07-09,card,23.67,failed
20019,18252,2026-06-19,online,17.99,completed
20020,1891,2026-07-13,online,18.57,completed
20021,14445,2026-07-05,cash,20.00,pending
20022,16810,2026-07-01,cash,39.24,failed
20023,19133,2026-07-01,cash,37.10,pending
20024,17750,2026-07-01,cash,16.08,pending
20025,8018,2026-07-17,online,25.89,pending
20026,11384,2026-07-13,card,16.33,completed
20027,3747,2026-07-17,card,28.38,pending
20028,19940,2026-07-02,cash,15.53,completed
20029,9229,2026-07-10,cash,18.03,completed
20030,7925,2026-06-27,card,33.90,failed
